{
    "type": "FeatureCollection",
    "features": [
        {
            "type": "Feature",
            "geometry": {
                "type": "Point",
                "coordinates": [
                    4.44883528464,
                    50.4128096341
                ]
            },
            "properties": {
                "denomination": "Biblioth\u00e8que Arthur Rimbaud",
                "province": "Hainaut",
                "adresse": "Boulevard Defontaine 35",
                "cp": "6000",
                "ville": "Charleroi",
                "courriel": "bibliotheque.arthurrimbaud@charleroi.be",
                "telephone": "071\/31 58 89",
                "web": "https:\/\/bibliotheques.hainaut.be\/reseau-des-bibliotheques-de-charleroi",
                "categorie": "biblioth\u00e8que locale",
                "thematiques_de_recherche": [
                    "Fonds d'histoire locale et r\u00e9gionale, Jeux, Litt\u00e9rature en langues \u00e9trang\u00e8res, Livres en multi-exemplaires, Ouvrages p\u00e9dagogiques et d'animations"
                ],
                "commentaire": null,
                "fonds_specialises": [
                    "Fonds d'histoire  locale et r\u00e9gionale\u00a0 (Charleroi), Fonds de jeux, Litt\u00e9rature en Langues \u00e9trang\u00e8res, Fonds de livres en multi-exemplaires\u00a0 (litt\u00e9rature scolaire), Fonds de livres pour animations"
                ],
                "bce_ou_unite_d_etablissement": "2.170.201.091"
            }
        },
        {
            "type": "Feature",
            "geometry": {
                "type": "Point",
                "coordinates": [
                    4.37007609569,
                    50.852454554
                ]
            },
            "properties": {
                "denomination": "Biblioth\u00e8que communale de Saint-Josse-ten-Noode",
                "province": "Bruxelles-Capitale",
                "adresse": "Rue de la Limite 2",
                "cp": "1210",
                "ville": "Saint-Josse-Ten-Noode",
                "courriel": "bibliotheque@sjtn.brussels",
                "telephone": "02 218 82 42",
                "web": "www.bibliothequedesaintjosse.com",
                "categorie": "biblioth\u00e8que locale",
                "thematiques_de_recherche": [
                    "Fonds d'histoire locale, Fonds dialectal, Livres interactifs ou aux formes particuli\u00e8res, \u00c9galit\u00e9 des genres\/diversit\u00e9s"
                ],
                "commentaire": null,
                "fonds_specialises": [
                    "fonds d'histoire locale (Saint-Josse-ten-Noode), Fonds de livres en dialecte (bruxellois), livres d'artistes, biblioth\u00e8que en tous genres (contre les discriminations li\u00e9es au genre)"
                ],
                "bce_ou_unite_d_etablissement": "2.168.855.860"
            }
        },
        {
            "type": "Feature",
            "geometry": {
                "type": "Point",
                "coordinates": [
                    5.31084649297,
                    49.8393369992
                ]
            },
            "properties": {
                "denomination": "Biblioth\u00e8que d'Orgeo",
                "province": "Luxembourg",
                "adresse": "Rue sous l'Eglise",
                "cp": "6880",
                "ville": "Bertrix",
                "courriel": null,
                "telephone": "061 41 54 19",
                "web": "https:\/\/bibliobertrix.be\/",
                "categorie": "implantation",
                "thematiques_de_recherche": null,
                "commentaire": "implantation de la Biblioth\u00e8que publique locale de Bertrix",
                "fonds_specialises": null,
                "bce_ou_unite_d_etablissement": null
            }
        },
        {
            "type": "Feature",
            "geometry": {
                "type": "Point",
                "coordinates": [
                    5.22042902482,
                    50.1586734868
                ]
            },
            "properties": {
                "denomination": "Biblioth\u00e8que locale communale de Rochefort",
                "province": "Namur",
                "adresse": "Avenue de Forest 21",
                "cp": "5580",
                "ville": "Rochefort",
                "courriel": "bibliotheque.rochefort@skynet.be",
                "telephone": "084 21 40 55",
                "web": "https:\/\/bibliotheque.rochefort.be\/",
                "categorie": "biblioth\u00e8que locale",
                "thematiques_de_recherche": [
                    "Fonds d'histoire locale et r\u00e9gionale, Apiculture, Fonds sur l'environnement, \u00c9galit\u00e9 des genres\/F\u00e9minisme, Fonds dialectal, Fonds jeunesse-troubles DYS, Fonds pour personnes mal-voyantes -Litt\u00e9rature en grands caract\u00e8res, Histoire, Fonds pour personnes mal-voyantes et lecture de confort  -Livres audio, Sciences sociales et sciences humaines, diversit\u00e9s"
                ],
                "commentaire": null,
                "fonds_specialises": [
                    "Fonds d'histoire locale et r\u00e9gionale (Rochefort), Fonds apicole, Fonds F\u00e9minismeS, Fonds dialectale (wallon), Fonds dyslexie, Fonds livres en grands caract\u00e8res, Fonds Transition, Gallo-romain, Fonds Livres audio, Aide aux personnes en souffrance\/Alzheimer\/Handicap, Personnes \u00e2g\u00e9es"
                ],
                "bce_ou_unite_d_etablissement": null
            }
        },
        {
            "type": "Feature",
            "geometry": {
                "type": "Point",
                "coordinates": [
                    6.12281694674,
                    50.4705035269
                ]
            },
            "properties": {
                "denomination": "Biblioth\u00e8que de Sourbrodt",
                "province": "Li\u00e8ge",
                "adresse": "Rue de Botrange 36",
                "cp": "4950",
                "ville": "Sourbrodt",
                "courriel": "waimes@wamabi.be",
                "telephone": "080 44 75 86",
                "web": "https:\/\/wamabi.be\/site\/sourbrodt\/",
                "categorie": "implantation",
                "thematiques_de_recherche": null,
                "commentaire": "implantation du R\u00e9seau de Lecture publique de Malm\u00e9dy-Waimes",
                "fonds_specialises": null,
                "bce_ou_unite_d_etablissement": "2.161.170.688"
            }
        },
        {
            "type": "Feature",
            "geometry": {
                "type": "Point",
                "coordinates": [
                    3.84490589792,
                    50.418865284
                ]
            },
            "properties": {
                "denomination": "Biblioth\u00e8que communale de Wasmes",
                "province": "Hainaut",
                "adresse": "Rue des Alli\u00e9s 84",
                "cp": "7340",
                "ville": "Colfontaine",
                "courriel": "bibliotheques@colfontaine.be",
                "telephone": "065 67 72 53",
                "web": "http:\/\/www.colfontaine.be\/",
                "categorie": "implantation",
                "thematiques_de_recherche": null,
                "commentaire": "implantation de la Biblioth\u00e8que de P\u00e2turages",
                "fonds_specialises": null,
                "bce_ou_unite_d_etablissement": null
            }
        },
        {
            "type": "Feature",
            "geometry": {
                "type": "Point",
                "coordinates": [
                    4.36367831739,
                    50.5113665214
                ]
            },
            "properties": {
                "denomination": "Biblioth\u00e8que communale de Pont-\u00e0-Celles",
                "province": "Hainaut",
                "adresse": "Rue de l'Eglise 2",
                "cp": "6230",
                "ville": "Pont-\u00e0-Celles",
                "courriel": "bibliotheque@pontacelles.be",
                "telephone": "071 84 79 74",
                "web": "https:\/\/bibliothequepontacelles.wordpress.com\/",
                "categorie": "biblioth\u00e8que locale",
                "thematiques_de_recherche": [
                    "Fonds d'histoire locale"
                ],
                "commentaire": null,
                "fonds_specialises": [
                    "Fonds d'histoire locale (Pont-\u00e0-Celles) - Cella"
                ],
                "bce_ou_unite_d_etablissement": null
            }
        },
        {
            "type": "Feature",
            "geometry": {
                "type": "Point",
                "coordinates": [
                    4.03943970486,
                    50.6940433739
                ]
            },
            "properties": {
                "denomination": "Biblioth\u00e8ques locale communale d'Enghien",
                "province": "Hainaut",
                "adresse": "Rue d'H\u00e9rinnes 13",
                "cp": "7850",
                "ville": "Enghien",
                "courriel": "bibliotheque@enghien-edingen.be",
                "telephone": "02 395 60 88",
                "web": "https:\/\/www.enghien-edingen.be\/fr\/ma-ville\/services-communaux\/bibliotheque\/bibliotheque",
                "categorie": "biblioth\u00e8que locale",
                "thematiques_de_recherche": [
                    "Fonds d'histoire locale"
                ],
                "commentaire": null,
                "fonds_specialises": [
                    "Fonds d'histoire locale (Enghien)"
                ],
                "bce_ou_unite_d_etablissement": null
            }
        },
        {
            "type": "Feature",
            "geometry": {
                "type": "Point",
                "coordinates": [
                    4.329455228835189,
                    50.827993003055745
                ]
            },
            "properties": {
                "denomination": "Biblif\u00a0Forest",
                "province": "Bruxelles-Capitale",
                "adresse": "Rue de Belgrade 17",
                "cp": "1190",
                "ville": "Forest",
                "courriel": "biblif@forest.brussels",
                "telephone": "02 343 87 38",
                "web": "http:\/\/biblif.be\/",
                "categorie": "biblioth\u00e8que locale",
                "thematiques_de_recherche": null,
                "commentaire": null,
                "fonds_specialises": null,
                "bce_ou_unite_d_etablissement": null
            }
        },
        {
            "type": "Feature",
            "geometry": {
                "type": "Point",
                "coordinates": [
                    4.33092292798,
                    50.8589958639
                ]
            },
            "properties": {
                "denomination": "Biblioth\u00e8que locale communale de Koekelberg",
                "province": "Bruxelles-Capitale",
                "adresse": "Rue des Tisserands 26-28",
                "cp": "1081",
                "ville": "Koekelberg",
                "courriel": "biblio.1081@koekelberg.brussels",
                "telephone": "02 414 02 36",
                "web": "www.koekelberg.be",
                "categorie": "biblioth\u00e8que locale",
                "thematiques_de_recherche": null,
                "commentaire": null,
                "fonds_specialises": null,
                "bce_ou_unite_d_etablissement": "2.161.238.489"
            }
        },
        {
            "type": "Feature",
            "geometry": {
                "type": "Point",
                "coordinates": [
                    3.77612437524,
                    50.6299753523
                ]
            },
            "properties": {
                "denomination": "Centre libre de Lecture publique d'Ath",
                "province": "Hainaut",
                "adresse": "Rue aux G\u00e2des 28",
                "cp": "7800",
                "ville": "Ath",
                "courriel": "ludotheque.ath@gmail.com",
                "telephone": "068 68 15 70",
                "web": "https:\/\/ludotheque.ath.be\/",
                "categorie": "biblioth\u00e8que locale",
                "thematiques_de_recherche": null,
                "commentaire": null,
                "fonds_specialises": null,
                "bce_ou_unite_d_etablissement": "428.676.058"
            }
        },
        {
            "type": "Feature",
            "geometry": {
                "type": "Point",
                "coordinates": [
                    4.56571814841,
                    50.6633848177
                ]
            },
            "properties": {
                "denomination": "Biblioth\u00e8que publique d'Ottignies",
                "province": "Brabant wallon",
                "adresse": "Avenue des Combattants 2",
                "cp": "1340",
                "ville": "Ottignies-LLN",
                "courriel": "bibdouaire@bibludolln.be",
                "telephone": "010 41 02 42",
                "web": "https:\/\/www.bibludolln.be\/bibliotheque-d-ottignies.html",
                "categorie": "implantation",
                "thematiques_de_recherche": null,
                "commentaire": "Implantation des Biblioth\u00e8ques et ludoth\u00e8ques publiques d'Ottignies LLN asbl",
                "fonds_specialises": null,
                "bce_ou_unite_d_etablissement": null
            }
        },
        {
            "type": "Feature",
            "geometry": {
                "type": "Point",
                "coordinates": [
                    5.03400753898,
                    50.7143471121
                ]
            },
            "properties": {
                "denomination": "Biblitoh\u00e8que communale de Lincent",
                "province": "Li\u00e8ge",
                "adresse": "Rue de Grand-Hallet 7",
                "cp": "4287",
                "ville": "Lincent",
                "courriel": "bibliotheque@hannut.be",
                "telephone": "0491 39 17 23",
                "web": "https:\/\/www.facebook.com\/bibliothequecommunale.hannut",
                "categorie": "implantation",
                "thematiques_de_recherche": null,
                "commentaire": "implantation du R\u00e9seau public de lecture de la R\u00e9gion Hannutoise",
                "fonds_specialises": null,
                "bce_ou_unite_d_etablissement": null
            }
        },
        {
            "type": "Feature",
            "geometry": {
                "type": "Point",
                "coordinates": [
                    5.41132367887,
                    49.6939716595
                ]
            },
            "properties": {
                "denomination": "Biblioth\u00e8que de Jamoigne",
                "province": "Luxembourg",
                "adresse": "Rue du Faing 10d",
                "cp": "6810",
                "ville": "Chiny",
                "courriel": "bibjamoigne.direction@hotmail.com",
                "telephone": "061 28 95 28",
                "web": "https:\/\/www.facebook.com\/Biblioth%C3%A8que-de-Jamoigne-598681123582967\/",
                "categorie": "biblioth\u00e8que locale",
                "thematiques_de_recherche": null,
                "commentaire": null,
                "fonds_specialises": null,
                "bce_ou_unite_d_etablissement": null
            }
        },
        {
            "type": "Feature",
            "geometry": {
                "type": "Point",
                "coordinates": [
                    5.79025722509,
                    50.1299059854
                ]
            },
            "properties": {
                "denomination": "Biblioth\u00e8que Publique de Houffalize",
                "province": "Luxembourg",
                "adresse": "Rue de Schaerbeek 3b",
                "cp": "6660",
                "ville": "Houffalize",
                "courriel": null,
                "telephone": "061 28 98 55",
                "web": "http:\/\/www.houffatheque.be\/",
                "categorie": "implantation",
                "thematiques_de_recherche": null,
                "commentaire": "implantation de la Biblioth\u00e8que publique de Bastogne",
                "fonds_specialises": null,
                "bce_ou_unite_d_etablissement": "431.021.874"
            }
        },
        {
            "type": "Feature",
            "geometry": {
                "type": "Point",
                "coordinates": [
                    5.79474615443,
                    50.2838121874
                ]
            },
            "properties": {
                "denomination": "Biblioth\u00e8que locale communale de Lierneux",
                "province": "Li\u00e8ge",
                "adresse": "Rue des V\u00e9hinnes 1",
                "cp": "4990",
                "ville": "Lierneux",
                "courriel": "bibliotheque@lierneux.be",
                "telephone": "080 31 90 74",
                "web": "https:\/\/lierneux.be\/vivre-a-lierneux\/culture\/bibliotheque\/",
                "categorie": "biblioth\u00e8que locale",
                "thematiques_de_recherche": [
                    "Fonds d'histoire locale et r\u00e9gionale"
                ],
                "commentaire": null,
                "fonds_specialises": [
                    "Fonds r\u00e9gional (Stavelot)"
                ],
                "bce_ou_unite_d_etablissement": null
            }
        },
        {
            "type": "Feature",
            "geometry": {
                "type": "Point",
                "coordinates": [
                    4.27038295942,
                    50.4083652048
                ]
            },
            "properties": {
                "denomination": "Biblioth\u00e8que Communale Locale Balzac",
                "province": "Hainaut",
                "adresse": "Place Paul Pastur 21",
                "cp": "6150",
                "ville": "Anderlues",
                "courriel": "bibliotheque@anderlues.be",
                "telephone": "071 54 91 98",
                "web": "http:\/\/www.bibliothequeanderlues.be\/",
                "categorie": "biblioth\u00e8que locale",
                "thematiques_de_recherche": null,
                "commentaire": null,
                "fonds_specialises": null,
                "bce_ou_unite_d_etablissement": null
            }
        },
        {
            "type": "Feature",
            "geometry": {
                "type": "Point",
                "coordinates": [
                    4.4782460693,
                    50.4235359818
                ]
            },
            "properties": {
                "denomination": "Biblioth\u00e8que Paul Verlaine",
                "province": "Hainaut",
                "adresse": "Place Destr\u00e9e 9",
                "cp": "6060",
                "ville": "Gilly",
                "courriel": "verlaine.jeune@charleroi.be",
                "telephone": "071 41 31 68",
                "web": "https:\/\/bibliotheques.hainaut.be\/reseau-des-bibliotheques-de-charleroi",
                "categorie": "implantation",
                "thematiques_de_recherche": [
                    "Fonds d'histoire locale"
                ],
                "commentaire": "implantation du R\u00e9seau des Biblioth\u00e8ques de Charleroi",
                "fonds_specialises": [
                    "Fonds d'histoire locale\u00a0(Gilly)"
                ],
                "bce_ou_unite_d_etablissement": null
            }
        },
        {
            "type": "Feature",
            "geometry": {
                "type": "Point",
                "coordinates": [
                    4.42891349814,
                    50.4399638737
                ]
            },
            "properties": {
                "denomination": "Biblioth\u00e8que La Madeleine",
                "province": "Hainaut",
                "adresse": "Rue Jean-Baptiste Ledoux 23a",
                "cp": "6040",
                "ville": "Jumet",
                "courriel": "bib.jumetmadeleine@charleroi.be",
                "telephone": "0479 86 87 76",
                "web": "https:\/\/bibliotheques.hainaut.be\/reseau-des-bibliotheques-de-charleroi",
                "categorie": "implantation",
                "thematiques_de_recherche": null,
                "commentaire": "implantation du R\u00e9seau des Biblioth\u00e8ques de Charleroi",
                "fonds_specialises": null,
                "bce_ou_unite_d_etablissement": null
            }
        },
        {
            "type": "Feature",
            "geometry": {
                "type": "Point",
                "coordinates": [
                    3.50473858167,
                    50.5688566869
                ]
            },
            "properties": {
                "denomination": "Biblioth\u00e8que communale de Vezon",
                "province": "Hainaut",
                "adresse": "Rue des Prisonniers 36",
                "cp": "7538",
                "ville": "Vezon",
                "courriel": "bibliotheque@tournai.be",
                "telephone": null,
                "web": "https:\/\/www.etudierenhainaut.be\/services\/bibliotheques\/tournai.html",
                "categorie": "implantation",
                "thematiques_de_recherche": null,
                "commentaire": "implantation de la Biblioth\u00e8que locale communale de Tournai",
                "fonds_specialises": null,
                "bce_ou_unite_d_etablissement": null
            }
        },
        {
            "type": "Feature",
            "geometry": {
                "type": "Point",
                "coordinates": [
                    5.35496199082,
                    50.580831832
                ]
            },
            "properties": {
                "denomination": "Biblioth\u00e8que locale communale de Saint-Georges-sur-Meuse",
                "province": "Li\u00e8ge",
                "adresse": "Place de la Lib\u00e9ration 4",
                "cp": "4470",
                "ville": "Saint-Georges-sur-Meuse",
                "courriel": "bibsaintgeorges@yahoo.fr",
                "telephone": "04 351 88 69",
                "web": "https:\/\/www.saint-georges-sur-meuse.be\/loisirs\/culture\/bibliotheque",
                "categorie": "biblioth\u00e8que locale",
                "thematiques_de_recherche": null,
                "commentaire": null,
                "fonds_specialises": null,
                "bce_ou_unite_d_etablissement": null
            }
        },
        {
            "type": "Feature",
            "geometry": {
                "type": "Point",
                "coordinates": [
                    5.21121042686,
                    50.6753302891
                ]
            },
            "properties": {
                "denomination": "Biblioth\u00e8que libre de Geer",
                "province": "Li\u00e8ge",
                "adresse": "Rue du Centre 22",
                "cp": "4250",
                "ville": "Hollogne-sur-Geer",
                "courriel": null,
                "telephone": "019 69 94 29",
                "web": "https:\/\/www.geer.be\/loisirs\/culture\/bibiotheques\/bibliotheque-publique-libre-de-hesbaye",
                "categorie": "implantation",
                "thematiques_de_recherche": null,
                "commentaire": "implantation du r\u00e9seau de lecture publique de Hesbaye",
                "fonds_specialises": null,
                "bce_ou_unite_d_etablissement": null
            }
        },
        {
            "type": "Feature",
            "geometry": {
                "type": "Point",
                "coordinates": [
                    5.66179906535,
                    50.7031462485
                ]
            },
            "properties": {
                "denomination": "Biblioth\u00e8que communale de Vivegnis",
                "province": "Li\u00e8ge",
                "adresse": "Rue de la Serenne 2",
                "cp": "4683",
                "ville": "Vivegnis",
                "courriel": "bibliothequecommunale@oupeye.be",
                "telephone": "04 240 12 37",
                "web": "http:\/\/www.oupeye.eu\/bibloupe\/",
                "categorie": "implantation",
                "thematiques_de_recherche": null,
                "commentaire": "implantation de la Biblioth\u00e8que locale communale d'Oupeye",
                "fonds_specialises": null,
                "bce_ou_unite_d_etablissement": "2.160.122.791"
            }
        },
        {
            "type": "Feature",
            "geometry": {
                "type": "Point",
                "coordinates": [
                    3.85039992091,
                    50.7303776637
                ]
            },
            "properties": {
                "denomination": "Biblioth\u00e8que publique de Deux-Acren - D\u00e9p\u00f4ts",
                "province": "Hainaut",
                "adresse": "Rue Saint-G\u00e9r\u00e9on 26",
                "cp": "7864",
                "ville": "Deux-Acren",
                "courriel": null,
                "telephone": "068 33 99 85",
                "web": "https:\/\/www.lessines.be\/loisirs\/culture\/bibliotheques\/bibliotheque-de-deux-acren",
                "categorie": "implantation",
                "thematiques_de_recherche": null,
                "commentaire": "Biblioth\u00e8que Louis Scutenaire de Lessines",
                "fonds_specialises": null,
                "bce_ou_unite_d_etablissement": null
            }
        },
        {
            "type": "Feature",
            "geometry": {
                "type": "Point",
                "coordinates": [
                    5.69474151484,
                    50.7362848169
                ]
            },
            "properties": {
                "denomination": "Biblioth\u00e8que locale principale de Vis\u00e9",
                "province": "Li\u00e8ge",
                "adresse": "Rue du Coll\u00e8ge 31",
                "cp": "4600",
                "ville": "Vis\u00e9",
                "courriel": "bib.communale@vise.be",
                "telephone": "04 374 85 57",
                "web": "https:\/\/www.facebook.com\/bibliothequesdevise\/",
                "categorie": "implantation",
                "thematiques_de_recherche": null,
                "commentaire": "implantation du R\u00e9seau vis\u00e9tois de la Lecture publique",
                "fonds_specialises": null,
                "bce_ou_unite_d_etablissement": null
            }
        },
        {
            "type": "Feature",
            "geometry": {
                "type": "Point",
                "coordinates": [
                    3.48155296647,
                    50.7480026898
                ]
            },
            "properties": {
                "denomination": "Centre de Lecture publique de Mont-de-l'Enclus",
                "province": "Hainaut",
                "adresse": "Rue Couture d'Orroir 13",
                "cp": "7750",
                "ville": "Amougies",
                "courriel": "bibliothequemontdelenclus@gmail.com",
                "telephone": "069 66 81 95",
                "web": "https:\/\/bibliothequemontdelenclus.wordpress.com\/",
                "categorie": "biblioth\u00e8que locale",
                "thematiques_de_recherche": [
                    "Fonds d'histoire locale"
                ],
                "commentaire": null,
                "fonds_specialises": [
                    "Fonds d'histoire locale - Cercle d'histoire locale (Mont-de-l'Enclus\/Amougies)"
                ],
                "bce_ou_unite_d_etablissement": null
            }
        },
        {
            "type": "Feature",
            "geometry": {
                "type": "Point",
                "coordinates": [
                    2.94224460693,
                    50.7553499264
                ]
            },
            "properties": {
                "denomination": "Biblioth\u00e8que de Warneton",
                "province": "Hainaut",
                "adresse": "Rue de la Brasserie 1",
                "cp": "7784",
                "ville": "Warneton",
                "courriel": "info@bibliolys.be",
                "telephone": "056 55 49 58",
                "web": "https:\/\/www.bibliolys.be\/",
                "categorie": "implantation",
                "thematiques_de_recherche": null,
                "commentaire": "implantation de la Biblioth\u00e8que de Comines - r\u00e9seau BiblioLys",
                "fonds_specialises": null,
                "bce_ou_unite_d_etablissement": null
            }
        },
        {
            "type": "Feature",
            "geometry": {
                "type": "Point",
                "coordinates": [
                    4.34804176955,
                    50.8366457358
                ]
            },
            "properties": {
                "denomination": "Biblioth\u00e8que Bruegel",
                "province": "Bruxelles-Capitale",
                "adresse": "Rue Haute 245",
                "cp": "1000",
                "ville": "Bruxelles",
                "courriel": "bib.bre@brucity.education",
                "telephone": "02 512 88 64",
                "web": "https:\/\/biblio.brussels\/iguana\/www.main.cls?surl=bruxelles_bibliotheque_bruegel",
                "categorie": "biblioth\u00e8que locale",
                "thematiques_de_recherche": null,
                "commentaire": null,
                "fonds_specialises": null,
                "bce_ou_unite_d_etablissement": null
            }
        },
        {
            "type": "Feature",
            "geometry": {
                "type": "Point",
                "coordinates": [
                    4.3437902714,
                    50.842593274
                ]
            },
            "properties": {
                "denomination": "Biblioth\u00e8que p\u00e9dagogique et d'animation Elisabeth Carter",
                "province": "Bruxelles-Capitale",
                "adresse": "Boulevard Maurice Lemonnier 122",
                "cp": "1000",
                "ville": "Bruxelles",
                "courriel": "bib.pedagogique@brucity.education",
                "telephone": "02 279 59 47",
                "web": "https:\/\/biblio.brussels\/iguana\/www.main.cls?surl=bruxelles_bibliotheque_elisabeth_carter",
                "categorie": "biblioth\u00e8que locale",
                "thematiques_de_recherche": [
                    "ouvrages p\u00e9dagogiques et d'animations"
                ],
                "commentaire": null,
                "fonds_specialises": [
                    "Ouvrages p\u00e9dagogiques, sur l'histoire de la p\u00e9dagogie, et sur les techniques d'animations"
                ],
                "bce_ou_unite_d_etablissement": null
            }
        },
        {
            "type": "Feature",
            "geometry": {
                "type": "Point",
                "coordinates": [
                    5.02136612697,
                    50.3716709948
                ]
            },
            "properties": {
                "denomination": "Biblioth\u00e8que locale communale d'Assesse",
                "province": "Namur",
                "adresse": "Rue de la Gendarmerie 2",
                "cp": "5330",
                "ville": "Assesse",
                "courriel": "biblio@assesse.be",
                "telephone": "083 65 63 49",
                "web": "http:\/\/www.biblio-assesse.be\/",
                "categorie": "biblioth\u00e8que locale",
                "thematiques_de_recherche": [
                    "Fonds d'histoire locale et r\u00e9gionale"
                ],
                "commentaire": "biblioth\u00e8que du R\u00e9seau Namurois de Lecture publique",
                "fonds_specialises": [
                    "Fonds d'histoire locale et r\u00e9gionale (Assesse), Fonds d'archives (Assesse)"
                ],
                "bce_ou_unite_d_etablissement": "416.348.447"
            }
        },
        {
            "type": "Feature",
            "geometry": {
                "type": "Point",
                "coordinates": [
                    4.86662672037,
                    50.4652324764
                ]
            },
            "properties": {
                "denomination": "R\u00e9seau Namurois de Lecture publique",
                "province": "Namur",
                "adresse": "Venelle des Capucins 6",
                "cp": "5000",
                "ville": "Namur",
                "courriel": "bibliotheque.namur@ville.namur.be",
                "telephone": "081 24 64 40",
                "web": "https:\/\/www.namur.be\/fr\/loisirs\/culture\/lectures\/bibliotheques\/bibliotheques-du-reseau",
                "categorie": "r\u00e9seau de biblioth\u00e8ques",
                "thematiques_de_recherche": [
                    "Arts du spectacle, Bandes dessin\u00e9es"
                ],
                "commentaire": null,
                "fonds_specialises": [
                    "Fonds Cin\u00e9ma, Bandes Dessin\u00e9es, Mangas"
                ],
                "bce_ou_unite_d_etablissement": "2.161.934.812"
            }
        },
        {
            "type": "Feature",
            "geometry": {
                "type": "Point",
                "coordinates": [
                    5.55735958788,
                    50.6301656998
                ]
            },
            "properties": {
                "denomination": "Centre Multim\u00e9dia Don Bosco de Li\u00e8ge ASBL",
                "province": "Li\u00e8ge",
                "adresse": "Rue des Wallons 59",
                "cp": "4000",
                "ville": "Li\u00e8ge",
                "courriel": "info@centremultimedia.be",
                "telephone": "04 252 66 88",
                "web": "http:\/\/www.centremultimedia.be\/",
                "categorie": "biblioth\u00e8que locale",
                "thematiques_de_recherche": [
                    "Arts du spectacle, Histoire religieuse"
                ],
                "commentaire": null,
                "fonds_specialises": [
                    "Fonds Cin\u00e9ma, Religieux-philosophique, Pr\u00e9montr\u00e9s"
                ],
                "bce_ou_unite_d_etablissement": "424.826.445"
            }
        },
        {
            "type": "Feature",
            "geometry": {
                "type": "Point",
                "coordinates": [
                    4.15088265211,
                    50.4498205679
                ]
            },
            "properties": {
                "denomination": "Biblioth\u00e8que de Trivi\u00e8res",
                "province": "Hainaut",
                "adresse": "Rue Dieudonn\u00e9 Fran\u00e7ois 43",
                "cp": "7100",
                "ville": "La Louvi\u00e8re",
                "courriel": "bibliothequecommunale@lalouviere.be",
                "telephone": "064 26 01 19",
                "web": "https:\/\/bibliotheques.hainaut.be\/reseau-louvierois-de-lecture-publique-ville-trivieres",
                "categorie": "implantation",
                "thematiques_de_recherche": null,
                "commentaire": "Biblioth\u00e8que du R\u00e9seau louvi\u00e9rois de Lecture publique",
                "fonds_specialises": null,
                "bce_ou_unite_d_etablissement": null
            }
        },
        {
            "type": "Feature",
            "geometry": {
                "type": "Point",
                "coordinates": [
                    4.11439265071,
                    50.4640701819
                ]
            },
            "properties": {
                "denomination": "P\u00e9dagoth\u00e8que - L'Entre-lignes",
                "province": "Hainaut",
                "adresse": "Rue des Canadiens 83",
                "cp": "7110",
                "ville": "La Louvi\u00e8re",
                "courriel": "bibliothequecommunale@lalouviere.be",
                "telephone": "064 66 57 09",
                "web": "https:\/\/www.facebook.com\/bibliolouve\/",
                "categorie": "implantation",
                "thematiques_de_recherche": null,
                "commentaire": "Biblioth\u00e8que du R\u00e9seau louvi\u00e9rois de Lecture publique",
                "fonds_specialises": null,
                "bce_ou_unite_d_etablissement": null
            }
        },
        {
            "type": "Feature",
            "geometry": {
                "type": "Point",
                "coordinates": [
                    5.38387045234,
                    49.9268799174
                ]
            },
            "properties": {
                "denomination": "Biblioth\u00e8que Communale de Libramont-Chevigny",
                "province": "Luxembourg",
                "adresse": "Avenue d'Houffalize 56 F",
                "cp": "6800",
                "ville": "Libramont",
                "courriel": "bibliotheque@libramont.be",
                "telephone": "061 23 34 80",
                "web": "https:\/\/bibliotheque.libramontchevigny.be\/",
                "categorie": "biblioth\u00e8que locale",
                "thematiques_de_recherche": [
                    "Histoire"
                ],
                "commentaire": null,
                "fonds_specialises": [
                    "Fonds Celtes"
                ],
                "bce_ou_unite_d_etablissement": null
            }
        },
        {
            "type": "Feature",
            "geometry": {
                "type": "Point",
                "coordinates": [
                    4.87266956296,
                    50.4558238345
                ]
            },
            "properties": {
                "denomination": "Biblioth\u00e8que communale de Jambes",
                "province": "Namur",
                "adresse": "Avenue du Bourgmestre Jean Materne\u00a0162",
                "cp": "5100",
                "ville": "Jambes",
                "courriel": "bibliotheques.namur@ville.namur.be",
                "telephone": "081 24 85 34",
                "web": "https:\/\/www.namur.be\/fr\/loisirs\/culture\/lectures\/bibliotheques\/bibliotheques-du-reseau\/jambes",
                "categorie": "biblioth\u00e8que locale",
                "thematiques_de_recherche": null,
                "commentaire": "biblioth\u00e8que du R\u00e9seau Namurois de Lecture publique",
                "fonds_specialises": null,
                "bce_ou_unite_d_etablissement": "2.161.936.394"
            }
        },
        {
            "type": "Feature",
            "geometry": {
                "type": "Point",
                "coordinates": [
                    4.66903620281,
                    50.4652891885
                ]
            },
            "properties": {
                "denomination": "Biblioth\u00e8ques communales de Jemeppe-sur-Sambre",
                "province": "Namur",
                "adresse": "Rue de la Poste 4",
                "cp": "5190",
                "ville": "Jemeppe-sur-Sambre",
                "courriel": "bibliojeunes@hotmail.com",
                "telephone": "071 78 84 17",
                "web": "https:\/\/www.facebook.com\/bibliothequescommunalesJemeppesursambre",
                "categorie": "biblioth\u00e8que locale",
                "thematiques_de_recherche": null,
                "commentaire": "biblioth\u00e8que du R\u00e9seau Namurois de Lecture publique",
                "fonds_specialises": null,
                "bce_ou_unite_d_etablissement": null
            }
        },
        {
            "type": "Feature",
            "geometry": {
                "type": "Point",
                "coordinates": [
                    4.22147659815,
                    50.6903462165
                ]
            },
            "properties": {
                "denomination": "Biblioth\u00e8que de Clabecq",
                "province": "Brabant wallon",
                "adresse": "Rue Jean Wautrequin 5",
                "cp": "1480",
                "ville": "Clabecq",
                "courriel": "bibliotheques.communales@tubize.be",
                "telephone": "02 355 33 35",
                "web": "http:\/\/www.tubize-tuclasakoi.be\/",
                "categorie": "implantation",
                "thematiques_de_recherche": null,
                "commentaire": "implantation de la Biblioth\u00e8que de Tubize",
                "fonds_specialises": null,
                "bce_ou_unite_d_etablissement": null
            }
        },
        {
            "type": "Feature",
            "geometry": {
                "type": "Point",
                "coordinates": [
                    5.47861377508,
                    50.7047170689
                ]
            },
            "properties": {
                "denomination": "Biblioth\u00e8que de Xhendremael",
                "province": "Li\u00e8ge",
                "adresse": "Place de l'Eglise 1",
                "cp": "4432",
                "ville": "Alleur",
                "courriel": "bibliotheque.xhendremael@ans-commune.be",
                "telephone": "04 247 73 58",
                "web": "https:\/\/www.ans-commune.be\/loisirs\/culture\/bibliotheques",
                "categorie": "implantation",
                "thematiques_de_recherche": null,
                "commentaire": "Implantation de la Biblioth\u00e8que locale communale d'Ans",
                "fonds_specialises": null,
                "bce_ou_unite_d_etablissement": null
            }
        },
        {
            "type": "Feature",
            "geometry": {
                "type": "Point",
                "coordinates": [
                    5.69443169944,
                    50.7393091655
                ]
            },
            "properties": {
                "denomination": "Biblioth\u00e8que Bibli2000",
                "province": "Li\u00e8ge",
                "adresse": "Rue des D\u00e9port\u00e9s 3",
                "cp": "4600",
                "ville": "Vis\u00e9",
                "courriel": "bibli2000@skynet.be",
                "telephone": "04 379 62 44",
                "web": "https:\/\/www.facebook.com\/bibliothequesdevise\/",
                "categorie": "implantation",
                "thematiques_de_recherche": null,
                "commentaire": "implantation du R\u00e9seau vis\u00e9tois de la Lecture publique",
                "fonds_specialises": null,
                "bce_ou_unite_d_etablissement": "2.186.877.272"
            }
        },
        {
            "type": "Feature",
            "geometry": {
                "type": "Point",
                "coordinates": [
                    4.43524528504,
                    50.8070169302
                ]
            },
            "properties": {
                "denomination": "Biblioth\u00e8que communale du Transvaal",
                "province": "Bruxelles-Capitale",
                "adresse": "Place Andr\u00e9 Duch\u00e8ne 1",
                "cp": "1160",
                "ville": "Auderghem",
                "courriel": "biblioth\u00e8que@auderghem.be",
                "telephone": "02 672 17 22",
                "web": "https:\/\/www.facebook.com\/bibliothequesludothequeauderghem",
                "categorie": "implantation",
                "thematiques_de_recherche": null,
                "commentaire": "R\u00e9seau des Biblioth\u00e8ques et Ludoth\u00e8ques communales francophones",
                "fonds_specialises": null,
                "bce_ou_unite_d_etablissement": "2.159.951.953"
            }
        },
        {
            "type": "Feature",
            "geometry": {
                "type": "Point",
                "coordinates": [
                    5.53414551317,
                    49.5545115945
                ]
            },
            "properties": {
                "denomination": "Biblioth\u00e8que communale Saint-Mard",
                "province": "Luxembourg",
                "adresse": "Rue L\u00e9on Colleaux 38",
                "cp": "6762",
                "ville": "Saint-Mard",
                "courriel": "bibliotheque.locale.virton@province.luxembourg.be",
                "telephone": "063 43 41 94",
                "web": null,
                "categorie": "implantation",
                "thematiques_de_recherche": null,
                "commentaire": "implantation de la Biblioth\u00e8que communale de Virton - Biblionef",
                "fonds_specialises": null,
                "bce_ou_unite_d_etablissement": null
            }
        },
        {
            "type": "Feature",
            "geometry": {
                "type": "Point",
                "coordinates": [
                    5.49750017957,
                    49.5546072933
                ]
            },
            "properties": {
                "denomination": "Biblioth\u00e8que de Dampicourt",
                "province": "Luxembourg",
                "adresse": "Cit\u00e9 Soucou 31",
                "cp": "6767",
                "ville": "Dampicourt",
                "courriel": "bibliotheque.dampicourt@gmail.com",
                "telephone": null,
                "web": "https:\/\/bibliotheque.rouvroy.be\/",
                "categorie": "implantation",
                "thematiques_de_recherche": null,
                "commentaire": "implantation des Biblioth\u00e8que, ludoth\u00e8que publiques et EPN de Rouvroy",
                "fonds_specialises": null,
                "bce_ou_unite_d_etablissement": null
            }
        },
        {
            "type": "Feature",
            "geometry": {
                "type": "Point",
                "coordinates": [
                    5.110936778,
                    50.0828592312
                ]
            },
            "properties": {
                "denomination": "Biblioth\u00e8que Communale de Wellin",
                "province": "Luxembourg",
                "adresse": "Rue de Beauraing 173",
                "cp": "6920",
                "ville": "Wellin",
                "courriel": "bibliotheque.wellin@skynet.be",
                "telephone": "084 38 00 61",
                "web": "http:\/\/bibliotheque-wellin.over-blog.org\/",
                "categorie": "implantation",
                "thematiques_de_recherche": null,
                "commentaire": "implantation de la Biblioth\u00e8que publique de Saint-Hubert",
                "fonds_specialises": null,
                "bce_ou_unite_d_etablissement": null
            }
        },
        {
            "type": "Feature",
            "geometry": {
                "type": "Point",
                "coordinates": [
                    4.87654634603,
                    50.3099953426
                ]
            },
            "properties": {
                "denomination": "Biblioth\u00e8que communale d'Anh\u00e9e",
                "province": "Namur",
                "adresse": "Place communale 14",
                "cp": "5537",
                "ville": "Anh\u00e9e",
                "courriel": "biblio.anhee@skynet.be",
                "telephone": "082 21 92 13",
                "web": "http:\/\/www.anhee.be\/detentes-et-loisirs\/culture-et-loisirs\/Lecture%20publique\/bibliotheques-anhee-et-denee\/horaires%20et%20contacts",
                "categorie": "biblioth\u00e8que locale",
                "thematiques_de_recherche": [
                    "Fonds d'histoire locale"
                ],
                "commentaire": null,
                "fonds_specialises": [
                    "Fonds d'histoire locale et r\u00e9gionale\u00a0 (Anh\u00e9e)"
                ],
                "bce_ou_unite_d_etablissement": null
            }
        },
        {
            "type": "Feature",
            "geometry": {
                "type": "Point",
                "coordinates": [
                    4.27893702376,
                    50.365469454
                ]
            },
            "properties": {
                "denomination": "R\u00e9serve centrale du R\u00e9seau public de la Lecture (Conservation des anciens livres des biblioth\u00e8ques publiques)",
                "province": "Hainaut",
                "adresse": "Rue des 4 d'gins 36",
                "cp": "6540",
                "ville": "Lobbes",
                "courriel": "rc.lobbes@cfwb.be",
                "telephone": "071 59.05.52",
                "web": "https:\/\/bibliotheques.cfwb.be\/ressources\/reserve-centrale-de-lobbes\/",
                "categorie": "r\u00e9serve centrale",
                "thematiques_de_recherche": null,
                "commentaire": null,
                "fonds_specialises": null,
                "bce_ou_unite_d_etablissement": "2143347236"
            }
        },
        {
            "type": "Feature",
            "geometry": {
                "type": "Point",
                "coordinates": [
                    4.40753976968,
                    50.3914435178
                ]
            },
            "properties": {
                "denomination": "Biblioth\u00e8que du Ch\u00e2teau",
                "province": "Hainaut",
                "adresse": "Rue du Ch\u00e2teau 3",
                "cp": "6032",
                "ville": "Mont-sur-Marchienne",
                "courriel": "bib.montsurmarchienne@charleroi.be",
                "telephone": "071 43 16 40",
                "web": "https:\/\/bibliotheques.hainaut.be\/reseau-des-bibliotheques-de-charleroi",
                "categorie": "implantation",
                "thematiques_de_recherche": null,
                "commentaire": "implantation du R\u00e9seau des Biblioth\u00e8ques de Charleroi",
                "fonds_specialises": null,
                "bce_ou_unite_d_etablissement": null
            }
        },
        {
            "type": "Feature",
            "geometry": {
                "type": "Point",
                "coordinates": [
                    4.44562549813,
                    50.3984051044
                ]
            },
            "properties": {
                "denomination": "Biblioth\u00e8que Jules Destr\u00e9e",
                "province": "Hainaut",
                "adresse": "Avenue Mascaux 70",
                "cp": "6001",
                "ville": "Marcinelle",
                "courriel": "bib.marcinelledestree@charleroi.be",
                "telephone": "071 47 16 64",
                "web": "https:\/\/bibliotheques.hainaut.be\/reseau-des-bibliotheques-de-charleroi",
                "categorie": "implantation",
                "thematiques_de_recherche": null,
                "commentaire": "implantation du R\u00e9seau des Biblioth\u00e8ques de Charleroi",
                "fonds_specialises": null,
                "bce_ou_unite_d_etablissement": null
            }
        },
        {
            "type": "Feature",
            "geometry": {
                "type": "Point",
                "coordinates": [
                    4.29573813412,
                    50.4390277219
                ]
            },
            "properties": {
                "denomination": "Biblioth\u00e8que de Pi\u00e9ton",
                "province": "Hainaut",
                "adresse": "Place Omer Musch 1",
                "cp": "7160",
                "ville": "Pi\u00e9ton",
                "courriel": null,
                "telephone": "071 54 23 63",
                "web": "https:\/\/bibliothequechapelle.wixsite.com\/bibliothequechapelle",
                "categorie": "implantation",
                "thematiques_de_recherche": null,
                "commentaire": "implantation de la Biblioth\u00e8que\u00a0du\u00a0T'chatpitre",
                "fonds_specialises": null,
                "bce_ou_unite_d_etablissement": null
            }
        },
        {
            "type": "Feature",
            "geometry": {
                "type": "Point",
                "coordinates": [
                    4.66903620281,
                    50.4652891885
                ]
            },
            "properties": {
                "denomination": "Ludoth\u00e8que communale de Jemeppe-sur-Sambre",
                "province": "Namur",
                "adresse": "Rue de la Poste 4",
                "cp": "5190",
                "ville": "Jemeppe-sur-Sambre",
                "courriel": "bibliojeunes@hotmail.com",
                "telephone": "071 78 84 17",
                "web": "https:\/\/www.facebook.com\/bibliothequescommunalesJemeppesursambre",
                "categorie": "implantation",
                "thematiques_de_recherche": null,
                "commentaire": "implantation des Biblioth\u00e8ques communales de Jemeppe-sur-Sambre",
                "fonds_specialises": null,
                "bce_ou_unite_d_etablissement": null
            }
        },
        {
            "type": "Feature",
            "geometry": {
                "type": "Point",
                "coordinates": [
                    4.17790246159,
                    50.504281271
                ]
            },
            "properties": {
                "denomination": "Biblioth\u00e8que itin\u00e9rante de la Province de Hainaut",
                "province": "Hainaut",
                "adresse": "Boulevard de la Technicit\u00e9 10",
                "cp": "7110",
                "ville": "La Louvi\u00e8re",
                "courriel": "bibliobus.haltes@hainaut.be",
                "telephone": "064 31 29 00",
                "web": "https:\/\/bibliotheques.hainaut.be\/bibliobus-provincial?field_commune_tid=502",
                "categorie": "biblioth\u00e8que itin\u00e9rante",
                "thematiques_de_recherche": null,
                "commentaire": null,
                "fonds_specialises": null,
                "bce_ou_unite_d_etablissement": null
            }
        },
        {
            "type": "Feature",
            "geometry": {
                "type": "Point",
                "coordinates": [
                    5.63145763755,
                    50.7307327696
                ]
            },
            "properties": {
                "denomination": "Biblioth\u00e8que communale de Heure-le-Romain",
                "province": "Li\u00e8ge",
                "adresse": "Place des Trois Comt\u00e9s 10",
                "cp": "4682",
                "ville": "Heure-Le-Romain",
                "courriel": "bibliothequecommunale@oupeye.be",
                "telephone": "0494 53 08 40",
                "web": "http:\/\/www.oupeye.eu\/bibloupe\/",
                "categorie": "implantation",
                "thematiques_de_recherche": null,
                "commentaire": "implantation de la Biblioth\u00e8que locale communale d'Oupeye",
                "fonds_specialises": null,
                "bce_ou_unite_d_etablissement": null
            }
        },
        {
            "type": "Feature",
            "geometry": {
                "type": "Point",
                "coordinates": [
                    4.693164899748379,
                    50.74060142363872
                ]
            },
            "properties": {
                "denomination": "Biblioth\u00e8que locale communale de Grez-Doiceau",
                "province": "Brabant wallon",
                "adresse": "Chauss\u00e9e de la Lib\u00e9ration 30",
                "cp": "1390",
                "ville": "Grez-Doiceau",
                "courriel": "bibliotheque@grez-doiceau.be",
                "telephone": "010 88 12 06",
                "web": "https:\/\/www.grez-doiceau.be\/loisirs\/culture\/bibliotheque-et-ludotheque",
                "categorie": "biblioth\u00e8que locale",
                "thematiques_de_recherche": null,
                "commentaire": null,
                "fonds_specialises": null,
                "bce_ou_unite_d_etablissement": null
            }
        },
        {
            "type": "Feature",
            "geometry": {
                "type": "Point",
                "coordinates": [
                    4.40264913449,
                    50.8090427212
                ]
            },
            "properties": {
                "denomination": "Espace Delvaux",
                "province": "Bruxelles-Capitale",
                "adresse": "Rue Grat\u00e8s 3",
                "cp": "1170",
                "ville": "Watermael-Boitsfort",
                "courriel": "bib.francophone@wb1170.brussels",
                "telephone": "02 663 85 61",
                "web": "http:\/\/www.biblioludowb.be\/blog\/",
                "categorie": "implantation",
                "thematiques_de_recherche": null,
                "commentaire": "Implantation de la Biblioth\u00e8que locale communale de Watermael Centre",
                "fonds_specialises": null,
                "bce_ou_unite_d_etablissement": "2.160.935.712"
            }
        },
        {
            "type": "Feature",
            "geometry": {
                "type": "Point",
                "coordinates": [
                    5.51331882988,
                    50.6345439416
                ]
            },
            "properties": {
                "denomination": "Biblioth\u00e8que de Saint-Nicolas",
                "province": "Li\u00e8ge",
                "adresse": "Rue Chantraine 61",
                "cp": "4420",
                "ville": "Saint-Nicolas",
                "courriel": "bibliotheques@saint-nicolas.be",
                "telephone": "04 224 60 30",
                "web": "https:\/\/www.saint-nicolas.be\/vie-communale\/vie-pratique\/sous-section2",
                "categorie": "biblioth\u00e8que locale",
                "thematiques_de_recherche": null,
                "commentaire": null,
                "fonds_specialises": null,
                "bce_ou_unite_d_etablissement": null
            }
        },
        {
            "type": "Feature",
            "geometry": {
                "type": "Point",
                "coordinates": [
                    3.61678821422,
                    50.6670716957
                ]
            },
            "properties": {
                "denomination": "Biblioth\u00e8que locale communale de Frasnes-lez-Anvaing",
                "province": "Hainaut",
                "adresse": "Rue de la Fauvette 11",
                "cp": "7911",
                "ville": "Frasnes-lez-Anvaing",
                "courriel": "bibliofrasnes@gmail.com",
                "telephone": "069 86 66 07",
                "web": "https:\/\/www.frasnes-lez-anvaing.be\/loisirs\/culture\/bibliotheque",
                "categorie": "biblioth\u00e8que locale",
                "thematiques_de_recherche": [
                    "Fonds d'histoire locale et r\u00e9gionale"
                ],
                "commentaire": null,
                "fonds_specialises": [
                    "Fonds d'histoire  locale et r\u00e9gionale\u00a0 (Frasnes-lez-Avaing)"
                ],
                "bce_ou_unite_d_etablissement": null
            }
        },
        {
            "type": "Feature",
            "geometry": {
                "type": "Point",
                "coordinates": [
                    4.45152074873,
                    50.8464652759
                ]
            },
            "properties": {
                "denomination": "Biblioth\u00e8que libre du Centre Civique de Kapelleveld",
                "province": "Bruxelles-Capitale",
                "adresse": "Avenue Albert Dumont 10",
                "cp": "1200",
                "ville": "Woluwe-Saint-Lambert",
                "courriel": "info@biblio1200.be",
                "telephone": "02 762 13 60",
                "web": "http:\/\/www.biblio1200.be\/",
                "categorie": "implantation",
                "thematiques_de_recherche": null,
                "commentaire": "Implantation de la Biblioth\u00e8que publique locale de Woluwe-Saint-Lambert (Saint-Henri)",
                "fonds_specialises": null,
                "bce_ou_unite_d_etablissement": null
            }
        },
        {
            "type": "Feature",
            "geometry": {
                "type": "Point",
                "coordinates": [
                    4.37187037929,
                    50.3264562326
                ]
            },
            "properties": {
                "denomination": "Biblioth\u00e8que communale de Marbaix-la-Tour",
                "province": "Hainaut",
                "adresse": "Place Gendebien 1",
                "cp": "6120",
                "ville": "Marbaix-La-Tour",
                "courriel": "biblionalinnescentre@yahoo.be",
                "telephone": null,
                "web": "https:\/\/www.ham-sur-heure-nalinnes.be\/la-commune\/la-culture\/reseau-communal-de-lecture-publique",
                "categorie": "implantation",
                "thematiques_de_recherche": null,
                "commentaire": "implantation de la Biblioth\u00e8que locale-pivot de Nalinnes-Centre",
                "fonds_specialises": null,
                "bce_ou_unite_d_etablissement": null
            }
        },
        {
            "type": "Feature",
            "geometry": {
                "type": "Point",
                "coordinates": [
                    5.74225291731,
                    49.5598048087
                ]
            },
            "properties": {
                "denomination": "Biblioth\u00e8que filiale d'Halanzy",
                "province": "Luxembourg",
                "adresse": "Grand'Place",
                "cp": "6792",
                "ville": "Halanzy",
                "courriel": "halanzybibliotheque@gmail.com",
                "telephone": "063 42 23 35",
                "web": "http:\/\/ebib.aubange.be\/",
                "categorie": "implantation",
                "thematiques_de_recherche": null,
                "commentaire": "implantation de la Biblioth\u00e8que locale Hubert Juin",
                "fonds_specialises": null,
                "bce_ou_unite_d_etablissement": null
            }
        },
        {
            "type": "Feature",
            "geometry": {
                "type": "Point",
                "coordinates": [
                    4.2753334422,
                    50.3895256882
                ]
            },
            "properties": {
                "denomination": "Biblioth\u00e8que d\u00e9p\u00f4t de Bruy\u00e8res d'Anderlues",
                "province": "Hainaut",
                "adresse": "Rue des Cent Bonniers 70",
                "cp": "6150",
                "ville": "Anderlues",
                "courriel": "bibliotheque@anderlues.be",
                "telephone": null,
                "web": "http:\/\/www.bibliothequeanderlues.be\/",
                "categorie": "implantation",
                "thematiques_de_recherche": null,
                "commentaire": "implantation de la Biblioth\u00e8que Communale Locale Balzac",
                "fonds_specialises": null,
                "bce_ou_unite_d_etablissement": null
            }
        },
        {
            "type": "Feature",
            "geometry": {
                "type": "Point",
                "coordinates": [
                    3.66012495149,
                    50.5009646145
                ]
            },
            "properties": {
                "denomination": "Biblioth\u00e8quecommunale de Blaton G\u00e9rard Turpin",
                "province": "Hainaut",
                "adresse": "Place de Blaton 7",
                "cp": "7321",
                "ville": "Blaton",
                "courriel": "biblio@bernissart.be",
                "telephone": "069 76 60 78",
                "web": "https:\/\/www.facebook.com\/groups\/357945885587129\/",
                "categorie": "biblioth\u00e8que locale",
                "thematiques_de_recherche": [
                    "Fonds d'histoire locale et r\u00e9gionale"
                ],
                "commentaire": null,
                "fonds_specialises": [
                    "Fonds d'histoire locale et r\u00e9gionale (Bernissart)"
                ],
                "bce_ou_unite_d_etablissement": "2.159.918.202"
            }
        },
        {
            "type": "Feature",
            "geometry": {
                "type": "Point",
                "coordinates": [
                    3.59100854701,
                    50.5092540432
                ]
            },
            "properties": {
                "denomination": "Biblioth\u00e8que locale communale de P\u00e9ruwelz",
                "province": "Hainaut",
                "adresse": "Petite place 3",
                "cp": "7600",
                "ville": "P\u00e9ruwelz",
                "courriel": "mediatheque@peruwelz.be",
                "telephone": "069 25 40 14",
                "web": "http:\/\/www.peruwelz.be\/",
                "categorie": "biblioth\u00e8que locale",
                "thematiques_de_recherche": null,
                "commentaire": null,
                "fonds_specialises": null,
                "bce_ou_unite_d_etablissement": "2.160.293.829"
            }
        },
        {
            "type": "Feature",
            "geometry": {
                "type": "Point",
                "coordinates": [
                    5.5738932692905365,
                    50.1804813884269
                ]
            },
            "properties": {
                "denomination": "Biblioth\u00e8que de la Roche-en-Ardenne",
                "province": "Luxembourg",
                "adresse": "Rue de Bardonwez 2",
                "cp": "6987",
                "ville": "Rendeux",
                "courriel": "bibliothequelaroche@gmail.com",
                "telephone": null,
                "web": "http:\/\/www.ourthe-documentation.be\/",
                "categorie": "implantation",
                "thematiques_de_recherche": null,
                "commentaire": "implantation de la Biblioth\u00e8que \"Lire au Fil de l'Ourthe\"",
                "fonds_specialises": null,
                "bce_ou_unite_d_etablissement": null
            }
        },
        {
            "type": "Feature",
            "geometry": {
                "type": "Point",
                "coordinates": [
                    4.18065727413,
                    50.4745312285
                ]
            },
            "properties": {
                "denomination": "Biblioth\u00e8que centrale du Hainaut",
                "province": "Hainaut",
                "adresse": "Rue du Gazom\u00e8tre 50",
                "cp": "7100",
                "ville": "La Louvi\u00e8re",
                "courriel": "bibliotheque.centrale@hainaut.be",
                "telephone": "064 31 25 00",
                "web": "https:\/\/bibliotheques.hainaut.be\/",
                "categorie": "op\u00e9rateur d'appui",
                "thematiques_de_recherche": [
                    "Fonds d'histoire locale et r\u00e9gionale"
                ],
                "commentaire": null,
                "fonds_specialises": [
                    "Fonds r\u00e9gional (r\u00e9gion du Centre)"
                ],
                "bce_ou_unite_d_etablissement": "2.276.383.132"
            }
        },
        {
            "type": "Feature",
            "geometry": {
                "type": "Point",
                "coordinates": [
                    4.27577040199,
                    50.5716301044
                ]
            },
            "properties": {
                "denomination": "Biblioth\u00e8que d'Arquennes",
                "province": "Hainaut",
                "adresse": "Rue des Ecoles 2",
                "cp": "7181",
                "ville": "Arquennes",
                "courriel": "biblio@seneffe.be",
                "telephone": "067 87 87 55",
                "web": "https:\/\/www.facebook.com\/bibliothequesdeseneffe\/",
                "categorie": "implantation",
                "thematiques_de_recherche": null,
                "commentaire": "implantation de la Biblioth\u00e8que locale communale de Seneffe",
                "fonds_specialises": null,
                "bce_ou_unite_d_etablissement": null
            }
        },
        {
            "type": "Feature",
            "geometry": {
                "type": "Point",
                "coordinates": [
                    3.77612437524,
                    50.6299753523
                ]
            },
            "properties": {
                "denomination": "Biblioth\u00e8que Loisirs et Culture - Ludoth\u00e8que Pirouette",
                "province": "Hainaut",
                "adresse": "Rue aux G\u00e2des 28",
                "cp": "7800",
                "ville": "Ath",
                "courriel": "ludotheque.ath@gmail.com",
                "telephone": "068 68 15 70",
                "web": "https:\/\/ludotheque.ath.be\/",
                "categorie": "implantation",
                "thematiques_de_recherche": null,
                "commentaire": "implantation de la Biblioth\u00e8que locale communale d' Ath",
                "fonds_specialises": null,
                "bce_ou_unite_d_etablissement": null
            }
        },
        {
            "type": "Feature",
            "geometry": {
                "type": "Point",
                "coordinates": [
                    4.60653526065,
                    50.248972721
                ]
            },
            "properties": {
                "denomination": "Biblioth\u00e8que locale communale de Florennes",
                "province": "Namur",
                "adresse": "Avenue Jules Lahaye 4",
                "cp": "5620",
                "ville": "Florennes",
                "courriel": "bibliotheque@florennes.be",
                "telephone": "071 68 14 68",
                "web": "https:\/\/bibliotheque.florennes.be\/",
                "categorie": "biblioth\u00e8que locale",
                "thematiques_de_recherche": [
                    "Fonds d'histoire locale et r\u00e9gionale, Alphab\u00e9tisation, Apiculture, Fonds sur l'environnement, Bandes dessin\u00e9es, Contes, Fonds dialectal, Fonds jeunesse - petite enfance, Fonds pour personnes mal-voyantes, Litt\u00e9rature belge francophone, litt\u00e9rature en langues \u00e9trang\u00e8res"
                ],
                "commentaire": null,
                "fonds_specialises": [
                    "Fonds d'histoire locale et r\u00e9gionale (Florennes, Province de Namur et r\u00e9gion wallonne), Fonds pour les professionnels et les apprenants en alphab\u00e9tisation, Fonds apicole, Bandes dessin\u00e9es a\u00e9ronautiques, Contes et l\u00e9gendes, Fonds dialectal (wallon namurois), Fonds de livres pour les b\u00e9b\u00e9s (0-3 ans), Fonds livres en grands caract\u00e8res, Litt\u00e9rature belge francophone, Litt\u00e9ratures en langues \u00e9trang\u00e8res"
                ],
                "bce_ou_unite_d_etablissement": "2.161.707.950"
            }
        },
        {
            "type": "Feature",
            "geometry": {
                "type": "Point",
                "coordinates": [
                    5.24150513333,
                    50.5202060552
                ]
            },
            "properties": {
                "denomination": "Biblioth\u00e8que publique locale de Huy",
                "province": "Li\u00e8ge",
                "adresse": "Rue des Augustins 18 B",
                "cp": "4500",
                "ville": "Huy",
                "courriel": "bibliotheque@huy.be",
                "telephone": "085 23 07 41",
                "web": "http:\/\/www.bibliohuy.be\/",
                "categorie": "biblioth\u00e8que locale",
                "thematiques_de_recherche": [
                    "Fonds r\u00e9gional, Fonds dialectal, Bandes dessin\u00e9es, Fonds jeunesse-troubles DYS, Fonds pour personnes mal-voyantes et lecture de confort  -Livres audio, Fonds pour personnes mal-voyantes -Litt\u00e9rature en grands caract\u00e8res, Litt\u00e9rature en langues \u00e9trang\u00e8res"
                ],
                "commentaire": null,
                "fonds_specialises": [
                    "Journaux locaux\/r\u00e9gionaux (Huy), Fonds dialectal sonore (wallon), Fonds de Comics, Fonds de livres pour enfants dyslexiques, Livres audio, Litt\u00e9rature en langues \u00e9trang\u00e8res"
                ],
                "bce_ou_unite_d_etablissement": "2.178.506.568"
            }
        },
        {
            "type": "Feature",
            "geometry": {
                "type": "Point",
                "coordinates": [
                    5.25296359354,
                    49.8555354476
                ]
            },
            "properties": {
                "denomination": "Biblioth\u00e8que publique locale de Bertrix",
                "province": "Luxembourg",
                "adresse": "Place des trois fers 9",
                "cp": "6880",
                "ville": "Bertrix",
                "courriel": "info@bibliobertrix.be",
                "telephone": "061 41 50 19",
                "web": "https:\/\/bibliobertrix.be\/",
                "categorie": "biblioth\u00e8que locale",
                "thematiques_de_recherche": [
                    "Personne\/auteur"
                ],
                "commentaire": null,
                "fonds_specialises": [
                    "Fonds Tjienke Dagnelie"
                ],
                "bce_ou_unite_d_etablissement": "448.742.586"
            }
        },
        {
            "type": "Feature",
            "geometry": {
                "type": "Point",
                "coordinates": [
                    3.77894130175,
                    50.3964972079
                ]
            },
            "properties": {
                "denomination": "Biblioth\u00e8que locale communale de Dour",
                "province": "Hainaut",
                "adresse": "Grand'Place 1",
                "cp": "7370",
                "ville": "Dour",
                "courriel": "bibliodour@communedour.be",
                "telephone": "065 76 18 44",
                "web": "https:\/\/www.communedour.be\/ma-commune\/services-communaux\/bibliotheque",
                "categorie": "biblioth\u00e8que locale",
                "thematiques_de_recherche": null,
                "commentaire": null,
                "fonds_specialises": null,
                "bce_ou_unite_d_etablissement": null
            }
        },
        {
            "type": "Feature",
            "geometry": {
                "type": "Point",
                "coordinates": [
                    3.86492709152,
                    50.4428164498
                ]
            },
            "properties": {
                "denomination": "Biblioth\u00e8que de Wasmu\u00ebl",
                "province": "Hainaut",
                "adresse": "Grand-Place 2",
                "cp": "7390",
                "ville": "Wasmu\u00ebl",
                "courriel": "bib.bibquaregnon@quaregnon.be",
                "telephone": "065 78 35 07",
                "web": "http:\/\/biblio.quaregnon.be\/",
                "categorie": "implantation",
                "thematiques_de_recherche": null,
                "commentaire": "implantation de la Biblioth\u00e8que communale Ulysse Cordier de Quaregnon",
                "fonds_specialises": null,
                "bce_ou_unite_d_etablissement": null
            }
        },
        {
            "type": "Feature",
            "geometry": {
                "type": "Point",
                "coordinates": [
                    5.22596388465,
                    50.4806681775
                ]
            },
            "properties": {
                "denomination": "Biblioth\u00e8que locale communale de Marchin",
                "province": "Li\u00e8ge",
                "adresse": "Place de Belle-Maison 2",
                "cp": "4570",
                "ville": "Marchin",
                "courriel": "bibliotheque@marchin.be",
                "telephone": "085 27 04 21",
                "web": "https:\/\/bibliomarchinmodave.wordpress.com\/",
                "categorie": "biblioth\u00e8que locale",
                "thematiques_de_recherche": [
                    "Arts urbains"
                ],
                "commentaire": null,
                "fonds_specialises": [
                    "Arts de la rue et du cirque"
                ],
                "bce_ou_unite_d_etablissement": null
            }
        },
        {
            "type": "Feature",
            "geometry": {
                "type": "Point",
                "coordinates": [
                    3.49942935521,
                    50.5495564947
                ]
            },
            "properties": {
                "denomination": "Centre de Lecture publique d'Antoing \"Maubray\"",
                "province": "Hainaut",
                "adresse": "Rue des Sables 1",
                "cp": "7640",
                "ville": "Mauvray",
                "courriel": "biblioantoinginfo@gmail.com",
                "telephone": null,
                "web": "https:\/\/bibliothequeantoing.wordpress.com\/",
                "categorie": "implantation",
                "thematiques_de_recherche": null,
                "commentaire": "implantation du Centre de Lecture publique d'Antoing",
                "fonds_specialises": null,
                "bce_ou_unite_d_etablissement": null
            }
        },
        {
            "type": "Feature",
            "geometry": {
                "type": "Point",
                "coordinates": [
                    3.73359908794,
                    50.5496260358
                ]
            },
            "properties": {
                "denomination": "Biblioth\u00e8que Fontaine Claire de Beloeil",
                "province": "Hainaut",
                "adresse": "Rue du Ch\u00e2teau 27",
                "cp": "7970",
                "ville": "Beloeil",
                "courriel": "bibbeloeil@hotmail.fr",
                "telephone": "069 44 69 07",
                "web": "https:\/\/www.beloeil.be\/notre-bibliotheque\/207-horaires-et-contacts.html",
                "categorie": "implantation",
                "thematiques_de_recherche": [
                    "Colombophilie"
                ],
                "commentaire": "implantation de la Biblioth\u00e8que de Bas\u00e8cles\/Biblioth\u00e8ques de Beloeil",
                "fonds_specialises": [
                    "fonds Colombophilie"
                ],
                "bce_ou_unite_d_etablissement": null
            }
        },
        {
            "type": "Feature",
            "geometry": {
                "type": "Point",
                "coordinates": [
                    5.83903049736,
                    50.5809740391
                ]
            },
            "properties": {
                "denomination": "Biblioth\u00e8que d'Ensival",
                "province": "Li\u00e8ge",
                "adresse": "Grand Place 1",
                "cp": "4800",
                "ville": "Verviers",
                "courriel": "bibli.ensival@yahoo.fr",
                "telephone": "087 764 761",
                "web": "https:\/\/bibliotheque.verviers.be\/",
                "categorie": "implantation",
                "thematiques_de_recherche": null,
                "commentaire": "implantation de la Biblioth\u00e8que locale communale de Verviers",
                "fonds_specialises": null,
                "bce_ou_unite_d_etablissement": null
            }
        },
        {
            "type": "Feature",
            "geometry": {
                "type": "Point",
                "coordinates": [
                    4.32214481416,
                    50.597956838
                ]
            },
            "properties": {
                "denomination": "Biblioth\u00e8que publique locale de Nivelles",
                "province": "Brabant wallon",
                "adresse": "Place Albert 1er 1",
                "cp": "1400",
                "ville": "Nivelles",
                "courriel": "bibliotheque@bibliotheque-nivelles.be",
                "telephone": "067 89 26 30",
                "web": "https:\/\/www.facebook.com\/bibliotheque.nivelles\/",
                "categorie": "biblioth\u00e8que locale",
                "thematiques_de_recherche": [
                    "Livres interactifs ou aux formes particuli\u00e8res"
                ],
                "commentaire": null,
                "fonds_specialises": [
                    "Livres comme l'air (livres d'artiste)"
                ],
                "bce_ou_unite_d_etablissement": "446.101.020"
            }
        },
        {
            "type": "Feature",
            "geometry": {
                "type": "Point",
                "coordinates": [
                    3.27180379622,
                    50.6673251118
                ]
            },
            "properties": {
                "denomination": "Biblioth\u00e8que de N\u00e9chin",
                "province": "Hainaut",
                "adresse": "Rue Albert Ier 42",
                "cp": "7730",
                "ville": "N\u00e9chin",
                "courriel": "info@bibliotheque-estaimpuis.be",
                "telephone": "056 48 76 61",
                "web": "http:\/\/www.bibliotheque-estaimpuis.be\/",
                "categorie": "implantation",
                "thematiques_de_recherche": null,
                "commentaire": "implantation de la Biblioth\u00e8que d'Estaimpuis",
                "fonds_specialises": null,
                "bce_ou_unite_d_etablissement": null
            }
        },
        {
            "type": "Feature",
            "geometry": {
                "type": "Point",
                "coordinates": [
                    5.40629162848,
                    50.6968890824
                ]
            },
            "properties": {
                "denomination": "Biblioth\u00e8que communale Annie Delhez",
                "province": "Li\u00e8ge",
                "adresse": "Rue Vincent Bonnech\u00e8re 14",
                "cp": "4367",
                "ville": "Crisn\u00e9e",
                "courriel": "bibliotheque.crisnee@gmail.com",
                "telephone": "04 257 74 34",
                "web": "https:\/\/www.crisnee.be\/temps-libre\/bibliotheque",
                "categorie": "biblioth\u00e8que locale",
                "thematiques_de_recherche": null,
                "commentaire": null,
                "fonds_specialises": null,
                "bce_ou_unite_d_etablissement": null
            }
        },
        {
            "type": "Feature",
            "geometry": {
                "type": "Point",
                "coordinates": [
                    4.60783648718,
                    50.7219507492
                ]
            },
            "properties": {
                "denomination": "Biblioth\u00e8que de la Jeunesse et ludoth\u00e8que",
                "province": "Brabant wallon",
                "adresse": "Chauss\u00e9e de Bruxelles 63A",
                "cp": "1300",
                "ville": "Wavre",
                "courriel": "bibliojeunesse@wavre.be",
                "telephone": "010 22 67 38",
                "web": "https:\/\/www.bibwavre.be\/",
                "categorie": "implantation",
                "thematiques_de_recherche": null,
                "commentaire": "R\u00e9seau des Biblioth\u00e8ques de Wavre",
                "fonds_specialises": null,
                "bce_ou_unite_d_etablissement": null
            }
        },
        {
            "type": "Feature",
            "geometry": {
                "type": "Point",
                "coordinates": [
                    4.42712349049,
                    50.836909498
                ]
            },
            "properties": {
                "denomination": "Biblioth\u00e8que du Centre de Woluw\u00e9-St-Pierre",
                "province": "Bruxelles-Capitale",
                "adresse": "Avenue Charles Thielemans 93",
                "cp": "1150",
                "ville": "Woluwe-Saint-Pierre",
                "courriel": "bib.centre@woluwe1150.be",
                "telephone": "02 773 05 82",
                "web": "http:\/\/biblio.woluwe1150.be\/",
                "categorie": "biblioth\u00e8que locale",
                "thematiques_de_recherche": null,
                "commentaire": null,
                "fonds_specialises": null,
                "bce_ou_unite_d_etablissement": "207.366.994"
            }
        },
        {
            "type": "Feature",
            "geometry": {
                "type": "Point",
                "coordinates": [
                    5.07987181235,
                    50.6735717443
                ]
            },
            "properties": {
                "denomination": "R\u00e9seau public de lecture de la R\u00e9gion Hannutoise",
                "province": "Li\u00e8ge",
                "adresse": "Rue de Landen 23",
                "cp": "4280",
                "ville": "Hannut",
                "courriel": "bibliotheque@hannut.be",
                "telephone": "019 51 23 16",
                "web": "https:\/\/www.facebook.com\/bibliothequecommunale.hannut",
                "categorie": "biblioth\u00e8que locale",
                "thematiques_de_recherche": [
                    "Fonds d'histoire locale et r\u00e9gionale (Hannut), Fonds jeunesse-petite enfance, Fonds sur l'environnement, Fonds jeunesse-trouble DYS, Livres en multi-exemplaires\u00a0 (litt\u00e9rature scolaire), Fonds pour personnes mal-voyantes -Litt\u00e9rature en grands caract\u00e8res-livres audio, Bandes dessin\u00e9es, Litt\u00e9rature en langues \u00e9trang\u00e8res"
                ],
                "commentaire": null,
                "fonds_specialises": [
                    "fonds d'histoire locale et r\u00e9gionale (Hannut ), Fonds de livres pour les b\u00e9b\u00e9s (0-3 ans), Fonds D\u00e9veloppement durable (ODD), Fonds dyslexie, Fonds de livres en multi-exemplaires\u00a0 (litt\u00e9rature scolaire), Livres audio, Bandes dessin\u00e9es, Litt\u00e9rature en langues \u00e9trang\u00e8res"
                ],
                "bce_ou_unite_d_etablissement": null
            }
        },
        {
            "type": "Feature",
            "geometry": {
                "type": "Point",
                "coordinates": [
                    4.37692171649,
                    50.4624670506
                ]
            },
            "properties": {
                "denomination": "Biblioth\u00e8que locale communale de Courcelles",
                "province": "Hainaut",
                "adresse": "Rue Philippe Monnoyer 46",
                "cp": "6180",
                "ville": "Coucelles",
                "courriel": "bibliotheques@courcelles.be",
                "telephone": "071 46 38 60",
                "web": "http:\/\/bibliocourcelles.blogspot.com\/",
                "categorie": "biblioth\u00e8que locale",
                "thematiques_de_recherche": [
                    "Fonds d'histoire locale, Personne\/auteur"
                ],
                "commentaire": null,
                "fonds_specialises": [
                    "Fonds d'histoire locale (Courcelles), Fonds dialectal (wallon), Fonds carlier"
                ],
                "bce_ou_unite_d_etablissement": "2.162.745.553"
            }
        },
        {
            "type": "Feature",
            "geometry": {
                "type": "Point",
                "coordinates": [
                    4.47668906917,
                    50.6902457618
                ]
            },
            "properties": {
                "denomination": "Biblioth\u00e8que locale communale de Lasne",
                "province": "Brabant wallon",
                "adresse": "Route d'Ohain 9a",
                "cp": "1380",
                "ville": "Lasne",
                "courriel": "bibliotheque@lasne.be",
                "telephone": "02 633 39 39",
                "web": "https:\/\/www.facebook.com\/bibliolasne",
                "categorie": "biblioth\u00e8que locale",
                "thematiques_de_recherche": [
                    "Fonds r\u00e9gional, fonds jeunesse-trouble DYS, Bandes dessin\u00e9es, Fonds pour personnes mal-voyantes et lecture de confort  -Livres audio"
                ],
                "commentaire": null,
                "fonds_specialises": [
                    "Fonds  local et r\u00e9gional  (Lasne, Brabant wallon), Fonds dyslexie, Bandes dessin\u00e9es alternatives, livres audio"
                ],
                "bce_ou_unite_d_etablissement": null
            }
        },
        {
            "type": "Feature",
            "geometry": {
                "type": "Point",
                "coordinates": [
                    4.44883528464,
                    50.4128096341
                ]
            },
            "properties": {
                "denomination": "R\u00e9seau des Biblioth\u00e8ques de Charleroi",
                "province": "Hainaut",
                "adresse": "Boulevard Defontaine 35",
                "cp": "6000",
                "ville": "Charleroi",
                "courriel": "bibliotheque.arthurrimbaud@charleroi.be",
                "telephone": "071 31 58 89",
                "web": "https:\/\/bibliotheques.hainaut.be\/reseau-des-bibliotheques-de-charleroi",
                "categorie": "r\u00e9seau de biblioth\u00e8ques",
                "thematiques_de_recherche": [
                    "Alphab\u00e9tisation, DVD documentaires, Fonds jeunesse -jeunes adultes, ouvrages pour personnes mal-voyantes, Ouvrages p\u00e9dagogiques"
                ],
                "commentaire": null,
                "fonds_specialises": [
                    "Fonds pour  les apprenants en alphab\u00e9tisation, DVD documentaires, Jeunes adultes, Litt\u00e9rature en grands caract\u00e8res, P\u00e9dagogique"
                ],
                "bce_ou_unite_d_etablissement": null
            }
        },
        {
            "type": "Feature",
            "geometry": {
                "type": "Point",
                "coordinates": [
                    4.35167362722,
                    50.8584060665
                ]
            },
            "properties": {
                "denomination": "Centre de Litt\u00e9rature de Jeunesse de Bruxelles - CLJBXL)",
                "province": "Bruxelles-Capitale",
                "adresse": "Rue du Frontispice 8",
                "cp": "1000",
                "ville": "Bruxelles",
                "courriel": "cljbxl@brucity.education",
                "telephone": "02 428 74 48",
                "web": "https:\/\/biblio.brussels\/iguana\/www.main.cls?surl=accueil_CLJBxl",
                "categorie": "biblioth\u00e8que locale",
                "thematiques_de_recherche": [
                    "Fond Jeunesse - historique, Contes, \u00c9diteur, Livres interactifs ou aux formes particuli\u00e8res, Fonds jeunesse - belge, Fonds jeunesse - prix litt\u00e9raire belge, Arts du spectacle, Livres interactifs ou aux formes particuli\u00e8res"
                ],
                "commentaire": null,
                "fonds_specialises": [
                    "fonds de contes et l\u00e9gendes, Fonds de l\u2019\u00e9cole des loisirs, Fonds de livres d\u2019auteurs et d\u2019illustrateurs belges, Fonds d\u2019albums et de po\u00e9sies jeunesse, Fonds de livres des Prix litt\u00e9raires belges, Fonds de livres anim\u00e9s et pop-up, Kamishiba\u00ef et buta\u00ef, Biblioth\u00e9conomie- Fonds professionnel Jeunesse"
                ],
                "bce_ou_unite_d_etablissement": null
            }
        },
        {
            "type": "Feature",
            "geometry": {
                "type": "Point",
                "coordinates": [
                    5.34884623925,
                    50.2329603934
                ]
            },
            "properties": {
                "denomination": "Biblioth\u00e8que centrale de la Province de Luxembourg",
                "province": "Luxembourg",
                "adresse": "Chauss\u00e9e de l'Ourthe 74",
                "cp": "6900",
                "ville": "Marche-en-Famenne",
                "courriel": "bibliotheque.centrale@province.luxembourg.be",
                "telephone": "084 31 10 58",
                "web": "http:\/\/www.bibliotheques.province.luxembourg.be\/",
                "categorie": "op\u00e9rateur d'appui",
                "thematiques_de_recherche": [
                    "Fonds d'histoire locale et r\u00e9gionale"
                ],
                "commentaire": null,
                "fonds_specialises": [
                    "Centre de documentation r\u00e9gionale - Fonds Luxemburgensia"
                ],
                "bce_ou_unite_d_etablissement": "2.161.537.706"
            }
        },
        {
            "type": "Feature",
            "geometry": {
                "type": "Point",
                "coordinates": [
                    4.74856850701,
                    50.3167538731
                ]
            },
            "properties": {
                "denomination": "Biblioth\u00e8que de Den\u00e9e",
                "province": "Namur",
                "adresse": "Place Fr\u00e9d\u00e9ric de Montpellier 11",
                "cp": "5537",
                "ville": "Anh\u00e9\u00e9",
                "courriel": "biblio.anhee@skynet.be",
                "telephone": "071 70 26 60",
                "web": "http:\/\/www.anhee.be\/detentes-et-loisirs\/culture-et-loisirs\/Lecture%20publique\/bibliotheques-anhee-et-denee\/horaires%20et%20contacts",
                "categorie": "implantation",
                "thematiques_de_recherche": null,
                "commentaire": "implantation de la Biblioth\u00e8que communale de Anh\u00e9e",
                "fonds_specialises": null,
                "bce_ou_unite_d_etablissement": null
            }
        },
        {
            "type": "Feature",
            "geometry": {
                "type": "Point",
                "coordinates": [
                    4.28886434444,
                    50.4024100428
                ]
            },
            "properties": {
                "denomination": "Biblioth\u00e8que d\u00e9p\u00f4t de Polvez d'Anderlues",
                "province": "Hainaut",
                "adresse": "Rue des Pavillons 7",
                "cp": "6150",
                "ville": "Anderlues",
                "courriel": "bibliotheque@anderlues.be",
                "telephone": null,
                "web": "http:\/\/www.bibliothequeanderlues.be\/",
                "categorie": "implantation",
                "thematiques_de_recherche": null,
                "commentaire": "implantation de la Biblioth\u00e8que Communale Locale Balzac",
                "fonds_specialises": null,
                "bce_ou_unite_d_etablissement": null
            }
        },
        {
            "type": "Feature",
            "geometry": {
                "type": "Point",
                "coordinates": [
                    4.33166890469,
                    50.4661933634
                ]
            },
            "properties": {
                "denomination": "Biblioth\u00e8que de Trazegnies",
                "province": "Hainaut",
                "adresse": "Place Larsimont",
                "cp": "6183",
                "ville": "Trazegnies",
                "courriel": "bibliotheques@courcelles.be",
                "telephone": "071 46 68 56",
                "web": "http:\/\/bibliocourcelles.blogspot.com\/",
                "categorie": "implantation",
                "thematiques_de_recherche": null,
                "commentaire": "implantation de la Biblioth\u00e8que locale communale de Courcelles",
                "fonds_specialises": null,
                "bce_ou_unite_d_etablissement": null
            }
        },
        {
            "type": "Feature",
            "geometry": {
                "type": "Point",
                "coordinates": [
                    3.94883492274,
                    50.448037342
                ]
            },
            "properties": {
                "denomination": "Biblioth\u00e8que Notre-Dame de Messines",
                "province": "Hainaut",
                "adresse": "Rue de Bertaimont 35 bis",
                "cp": "7000",
                "ville": "Mons",
                "courriel": "biblio.jemappes@ville.mons.be",
                "telephone": "065 35 27 35",
                "web": "https:\/\/www.mons.be\/annuaire\/administration-communale\/bibliotheques\/bibliotheque-notre-dame-de-messines",
                "categorie": "biblioth\u00e8que locale",
                "thematiques_de_recherche": null,
                "commentaire": "biblioth\u00e8que du R\u00e9seau local montois-CCJ",
                "fonds_specialises": null,
                "bce_ou_unite_d_etablissement": null
            }
        },
        {
            "type": "Feature",
            "geometry": {
                "type": "Point",
                "coordinates": [
                    5.85487288942,
                    50.6084490375
                ]
            },
            "properties": {
                "denomination": "Biblioth\u00e8que locale communale de Dison",
                "province": "Li\u00e8ge",
                "adresse": "Rue des Ecoles 2",
                "cp": "4820",
                "ville": "Dison",
                "courriel": "biblio.loc.dison@skynet.be",
                "telephone": "087 33 45 09",
                "web": "https:\/\/www.bibliotheques.dison.be\/",
                "categorie": "biblioth\u00e8que locale",
                "thematiques_de_recherche": null,
                "commentaire": null,
                "fonds_specialises": null,
                "bce_ou_unite_d_etablissement": "2.161.153.070"
            }
        },
        {
            "type": "Feature",
            "geometry": {
                "type": "Point",
                "coordinates": [
                    5.36211245663,
                    50.5593021631
                ]
            },
            "properties": {
                "denomination": "Biblioth\u00e8que de Hermalle-sous-Huy",
                "province": "Li\u00e8ge",
                "adresse": "Rue du Pont 7",
                "cp": "4480",
                "ville": "Hermalle-sous-Huy",
                "courriel": null,
                "telephone": "085 82 47 69",
                "web": "https:\/\/www.facebook.com\/biblioengis\/",
                "categorie": "implantation",
                "thematiques_de_recherche": null,
                "commentaire": "implantation du R\u00e9seau local de la Lecture publique d'Engis",
                "fonds_specialises": null,
                "bce_ou_unite_d_etablissement": null
            }
        },
        {
            "type": "Feature",
            "geometry": {
                "type": "Point",
                "coordinates": [
                    4.03882190178,
                    50.6104861911
                ]
            },
            "properties": {
                "denomination": "Biblioth\u00e8que communale de Horrues",
                "province": "Hainaut",
                "adresse": "Chemin \u00e0 Rocs 15",
                "cp": "7060",
                "ville": "Horrues",
                "courriel": "bibliotheque@soignies.be",
                "telephone": "067 33 30 22",
                "web": "https:\/\/bibliothequelaregence.wordpress.com\/",
                "categorie": "implantation",
                "thematiques_de_recherche": null,
                "commentaire": "Biblioth\u00e8que du R\u00e9seau des biblioth\u00e8ques de la Ville de Soignies-Concorde asbl",
                "fonds_specialises": null,
                "bce_ou_unite_d_etablissement": null
            }
        },
        {
            "type": "Feature",
            "geometry": {
                "type": "Point",
                "coordinates": [
                    5.67699720484,
                    50.6136814025
                ]
            },
            "properties": {
                "denomination": "Biblioth\u00e8que locale communale de Fl\u00e9ron",
                "province": "Li\u00e8ge",
                "adresse": "Rue de Roms\u00e9e 18",
                "cp": "4620",
                "ville": "Fl\u00e9ron",
                "courriel": "bibliotheque@fleron.be",
                "telephone": "04 355 91 83",
                "web": "https:\/\/bibliotheque.fleron.be\/",
                "categorie": "biblioth\u00e8que locale",
                "thematiques_de_recherche": null,
                "commentaire": null,
                "fonds_specialises": null,
                "bce_ou_unite_d_etablissement": "2.161.946.490"
            }
        },
        {
            "type": "Feature",
            "geometry": {
                "type": "Point",
                "coordinates": [
                    5.25344397069,
                    50.6978751302
                ]
            },
            "properties": {
                "denomination": "R\u00e9seau de lecture publique de Hesbaye - Biblioth\u00e8que Pierre Perret",
                "province": "Li\u00e8ge",
                "adresse": "Rue du R\u00e8we 13",
                "cp": "4300",
                "ville": "Waremme",
                "courriel": "bibliotheque.pierreperret@waremmeculture.be",
                "telephone": "019 32 29 29",
                "web": "https:\/\/waremmeculture.be\/Bibliotheque\/?page_id=175",
                "categorie": "biblioth\u00e8que locale",
                "thematiques_de_recherche": [
                    "Fonds d'histoire locale et r\u00e9gionale, Fonds pour personnes mal-voyantes -Litt\u00e9rature en grands caract\u00e8res, Fonds r\u00e9gional-cartes postales"
                ],
                "commentaire": null,
                "fonds_specialises": [
                    "Fonds d'histoire locale et r\u00e9gionale (Waremme ), Litt\u00e9rature en grands caract\u00e8res, Cartes postales (Waremme et sa r\u00e9gion)"
                ],
                "bce_ou_unite_d_etablissement": null
            }
        },
        {
            "type": "Feature",
            "geometry": {
                "type": "Point",
                "coordinates": [
                    5.68490455544,
                    50.7375917851
                ]
            },
            "properties": {
                "denomination": "Biblioth\u00e8que Notre-Dame de Devant-le-Pont",
                "province": "Li\u00e8ge",
                "adresse": "Avenue Franklin Roosevelt 39",
                "cp": "4600",
                "ville": "Vis\u00e9",
                "courriel": null,
                "telephone": null,
                "web": "https:\/\/www.facebook.com\/bibliothequesdevise\/",
                "categorie": "implantation",
                "thematiques_de_recherche": null,
                "commentaire": "implantation du R\u00e9seau vis\u00e9tois de la Lecture publique",
                "fonds_specialises": null,
                "bce_ou_unite_d_etablissement": null
            }
        },
        {
            "type": "Feature",
            "geometry": {
                "type": "Point",
                "coordinates": [
                    4.41691638357,
                    50.8257434825
                ]
            },
            "properties": {
                "denomination": "Biblioth\u00e8que filiale du Chant d'Oiseau",
                "province": "Bruxelles-Capitale",
                "adresse": "Avenue du Chant d'Oiseau 40",
                "cp": "1150",
                "ville": "Woluwe-Saint-Pierre",
                "courriel": "bib.cho@woluwe1150.irisnet.be",
                "telephone": "02 773 06 70",
                "web": "http:\/\/biblio.woluwe1150.be\/",
                "categorie": "implantation",
                "thematiques_de_recherche": null,
                "commentaire": "Implantation de la Biblioth\u00e8que publique communale francophone de Woluw\u00e9-St-Pierre",
                "fonds_specialises": null,
                "bce_ou_unite_d_etablissement": "207.366.994"
            }
        },
        {
            "type": "Feature",
            "geometry": {
                "type": "Point",
                "coordinates": [
                    4.32785871769,
                    50.8805776346
                ]
            },
            "properties": {
                "denomination": "Biblioth\u00e8que locale communale de Jette",
                "province": "Bruxelles-Capitale",
                "adresse": "Place Cardinal Mercier 10",
                "cp": "1090",
                "ville": "Jette",
                "courriel": "bibliojette@jette.irisnet.be",
                "telephone": "02 426 05 05",
                "web": "http:\/\/www.jette.irisnet.be\/fr\/loisirs\/culture\/bibliotheques",
                "categorie": "biblioth\u00e8que locale",
                "thematiques_de_recherche": [
                    "Ouvrages p\u00e9dagogiques"
                ],
                "commentaire": null,
                "fonds_specialises": [
                    "Ouvrages p\u00e9dagogiques - Manuels scolaires-fonds p\u00e9dagogique \u00e0 destination des profs et \u00e9tudiants d'\u00e9cole normale"
                ],
                "bce_ou_unite_d_etablissement": "2.161.235.323"
            }
        },
        {
            "type": "Feature",
            "geometry": {
                "type": "Point",
                "coordinates": [
                    5.13366162102,
                    49.9033940408
                ]
            },
            "properties": {
                "denomination": "Biblioth\u00e8que communale de Paliseul",
                "province": "Luxembourg",
                "adresse": "Espace Francken - Rue de la Station 1",
                "cp": "6850",
                "ville": "Paliseul",
                "courriel": "bibliotheque@paliseul.be",
                "telephone": "061 26 00 74",
                "web": "https:\/\/www.paliseul.be\/culture-et-loisirs\/bibliotheque\/la-bibliotheque-et-la-ludotheque-1",
                "categorie": "biblioth\u00e8que locale",
                "thematiques_de_recherche": [
                    "Fonds d'histoire locale et  r\u00e9gionale, \u00c9galit\u00e9 des genres\/F\u00e9minisme, Ouvrages p\u00e9dagogiques"
                ],
                "commentaire": null,
                "fonds_specialises": [
                    "Fonds d'histoire  locale et r\u00e9gionale (Paliseul), Debout les femmes, P\u00e9dagogie et parentalit\u00e9"
                ],
                "bce_ou_unite_d_etablissement": null
            }
        },
        {
            "type": "Feature",
            "geometry": {
                "type": "Point",
                "coordinates": [
                    5.34884623925,
                    50.2329603934
                ]
            },
            "properties": {
                "denomination": "Biblioth\u00e8que itin\u00e9rante de la Province de Luxembourg",
                "province": "Luxembourg",
                "adresse": "Chauss\u00e9e de l'Ourthe 74",
                "cp": "6900",
                "ville": "Marche-en-Famenne",
                "courriel": "bibliobus@province.luxembourg.be",
                "telephone": "084 84 05 15",
                "web": "http:\/\/www.bibliotheques.province.luxembourg.be\/iguana\/www.main.cls?surl=Bibliobus",
                "categorie": "biblioth\u00e8que itin\u00e9rante",
                "thematiques_de_recherche": null,
                "commentaire": null,
                "fonds_specialises": null,
                "bce_ou_unite_d_etablissement": null
            }
        },
        {
            "type": "Feature",
            "geometry": {
                "type": "Point",
                "coordinates": [
                    5.91520761376,
                    50.2840641579
                ]
            },
            "properties": {
                "denomination": "Biblioth\u00e8que publique de Vielsalm",
                "province": "Luxembourg",
                "adresse": "Rue de l'H\u00f4tel de Ville 9",
                "cp": "6690",
                "ville": "Vielsalm",
                "courriel": "bibliothequevielsalm@yahoo.fr",
                "telephone": "080 21 70 45",
                "web": "https:\/\/www.bibliotheque-vielsalm.be\/",
                "categorie": "biblioth\u00e8que locale",
                "thematiques_de_recherche": [
                    "Fonds jeunesse -sorci\u00e8re"
                ],
                "commentaire": null,
                "fonds_specialises": [
                    "Fonds jeunesse sur le th\u00e8me des sorci\u00e8res (Le grenier emmacrall\u00e9)"
                ],
                "bce_ou_unite_d_etablissement": "2.198.283.581"
            }
        },
        {
            "type": "Feature",
            "geometry": {
                "type": "Point",
                "coordinates": [
                    4.12770777189,
                    50.3110596767
                ]
            },
            "properties": {
                "denomination": "Biblioth\u00e8que locale communale d'Erquelinnes",
                "province": "Hainaut",
                "adresse": "Rue Notre-Dame 59",
                "cp": "6560",
                "ville": "Erquelinnes",
                "courriel": "bibliotheque@erquelinnes.be",
                "telephone": "071 55 92 97",
                "web": "https:\/\/bibliotheque.erquelinnes.be\/",
                "categorie": "biblioth\u00e8que locale",
                "thematiques_de_recherche": [
                    "Fonds d'histoire locale et r\u00e9gionale"
                ],
                "commentaire": null,
                "fonds_specialises": [
                    "Fonds d'histoire locale et r\u00e9gionale (Erquelinnes)"
                ],
                "bce_ou_unite_d_etablissement": null
            }
        },
        {
            "type": "Feature",
            "geometry": {
                "type": "Point",
                "coordinates": [
                    4.349314323,
                    50.3766381883
                ]
            },
            "properties": {
                "denomination": "Biblioth\u00e8que communale \"Thomas Peeters\" de Landelies",
                "province": "Hainaut",
                "adresse": "Rue de Coulsore",
                "cp": "6111",
                "ville": "Landelies",
                "courriel": "bibliotheque@montigny-le-tilleul.be",
                "telephone": "071 51 12 31",
                "web": "https:\/\/www.montigny-le-tilleul.be\/loisirs\/culture\/bibliotheque\/lenvol-des-mots",
                "categorie": "implantation",
                "thematiques_de_recherche": null,
                "commentaire": "implantation de la Biblioth\u00e8que communale \"L'envol des mots\" de Montigny-le-Tilleul",
                "fonds_specialises": null,
                "bce_ou_unite_d_etablissement": null
            }
        },
        {
            "type": "Feature",
            "geometry": {
                "type": "Point",
                "coordinates": [
                    4.8701183367,
                    50.4658385878
                ]
            },
            "properties": {
                "denomination": "Centre de ressources historiques namuroises - CeRHIN",
                "province": "Namur",
                "adresse": "Rue de l'Etoile 7",
                "cp": "5000",
                "ville": "Namur",
                "courriel": "cerhin@ville.namur.be",
                "telephone": "081 24 72 10",
                "web": "https:\/\/www.namur.be\/fr\/loisirs\/culture\/lectures\/bibliotheques\/bibliotheques-du-reseau\/cerhin",
                "categorie": "biblioth\u00e8que locale",
                "thematiques_de_recherche": [
                    "Fonds d'histoire locale et r\u00e9gionale"
                ],
                "commentaire": "biblioth\u00e8que du R\u00e9seau Namurois de Lecture publique",
                "fonds_specialises": [
                    "Fonds d'histoire locale et r\u00e9gionale (Namur et sa r\u00e9gion) et Fonds patrimoniaux"
                ],
                "bce_ou_unite_d_etablissement": null
            }
        },
        {
            "type": "Feature",
            "geometry": {
                "type": "Point",
                "coordinates": [
                    5.67609428372,
                    50.4729014933
                ]
            },
            "properties": {
                "denomination": "Biblioth\u00e8que locale communale d'Ourthe-Ambl\u00e8ve (Aywaille)",
                "province": "Li\u00e8ge",
                "adresse": "Rue Nicolas Lambercy 7",
                "cp": "4920",
                "ville": "Aywaille",
                "courriel": "bibliotheque@aywaille.be",
                "telephone": "04 384 78 82",
                "web": "https:\/\/bibliotheque.aywaille.be\/",
                "categorie": "biblioth\u00e8que locale",
                "thematiques_de_recherche": null,
                "commentaire": null,
                "fonds_specialises": null,
                "bce_ou_unite_d_etablissement": "2.159.501.003"
            }
        },
        {
            "type": "Feature",
            "geometry": {
                "type": "Point",
                "coordinates": [
                    4.32848985169,
                    50.4861371649
                ]
            },
            "properties": {
                "denomination": "Biblioth\u00e8que de Gouy-lez-Pieton",
                "province": "Hainaut",
                "adresse": "Place Communale 1",
                "cp": "6181",
                "ville": "Gouy-lez-Pi\u00e9ton",
                "courriel": "bibliotheques@courcelles.be",
                "telephone": "071 46 69 54",
                "web": "http:\/\/bibliocourcelles.blogspot.com\/",
                "categorie": "implantation",
                "thematiques_de_recherche": null,
                "commentaire": "implantation de la Biblioth\u00e8que locale communale de Courcelles",
                "fonds_specialises": null,
                "bce_ou_unite_d_etablissement": "2.162.766.339"
            }
        },
        {
            "type": "Feature",
            "geometry": {
                "type": "Point",
                "coordinates": [
                    3.43847848424,
                    50.577399826
                ]
            },
            "properties": {
                "denomination": "Centre de Lecture publique d'Antoing \"Calonne\"",
                "province": "Hainaut",
                "adresse": "Rue Albert Ier 14",
                "cp": "7642",
                "ville": "Calonne",
                "courriel": "biblioantoinginfo@gmail.com",
                "telephone": null,
                "web": "https:\/\/bibliothequeantoing.wordpress.com\/",
                "categorie": "implantation",
                "thematiques_de_recherche": null,
                "commentaire": "implantation du Centre de Lecture publique d'Antoing",
                "fonds_specialises": null,
                "bce_ou_unite_d_etablissement": null
            }
        },
        {
            "type": "Feature",
            "geometry": {
                "type": "Point",
                "coordinates": [
                    5.52308124352,
                    50.6594118431
                ]
            },
            "properties": {
                "denomination": "Biblioth\u00e8que Paul Biron",
                "province": "Li\u00e8ge",
                "adresse": "Rue de l'Yser 200",
                "cp": "4430",
                "ville": "Ans",
                "courriel": "bibliotheque.ans@ans-commune.be",
                "telephone": "04 247 73 90",
                "web": "https:\/\/www.ans-commune.be\/loisirs\/culture\/bibliotheques",
                "categorie": "implantation",
                "thematiques_de_recherche": null,
                "commentaire": "Implantation de la Biblioth\u00e8que locale communale d'Ans",
                "fonds_specialises": null,
                "bce_ou_unite_d_etablissement": "2.161.162.869"
            }
        },
        {
            "type": "Feature",
            "geometry": {
                "type": "Point",
                "coordinates": [
                    4.34766372393,
                    50.6654889714
                ]
            },
            "properties": {
                "denomination": "Biblioth\u00e8que communale \"Plume Libre\" d'Ophain",
                "province": "Brabant wallon",
                "adresse": "Rue des Combattants 3",
                "cp": "1421",
                "ville": "Ophain",
                "courriel": "bibliotheque@braine-lalleud.be",
                "telephone": "02 385 25 21",
                "web": "https:\/\/bibliotheque.braine-lalleud.be\/",
                "categorie": "implantation",
                "thematiques_de_recherche": null,
                "commentaire": "implantation de la Biblioth\u00e8que locale communale de Braine-l'Alleud",
                "fonds_specialises": null,
                "bce_ou_unite_d_etablissement": null
            }
        },
        {
            "type": "Feature",
            "geometry": {
                "type": "Point",
                "coordinates": [
                    5.02873838752,
                    50.739710773
                ]
            },
            "properties": {
                "denomination": "Biblioth\u00e8que de Racour",
                "province": "Li\u00e8ge",
                "adresse": "Rue de Landen 31",
                "cp": "4287",
                "ville": "Racour",
                "courriel": "bibliotheque@hannut.be",
                "telephone": "019 656 125",
                "web": "https:\/\/www.pelincour.be\/bibliotheque",
                "categorie": "implantation",
                "thematiques_de_recherche": null,
                "commentaire": "implantation du R\u00e9seau public de lecture de la R\u00e9gion Hannutoise",
                "fonds_specialises": null,
                "bce_ou_unite_d_etablissement": null
            }
        },
        {
            "type": "Feature",
            "geometry": {
                "type": "Point",
                "coordinates": [
                    4.42732258086,
                    50.8172211437
                ]
            },
            "properties": {
                "denomination": "R\u00e9seau des Biblioth\u00e8ques et Ludoth\u00e8ques communales francophones",
                "province": "Bruxelles-Capitale",
                "adresse": "Boulevard du Souverain 187",
                "cp": "1160",
                "ville": "Auderghem",
                "courriel": "bibliotheque@auderghem.brussels",
                "telephone": "02 676 49 50",
                "web": "www.facebook.com\/bibliothequesludothequeauderghem",
                "categorie": "biblioth\u00e8que locale",
                "thematiques_de_recherche": null,
                "commentaire": null,
                "fonds_specialises": null,
                "bce_ou_unite_d_etablissement": null
            }
        },
        {
            "type": "Feature",
            "geometry": {
                "type": "Point",
                "coordinates": [
                    4.30701174721,
                    50.8370374208
                ]
            },
            "properties": {
                "denomination": "Biblioth\u00e8que de l'Espace Maurice Car\u00eame d'Anderlecht",
                "province": "Bruxelles-Capitale",
                "adresse": "Rue du Chapelain 1-7",
                "cp": "1070",
                "ville": "Anderlecht",
                "courriel": "emca@anderlecht.brussels",
                "telephone": "02 526 83 30",
                "web": "https:\/\/www.emca.be\/",
                "categorie": "biblioth\u00e8que locale",
                "thematiques_de_recherche": null,
                "commentaire": null,
                "fonds_specialises": null,
                "bce_ou_unite_d_etablissement": "2.160.297.886"
            }
        },
        {
            "type": "Feature",
            "geometry": {
                "type": "Point",
                "coordinates": [
                    5.51460164568,
                    50.235930622
                ]
            },
            "properties": {
                "denomination": "Biblioth\u00e8que \"Lire au Fil de l'Ourthe\"",
                "province": "Luxembourg",
                "adresse": "Rue de Bardonwez 2",
                "cp": "6987",
                "ville": "Rendeux",
                "courriel": "info@ourthe-documentation.be",
                "telephone": "084 37 86 41",
                "web": "https:\/\/www.rendeux.be\/loisirs\/culture\/bibliotheques\/ASBL%20lire%20au%20fil%20de%20l%20Ourthe",
                "categorie": "biblioth\u00e8que locale",
                "thematiques_de_recherche": [
                    "Fonds r\u00e9gional, Fonds dialectal"
                ],
                "commentaire": null,
                "fonds_specialises": [
                    "Fond r\u00e9gional (Ourthe, Famenne-Ardenne, communes La Roche, Rendeux, Hotton, Durbuy), Litt\u00e9rature Wallonne"
                ],
                "bce_ou_unite_d_etablissement": "548.957.444"
            }
        },
        {
            "type": "Feature",
            "geometry": {
                "type": "Point",
                "coordinates": [
                    4.44533935556,
                    50.3244152085
                ]
            },
            "properties": {
                "denomination": "Biblioth\u00e8que locale-pivot de Nalinnes-Centre",
                "province": "Hainaut",
                "adresse": "Place du Centre 14",
                "cp": "6120",
                "ville": "Nalinnes",
                "courriel": "biblionalinnescentre@yahoo.fr",
                "telephone": "071 21 88 41",
                "web": "https:\/\/www.ham-sur-heure-nalinnes.be\/la-commune\/la-culture\/reseau-communal-de-lecture-publique",
                "categorie": "biblioth\u00e8que locale",
                "thematiques_de_recherche": null,
                "commentaire": null,
                "fonds_specialises": null,
                "bce_ou_unite_d_etablissement": "2.160.252.653"
            }
        },
        {
            "type": "Feature",
            "geometry": {
                "type": "Point",
                "coordinates": [
                    5.58410736921,
                    49.5799287518
                ]
            },
            "properties": {
                "denomination": "Biblioth\u00e8que communale de Ethe",
                "province": "Luxembourg",
                "adresse": "Rue Docteur Hustin 67a",
                "cp": "6760",
                "ville": "Ethe",
                "courriel": "bibliotheque.locale.virton@province.luxembourg.be",
                "telephone": "063 22 78 94",
                "web": null,
                "categorie": "implantation",
                "thematiques_de_recherche": null,
                "commentaire": "implantation de la Biblioth\u00e8que communale de Virton - Biblionef",
                "fonds_specialises": null,
                "bce_ou_unite_d_etablissement": null
            }
        },
        {
            "type": "Feature",
            "geometry": {
                "type": "Point",
                "coordinates": [
                    5.49734401342,
                    49.6661477677
                ]
            },
            "properties": {
                "denomination": "Biblioth\u00e8que communale de Bellefontaine",
                "province": "Luxembourg",
                "adresse": "Rue Jean-Charles Hugo 77",
                "cp": "6730",
                "ville": "Tintigny",
                "courriel": "bibliotheque.locale.bellefontaine@province.luxembourg.be",
                "telephone": "063 44 49 25",
                "web": "http:\/\/www.bibliotheques.province.luxembourg.be\/iguana\/www.main.cls?p=*&v=77a21ab3-7b84-45f2-abaf-1755e49f86b1",
                "categorie": "biblioth\u00e8que locale",
                "thematiques_de_recherche": null,
                "commentaire": null,
                "fonds_specialises": null,
                "bce_ou_unite_d_etablissement": null
            }
        },
        {
            "type": "Feature",
            "geometry": {
                "type": "Point",
                "coordinates": [
                    3.79407976849,
                    50.4330129113
                ]
            },
            "properties": {
                "denomination": "Biblioth\u00e8que communale de Boussu",
                "province": "Hainaut",
                "adresse": "Rue L\u00e9on Figue 19",
                "cp": "7300",
                "ville": "Boussu",
                "courriel": "bibliotheque@boussu.be",
                "telephone": "065 78 39 47",
                "web": "http:\/\/www.boussu.be\/vie-pratique\/bibliothequecommunale",
                "categorie": "biblioth\u00e8que locale",
                "thematiques_de_recherche": [
                    "Fonds d'histoire locale et r\u00e9gionale, Fonds pour personnes mal-voyantes -Litt\u00e9rature en grands caract\u00e8res"
                ],
                "commentaire": null,
                "fonds_specialises": [
                    "Fonds d'histoire  locale et r\u00e9gionale\u00a0 (Boussu), Litt\u00e9rature en grands caract\u00e8res"
                ],
                "bce_ou_unite_d_etablissement": "2.161.757.737"
            }
        },
        {
            "type": "Feature",
            "geometry": {
                "type": "Point",
                "coordinates": [
                    4.58691035496,
                    50.4704634261
                ]
            },
            "properties": {
                "denomination": "Biblioth\u00e8que de Wanferc\u00e9e-Baulet",
                "province": "Hainaut",
                "adresse": "Place Andr\u00e9 Renard 1",
                "cp": "6224",
                "ville": "Wanferc\u00e9e-Baulet",
                "courriel": "labonnesource@live.be",
                "telephone": "071 82 04 98",
                "web": "http:\/\/www.bonnesource.be\/",
                "categorie": "implantation",
                "thematiques_de_recherche": null,
                "commentaire": "implantation de la Biblioth\u00e8que locale de Fleurus \"la bonne source\" asbl",
                "fonds_specialises": null,
                "bce_ou_unite_d_etablissement": null
            }
        },
        {
            "type": "Feature",
            "geometry": {
                "type": "Point",
                "coordinates": [
                    4.44701820835,
                    50.6107179434
                ]
            },
            "properties": {
                "denomination": "Biblioth\u00e8que locale communale de Genappe",
                "province": "Brabant wallon",
                "adresse": "Espace 2000 16",
                "cp": "1470",
                "ville": "Genappe",
                "courriel": "bibliotheque@genappe.be",
                "telephone": "067 79 42 91",
                "web": "https:\/\/www.genappe.be\/loisirs-et-culture\/bibliotheques\/communale",
                "categorie": "biblioth\u00e8que locale",
                "thematiques_de_recherche": null,
                "commentaire": null,
                "fonds_specialises": null,
                "bce_ou_unite_d_etablissement": "2.159.808.928"
            }
        },
        {
            "type": "Feature",
            "geometry": {
                "type": "Point",
                "coordinates": [
                    5.88298700332,
                    50.6141529818
                ]
            },
            "properties": {
                "denomination": "Biblioth\u00e8que D\u00e9p\u00f4t du Centre",
                "province": "Li\u00e8ge",
                "adresse": "Avenue du Centre 269",
                "cp": "4821",
                "ville": "Andrimont",
                "courriel": "biblio.centre@skynet.be",
                "telephone": "087 35 45 80",
                "web": "https:\/\/www.bibliotheques.dison.be\/",
                "categorie": "implantation",
                "thematiques_de_recherche": null,
                "commentaire": "implantation de la Biblioth\u00e8que locale communale de Dison",
                "fonds_specialises": null,
                "bce_ou_unite_d_etablissement": "2.161.155.050"
            }
        },
        {
            "type": "Feature",
            "geometry": {
                "type": "Point",
                "coordinates": [
                    5.61750242732,
                    50.6772909804
                ]
            },
            "properties": {
                "denomination": "Biblioth\u00e8que Les Monts",
                "province": "Li\u00e8ge",
                "adresse": "Avenue Louis de Brouck\u00e8re 18 Bte 1-2",
                "cp": "4040",
                "ville": "Herstal",
                "courriel": "bibliotheques@herstal.be",
                "telephone": "04 264 91 84",
                "web": "https:\/\/www.facebook.com\/BibliothequesdeHerstal\/",
                "categorie": "biblioth\u00e8que locale",
                "thematiques_de_recherche": null,
                "commentaire": "R\u00e9seau des Biblioth\u00e8ques publiques de Herstal",
                "fonds_specialises": null,
                "bce_ou_unite_d_etablissement": "2.169.169.527"
            }
        },
        {
            "type": "Feature",
            "geometry": {
                "type": "Point",
                "coordinates": [
                    5.72577836547,
                    49.5920188342
                ]
            },
            "properties": {
                "denomination": "D\u00e9p\u00f4t de Rachecourt",
                "province": "Luxembourg",
                "adresse": "La Strale 262",
                "cp": "6792",
                "ville": "Rachecourt",
                "courriel": "rachecourtbibliotheque@gmail.com",
                "telephone": "063 22 96 50",
                "web": "http:\/\/ebib.aubange.be\/",
                "categorie": "implantation",
                "thematiques_de_recherche": null,
                "commentaire": "implantation de la Biblioth\u00e8que locale Hubert Juin",
                "fonds_specialises": null,
                "bce_ou_unite_d_etablissement": null
            }
        },
        {
            "type": "Feature",
            "geometry": {
                "type": "Point",
                "coordinates": [
                    4.44237296063,
                    50.3431425608
                ]
            },
            "properties": {
                "denomination": "Biblioth\u00e8que de Nalinnes-Haies",
                "province": "Hainaut",
                "adresse": "Rue des Haies 8",
                "cp": "6120",
                "ville": "Ham-sur-Heure",
                "courriel": "biblionalhaies@skynet.be",
                "telephone": "071 22 02 40",
                "web": "https:\/\/www.bibliotheque-nalinnes-haies.be\/",
                "categorie": "implantation",
                "thematiques_de_recherche": null,
                "commentaire": "implantation de la Biblioth\u00e8que locale-pivot de Nalinnes-Centre",
                "fonds_specialises": null,
                "bce_ou_unite_d_etablissement": null
            }
        },
        {
            "type": "Feature",
            "geometry": {
                "type": "Point",
                "coordinates": [
                    4.09999024997,
                    50.5539654214
                ]
            },
            "properties": {
                "denomination": "Biblioth\u00e8que communale de Naast",
                "province": "Hainaut",
                "adresse": "Rue de la Place 21",
                "cp": "7062",
                "ville": "Naast",
                "courriel": "bibliotheque@soignies.be",
                "telephone": "067 33 19 71",
                "web": "https:\/\/bibliothequelaregence.wordpress.com\/",
                "categorie": "implantation",
                "thematiques_de_recherche": null,
                "commentaire": "Biblioth\u00e8que du R\u00e9seau des biblioth\u00e8ques de la Ville de Soignies-Concorde asbl",
                "fonds_specialises": null,
                "bce_ou_unite_d_etablissement": null
            }
        },
        {
            "type": "Feature",
            "geometry": {
                "type": "Point",
                "coordinates": [
                    4.35363978304,
                    50.8538320691
                ]
            },
            "properties": {
                "denomination": "Biblioth\u00e8que Charles Janssen",
                "province": "Bruxelles-Capitale",
                "adresse": "Boulevard Emile Jacqmain 62",
                "cp": "1000",
                "ville": "Bruxelles",
                "courriel": "charles.janssen@brucity.education",
                "telephone": "02 219 14 07",
                "web": "https:\/\/biblio.brussels\/iguana\/www.main.cls?surl=bruxelles_bibliotheque_charles_janssen",
                "categorie": "biblioth\u00e8que locale",
                "thematiques_de_recherche": null,
                "commentaire": null,
                "fonds_specialises": null,
                "bce_ou_unite_d_etablissement": "2.160.353.613"
            }
        },
        {
            "type": "Feature",
            "geometry": {
                "type": "Point",
                "coordinates": [
                    4.33749389838,
                    50.8471772651
                ]
            },
            "properties": {
                "denomination": "Biblioth\u00e8que des M\u00e9tiers d'Art et des Techniques (BIMA)",
                "province": "Bruxelles-Capitale",
                "adresse": "Boulevard de l'Abattoir 50",
                "cp": "1000",
                "ville": "Bruxelles",
                "courriel": "bima@brucity.education",
                "telephone": "02 279 52 80",
                "web": "https:\/\/biblio.brussels\/iguana\/www.main.cls?surl=bruxelles_metiers_art_technique",
                "categorie": "biblioth\u00e8que locale",
                "thematiques_de_recherche": [
                    "Sciences et techniques"
                ],
                "commentaire": null,
                "fonds_specialises": [
                    "Fonds patrimoniale (technologie, industries, m\u00e9tiers, divers), Fonds scientifique et technique (M\u00e9tiers d'art et de l'industrie)"
                ],
                "bce_ou_unite_d_etablissement": "2.160.357.076"
            }
        },
        {
            "type": "Feature",
            "geometry": {
                "type": "Point",
                "coordinates": [
                    4.23747139446,
                    50.4577304838
                ]
            },
            "properties": {
                "denomination": "Biblioth\u00e8que locale communale de Morlanwelz",
                "province": "Hainaut",
                "adresse": "All\u00e9e des H\u00eatres 2",
                "cp": "7140",
                "ville": "Morlanwelz",
                "courriel": "bibliotheque@morlanwelz.be",
                "telephone": "064 43 16 95",
                "web": "https:\/\/bibliotakecaremorlanwelz.wordpress.com\/",
                "categorie": "biblioth\u00e8que locale",
                "thematiques_de_recherche": [
                    "Fonds d'histoire locale et r\u00e9gionale, Fonds r\u00e9gional, Livres en multi-exemplaires, Ouvrages p\u00e9dagogiques et d'animations"
                ],
                "commentaire": null,
                "fonds_specialises": [
                    "Fonds d'histoire locale et r\u00e9gionale (Morlanwelz), Fonds r\u00e9gional (r\u00e9gion du Centre), Fonds de livres en multi-exemplaires\u00a0 (litt\u00e9rature scolaire), Fonds de livres pour animations"
                ],
                "bce_ou_unite_d_etablissement": "2 159 863 168"
            }
        },
        {
            "type": "Feature",
            "geometry": {
                "type": "Point",
                "coordinates": [
                    4.28590769599,
                    50.3399558317
                ]
            },
            "properties": {
                "denomination": "Biblioth\u00e8que locale communale de Thuin",
                "province": "Hainaut",
                "adresse": "Quartier du beffroi 10",
                "cp": "6530",
                "ville": "Thuin",
                "courriel": "bibliotheque@thuin.be",
                "telephone": "071 59 50 29",
                "web": "https:\/\/www.thuin.be\/loisirs\/culture\/bibliotheque",
                "categorie": "biblioth\u00e8que locale",
                "thematiques_de_recherche": [
                    "Fonds d'histoire locale"
                ],
                "commentaire": null,
                "fonds_specialises": [
                    "Fonds d'histoire locale - Centre d'histoire locale (Thuin)"
                ],
                "bce_ou_unite_d_etablissement": "2.161.982.124"
            }
        },
        {
            "type": "Feature",
            "geometry": {
                "type": "Point",
                "coordinates": [
                    5.56802640798,
                    50.6295930439
                ]
            },
            "properties": {
                "denomination": "R\u00e9seau local li\u00e9geois de Lecture publique",
                "province": "Li\u00e8ge",
                "adresse": "Rue des Guillemins 26",
                "cp": "4000",
                "ville": "Li\u00e8ge",
                "courriel": "Ip@liege.be",
                "telephone": "04 238 51 50",
                "web": "https:\/\/mabibli.be\/",
                "categorie": "r\u00e9seau de biblioth\u00e8ques",
                "thematiques_de_recherche": null,
                "commentaire": null,
                "fonds_specialises": null,
                "bce_ou_unite_d_etablissement": null
            }
        },
        {
            "type": "Feature",
            "geometry": {
                "type": "Point",
                "coordinates": [
                    5.49397535875,
                    50.6581908565
                ]
            },
            "properties": {
                "denomination": "Biblioth\u00e8que itin\u00e9rante de la Province de Li\u00e8ge",
                "province": "Li\u00e8ge",
                "adresse": "Route de Wallonie 28",
                "cp": "4460",
                "ville": "Gr\u00e2ce-Hollogne",
                "courriel": "biblio.itinerante@provincedeliege.be",
                "telephone": "04 279 53 79",
                "web": "https:\/\/www.provincedeliege.be\/fr\/bibliobus",
                "categorie": "biblioth\u00e8que itin\u00e9rante",
                "thematiques_de_recherche": [
                    "Histoire"
                ],
                "commentaire": null,
                "fonds_specialises": [
                    "Fonds sur la seconde guerre mondiale"
                ],
                "bce_ou_unite_d_etablissement": null
            }
        },
        {
            "type": "Feature",
            "geometry": {
                "type": "Point",
                "coordinates": [
                    5.65363933504,
                    50.6960956019
                ]
            },
            "properties": {
                "denomination": "Biblioth\u00e8que Saint-Nicolas de Vivegnis",
                "province": "Li\u00e8ge",
                "adresse": "Rue de la Paix 3",
                "cp": "4683",
                "ville": "Vivegnis",
                "courriel": "bibliothequecommunale@oupeye.be",
                "telephone": "0477 39 85 43",
                "web": "http:\/\/www.oupeye.eu\/bibloupe\/",
                "categorie": "implantation",
                "thematiques_de_recherche": null,
                "commentaire": "implantation de la Biblioth\u00e8que locale communale d'Oupeye",
                "fonds_specialises": null,
                "bce_ou_unite_d_etablissement": "808.069.584"
            }
        },
        {
            "type": "Feature",
            "geometry": {
                "type": "Point",
                "coordinates": [
                    4.45961839818,
                    50.829444313
                ]
            },
            "properties": {
                "denomination": "Biblioth\u00e8que filiale de Joli-Bois",
                "province": "Bruxelles-Capitale",
                "adresse": "Dr\u00e8ve des Shetlands 15",
                "cp": "1150",
                "ville": "Woluwe-Saint-Pierre",
                "courriel": "bib.jb@woluwe1150.irisnet.be",
                "telephone": "02 435 59 21",
                "web": "http:\/\/biblio.woluwe1150.be\/",
                "categorie": "implantation",
                "thematiques_de_recherche": null,
                "commentaire": "Implantation de la Biblioth\u00e8que publique communale francophone de Woluw\u00e9-St-Pierre",
                "fonds_specialises": null,
                "bce_ou_unite_d_etablissement": "207.366.994"
            }
        },
        {
            "type": "Feature",
            "geometry": {
                "type": "Point",
                "coordinates": [
                    4.38988061373,
                    50.8956573524
                ]
            },
            "properties": {
                "denomination": "Biblioth\u00e8que de Neder-Over-Heembeek",
                "province": "Bruxelles-Capitale",
                "adresse": "Rue Fran\u00e7ois Vekemans 63-65",
                "cp": "1120",
                "ville": "Neder-Over-Heembeek",
                "courriel": "bib.noh@brucity.education",
                "telephone": "02 266 82 30",
                "web": "https:\/\/www.nohbi.be\/",
                "categorie": "biblioth\u00e8que locale",
                "thematiques_de_recherche": [
                    "Contes, ouvrages p\u00e9dagogqiques et d'animations, Diversit\u00e9s"
                ],
                "commentaire": null,
                "fonds_specialises": [
                    "fonds de contes et l\u00e9gendes, Fonds de livres pour animations, Fonds sur \u00ab\u00a0le handicap et la \u00a0diff\u00e9rence\u00a0\u00bb"
                ],
                "bce_ou_unite_d_etablissement": null
            }
        },
        {
            "type": "Feature",
            "geometry": {
                "type": "Point",
                "coordinates": [
                    5.60235001154,
                    49.6743938809
                ]
            },
            "properties": {
                "denomination": "Biblioth\u00e8que locale communale d'Etalle",
                "province": "Luxembourg",
                "adresse": "Rue du Moulin 4",
                "cp": "6740",
                "ville": "Etalle",
                "courriel": "bibliotheque.locale.etalle@province.luxembourg.be",
                "telephone": "063 60 13 88",
                "web": "http:\/\/www.etalle.be\/bibliotheque",
                "categorie": "biblioth\u00e8que locale",
                "thematiques_de_recherche": null,
                "commentaire": null,
                "fonds_specialises": null,
                "bce_ou_unite_d_etablissement": null
            }
        },
        {
            "type": "Feature",
            "geometry": {
                "type": "Point",
                "coordinates": [
                    5.80115709601,
                    49.6795061866
                ]
            },
            "properties": {
                "denomination": "Biblioth\u00e8que locale communale d'Arlon",
                "province": "Luxembourg",
                "adresse": "Parc des Expositions 5",
                "cp": "6700",
                "ville": "Arlon",
                "courriel": "bibliotheque@arlon.be",
                "telephone": "063 22 35 07",
                "web": "https:\/\/bibliotheque.arlon.be\/",
                "categorie": "biblioth\u00e8que locale",
                "thematiques_de_recherche": null,
                "commentaire": null,
                "fonds_specialises": null,
                "bce_ou_unite_d_etablissement": "2.159.414.988"
            }
        },
        {
            "type": "Feature",
            "geometry": {
                "type": "Point",
                "coordinates": [
                    6.10710022511,
                    50.4151736762
                ]
            },
            "properties": {
                "denomination": "Biblioth\u00e8que de Waimes",
                "province": "Li\u00e8ge",
                "adresse": "Rue de Malmedy 1",
                "cp": "4950",
                "ville": "Waimes",
                "courriel": "waimes@wamabi.be",
                "telephone": "080 44 80 54",
                "web": "https:\/\/wamabi.be\/site\/bibliotheque-de-waimes\/",
                "categorie": "implantation",
                "thematiques_de_recherche": [
                    "Fonds d'histoire locale et r\u00e9gionale"
                ],
                "commentaire": "implantation du R\u00e9seau de Lecture publique de Malm\u00e9dy-Waimes",
                "fonds_specialises": [
                    "Fonds local et r\u00e9gional  (Waimes)"
                ],
                "bce_ou_unite_d_etablissement": null
            }
        },
        {
            "type": "Feature",
            "geometry": {
                "type": "Point",
                "coordinates": [
                    4.92119563505,
                    50.4249568944
                ]
            },
            "properties": {
                "denomination": "Biblioth\u00e8que centrale de la Province de Namur",
                "province": "Namur",
                "adresse": "Rue des Phlox 20",
                "cp": "5100",
                "ville": "Naninne",
                "courriel": "bibliotheques@province.namur.be",
                "telephone": "081 77 67 16",
                "web": "https:\/\/www.province.namur.be\/bibliotheque_centrale",
                "categorie": "op\u00e9rateur d'appui",
                "thematiques_de_recherche": null,
                "commentaire": null,
                "fonds_specialises": null,
                "bce_ou_unite_d_etablissement": null
            }
        },
        {
            "type": "Feature",
            "geometry": {
                "type": "Point",
                "coordinates": [
                    4.84639231163,
                    50.4762500637
                ]
            },
            "properties": {
                "denomination": "Biblioth\u00e8que communale de Saint-Servais",
                "province": "Namur",
                "adresse": "Route de Gembloux 256",
                "cp": "5002",
                "ville": "Saint-Servais",
                "courriel": "bibliotheques.namur@ville.namur.be",
                "telephone": "081 24 85 22",
                "web": "https:\/\/www.namur.be\/fr\/loisirs\/culture\/lectures\/bibliotheques\/bibliotheques-du-reseau\/saint-servais",
                "categorie": "biblioth\u00e8que locale",
                "thematiques_de_recherche": null,
                "commentaire": "biblioth\u00e8que du R\u00e9seau Namurois de Lecture publique",
                "fonds_specialises": null,
                "bce_ou_unite_d_etablissement": null
            }
        },
        {
            "type": "Feature",
            "geometry": {
                "type": "Point",
                "coordinates": [
                    4.23116099814,
                    50.4763301913
                ]
            },
            "properties": {
                "denomination": "Biblioth\u00e8que communale Henri Lequeux",
                "province": "Hainaut",
                "adresse": "Rue de Jolimont\u00a0- Cour Salle Val\u00e9re Motte",
                "cp": "7170",
                "ville": "La Hestre",
                "courriel": "biblio@manage-commune.be",
                "telephone": "064 54 96 36",
                "web": "https:\/\/www.manage-commune.be\/education\/bibliotheques\/les-bibliotheques\/manage-2",
                "categorie": "implantation",
                "thematiques_de_recherche": null,
                "commentaire": "implantation de la Biblioth\u00e8que Locale Communale A. Canonne",
                "fonds_specialises": null,
                "bce_ou_unite_d_etablissement": null
            }
        },
        {
            "type": "Feature",
            "geometry": {
                "type": "Point",
                "coordinates": [
                    5.79002473408,
                    50.4886269452
                ]
            },
            "properties": {
                "denomination": "Biblioth\u00e8que de la Reid",
                "province": "Li\u00e8ge",
                "adresse": "Place du Marais 1",
                "cp": "4910",
                "ville": "La Reid",
                "courriel": "bibliotheque@theux.be",
                "telephone": "087 37 60 79",
                "web": "https:\/\/biblios.theux.be\/",
                "categorie": "implantation",
                "thematiques_de_recherche": null,
                "commentaire": "implantation de la Biblioth\u00e8que locale communale de Theux",
                "fonds_specialises": null,
                "bce_ou_unite_d_etablissement": "2.159.720.341"
            }
        },
        {
            "type": "Feature",
            "geometry": {
                "type": "Point",
                "coordinates": [
                    5.06910361795,
                    50.5793958454
                ]
            },
            "properties": {
                "denomination": "Biblioth\u00e8que publique de Burdinne",
                "province": "Li\u00e8ge",
                "adresse": "Rue de la Gare 6",
                "cp": "4210",
                "ville": "Burdinne",
                "courriel": "bibliotheque.burdinne@gmail.com",
                "telephone": "085 41 32 75",
                "web": "https:\/\/www.facebook.com\/bibliothequeburdinne\/",
                "categorie": "implantation",
                "thematiques_de_recherche": null,
                "commentaire": "implantation de la Biblioth\u00e8que publique de Wanze",
                "fonds_specialises": null,
                "bce_ou_unite_d_etablissement": null
            }
        },
        {
            "type": "Feature",
            "geometry": {
                "type": "Point",
                "coordinates": [
                    5.5393953,
                    50.6297325864
                ]
            },
            "properties": {
                "denomination": "Biblioth\u00e8que Tout Va Bien",
                "province": "Li\u00e8ge",
                "adresse": "Rue Tout va bien 120",
                "cp": "4420",
                "ville": "Saint-Nicolas",
                "courriel": "bibliotheques@saint-nicolas.be",
                "telephone": "04 252 97 14",
                "web": "https:\/\/www.saint-nicolas.be\/vie-communale\/vie-pratique\/sous-section2",
                "categorie": "implantation",
                "thematiques_de_recherche": null,
                "commentaire": "implantation de la Biblioth\u00e8que de Saint-Nicolas",
                "fonds_specialises": null,
                "bce_ou_unite_d_etablissement": null
            }
        },
        {
            "type": "Feature",
            "geometry": {
                "type": "Point",
                "coordinates": [
                    5.53428584895,
                    50.654747856
                ]
            },
            "properties": {
                "denomination": "Biblioth\u00e8que Ars\u00e8ne Soreil d'Ans",
                "province": "Li\u00e8ge",
                "adresse": "Rue Walth\u00e8re Jamar 168",
                "cp": "4430",
                "ville": "Ans",
                "courriel": "bibliotheque.soreil@ans-commune.be",
                "telephone": "04 247 73 56",
                "web": "https:\/\/www.ans-commune.be\/loisirs\/culture\/bibliotheques",
                "categorie": "implantation",
                "thematiques_de_recherche": [
                    "Fonds d'histoire locale"
                ],
                "commentaire": "Implantation de la Biblioth\u00e8que locale communale d'Ans",
                "fonds_specialises": [
                    "Fonds d'histoire locale (Ans)"
                ],
                "bce_ou_unite_d_etablissement": null
            }
        },
        {
            "type": "Feature",
            "geometry": {
                "type": "Point",
                "coordinates": [
                    5.9582580763,
                    50.7370586749
                ]
            },
            "properties": {
                "denomination": "Biblioth\u00e8que locale communale de Plombi\u00e8res",
                "province": "Li\u00e8ge",
                "adresse": "Rue Hack 28",
                "cp": "4852",
                "ville": "Plombi\u00e8res",
                "courriel": "bibliotheque@plombieres.be",
                "telephone": "087 78 65 65",
                "web": "https:\/\/www.plombieres.be\/fr\/loisirs\/culture\/bibliotheque",
                "categorie": "biblioth\u00e8que locale",
                "thematiques_de_recherche": null,
                "commentaire": null,
                "fonds_specialises": null,
                "bce_ou_unite_d_etablissement": "2.160.537.715"
            }
        },
        {
            "type": "Feature",
            "geometry": {
                "type": "Point",
                "coordinates": [
                    3.2206348012,
                    50.7387265739
                ]
            },
            "properties": {
                "denomination": "Biblioroule",
                "province": "Hainaut",
                "adresse": "Rue du Beau Ch\u00eane 20",
                "cp": "7700",
                "ville": "Mouscron",
                "courriel": "biblioroule@bibliotheque-mouscron.be",
                "telephone": "056 86 06 80",
                "web": "https:\/\/www.bibliotheque-mouscron.be",
                "categorie": "implantation",
                "thematiques_de_recherche": null,
                "commentaire": "implantation du R\u00e9seau des Biblioth\u00e8ques de Mouscron",
                "fonds_specialises": null,
                "bce_ou_unite_d_etablissement": null
            }
        },
        {
            "type": "Feature",
            "geometry": {
                "type": "Point",
                "coordinates": [
                    3.2206348012,
                    50.7387265739
                ]
            },
            "properties": {
                "denomination": "R\u00e9seau des Biblioth\u00e8ques de Mouscron",
                "province": "Hainaut",
                "adresse": "Rue du Beau Ch\u00eane 20",
                "cp": "7700",
                "ville": "Mouscron",
                "courriel": "bibliotheque@bibliotheque-mouscron.be",
                "telephone": "056 86 06 80",
                "web": "https:\/\/www.bibliotheque-mouscron.be",
                "categorie": "biblioth\u00e8que locale",
                "thematiques_de_recherche": null,
                "commentaire": null,
                "fonds_specialises": null,
                "bce_ou_unite_d_etablissement": "422.887.039"
            }
        },
        {
            "type": "Feature",
            "geometry": {
                "type": "Point",
                "coordinates": [
                    4.34271188489,
                    50.8374343101
                ]
            },
            "properties": {
                "denomination": "Biblioth\u00e8que du Club de Jeunesse",
                "province": "Bruxelles-Capitale",
                "adresse": "Rue des Tanneurs 178",
                "cp": "1000",
                "ville": "Bruxelles",
                "courriel": "info@clubdejeunesse.be",
                "telephone": "02 511 08 46",
                "web": "https:\/\/biblio.brussels\/iguana\/www.main.cls?surl=bruxelles_tanneurs",
                "categorie": "biblioth\u00e8que locale",
                "thematiques_de_recherche": null,
                "commentaire": null,
                "fonds_specialises": null,
                "bce_ou_unite_d_etablissement": "409.237.555"
            }
        },
        {
            "type": "Feature",
            "geometry": {
                "type": "Point",
                "coordinates": [
                    4.34862746955,
                    50.8436153495
                ]
            },
            "properties": {
                "denomination": "Biblioth\u00e8que El Baroudi - Espace Magh",
                "province": "Bruxelles-Capitale",
                "adresse": "Rue du Poin\u00e7on 17",
                "cp": "1000",
                "ville": "Bruxelles",
                "courriel": "info@espacemagh.be",
                "telephone": "02 274 05 22",
                "web": "https:\/\/www.espacemagh.be\/",
                "categorie": "biblioth\u00e8que locale",
                "thematiques_de_recherche": [
                    "Litt\u00e9rature sp\u00e9cifique"
                ],
                "commentaire": null,
                "fonds_specialises": [
                    "Ouvrages sur le Maghreb"
                ],
                "bce_ou_unite_d_etablissement": null
            }
        },
        {
            "type": "Feature",
            "geometry": {
                "type": "Point",
                "coordinates": [
                    5.81275078357,
                    50.5360936858
                ]
            },
            "properties": {
                "denomination": "Biblioth\u00e8que locale communale de Theux",
                "province": "Li\u00e8ge",
                "adresse": "Place Pascal Taskin 1",
                "cp": "4910",
                "ville": "Theux",
                "courriel": "bibliotheque@theux.be",
                "telephone": "087 54 29 90",
                "web": "https:\/\/biblios.theux.be\/",
                "categorie": "biblioth\u00e8que locale",
                "thematiques_de_recherche": null,
                "commentaire": null,
                "fonds_specialises": null,
                "bce_ou_unite_d_etablissement": "2.159.720.440"
            }
        },
        {
            "type": "Feature",
            "geometry": {
                "type": "Point",
                "coordinates": [
                    5.96911986639,
                    50.5586879551
                ]
            },
            "properties": {
                "denomination": "R\u00e9seau de Lecture publique de Jalhay",
                "province": "Li\u00e8ge",
                "adresse": "Rue de la Fagne, 15",
                "cp": "4845",
                "ville": "Jalhay",
                "courriel": "bibliotheque.jalhay@jalhay.be",
                "telephone": "087 64 60 98",
                "web": "https:\/\/www.facebook.com\/bibliothequejalhaysart\/",
                "categorie": "biblioth\u00e8que locale",
                "thematiques_de_recherche": null,
                "commentaire": null,
                "fonds_specialises": null,
                "bce_ou_unite_d_etablissement": "2.159.657.290"
            }
        },
        {
            "type": "Feature",
            "geometry": {
                "type": "Point",
                "coordinates": [
                    4.07039198748,
                    50.5789189337
                ]
            },
            "properties": {
                "denomination": "Biblioth\u00e8que de la R\u00e9gence",
                "province": "Hainaut",
                "adresse": "Rue de la R\u00e9gence 25",
                "cp": "7060",
                "ville": "Soignies",
                "courriel": "bibliotheque@soignies.be",
                "telephone": "067 33 30 22",
                "web": "https:\/\/bibliothequelaregence.wordpress.com\/",
                "categorie": "biblioth\u00e8que locale",
                "thematiques_de_recherche": null,
                "commentaire": null,
                "fonds_specialises": null,
                "bce_ou_unite_d_etablissement": "2.160.000.453"
            }
        },
        {
            "type": "Feature",
            "geometry": {
                "type": "Point",
                "coordinates": [
                    5.50012370755,
                    50.6631821811
                ]
            },
            "properties": {
                "denomination": "Biblioth\u00e8que de Loncin",
                "province": "Li\u00e8ge",
                "adresse": "Rue de Jemeppe 110",
                "cp": "4431",
                "ville": "Loncin",
                "courriel": "bibliotheque.loncin@ans-commune.be",
                "telephone": "04 247 73 60",
                "web": "https:\/\/www.ans-commune.be\/loisirs\/culture\/bibliotheques",
                "categorie": "implantation",
                "thematiques_de_recherche": null,
                "commentaire": "Implantation de la Biblioth\u00e8que locale communale d'Ans",
                "fonds_specialises": null,
                "bce_ou_unite_d_etablissement": null
            }
        },
        {
            "type": "Feature",
            "geometry": {
                "type": "Point",
                "coordinates": [
                    2.88454292961,
                    50.7066584678
                ]
            },
            "properties": {
                "denomination": "Biblioth\u00e8que de Bizet",
                "province": "Hainaut",
                "adresse": "Rue du Touquet 24",
                "cp": "7783",
                "ville": "Bizet",
                "courriel": "info@bibliolys.be",
                "telephone": "056 55 49 58",
                "web": "https:\/\/www.bibliolys.be\/",
                "categorie": "implantation",
                "thematiques_de_recherche": null,
                "commentaire": "implantation de la Biblioth\u00e8que de Comines - r\u00e9seau BiblioLys",
                "fonds_specialises": null,
                "bce_ou_unite_d_etablissement": null
            }
        },
        {
            "type": "Feature",
            "geometry": {
                "type": "Point",
                "coordinates": [
                    3.20198542818,
                    50.7483021936
                ]
            },
            "properties": {
                "denomination": "Biblioth\u00e8que de Fr\u00e9gate",
                "province": "Hainaut",
                "adresse": "Rue du Nouveau Monde 178b",
                "cp": "7700",
                "ville": "Mouscron",
                "courriel": "bibliotheque@bibliotheque-mouscron.be",
                "telephone": null,
                "web": "https:\/\/www.bibliotheque-mouscron.be",
                "categorie": "implantation",
                "thematiques_de_recherche": null,
                "commentaire": "implantation du R\u00e9seau des Biblioth\u00e8ques de Mouscron",
                "fonds_specialises": null,
                "bce_ou_unite_d_etablissement": null
            }
        },
        {
            "type": "Feature",
            "geometry": {
                "type": "Point",
                "coordinates": [
                    3.6486226636,
                    50.5256861265
                ]
            },
            "properties": {
                "denomination": "Biblioth\u00e8que de Bas\u00e8cles\/Biblioth\u00e8ques de Beloeil",
                "province": "Hainaut",
                "adresse": "Place de Bas\u00e8cles 5",
                "cp": "7971",
                "ville": "Bas\u00e8cles",
                "courriel": "bibbeloeil@hotmail.fr",
                "telephone": "069 56 26 86",
                "web": "https:\/\/www.facebook.com\/Les-Biblioth%C3%A8ques-de-Beloeil-132490520168498\/",
                "categorie": "biblioth\u00e8que locale",
                "thematiques_de_recherche": [
                    "Fonds d'histoire locale"
                ],
                "commentaire": null,
                "fonds_specialises": [
                    "fonds d'histoire locale de\/sur beloeillois (Beloeil)"
                ],
                "bce_ou_unite_d_etablissement": "2161102689.0"
            }
        },
        {
            "type": "Feature",
            "geometry": {
                "type": "Point",
                "coordinates": [
                    4.80091591039,
                    50.5519014892
                ]
            },
            "properties": {
                "denomination": "Biblioth\u00e8que-Ludoth\u00e8que Communale de la Bruy\u00e8re",
                "province": "Namur",
                "adresse": "Rue du Village 2",
                "cp": "5081",
                "ville": "Meux",
                "courriel": "bibliotheque@labruyere.be",
                "telephone": "081 56 60 63",
                "web": "https:\/\/www.facebook.com\/BiblioLudoLaBruyere\/",
                "categorie": "biblioth\u00e8que locale",
                "thematiques_de_recherche": null,
                "commentaire": null,
                "fonds_specialises": null,
                "bce_ou_unite_d_etablissement": null
            }
        },
        {
            "type": "Feature",
            "geometry": {
                "type": "Point",
                "coordinates": [
                    5.93925316931,
                    50.6192241867
                ]
            },
            "properties": {
                "denomination": "Biblioth\u00e8que publique locale de Limbourg",
                "province": "Li\u00e8ge",
                "adresse": "Rue Guillaume Maisier 56 A",
                "cp": "4830",
                "ville": "Limbourg",
                "courriel": "bibliotheque.pret@ville-limbourg.be",
                "telephone": "087 30 61 90",
                "web": "https:\/\/www.ville-limbourg.be\/animations-lectures.html",
                "categorie": "biblioth\u00e8que locale",
                "thematiques_de_recherche": null,
                "commentaire": null,
                "fonds_specialises": null,
                "bce_ou_unite_d_etablissement": null
            }
        },
        {
            "type": "Feature",
            "geometry": {
                "type": "Point",
                "coordinates": [
                    5.55882979265,
                    50.628665412
                ]
            },
            "properties": {
                "denomination": "FIBBC - F\u00e9d\u00e9ration Interdioc\u00e9saine des Biblioth\u00e9caires Catholiques",
                "province": "Li\u00e8ge",
                "adresse": "Rue de Joie 68",
                "cp": "4000",
                "ville": "Li\u00e8ge",
                "courriel": "info@fibbc.be",
                "telephone": "04 254 61 06",
                "web": "http:\/\/www.fibbc.be",
                "categorie": "r\u00e9seau de biblioth\u00e8ques",
                "thematiques_de_recherche": null,
                "commentaire": null,
                "fonds_specialises": null,
                "bce_ou_unite_d_etablissement": "429.726.925"
            }
        },
        {
            "type": "Feature",
            "geometry": {
                "type": "Point",
                "coordinates": [
                    4.61176576169,
                    50.7173597214
                ]
            },
            "properties": {
                "denomination": "Biblioth\u00e8que publique libre La Cure",
                "province": "Brabant wallon",
                "adresse": "Place de la Cure 24",
                "cp": "1300",
                "ville": "Wavre",
                "courriel": "bibliocure@wavre.be",
                "telephone": "010 60 03 29",
                "web": "https:\/\/www.bibwavre.be\/",
                "categorie": "implantation",
                "thematiques_de_recherche": null,
                "commentaire": "R\u00e9seau des Biblioth\u00e8ques de Wavre",
                "fonds_specialises": null,
                "bce_ou_unite_d_etablissement": null
            }
        },
        {
            "type": "Feature",
            "geometry": {
                "type": "Point",
                "coordinates": [
                    4.86691505524,
                    50.7243446639
                ]
            },
            "properties": {
                "denomination": "Biblioth\u00e8que locale communale de Jodoigne",
                "province": "Brabant wallon",
                "adresse": "Rue du Ch\u00e2teau 13",
                "cp": "1370",
                "ville": "Jodoigne",
                "courriel": "bibliotheque@jodoigne.be",
                "telephone": "010 81 99 57",
                "web": "www.culturejodoigne.be",
                "categorie": "biblioth\u00e8que locale",
                "thematiques_de_recherche": [
                    "Fonds d'histoire locale, Livres en multi-exemplaires"
                ],
                "commentaire": null,
                "fonds_specialises": [
                    "Fonds d'histoire locale (Jodoigne), Fonds de livres en multi-exemplaires\u00a0 (litt\u00e9rature scolaire)"
                ],
                "bce_ou_unite_d_etablissement": "216.379.185"
            }
        },
        {
            "type": "Feature",
            "geometry": {
                "type": "Point",
                "coordinates": [
                    3.77301294768,
                    50.6294034578
                ]
            },
            "properties": {
                "denomination": "Biblioth\u00e8que locale communale d' Ath",
                "province": "Hainaut",
                "adresse": "Boulevard du Ch\u00e2teau 16",
                "cp": "7800",
                "ville": "Ath",
                "courriel": "bib.com@ath.be",
                "telephone": "068 68 13 40",
                "web": "https:\/\/www.ath.be\/loisirs\/culture\/bibliotheque",
                "categorie": "biblioth\u00e8que locale",
                "thematiques_de_recherche": [
                    "Fonds d'histoire locale et r\u00e9gionale, Egalit\u00e9 des genres\/diversit\u00e9s, Fonds patrimonial, livres interactifs ou aux formes particuli\u00e8res"
                ],
                "commentaire": null,
                "fonds_specialises": [
                    "Fonds d'Histoire locale et  r\u00e9gionale (Ath), Fonds patrimonial (Ath), Fonds Identit\u00e9s (LGBTQIA+, genre), Fonds Kamishiba\u00ef et buta\u00ef"
                ],
                "bce_ou_unite_d_etablissement": "2.160.390.235"
            }
        },
        {
            "type": "Feature",
            "geometry": {
                "type": "Point",
                "coordinates": [
                    4.32448975235,
                    50.4110567799
                ]
            },
            "properties": {
                "denomination": "Biblioth\u00e8que de Fontaine-l'Ev\u00eaque \"La halle aux livres\"",
                "province": "Hainaut",
                "adresse": "Place de la Wallonie 15",
                "cp": "6140",
                "ville": "Fontaine-l'Ev\u00eaque",
                "courriel": "bibliotheque@villedefontaine.be",
                "telephone": "071 52 31 93",
                "web": "http:\/\/bibliothequedefontaine-leveque.blogspot.com\/",
                "categorie": "biblioth\u00e8que locale",
                "thematiques_de_recherche": [
                    "Fonds d'histoire locale, Personne\/auteur"
                ],
                "commentaire": null,
                "fonds_specialises": [
                    "Fonds d'histoire locale (Fontaine-l'Ev\u00eaque), Fonds Pierre Coran"
                ],
                "bce_ou_unite_d_etablissement": "2.161.754.668"
            }
        },
        {
            "type": "Feature",
            "geometry": {
                "type": "Point",
                "coordinates": [
                    3.34109219935,
                    50.5478877275
                ]
            },
            "properties": {
                "denomination": "Biblioth\u00e8que Communale de Rumes",
                "province": "Hainaut",
                "adresse": "R\u00e9sidence de la Baille 13",
                "cp": "7618",
                "ville": "Rumes",
                "courriel": "bibliotheque@communederumes.be",
                "telephone": "069 22 59 49",
                "web": "https:\/\/www.facebook.com\/Biblioth\u00e8que-communale-de-Rumes-281815775169566\/",
                "categorie": "biblioth\u00e8que locale",
                "thematiques_de_recherche": [
                    "Fonds d'histoire locale et r\u00e9gionale, Jeux"
                ],
                "commentaire": null,
                "fonds_specialises": [
                    "Fonds d'histoire  locale et r\u00e9gionale(Rumes), Jeux g\u00e9ants en bois, Fonds de jeux"
                ],
                "bce_ou_unite_d_etablissement": null
            }
        },
        {
            "type": "Feature",
            "geometry": {
                "type": "Point",
                "coordinates": [
                    5.34332722445,
                    50.1286985046
                ]
            },
            "properties": {
                "denomination": "Biblioth\u00e8que communale de Nassogne",
                "province": "Luxembourg",
                "adresse": "Rue de Lahaut 3",
                "cp": "6950",
                "ville": "Nassogne",
                "courriel": "biblionassogne@hotmail.com",
                "telephone": "084 37 95 03",
                "web": "https:\/\/www.nassogne.be\/loisirs\/culture\/bibliotheque",
                "categorie": "biblioth\u00e8que locale",
                "thematiques_de_recherche": [
                    "Fonds d'histoire locale et r\u00e9gionale"
                ],
                "commentaire": null,
                "fonds_specialises": [
                    "Fonds d'histoire  locale et r\u00e9gionale\u00a0 (Nassogne)"
                ],
                "bce_ou_unite_d_etablissement": null
            }
        },
        {
            "type": "Feature",
            "geometry": {
                "type": "Point",
                "coordinates": [
                    5.51460164568,
                    50.235930622
                ]
            },
            "properties": {
                "denomination": "Centre de documentation de l'Ourthe Moyenne",
                "province": "Luxembourg",
                "adresse": "Rue de Bardonwez 2",
                "cp": "6987",
                "ville": "Rendeux",
                "courriel": "info@ourthe-documentation.be",
                "telephone": "084 37 86 41",
                "web": "http:\/\/www.ourthe-documentation.be\/",
                "categorie": "implantation",
                "thematiques_de_recherche": null,
                "commentaire": "implantation de la Biblioth\u00e8que \"Lire au Fil de l'Ourthe\"",
                "fonds_specialises": null,
                "bce_ou_unite_d_etablissement": null
            }
        },
        {
            "type": "Feature",
            "geometry": {
                "type": "Point",
                "coordinates": [
                    5.83369130057,
                    49.5631185595
                ]
            },
            "properties": {
                "denomination": "Biblioth\u00e8que locale Hubert Juin",
                "province": "Luxembourg",
                "adresse": "Grand-Rue 64",
                "cp": "6791",
                "ville": "Athus",
                "courriel": "athusbibliotheque@gmail.com",
                "telephone": "063 24 06 80",
                "web": "http:\/\/ebib.aubange.be\/",
                "categorie": "biblioth\u00e8que locale",
                "thematiques_de_recherche": null,
                "commentaire": null,
                "fonds_specialises": null,
                "bce_ou_unite_d_etablissement": null
            }
        },
        {
            "type": "Feature",
            "geometry": {
                "type": "Point",
                "coordinates": [
                    4.31563,
                    50.04715
                ]
            },
            "properties": {
                "denomination": "Biblioth\u00e8que de Chimay",
                "province": "Hainaut",
                "adresse": "Rue de la Soque 12",
                "cp": "6460",
                "ville": "Chimay",
                "courriel": "bibliotheque@chimayville.be",
                "telephone": "060 21 49 19",
                "web": "https:\/\/www.ville-de-chimay.be\/ma-ville\/services-communaux\/bibliotheque",
                "categorie": "biblioth\u00e8que locale",
                "thematiques_de_recherche": null,
                "commentaire": null,
                "fonds_specialises": null,
                "bce_ou_unite_d_etablissement": null
            }
        },
        {
            "type": "Feature",
            "geometry": {
                "type": "Point",
                "coordinates": [
                    5.24213634388,
                    50.3873766243
                ]
            },
            "properties": {
                "denomination": "Biblioth\u00e8que \"Papyrus\"",
                "province": "Namur",
                "adresse": "Rue de Hi\u00e9tinne 4",
                "cp": "5370",
                "ville": "Havelange",
                "courriel": "papyrus.havelange@bibli.cfwb.be",
                "telephone": "083 63 46 60",
                "web": "https:\/\/www.havelange.be\/loisirs\/culture\/bibliotheque",
                "categorie": "biblioth\u00e8que locale",
                "thematiques_de_recherche": null,
                "commentaire": null,
                "fonds_specialises": null,
                "bce_ou_unite_d_etablissement": null
            }
        },
        {
            "type": "Feature",
            "geometry": {
                "type": "Point",
                "coordinates": [
                    4.7332822693,
                    50.4354228224
                ]
            },
            "properties": {
                "denomination": "Biblioth\u00e8que locale communale de Floreffe",
                "province": "Namur",
                "adresse": "Chemin priv\u00e9 1",
                "cp": "5150",
                "ville": "Frani\u00e8re",
                "courriel": "bibliocomfloreffe@skynet.be",
                "telephone": "081 44 14 13",
                "web": "https:\/\/www.floreffe.be\/theme_commune\/services-communaux\/bibliotheque",
                "categorie": "biblioth\u00e8que locale",
                "thematiques_de_recherche": [
                    "Fonds d'histoire locale et r\u00e9gionale"
                ],
                "commentaire": "biblioth\u00e8que du R\u00e9seau Namurois de Lecture publique",
                "fonds_specialises": [
                    "Fonds d'histoire locale et r\u00e9gionale (Floreffe)"
                ],
                "bce_ou_unite_d_etablissement": "2.161.635.892"
            }
        },
        {
            "type": "Feature",
            "geometry": {
                "type": "Point",
                "coordinates": [
                    3.85953331514,
                    50.4390871232
                ]
            },
            "properties": {
                "denomination": "Espace polyvalent\u00a0ActiBib",
                "province": "Hainaut",
                "adresse": "Rue Brenez 180",
                "cp": "7390",
                "ville": "Quaregnon",
                "courriel": "bib.bibquaregnon@quaregnon.be",
                "telephone": "065 45 01 80",
                "web": "http:\/\/biblio.quaregnon.be\/",
                "categorie": "implantation",
                "thematiques_de_recherche": null,
                "commentaire": "implantation de la Biblioth\u00e8que communale Ulysse Cordier de Quaregnon",
                "fonds_specialises": null,
                "bce_ou_unite_d_etablissement": null
            }
        },
        {
            "type": "Feature",
            "geometry": {
                "type": "Point",
                "coordinates": [
                    4.19610595822,
                    50.4755464521
                ]
            },
            "properties": {
                "denomination": "R\u00e9seau louvi\u00e9rois de Lecture publique",
                "province": "Hainaut",
                "adresse": "Rue Warocqu\u00e9 83",
                "cp": "7100",
                "ville": "La Louvi\u00e8re",
                "courriel": "bibliothequecommunale@lalouviere.be",
                "telephone": "064 31 25 00",
                "web": "https:\/\/www.facebook.com\/bibliolouve",
                "categorie": "biblioth\u00e8que locale",
                "thematiques_de_recherche": null,
                "commentaire": null,
                "fonds_specialises": null,
                "bce_ou_unite_d_etablissement": null
            }
        },
        {
            "type": "Feature",
            "geometry": {
                "type": "Point",
                "coordinates": [
                    5.86691078851,
                    50.5933267691
                ]
            },
            "properties": {
                "denomination": "Biblioth\u00e8que locale communale de Verviers",
                "province": "Li\u00e8ge",
                "adresse": "Place du March\u00e9 9",
                "cp": "4800",
                "ville": "Verviers",
                "courriel": "bibli.salledelecture@verviers.be",
                "telephone": "087 325 335",
                "web": "https:\/\/bibliotheque.verviers.be\/",
                "categorie": "biblioth\u00e8que locale",
                "thematiques_de_recherche": [
                    "Fonds d'histoire locale et r\u00e9gionale (Verviers), \u00c9diteur, Personne\/auteur, Fonds patrimonial"
                ],
                "commentaire": null,
                "fonds_specialises": [
                    "Fonds d'histoire locale et r\u00e9gionale (Verviers), \u00c9diteur Marabout, Fonds Weber\/antiquariat, Fonds Queneau"
                ],
                "bce_ou_unite_d_etablissement": null
            }
        },
        {
            "type": "Feature",
            "geometry": {
                "type": "Point",
                "coordinates": [
                    4.60340058494,
                    50.7152441582
                ]
            },
            "properties": {
                "denomination": "Biblioth\u00e8que communale Maurice Car\u00eame",
                "province": "Brabant wallon",
                "adresse": "Rue de l'Ermitage 65",
                "cp": "1300",
                "ville": "Wavre",
                "courriel": "bibliocareme@wavre.be",
                "telephone": "010 23 04 15",
                "web": "https:\/\/www.bibwavre.be\/",
                "categorie": "implantation",
                "thematiques_de_recherche": [
                    "Fonds r\u00e9gional, Personne\/auteur"
                ],
                "commentaire": "R\u00e9seau des Biblioth\u00e8ques de Wavre",
                "fonds_specialises": [
                    "Fonds r\u00e9gional (wavre), Fonds  Maurice Car\u00eame, Fonds Brasseur-Capart"
                ],
                "bce_ou_unite_d_etablissement": null
            }
        },
        {
            "type": "Feature",
            "geometry": {
                "type": "Point",
                "coordinates": [
                    5.72402704993,
                    50.0055745668
                ]
            },
            "properties": {
                "denomination": "Biblioth\u00e8que publique de Bastogne",
                "province": "Luxembourg",
                "adresse": "Rue Gustave Delperdange 5",
                "cp": "6600",
                "ville": "Bastogne",
                "courriel": "bibliotheque@bastogne.be",
                "telephone": "061 21 69 80",
                "web": "https:\/\/www.bastogne.be\/loisirs\/culture\/bibliotheque-et-ludotheque",
                "categorie": "biblioth\u00e8que locale",
                "thematiques_de_recherche": [
                    "Fonds d'histoire locale, Fonds dialectal"
                ],
                "commentaire": null,
                "fonds_specialises": [
                    "Fonds d'histoire locale et r\u00e9gionale (Bastogne), Fonds Michel Francard (patrimoine ardennais et langue wallonne)"
                ],
                "bce_ou_unite_d_etablissement": "444.004.038"
            }
        },
        {
            "type": "Feature",
            "geometry": {
                "type": "Point",
                "coordinates": [
                    5.36865221601,
                    50.0238022317
                ]
            },
            "properties": {
                "denomination": "Biblioth\u00e8que publique de Saint-Hubert",
                "province": "Luxembourg",
                "adresse": "Avenue Paul Poncelet 22",
                "cp": "6870",
                "ville": "Saint-Hubert",
                "courriel": "bibliotheque.sthubert@skynet.be",
                "telephone": "061 61 33 85",
                "web": "http:\/\/www.bibliotheques.province.luxembourg.be\/iguana\/www.main.cls?surl=Saint-Hubert",
                "categorie": "biblioth\u00e8que locale",
                "thematiques_de_recherche": null,
                "commentaire": null,
                "fonds_specialises": null,
                "bce_ou_unite_d_etablissement": "434.980.761"
            }
        },
        {
            "type": "Feature",
            "geometry": {
                "type": "Point",
                "coordinates": [
                    5.93097422464,
                    50.3932844018
                ]
            },
            "properties": {
                "denomination": "Biblioth\u00e8que locale communale de Stavelot",
                "province": "Li\u00e8ge",
                "adresse": "Cour de l'Abbaye 1",
                "cp": "4970",
                "ville": "Stavelot",
                "courriel": "cet@stavelot.be",
                "telephone": "080 88 10 36",
                "web": "http:\/\/www.stavelot.be\/index.php?url=fr\/vie-administrative\/l-administration\/les-services-communaux\/bibliotheque-communale\/",
                "categorie": "biblioth\u00e8que locale",
                "thematiques_de_recherche": [
                    "Fonds d'histoire locale et r\u00e9gionale"
                ],
                "commentaire": null,
                "fonds_specialises": [
                    "Fonds d'histoire locale et r\u00e9gionale (Stavelot)"
                ],
                "bce_ou_unite_d_etablissement": "2.161.113.280"
            }
        },
        {
            "type": "Feature",
            "geometry": {
                "type": "Point",
                "coordinates": [
                    5.05735488279,
                    50.4098921404
                ]
            },
            "properties": {
                "denomination": "Biblioth\u00e8que locale communale de Gesves",
                "province": "Namur",
                "adresse": "Rue de la Pichelotte 9 E",
                "cp": "5340",
                "ville": "Gesves",
                "courriel": "bibliotheque.gesves@gmail.com",
                "telephone": "083 67 03 46",
                "web": "http:\/\/www.gesves.be\/bibliotheque\/",
                "categorie": "biblioth\u00e8que locale",
                "thematiques_de_recherche": [
                    "Fonds sur l'environnement"
                ],
                "commentaire": null,
                "fonds_specialises": [
                    "Fonds \"Nature \u00e0 Lire\""
                ],
                "bce_ou_unite_d_etablissement": null
            }
        },
        {
            "type": "Feature",
            "geometry": {
                "type": "Point",
                "coordinates": [
                    4.49416638305,
                    50.4820848003
                ]
            },
            "properties": {
                "denomination": "Biblioth\u00e8que d'Heppignies",
                "province": "Hainaut",
                "adresse": "Place d'Heppignies",
                "cp": "6220",
                "ville": "Heppignies",
                "courriel": "labonnesource@live.be",
                "telephone": "071 81 72 62",
                "web": null,
                "categorie": "implantation",
                "thematiques_de_recherche": null,
                "commentaire": "implantation de la Biblioth\u00e8que locale de Fleurus \"la bonne source\" asbl",
                "fonds_specialises": null,
                "bce_ou_unite_d_etablissement": null
            }
        },
        {
            "type": "Feature",
            "geometry": {
                "type": "Point",
                "coordinates": [
                    4.04864585096,
                    50.5151602634
                ]
            },
            "properties": {
                "denomination": "Biblioth\u00e8que \"Le Furet\" de Thieusies",
                "province": "Hainaut",
                "adresse": "Place de Thieusies 13",
                "cp": "7061",
                "ville": "Thieusies",
                "courriel": "bibliotheque@soignies.be",
                "telephone": "067 33 30 22",
                "web": "https:\/\/bibliothequelaregence.wordpress.com\/",
                "categorie": "implantation",
                "thematiques_de_recherche": null,
                "commentaire": "Biblioth\u00e8que du R\u00e9seau des biblioth\u00e8ques de la Ville de Soignies-Concorde asbl",
                "fonds_specialises": null,
                "bce_ou_unite_d_etablissement": null
            }
        },
        {
            "type": "Feature",
            "geometry": {
                "type": "Point",
                "coordinates": [
                    3.62442909729,
                    50.5999355875
                ]
            },
            "properties": {
                "denomination": "Biblioth\u00e8que communale de Leuze-en-Hainaut",
                "province": "Hainaut",
                "adresse": "Rue d'Ath 31",
                "cp": "7900",
                "ville": "Leuze-en-Hainaut",
                "courriel": "bibliotheque@leuze-en-hainaut.be",
                "telephone": "069 66 98 73",
                "web": "http:\/\/bibleuze.blogspot.com\/",
                "categorie": "biblioth\u00e8que locale",
                "thematiques_de_recherche": [
                    "Fonds d'histoire locale"
                ],
                "commentaire": null,
                "fonds_specialises": [
                    "Fonds d'histoire locale (Leuze-en-Hainaut) et \u0153uvres litt\u00e9raires \u00e9crites par des Leuzois"
                ],
                "bce_ou_unite_d_etablissement": "2.159.619.678"
            }
        },
        {
            "type": "Feature",
            "geometry": {
                "type": "Point",
                "coordinates": [
                    5.56610518013,
                    50.6316060472
                ]
            },
            "properties": {
                "denomination": "Biblioth\u00e8que sp\u00e9ciale \"La Lumi\u00e8re\"   ASBL",
                "province": "Li\u00e8ge",
                "adresse": "Rue Sainte-V\u00e9ronique 17",
                "cp": "4000",
                "ville": "Li\u00e8ge",
                "courriel": "lalumiere@lalumiere.be",
                "telephone": "04 222 35 35",
                "web": "https:\/\/www.lalumiere.be\/fr",
                "categorie": "biblioth\u00e8que sp\u00e9ciale",
                "thematiques_de_recherche": null,
                "commentaire": null,
                "fonds_specialises": null,
                "bce_ou_unite_d_etablissement": "402.345.211"
            }
        },
        {
            "type": "Feature",
            "geometry": {
                "type": "Point",
                "coordinates": [
                    5.86595676357,
                    50.6536792359
                ]
            },
            "properties": {
                "denomination": "Biblioth\u00e8que de Thimister Clermont ASBL",
                "province": "Li\u00e8ge",
                "adresse": "Centre 2A",
                "cp": "4890",
                "ville": "Thimister-Clermont",
                "courriel": "biblio@thimister-clermont.be",
                "telephone": "087 44 65 17",
                "web": "https:\/\/www.facebook.com\/BibliothequeThimisterClermont",
                "categorie": "biblioth\u00e8que locale",
                "thematiques_de_recherche": null,
                "commentaire": null,
                "fonds_specialises": null,
                "bce_ou_unite_d_etablissement": "2.183.043.891"
            }
        },
        {
            "type": "Feature",
            "geometry": {
                "type": "Point",
                "coordinates": [
                    5.07274297305,
                    50.6692150582
                ]
            },
            "properties": {
                "denomination": "Centre documentaire Sainte-Croix",
                "province": "Li\u00e8ge",
                "adresse": "Rue de Crehen 1",
                "cp": "4280",
                "ville": "Hannut",
                "courriel": "bibli@collegehannut.be",
                "telephone": "019 51 94 56",
                "web": "http:\/\/fibbc.net\/Le-Centre-Documentaire-Ste-Croix.html",
                "categorie": "implantation",
                "thematiques_de_recherche": [
                    "Fonds d'histoire locale et r\u00e9gionale"
                ],
                "commentaire": "implantation du R\u00e9seau public de lecture de la R\u00e9gion Hannutoise",
                "fonds_specialises": [
                    "Fonds r\u00e9gional (Hannut)"
                ],
                "bce_ou_unite_d_etablissement": null
            }
        },
        {
            "type": "Feature",
            "geometry": {
                "type": "Point",
                "coordinates": [
                    3.33978119551,
                    50.6864967434
                ]
            },
            "properties": {
                "denomination": "Biblioth\u00e8que locale communale de Pecq",
                "province": "Hainaut",
                "adresse": "Rue des D\u00e9port\u00e9s 8A",
                "cp": "7740",
                "ville": "Pecq",
                "courriel": "bibliotheque@pecq.be",
                "telephone": "069 23 65 28",
                "web": "https:\/\/www.facebook.com\/bibliothequepecq\/",
                "categorie": "biblioth\u00e8que locale",
                "thematiques_de_recherche": [
                    "Fonds d'histoire locale"
                ],
                "commentaire": null,
                "fonds_specialises": [
                    "Fonds d'histoire locale (Pecq)"
                ],
                "bce_ou_unite_d_etablissement": "2.159.727.170"
            }
        },
        {
            "type": "Feature",
            "geometry": {
                "type": "Point",
                "coordinates": [
                    4.57565709702,
                    50.6957878695
                ]
            },
            "properties": {
                "denomination": "Biblioth\u00e8que communale de Limal",
                "province": "Brabant wallon",
                "adresse": "Rue Charles Jaumotte 54",
                "cp": "1300",
                "ville": "Wavre",
                "courriel": "bibliolimal@wavre.be",
                "telephone": "010 40 02 67",
                "web": "https:\/\/www.bibwavre.be\/",
                "categorie": "implantation",
                "thematiques_de_recherche": null,
                "commentaire": "R\u00e9seau des Biblioth\u00e8ques de Wavre",
                "fonds_specialises": null,
                "bce_ou_unite_d_etablissement": null
            }
        },
        {
            "type": "Feature",
            "geometry": {
                "type": "Point",
                "coordinates": [
                    5.25420433452,
                    50.6970663713
                ]
            },
            "properties": {
                "denomination": "Biblioth\u00e8que CD libre de Waremme (Institut Notre Dame)",
                "province": "Li\u00e8ge",
                "adresse": "Rue Joseph Wauters 41",
                "cp": "4300",
                "ville": "Waremme",
                "courriel": null,
                "telephone": "019 32 20 38",
                "web": "http:\/\/www.saintlouiswaremme.be\/",
                "categorie": "implantation",
                "thematiques_de_recherche": null,
                "commentaire": "implantation du r\u00e9seau de lecture publique de Hesbaye",
                "fonds_specialises": null,
                "bce_ou_unite_d_etablissement": null
            }
        },
        {
            "type": "Feature",
            "geometry": {
                "type": "Point",
                "coordinates": [
                    3.4585604753,
                    50.7107451403
                ]
            },
            "properties": {
                "denomination": "Biblioth\u00e8que communale de Celles",
                "province": "Hainaut",
                "adresse": "Rue Parfait 14",
                "cp": "7760",
                "ville": "Celles",
                "courriel": "centredelecturepublique@celles.be",
                "telephone": "069 85 77 73",
                "web": "https:\/\/www.facebook.com\/bibliotheque.communale.de.Celles\/",
                "categorie": "biblioth\u00e8que locale",
                "thematiques_de_recherche": null,
                "commentaire": null,
                "fonds_specialises": null,
                "bce_ou_unite_d_etablissement": "2.158.971.362"
            }
        },
        {
            "type": "Feature",
            "geometry": {
                "type": "Point",
                "coordinates": [
                    3.23322885577,
                    50.7217772519
                ]
            },
            "properties": {
                "denomination": "Biblitoh\u00e8que de Herseaux",
                "province": "Hainaut",
                "adresse": "Rue des Croisiers 12",
                "cp": "7712",
                "ville": "Herseaux",
                "courriel": "herseaux@bibliotheque-mouscron.be",
                "telephone": "056 86 06 77",
                "web": "https:\/\/www.bibliotheque-mouscron.be",
                "categorie": "implantation",
                "thematiques_de_recherche": null,
                "commentaire": "implantation du R\u00e9seau des Biblioth\u00e8ques de Mouscron",
                "fonds_specialises": null,
                "bce_ou_unite_d_etablissement": null
            }
        },
        {
            "type": "Feature",
            "geometry": {
                "type": "Point",
                "coordinates": [
                    4.42060741187,
                    50.8926991943
                ]
            },
            "properties": {
                "denomination": "Biblioth\u00e8que de Haren",
                "province": "Bruxelles-Capitale",
                "adresse": "Rue de la Paroisse 34",
                "cp": "1130",
                "ville": "Haren",
                "courriel": "bib.haren@brucity.education",
                "telephone": "02 247 21 45",
                "web": "https:\/\/biblio.brussels\/iguana\/www.main.cls?surl=bruxelles_haren",
                "categorie": "biblioth\u00e8que locale",
                "thematiques_de_recherche": null,
                "commentaire": null,
                "fonds_specialises": null,
                "bce_ou_unite_d_etablissement": "2.160.353.514"
            }
        },
        {
            "type": "Feature",
            "geometry": {
                "type": "Point",
                "coordinates": [
                    4.4481095617,
                    50.4168990538
                ]
            },
            "properties": {
                "denomination": "Biblioth\u00e8que Alfred Langlois - Universit\u00e9 du Travail",
                "province": "Hainaut",
                "adresse": "Boulevard Roullier 1",
                "cp": "6000",
                "ville": "Charleroi",
                "courriel": "langlois.agenda.mail@gmail.com",
                "telephone": "071 53 13 33",
                "web": "https:\/\/biblio.ut.be\/",
                "categorie": "biblioth\u00e8que locale",
                "thematiques_de_recherche": [
                    "Fonds d'histoire locale et r\u00e9gionale, Fonds patrimonial, Histoire du papier et sa fabrication, Fonds pour personnes mal-voyantes et lecture de confort  -Livres audio, Sciences sociales et \u00e9conomie, sciences sociales, DVD-fictions"
                ],
                "commentaire": null,
                "fonds_specialises": [
                    "Fonds d'histoire locale et r\u00e9gionale, Fonds de l'Universit\u00e9 du Travail (enseignement), Fonds Smal, Fonds livres audio, Fonds patrimonial (technologie, industries, m\u00e9tiers), ouvrages sur le harc\u00e8lement scolaire, Fonds De Greef : \u00e9conomie et questions sociales (1850-1950), DVD_films adapt\u00e9s de livres"
                ],
                "bce_ou_unite_d_etablissement": "401.572.278"
            }
        },
        {
            "type": "Feature",
            "geometry": {
                "type": "Point",
                "coordinates": [
                    4.86347355598,
                    50.473875479
                ]
            },
            "properties": {
                "denomination": "APBD - Association des Professionnels des Biblioth\u00e8ques francophones de Belgique",
                "province": "Namur",
                "adresse": "Rue Nanon 98",
                "cp": "5002",
                "ville": "Saint-Servais",
                "courriel": "info@apbfb.be",
                "telephone": null,
                "web": "http:\/\/www.apbfb.be\/",
                "categorie": "r\u00e9seau de biblioth\u00e8ques",
                "thematiques_de_recherche": null,
                "commentaire": null,
                "fonds_specialises": null,
                "bce_ou_unite_d_etablissement": "415.241.360"
            }
        },
        {
            "type": "Feature",
            "geometry": {
                "type": "Point",
                "coordinates": [
                    5.68919995351,
                    50.5240645607
                ]
            },
            "properties": {
                "denomination": "Biblioth\u00e8que Martin Gavray",
                "province": "Li\u00e8ge",
                "adresse": "Rue de Sendrogne 178",
                "cp": "4141",
                "ville": "Sprimont",
                "courriel": "bibliotheque@sprimont.be",
                "telephone": "04 382 16 62",
                "web": "https:\/\/www.bibliothequedesprimont.be\/",
                "categorie": "implantation",
                "thematiques_de_recherche": null,
                "commentaire": "implantation de la Biblioth\u00e8que \"Aux Mille Feuilles\"",
                "fonds_specialises": null,
                "bce_ou_unite_d_etablissement": null
            }
        },
        {
            "type": "Feature",
            "geometry": {
                "type": "Point",
                "coordinates": [
                    5.54062528383,
                    50.5918652204
                ]
            },
            "properties": {
                "denomination": "Biblioth\u00e8que du Centenaire d'Ougr\u00e9e",
                "province": "Li\u00e8ge",
                "adresse": "Avenue du Centenaire 83",
                "cp": "4102",
                "ville": "Ougr\u00e9e",
                "courriel": "bibliotheques@seraing.be",
                "telephone": "04 337 59 73",
                "web": "https:\/\/www.seraing.be\/les-services-communaux\/services-delocalises\/bibliotheques\/bibliotheque-du-centenaire\/",
                "categorie": "implantation",
                "thematiques_de_recherche": null,
                "commentaire": "implantation de la Biblioth\u00e8que Principale du Jardin perdu",
                "fonds_specialises": null,
                "bce_ou_unite_d_etablissement": null
            }
        },
        {
            "type": "Feature",
            "geometry": {
                "type": "Point",
                "coordinates": [
                    4.62111446544,
                    50.4188893478
                ]
            },
            "properties": {
                "denomination": "D\u00e9p\u00f4t de Falisolle",
                "province": "Namur",
                "adresse": "Rue Joseph-Jean Merlot 2",
                "cp": "5060",
                "ville": "Sambreville",
                "courriel": "biblio@commune.sambreville.be",
                "telephone": "071 18 14 56",
                "web": "https:\/\/www.sambreville.be\/loisirs\/culture\/bibliotheques\/implantations\/bibliotheque-de-falisolle",
                "categorie": "implantation",
                "thematiques_de_recherche": null,
                "commentaire": "Biblioth\u00e8que locale communale de Sambreville",
                "fonds_specialises": null,
                "bce_ou_unite_d_etablissement": null
            }
        },
        {
            "type": "Feature",
            "geometry": {
                "type": "Point",
                "coordinates": [
                    3.82906220905,
                    50.7121090684
                ]
            },
            "properties": {
                "denomination": "Biblioth\u00e8que communale Louis Scutenaire",
                "province": "Hainaut",
                "adresse": "Grand'Place 11",
                "cp": "7860",
                "ville": "Lessines",
                "courriel": null,
                "telephone": "068 25 15 67",
                "web": "https:\/\/www.lessines.be\/loisirs\/culture\/bibliotheques\/bibliotheque-de-lessines",
                "categorie": "biblioth\u00e8que locale",
                "thematiques_de_recherche": [
                    "Fonds d'histoire locale et r\u00e9gionale, Fonds d'histoire locale, Bandes dessin\u00e9es, Fonds pour personnes mal-voyantes -Litt\u00e9rature en grands caract\u00e8res-livres audio, Litt\u00e9rature belge francophone, Jeux, Livres en multi-exemplaires"
                ],
                "commentaire": null,
                "fonds_specialises": [
                    "Fonds d'histoire locale et r\u00e9gionale\/nationale\u00a0  (Lessines), Dossiers de presse sur l'histoire locale, r\u00e9gionale et nationale (Lessines), Bandes dessin\u00e9es adultes et jeunesse, Litt\u00e9rature en grands caract\u00e8res-Livres audio (Lessines), litt\u00e9rature belge francophone (Lessines), Jeux et Jeux g\u00e9ants en bois, Fonds de livres en multi-exemplaires\u00a0 (litt\u00e9rature scolaire)"
                ],
                "bce_ou_unite_d_etablissement": "2.158.826.555"
            }
        },
        {
            "type": "Feature",
            "geometry": {
                "type": "Point",
                "coordinates": [
                    3.88942481904,
                    50.4487627793
                ]
            },
            "properties": {
                "denomination": "R\u00e9seau local montois-CCJ",
                "province": "Hainaut",
                "adresse": "Rue Reghem 1",
                "cp": "7012",
                "ville": "Jemappes",
                "courriel": "biblio.jemappes@ville.mons.be",
                "telephone": "065 56 22 20",
                "web": "https:\/\/www.mons.be\/annuaire\/administration-communale\/bibliotheques\/bibliotheque-de-jemappes",
                "categorie": "biblioth\u00e8que locale",
                "thematiques_de_recherche": [
                    "Litt\u00e9rature en langues \u00e9trang\u00e8res -- jeunesse, Fonds pour personnes mal-voyantes -Litt\u00e9rature en grands caract\u00e8res, Livres interactifs ou aux formes particuli\u00e8res, Fonds pour personnes mal-voyantes et lecture de confort  -Livres audio"
                ],
                "commentaire": null,
                "fonds_specialises": [
                    "Litt\u00e9rature en langues \u00e9trang\u00e8res pour la jeunesse, Litt\u00e9rature en grands caract\u00e8res, Kamishiba\u00ef et buta\u00ef, Livres audio et conf\u00e9rences"
                ],
                "bce_ou_unite_d_etablissement": null
            }
        },
        {
            "type": "Feature",
            "geometry": {
                "type": "Point",
                "coordinates": [
                    5.86575365092,
                    50.4921406505
                ]
            },
            "properties": {
                "denomination": "Biblioth\u00e8que locale communale de Spa",
                "province": "Li\u00e8ge",
                "adresse": "Rue Royale, Jardins du Casino",
                "cp": "4900",
                "ville": "Spa",
                "courriel": "bibliotheque@villedespa.be",
                "telephone": "087 77 24 52",
                "web": "https:\/\/www.facebook.com\/bibliothequecommunale.despa\/",
                "categorie": "biblioth\u00e8que locale",
                "thematiques_de_recherche": [
                    "Bandes dessin\u00e9es, Fonds pour personnes mal-voyantes -Litt\u00e9rature en grands caract\u00e8res"
                ],
                "commentaire": null,
                "fonds_specialises": [
                    "Bandes dessin\u00e9es, Fonds pour personnes mal-voyantes -Litt\u00e9rature en grands caract\u00e8res"
                ],
                "bce_ou_unite_d_etablissement": null
            }
        },
        {
            "type": "Feature",
            "geometry": {
                "type": "Point",
                "coordinates": [
                    4.20652641163,
                    50.5233988325
                ]
            },
            "properties": {
                "denomination": "Biblioth\u00e8que de Familleureux",
                "province": "Hainaut",
                "adresse": "Rue Ferrer 6",
                "cp": "7181",
                "ville": "Familleureux",
                "courriel": "biblio@seneffe.be",
                "telephone": "064 57 06 18",
                "web": "https:\/\/www.facebook.com\/bibliothequesdeseneffe\/",
                "categorie": "implantation",
                "thematiques_de_recherche": null,
                "commentaire": "implantation de la Biblioth\u00e8que locale communale de Seneffe",
                "fonds_specialises": null,
                "bce_ou_unite_d_etablissement": null
            }
        },
        {
            "type": "Feature",
            "geometry": {
                "type": "Point",
                "coordinates": [
                    4.07039198748,
                    50.5789189337
                ]
            },
            "properties": {
                "denomination": "R\u00e9seau des biblioth\u00e8ques de la Ville de Soignies-Concorde asbl",
                "province": "Hainaut",
                "adresse": "Rue de la R\u00e9gence 25",
                "cp": "7060",
                "ville": "Soignies",
                "courriel": "bibliotheque@soignies.be",
                "telephone": "067 33 30 22",
                "web": "https:\/\/bibliothequelaregence.wordpress.com\/",
                "categorie": "r\u00e9seau de biblioth\u00e8ques",
                "thematiques_de_recherche": null,
                "commentaire": null,
                "fonds_specialises": null,
                "bce_ou_unite_d_etablissement": "2.160.000.453"
            }
        },
        {
            "type": "Feature",
            "geometry": {
                "type": "Point",
                "coordinates": [
                    3.92134438873,
                    50.6496296593
                ]
            },
            "properties": {
                "denomination": "Biblioludoth\u00e8que communale de Silly",
                "province": "Hainaut",
                "adresse": "Rue Saint-Pierre 1b",
                "cp": "7830",
                "ville": "Silly",
                "courriel": "biblioludo@silly.be",
                "telephone": "068 25 05 13",
                "web": "https:\/\/biblioludo.silly.be\/",
                "categorie": "biblioth\u00e8que locale",
                "thematiques_de_recherche": null,
                "commentaire": null,
                "fonds_specialises": null,
                "bce_ou_unite_d_etablissement": null
            }
        },
        {
            "type": "Feature",
            "geometry": {
                "type": "Point",
                "coordinates": [
                    4.52062909814,
                    50.4141854233
                ]
            },
            "properties": {
                "denomination": "Biblioth\u00e8que de Ch\u00e2telineau",
                "province": "Hainaut",
                "adresse": "Rue Jules des Essarts 4a",
                "cp": "6200",
                "ville": "Chatelet",
                "courriel": "biblio.chatelet@gmail.com",
                "telephone": "071 39 61 49",
                "web": "https:\/\/www.chatelet.be\/loisirs\/les-bibliotheques\/la-bibliotheque-macc",
                "categorie": "implantation",
                "thematiques_de_recherche": null,
                "commentaire": "implantation de la Biblioth\u00e8que communale Henri Matelart",
                "fonds_specialises": null,
                "bce_ou_unite_d_etablissement": null
            }
        },
        {
            "type": "Feature",
            "geometry": {
                "type": "Point",
                "coordinates": [
                    4.60644183676,
                    50.4343228117
                ]
            },
            "properties": {
                "denomination": "Biblioth\u00e8que de Tamines",
                "province": "Namur",
                "adresse": "Place du Jumelage",
                "cp": "5060",
                "ville": "Sambreville",
                "courriel": "biblio@commune.sambreville.be",
                "telephone": "071 76 12 21",
                "web": "https:\/\/www.sambreville.be\/loisirs\/culture\/bibliotheques\/implantations\/bibliotheque-de-tamines",
                "categorie": "implantation",
                "thematiques_de_recherche": null,
                "commentaire": "Biblioth\u00e8que locale communale de Sambreville",
                "fonds_specialises": null,
                "bce_ou_unite_d_etablissement": null
            }
        },
        {
            "type": "Feature",
            "geometry": {
                "type": "Point",
                "coordinates": [
                    4.19506481348,
                    50.4776035149
                ]
            },
            "properties": {
                "denomination": "Biblioth\u00e8que provinciale de La Louvi\u00e8re",
                "province": "Hainaut",
                "adresse": "Avenue R\u00eave d\u2019Or 1",
                "cp": "7110",
                "ville": "La Louvi\u00e8re",
                "courriel": "bibliothequecommunale@lalouviere.be",
                "telephone": "064 31 22 20",
                "web": "https:\/\/www.facebook.com\/bibliolouve\/",
                "categorie": "implantation",
                "thematiques_de_recherche": null,
                "commentaire": "Biblioth\u00e8que du R\u00e9seau louvi\u00e9rois de Lecture publique",
                "fonds_specialises": null,
                "bce_ou_unite_d_etablissement": null
            }
        },
        {
            "type": "Feature",
            "geometry": {
                "type": "Point",
                "coordinates": [
                    4.15689212293,
                    50.4874358026
                ]
            },
            "properties": {
                "denomination": "Biblioth\u00e8que de Houdeng-Goegnies",
                "province": "Hainaut",
                "adresse": "Chauss\u00e9e Hourtart 300",
                "cp": "7100",
                "ville": "La Louvi\u00e8re",
                "courriel": "bibliothequecommunale@lalouviere.be",
                "telephone": "064 28 23 62",
                "web": "https:\/\/bibliotheques.hainaut.be\/reseau-louvierois-de-lecture-publique-ville-houdeng-goegnies",
                "categorie": "implantation",
                "thematiques_de_recherche": null,
                "commentaire": "Biblioth\u00e8que du R\u00e9seau louvi\u00e9rois de Lecture publique",
                "fonds_specialises": null,
                "bce_ou_unite_d_etablissement": "2161565519.0"
            }
        },
        {
            "type": "Feature",
            "geometry": {
                "type": "Point",
                "coordinates": [
                    3.68984983411,
                    50.526512193
                ]
            },
            "properties": {
                "denomination": "Biblioth\u00e8que communale de Quevaucamps",
                "province": "Hainaut",
                "adresse": "Rue Paul Pastur 33",
                "cp": "7972",
                "ville": "Quevaucamps",
                "courriel": "bibbeloeil@hotmail.fr",
                "telephone": "069 44 17 97",
                "web": "https:\/\/www.facebook.com\/Les-Biblioth%C3%A8ques-de-Beloeil-132490520168498\/",
                "categorie": "implantation",
                "thematiques_de_recherche": null,
                "commentaire": "implantation de la Biblioth\u00e8que de Bas\u00e8cles\/Biblioth\u00e8ques de Beloeil",
                "fonds_specialises": null,
                "bce_ou_unite_d_etablissement": null
            }
        },
        {
            "type": "Feature",
            "geometry": {
                "type": "Point",
                "coordinates": [
                    3.4484676149,
                    50.5660532949
                ]
            },
            "properties": {
                "denomination": "Centre de Lecture publique d'Antoing",
                "province": "Hainaut",
                "adresse": "Rue du Burg 27",
                "cp": "7640",
                "ville": "Antoing",
                "courriel": "biblioantoinginfo@gmail.com",
                "telephone": "069 77 94 30",
                "web": "https:\/\/bibliothequeantoing.wordpress.com\/",
                "categorie": "biblioth\u00e8que locale",
                "thematiques_de_recherche": [
                    "Cuisine, Fonds d'histoire locale"
                ],
                "commentaire": null,
                "fonds_specialises": [
                    "Les cucurbitac\u00e9es, Fonds d'histoire locale (Antoing)"
                ],
                "bce_ou_unite_d_etablissement": "413.283.940"
            }
        },
        {
            "type": "Feature",
            "geometry": {
                "type": "Point",
                "coordinates": [
                    4.1720716693471775,
                    50.57404890794845
                ]
            },
            "properties": {
                "denomination": "Biblioth\u00e8que communale d'Ecaussinnes",
                "province": "Hainaut",
                "adresse": "Rue Maurice Ravel 1",
                "cp": "7190",
                "ville": "Ecaussines",
                "courriel": "bibliotheque@ecaussinnes.be",
                "telephone": "067 21 82 55",
                "web": "https:\/\/www.ecaussinnes.be\/loisirs\/culture\/bibliotheques\/bibliotheque-communale",
                "categorie": "biblioth\u00e8que locale",
                "thematiques_de_recherche": null,
                "commentaire": null,
                "fonds_specialises": null,
                "bce_ou_unite_d_etablissement": "2.159.535.744"
            }
        },
        {
            "type": "Feature",
            "geometry": {
                "type": "Point",
                "coordinates": [
                    3.463850582,
                    50.6167761188
                ]
            },
            "properties": {
                "denomination": "Biblioth\u00e8que communale d\u2019Havinnes",
                "province": "Hainaut",
                "adresse": "Rue du Roi Chevalier 9",
                "cp": "7531",
                "ville": "Havinnes",
                "courriel": "bibliotheque@tournai.be",
                "telephone": "069 86 64 94",
                "web": "https:\/\/www.etudierenhainaut.be\/services\/bibliotheques\/tournai.html",
                "categorie": "implantation",
                "thematiques_de_recherche": null,
                "commentaire": "implantation de la Biblioth\u00e8que locale communale de Tournai",
                "fonds_specialises": null,
                "bce_ou_unite_d_etablissement": null
            }
        },
        {
            "type": "Feature",
            "geometry": {
                "type": "Point",
                "coordinates": [
                    5.48674670249,
                    50.6201261214
                ]
            },
            "properties": {
                "denomination": "Biblioth\u00e8que de la Cit\u00e9 de Jemeppe",
                "province": "Li\u00e8ge",
                "adresse": "Place Brossolette 2",
                "cp": "4101",
                "ville": "Jemeppe",
                "courriel": "bibliotheques@seraing.be",
                "telephone": "04 233 46 24",
                "web": "http:\/\/www.seraing.be\/les-services-communaux\/services-delocalises\/bibliotheques\/bibliotheque-de-la-cite\/",
                "categorie": "implantation",
                "thematiques_de_recherche": null,
                "commentaire": "implantation de la Biblioth\u00e8que Principale du Jardin perdu",
                "fonds_specialises": null,
                "bce_ou_unite_d_etablissement": "2.159.755.874"
            }
        },
        {
            "type": "Feature",
            "geometry": {
                "type": "Point",
                "coordinates": [
                    3.28431648062,
                    50.6456343617
                ]
            },
            "properties": {
                "denomination": "Biblioth\u00e8que communale de Templeuve",
                "province": "Hainaut",
                "adresse": "Rue de Formanoir 2",
                "cp": "7520",
                "ville": "Templeuve",
                "courriel": "bibliotheque@tournai.be",
                "telephone": "069 35 17 08",
                "web": "https:\/\/www.etudierenhainaut.be\/services\/bibliotheques\/tournai.html",
                "categorie": "implantation",
                "thematiques_de_recherche": null,
                "commentaire": "implantation de la Biblioth\u00e8que locale communale de Tournai",
                "fonds_specialises": null,
                "bce_ou_unite_d_etablissement": null
            }
        },
        {
            "type": "Feature",
            "geometry": {
                "type": "Point",
                "coordinates": [
                    5.64422129153,
                    50.7089968385
                ]
            },
            "properties": {
                "denomination": "Biblioth\u00e8que locale communale d'Oupeye",
                "province": "Li\u00e8ge",
                "adresse": "Rue du Roi Albert 194",
                "cp": "4680",
                "ville": "Oupeye",
                "courriel": "bibliothequecommunale@oupeye.be",
                "telephone": "04 267 07 71",
                "web": "http:\/\/www.oupeye.eu\/bibloupe\/",
                "categorie": "biblioth\u00e8que locale",
                "thematiques_de_recherche": [
                    "Fonds d'histoire locale et  r\u00e9gionale, \u00c9galit\u00e9 des genres\/F\u00e9minisme, Ouvrages p\u00e9dagogiques"
                ],
                "commentaire": null,
                "fonds_specialises": [
                    "Fonds d'histoire locale et  r\u00e9gionale, Bandes dessin\u00e9es, Litt\u00e9rature en grands caract\u00e8res, environnement\/Patrimoine"
                ],
                "bce_ou_unite_d_etablissement": "2.160.122.593"
            }
        },
        {
            "type": "Feature",
            "geometry": {
                "type": "Point",
                "coordinates": [
                    4.34076162032,
                    50.8347093349
                ]
            },
            "properties": {
                "denomination": "Biblioth\u00e8que sp\u00e9ciale de la Ligue Braille  ASBL",
                "province": "Bruxelles-Capitale",
                "adresse": "Rue d'Angleterre 57",
                "cp": "1060",
                "ville": "Saint-Gilles",
                "courriel": "bib@braille.be",
                "telephone": "02 533 32 40",
                "web": "https:\/\/bibliotheque.braille.be\/fr",
                "categorie": "biblioth\u00e8que sp\u00e9ciale",
                "thematiques_de_recherche": null,
                "commentaire": null,
                "fonds_specialises": null,
                "bce_ou_unite_d_etablissement": "402.992.834"
            }
        },
        {
            "type": "Feature",
            "geometry": {
                "type": "Point",
                "coordinates": [
                    4.41637165531,
                    50.7999921984
                ]
            },
            "properties": {
                "denomination": "Boitsfort Adultes",
                "province": "Bruxelles-Capitale",
                "adresse": "Rue des 3 Tilleuls 32",
                "cp": "1170",
                "ville": "Watermael-Boitsfort",
                "courriel": "bib.francophone@wb1170.brussels",
                "telephone": "02 672 95 61",
                "web": "http:\/\/www.biblioludowb.be\/blog\/",
                "categorie": "implantation",
                "thematiques_de_recherche": null,
                "commentaire": "Implantation de la Biblioth\u00e8que locale communale de Watermael Centre",
                "fonds_specialises": null,
                "bce_ou_unite_d_etablissement": "2.160.935.118"
            }
        },
        {
            "type": "Feature",
            "geometry": {
                "type": "Point",
                "coordinates": [
                    4.43395044235,
                    50.8409445631
                ]
            },
            "properties": {
                "denomination": "Biblioth\u00e8que Saint-Lambert",
                "province": "Bruxelles-Capitale",
                "adresse": "Rue Madyol 11",
                "cp": "1200",
                "ville": "Woluwe-Saint-Lambert",
                "courriel": "info@biblio1200.be",
                "telephone": "02 772 64 24",
                "web": "http:\/\/www.biblio1200.be\/",
                "categorie": "implantation",
                "thematiques_de_recherche": null,
                "commentaire": "Implantation de la Biblioth\u00e8que publique locale de Woluwe-Saint-Lambert (Saint-Henri)",
                "fonds_specialises": null,
                "bce_ou_unite_d_etablissement": null
            }
        },
        {
            "type": "Feature",
            "geometry": {
                "type": "Point",
                "coordinates": [
                    4.35845112536,
                    50.8992550775
                ]
            },
            "properties": {
                "denomination": "Biblioth\u00e8que du Mutsaard",
                "province": "Bruxelles-Capitale",
                "adresse": "Rue Gustave Demanet 82",
                "cp": "1020",
                "ville": "Laeken",
                "courriel": "bib.mu@brucity.education",
                "telephone": "02 263 21 95",
                "web": "https:\/\/biblio.brussels\/iguana\/www.main.cls?surl=bruxelles_mutsaard",
                "categorie": "biblioth\u00e8que locale",
                "thematiques_de_recherche": null,
                "commentaire": null,
                "fonds_specialises": null,
                "bce_ou_unite_d_etablissement": "2.160.359.947"
            }
        },
        {
            "type": "Feature",
            "geometry": {
                "type": "Point",
                "coordinates": [
                    5.590112365171297,
                    50.644190816166244
                ]
            },
            "properties": {
                "denomination": "Biblioth\u00e9que centrale de la Province de Li\u00e8ge",
                "province": "Li\u00e8ge",
                "adresse": "Rue de Wallonie 24",
                "cp": "4460",
                "ville": "Gr\u00e2ce-Hollogne",
                "courriel": "info@bibliothequechiroux.be",
                "telephone": "04 279 52 20",
                "web": "http:\/\/www.provincedeliege.be\/bibliothequechiroux",
                "categorie": "op\u00e9rateur d'appui",
                "thematiques_de_recherche": null,
                "commentaire": null,
                "fonds_specialises": null,
                "bce_ou_unite_d_etablissement": "2.160.106.262"
            }
        },
        {
            "type": "Feature",
            "geometry": {
                "type": "Point",
                "coordinates": [
                    4.7037084731,
                    50.4802938612
                ]
            },
            "properties": {
                "denomination": "Biblioth\u00e8que communale de Spy",
                "province": "Namur",
                "adresse": "Rue de l'Enseignement 1",
                "cp": "5190",
                "ville": "Spy",
                "courriel": "bibliojeunes@hotmail.com",
                "telephone": "071 78 51 35",
                "web": "https:\/\/www.facebook.com\/bibliothequescommunalesJemeppesursambre",
                "categorie": "implantation",
                "thematiques_de_recherche": null,
                "commentaire": "implantation des Biblioth\u00e8ques communales de Jemeppe-sur-Sambre",
                "fonds_specialises": null,
                "bce_ou_unite_d_etablissement": null
            }
        },
        {
            "type": "Feature",
            "geometry": {
                "type": "Point",
                "coordinates": [
                    4.74506904677,
                    50.1356382481
                ]
            },
            "properties": {
                "denomination": "Biblioth\u00e8que \"Livre-Choix\" du Foyer culturel de Doische",
                "province": "Namur",
                "adresse": "Rue Martin Sandron 124",
                "cp": "5680",
                "ville": "Doische",
                "courriel": "centre.culturel.doische@skynet.be",
                "telephone": "082 21 47 38",
                "web": "https:\/\/foyercultureldoische.com\/",
                "categorie": "biblioth\u00e8que locale",
                "thematiques_de_recherche": [
                    "Fonds d'histoire locale et r\u00e9gionale"
                ],
                "commentaire": null,
                "fonds_specialises": [
                    "Fonds d'histoire  locale et r\u00e9gionale\u00a0 (Doische)"
                ],
                "bce_ou_unite_d_etablissement": "418.827.786"
            }
        },
        {
            "type": "Feature",
            "geometry": {
                "type": "Point",
                "coordinates": [
                    5.44972602678,
                    50.2715969573
                ]
            },
            "properties": {
                "denomination": "Biblioth\u00e8que locale communale de Hotton",
                "province": "Luxembourg",
                "adresse": "Rue des Ecoles 55",
                "cp": "6990",
                "ville": "Hotton",
                "courriel": "bibliotheque@hotton.be",
                "telephone": "084 36 78 42",
                "web": "https:\/\/www.hotton.be\/focus\/loisirs\/culture\/bibliotheque",
                "categorie": "biblioth\u00e8que locale",
                "thematiques_de_recherche": [
                    "Litt\u00e9rature en langues \u00e9trang\u00e8res"
                ],
                "commentaire": null,
                "fonds_specialises": [
                    "Livres en n\u00e9erlandais"
                ],
                "bce_ou_unite_d_etablissement": "2.158.727.872"
            }
        },
        {
            "type": "Feature",
            "geometry": {
                "type": "Point",
                "coordinates": [
                    4.41562543203,
                    50.3546899752
                ]
            },
            "properties": {
                "denomination": "Biblioth\u00e8que Willy Bal",
                "province": "Hainaut",
                "adresse": "Rue Willy Brogneaux 6",
                "cp": "6120",
                "ville": "Jamioulx",
                "courriel": "bibliojamioulx@yahoo.fr",
                "telephone": "071 17 74 70",
                "web": "https:\/\/www.ham-sur-heure-nalinnes.be\/la-commune\/la-culture\/reseau-communal-de-lecture-publique",
                "categorie": "implantation",
                "thematiques_de_recherche": null,
                "commentaire": "implantation de la Biblioth\u00e8que locale-pivot de Nalinnes-Centre",
                "fonds_specialises": null,
                "bce_ou_unite_d_etablissement": "861.522.623"
            }
        },
        {
            "type": "Feature",
            "geometry": {
                "type": "Point",
                "coordinates": [
                    3.68323538236,
                    50.4074847316
                ]
            },
            "properties": {
                "denomination": "Biblioth\u00e8que de Qui\u00e9vrain \"Au temps lire\"",
                "province": "Hainaut",
                "adresse": "Rue Debast 6",
                "cp": "7380",
                "ville": "Qui\u00e9vrain",
                "courriel": "bibliothequequievrain@yahoo.fr",
                "telephone": "065 52 96 30",
                "web": "http:\/\/bibliothequedequievrain.blogspot.com\/",
                "categorie": "biblioth\u00e8que locale",
                "thematiques_de_recherche": null,
                "commentaire": null,
                "fonds_specialises": null,
                "bce_ou_unite_d_etablissement": "2.158.766.771"
            }
        },
        {
            "type": "Feature",
            "geometry": {
                "type": "Point",
                "coordinates": [
                    3.86264371667,
                    50.4132393273
                ]
            },
            "properties": {
                "denomination": "Biblioth\u00e8que de P\u00e2turages",
                "province": "Hainaut",
                "adresse": "Place de P\u00e2turages 19",
                "cp": "7340",
                "ville": "Colfontaine",
                "courriel": "bibliotheques@colfontaine.be",
                "telephone": "065 88 74 40",
                "web": "http:\/\/www.colfontaine.be\/",
                "categorie": "biblioth\u00e8que locale",
                "thematiques_de_recherche": [
                    "Fonds d'histoire locale et r\u00e9gionale"
                ],
                "commentaire": null,
                "fonds_specialises": [
                    "Fonds d'histoire locale et r\u00e9gionale\u00a0 (Colfontaine)"
                ],
                "bce_ou_unite_d_etablissement": null
            }
        },
        {
            "type": "Feature",
            "geometry": {
                "type": "Point",
                "coordinates": [
                    4.58643188136,
                    50.4447883227
                ]
            },
            "properties": {
                "denomination": "JEu bouquine de Moignel\u00e9e",
                "province": "Namur",
                "adresse": "Rue de Fleurus 92",
                "cp": "5060",
                "ville": "Sambreville",
                "courriel": "biblio@commune.sambreville.be",
                "telephone": "071 77 79 59",
                "web": "https:\/\/www.sambreville.be\/loisirs\/culture\/bibliotheques\/implantations\/jeu-bouquine",
                "categorie": "implantation",
                "thematiques_de_recherche": null,
                "commentaire": "Biblioth\u00e8que locale communale de Sambreville",
                "fonds_specialises": null,
                "bce_ou_unite_d_etablissement": null
            }
        },
        {
            "type": "Feature",
            "geometry": {
                "type": "Point",
                "coordinates": [
                    4.28627566366,
                    50.4708857993
                ]
            },
            "properties": {
                "denomination": "Biblioth\u00e8que\u00a0du\u00a0T'chatpitre",
                "province": "Hainaut",
                "adresse": "Rue Saint-Germain 10",
                "cp": "7160",
                "ville": "Chapelle-lez-Herlaimont",
                "courriel": "bibliotheque@chapelle-lez-herlaimont.be",
                "telephone": "064 44 17 09",
                "web": "https:\/\/bibliothequechapelle.wixsite.com\/bibliothequechapelle",
                "categorie": "biblioth\u00e8que locale",
                "thematiques_de_recherche": null,
                "commentaire": null,
                "fonds_specialises": null,
                "bce_ou_unite_d_etablissement": "2.161.243.736"
            }
        },
        {
            "type": "Feature",
            "geometry": {
                "type": "Point",
                "coordinates": [
                    3.95258364234,
                    50.477373222
                ]
            },
            "properties": {
                "denomination": "Biblioth\u00e8que communale de Nimy",
                "province": "Hainaut",
                "adresse": "Grand-Place",
                "cp": "7020",
                "ville": "Nimy",
                "courriel": "biblio.jemappes@ville.mons.be",
                "telephone": "065 84 82 11",
                "web": "https:\/\/www.mons.be\/annuaire\/administration-communale\/bibliotheques\/bibliotheque-communale-de-nimy",
                "categorie": "biblioth\u00e8que locale",
                "thematiques_de_recherche": null,
                "commentaire": "biblioth\u00e8que du R\u00e9seau local montois-CCJ",
                "fonds_specialises": null,
                "bce_ou_unite_d_etablissement": null
            }
        },
        {
            "type": "Feature",
            "geometry": {
                "type": "Point",
                "coordinates": [
                    4.21167742858,
                    50.4950945187
                ]
            },
            "properties": {
                "denomination": "Biblioth\u00e8que communale du Bois-d'Haine",
                "province": "Hainaut",
                "adresse": "Rue Haie du Roeulx 1",
                "cp": "7170",
                "ville": "Bois-d'Haine",
                "courriel": "biblio@manage-commune.be",
                "telephone": "064 54 96 36",
                "web": "https:\/\/www.manage-commune.be\/education\/bibliotheques\/les-bibliotheques\/manage-3",
                "categorie": "implantation",
                "thematiques_de_recherche": null,
                "commentaire": "implantation de la Biblioth\u00e8que Locale Communale A. Canonne",
                "fonds_specialises": null,
                "bce_ou_unite_d_etablissement": null
            }
        },
        {
            "type": "Feature",
            "geometry": {
                "type": "Point",
                "coordinates": [
                    4.18155819478,
                    50.5466650845
                ]
            },
            "properties": {
                "denomination": "Biblioth\u00e8que Saint-G\u00e9ry",
                "province": "Hainaut",
                "adresse": "Rue Ferrer 1",
                "cp": "7191",
                "ville": "Ecaussines",
                "courriel": "asblbpce@gmail.com",
                "telephone": null,
                "web": "https:\/\/www.facebook.com\/bibliotheque.bibliothequesaintgery",
                "categorie": "biblioth\u00e8que locale",
                "thematiques_de_recherche": null,
                "commentaire": null,
                "fonds_specialises": null,
                "bce_ou_unite_d_etablissement": "462.276.957"
            }
        },
        {
            "type": "Feature",
            "geometry": {
                "type": "Point",
                "coordinates": [
                    5.45020438995,
                    50.5516198429
                ]
            },
            "properties": {
                "denomination": "Biblioth\u00e8que de Neuville-en-Condroz",
                "province": "Li\u00e8ge",
                "adresse": "Chauss\u00e9e de Marche 57",
                "cp": "4121",
                "ville": "Neupr\u00e9",
                "courriel": "bibliotheques@neupre.be",
                "telephone": "04 371 43 17",
                "web": "https:\/\/www.neupre.be\/neupre",
                "categorie": "implantation",
                "thematiques_de_recherche": null,
                "commentaire": "implantation des Biblioth\u00e8ques communales de Neupr\u00e9",
                "fonds_specialises": null,
                "bce_ou_unite_d_etablissement": null
            }
        },
        {
            "type": "Feature",
            "geometry": {
                "type": "Point",
                "coordinates": [
                    4.61869807256,
                    50.6680974138
                ]
            },
            "properties": {
                "denomination": "Biblioth\u00e8que publique de Louvain-la-Neuve",
                "province": "Brabant wallon",
                "adresse": "Place Galil\u00e9e 9A",
                "cp": "1348",
                "ville": "Ottignies-LLN",
                "courriel": "bibpublln@bibludolln.be",
                "telephone": "010 47 28 59",
                "web": "https:\/\/www.bibludolln.be\/bibliotheque-de-lln.html",
                "categorie": "implantation",
                "thematiques_de_recherche": null,
                "commentaire": "Implantation des Biblioth\u00e8ques et ludoth\u00e8ques publiques d'Ottignies LLN asbl",
                "fonds_specialises": null,
                "bce_ou_unite_d_etablissement": null
            }
        },
        {
            "type": "Feature",
            "geometry": {
                "type": "Point",
                "coordinates": [
                    5.58640707309,
                    50.6727104495
                ]
            },
            "properties": {
                "denomination": "Biblioth\u00e8que de Vottem",
                "province": "Li\u00e8ge",
                "adresse": "Vert Vin\u00e2ve 7",
                "cp": "4041",
                "ville": "Vottem",
                "courriel": "bibliotheques@herstal.be",
                "telephone": "04 264 91 84",
                "web": "https:\/\/www.facebook.com\/BibliothequesdeHerstal\/",
                "categorie": "biblioth\u00e8que locale",
                "thematiques_de_recherche": null,
                "commentaire": "R\u00e9seau des Biblioth\u00e8ques publiques de Herstal",
                "fonds_specialises": null,
                "bce_ou_unite_d_etablissement": "2.169.170.616"
            }
        },
        {
            "type": "Feature",
            "geometry": {
                "type": "Point",
                "coordinates": [
                    4.20800919614,
                    50.6919262225
                ]
            },
            "properties": {
                "denomination": "Biblioth\u00e8que de Tubize",
                "province": "Brabant wallon",
                "adresse": "Rue de la D\u00e9portation 61",
                "cp": "1480",
                "ville": "Tubize",
                "courriel": "bibliotheques.communales@tubize.be",
                "telephone": "02 391 39 15",
                "web": "https:\/\/www.facebook.com\/bibliothequetubize\/",
                "categorie": "biblioth\u00e8que locale",
                "thematiques_de_recherche": null,
                "commentaire": null,
                "fonds_specialises": null,
                "bce_ou_unite_d_etablissement": null
            }
        },
        {
            "type": "Feature",
            "geometry": {
                "type": "Point",
                "coordinates": [
                    5.2133721209,
                    50.6981880848
                ]
            },
            "properties": {
                "denomination": "Biblioth\u00e8que communale de Berloz",
                "province": "Li\u00e8ge",
                "adresse": "Rue Richard Orban 1",
                "cp": "4257",
                "ville": "Berloz",
                "courriel": "biblio.berloz@gmail.com",
                "telephone": "019 54 68 34",
                "web": "https:\/\/www.berloz.be\/loisirs\/culture\/bibliotheque",
                "categorie": "biblioth\u00e8que locale",
                "thematiques_de_recherche": null,
                "commentaire": null,
                "fonds_specialises": null,
                "bce_ou_unite_d_etablissement": null
            }
        },
        {
            "type": "Feature",
            "geometry": {
                "type": "Point",
                "coordinates": [
                    5.09711168842,
                    50.4893433392
                ]
            },
            "properties": {
                "denomination": "Biblioth\u00e8que locale communale d'Andenne",
                "province": "Namur",
                "adresse": "Promenade des Ours 37",
                "cp": "5300",
                "ville": "Andenne",
                "courriel": "biblio@ac.andenne.be",
                "telephone": "085 84 96 93",
                "web": "https:\/\/bibliotheque.andenne.be\/",
                "categorie": "biblioth\u00e8que locale",
                "thematiques_de_recherche": [
                    "Fonds d'histoire locale"
                ],
                "commentaire": "biblioth\u00e8que du R\u00e9seau Namurois de Lecture publique",
                "fonds_specialises": [
                    "Fonds d'histoire locale (Andenne)"
                ],
                "bce_ou_unite_d_etablissement": null
            }
        },
        {
            "type": "Feature",
            "geometry": {
                "type": "Point",
                "coordinates": [
                    3.42145973937,
                    50.5154337309
                ]
            },
            "properties": {
                "denomination": "Centre de Lecture publique de Brunehaut - CLPB",
                "province": "Hainaut",
                "adresse": "Rue des D\u00e9port\u00e9s 13",
                "cp": "7620",
                "ville": "Bl\u00e9haries",
                "courriel": "clpbbrune@hotmail.com",
                "telephone": "069 34 67 71",
                "web": "https:\/\/bibliothequebrunehaut.wordpress.com\/",
                "categorie": "biblioth\u00e8que locale",
                "thematiques_de_recherche": null,
                "commentaire": null,
                "fonds_specialises": null,
                "bce_ou_unite_d_etablissement": "453.493.905"
            }
        },
        {
            "type": "Feature",
            "geometry": {
                "type": "Point",
                "coordinates": [
                    5.8124636202,
                    50.5450942365
                ]
            },
            "properties": {
                "denomination": "Biblioth\u00e8que Juslenville",
                "province": "Li\u00e8ge",
                "adresse": "Rue Charles Rittweger 162",
                "cp": "4910",
                "ville": "Theux",
                "courriel": "bibliotheque@theux.be",
                "telephone": "087 37 60 79",
                "web": "https:\/\/biblios.theux.be\/",
                "categorie": "implantation",
                "thematiques_de_recherche": null,
                "commentaire": "implantation de la Biblioth\u00e8que locale communale de Theux",
                "fonds_specialises": null,
                "bce_ou_unite_d_etablissement": null
            }
        },
        {
            "type": "Feature",
            "geometry": {
                "type": "Point",
                "coordinates": [
                    5.46659820826,
                    50.5978848525
                ]
            },
            "properties": {
                "denomination": "Biblioth\u00e8que locale communale de Fl\u00e9malle",
                "province": "Li\u00e8ge",
                "adresse": "Grand Route 410",
                "cp": "4400",
                "ville": "Fl\u00e9malle",
                "courriel": "bibliotheques@flemalle.be",
                "telephone": "04 233 93 68",
                "web": "http:\/\/www.flemalle.be\/pages\/index\/index\/id\/125\/lang\/fr?fbclid=IwAR1rqdgybQdI4fpgLzzTxnG5gOuMrR9qybr2Jp4QCTdtBSmAVS8qqevrFhM",
                "categorie": "biblioth\u00e8que locale",
                "thematiques_de_recherche": null,
                "commentaire": null,
                "fonds_specialises": null,
                "bce_ou_unite_d_etablissement": "2.213.113.693"
            }
        },
        {
            "type": "Feature",
            "geometry": {
                "type": "Point",
                "coordinates": [
                    5.8684472022,
                    50.604049213
                ]
            },
            "properties": {
                "denomination": "Biblioth\u00e8que D\u00e9p\u00f4t Fonds-de-Loup d'Andrimont",
                "province": "Li\u00e8ge",
                "adresse": "Rue de Verviers 203",
                "cp": "4821",
                "ville": "Andrimont",
                "courriel": "biblio.fdl@skynet.be",
                "telephone": "087 33 71 89",
                "web": "https:\/\/www.bibliotheques.dison.be\/",
                "categorie": "implantation",
                "thematiques_de_recherche": null,
                "commentaire": "implantation de la Biblioth\u00e8que locale communale de Dison",
                "fonds_specialises": null,
                "bce_ou_unite_d_etablissement": null
            }
        },
        {
            "type": "Feature",
            "geometry": {
                "type": "Point",
                "coordinates": [
                    4.81317653533,
                    50.6240480373
                ]
            },
            "properties": {
                "denomination": "Biblioth\u00e8que \"Au Grimoire d'Eole\" de Perwez",
                "province": "Brabant wallon",
                "adresse": "Rue Lepage 7",
                "cp": "1360",
                "ville": "Perwez",
                "courriel": "bibliotheque@perwez.be",
                "telephone": "0471 36 75 76",
                "web": "https:\/\/www.facebook.com\/Bibludo",
                "categorie": "biblioth\u00e8que locale",
                "thematiques_de_recherche": null,
                "commentaire": null,
                "fonds_specialises": null,
                "bce_ou_unite_d_etablissement": "542.923.054"
            }
        },
        {
            "type": "Feature",
            "geometry": {
                "type": "Point",
                "coordinates": [
                    5.9714018016,
                    50.6298189075
                ]
            },
            "properties": {
                "denomination": "Biblioth\u00e8que locale communale de Baelen",
                "province": "Li\u00e8ge",
                "adresse": "Rue de la R\u00e9gence 1",
                "cp": "4837",
                "ville": "Baelen",
                "courriel": "bibliotheque@baelen.be",
                "telephone": "087 76 01 23",
                "web": "https:\/\/www.baelen.be\/commune\/services-communaux\/bibliotheque",
                "categorie": "biblioth\u00e8que locale",
                "thematiques_de_recherche": null,
                "commentaire": null,
                "fonds_specialises": null,
                "bce_ou_unite_d_etablissement": null
            }
        },
        {
            "type": "Feature",
            "geometry": {
                "type": "Point",
                "coordinates": [
                    4.36292385653,
                    50.6441112638
                ]
            },
            "properties": {
                "denomination": "Biblioth\u00e8que et Ludoth\u00e8que communales \"\u00a0Armand Bernier\u00a0\"",
                "province": "Brabant wallon",
                "adresse": "Rue Ren\u00e9 Francq 7",
                "cp": "1428",
                "ville": "Lillois",
                "courriel": "bibliotheque@braine-lalleud.be",
                "telephone": null,
                "web": "https:\/\/bibliotheque.braine-lalleud.be\/",
                "categorie": "implantation",
                "thematiques_de_recherche": null,
                "commentaire": "implantation de la Biblioth\u00e8que locale communale de Braine-l'Alleud",
                "fonds_specialises": null,
                "bce_ou_unite_d_etablissement": null
            }
        },
        {
            "type": "Feature",
            "geometry": {
                "type": "Point",
                "coordinates": [
                    5.65347515368,
                    50.7044997569
                ]
            },
            "properties": {
                "denomination": "Maison de la Laicit\u00e9 - ASBL",
                "province": "Li\u00e8ge",
                "adresse": "Rue sur les Vignes 80",
                "cp": "4680",
                "ville": "Oupeye",
                "courriel": "laicite.oupeye@teledisnet.be",
                "telephone": "04 264 97 39",
                "web": "https:\/\/www.oupeye.be\/ma-commune\/informations-utiles\/maison-de-la-laicite",
                "categorie": "biblioth\u00e8que locale",
                "thematiques_de_recherche": null,
                "commentaire": null,
                "fonds_specialises": null,
                "bce_ou_unite_d_etablissement": "420.653.960"
            }
        },
        {
            "type": "Feature",
            "geometry": {
                "type": "Point",
                "coordinates": [
                    3.26411059401,
                    50.7061649194
                ]
            },
            "properties": {
                "denomination": "Biblioth\u00e8que d'Estaimpuis",
                "province": "Hainaut",
                "adresse": "Contour de l'Eglise 2",
                "cp": "7730",
                "ville": "Estaimpuis",
                "courriel": "info@bibliotheque-estaimpuis.be",
                "telephone": "056 48 76 61",
                "web": "http:\/\/www.bibliotheque-estaimpuis.be\/",
                "categorie": "biblioth\u00e8que locale",
                "thematiques_de_recherche": [
                    "Fonds d'histoire locale et r\u00e9gionale"
                ],
                "commentaire": null,
                "fonds_specialises": [
                    "Fonds d'histoire locale et r\u00e9gionale (Estaimpuis )"
                ],
                "bce_ou_unite_d_etablissement": "454.202.302"
            }
        },
        {
            "type": "Feature",
            "geometry": {
                "type": "Point",
                "coordinates": [
                    4.53301313371,
                    50.7073488623
                ]
            },
            "properties": {
                "denomination": "Biblioth\u00e8que publique de Froidmont ASBL",
                "province": "Brabant wallon",
                "adresse": "Chemin du Meunier 40 B",
                "cp": "1330",
                "ville": "Rixensart",
                "courriel": "froidmont@bibliorix.be",
                "telephone": "02 653 82 45",
                "web": "http:\/\/www.bibliorix.be\/",
                "categorie": "biblioth\u00e8que locale",
                "thematiques_de_recherche": [
                    "Fonds d'histoire locale"
                ],
                "commentaire": null,
                "fonds_specialises": [
                    "Fonds d'histoire locale (Rixensart)"
                ],
                "bce_ou_unite_d_etablissement": "417.548.970"
            }
        },
        {
            "type": "Feature",
            "geometry": {
                "type": "Point",
                "coordinates": [
                    3.23418467688,
                    50.7385796139
                ]
            },
            "properties": {
                "denomination": "Biblioth\u00e8que de Luingne",
                "province": "Hainaut",
                "adresse": "Rue Hocedez 10",
                "cp": "7700",
                "ville": "Luingne",
                "courriel": "luingne@bibliotheque-mouscron.be",
                "telephone": null,
                "web": "https:\/\/www.bibliotheque-mouscron.be",
                "categorie": "implantation",
                "thematiques_de_recherche": null,
                "commentaire": "implantation du R\u00e9seau des Biblioth\u00e8ques de Mouscron",
                "fonds_specialises": null,
                "bce_ou_unite_d_etablissement": null
            }
        },
        {
            "type": "Feature",
            "geometry": {
                "type": "Point",
                "coordinates": [
                    4.39499179629,
                    50.8361888069
                ]
            },
            "properties": {
                "denomination": "Biblioth\u00e8que locale communale d'Etterbeek - Herg\u00e9",
                "province": "Bruxelles-Capitale",
                "adresse": "Avenue de la Chasse 211",
                "cp": "1040",
                "ville": "Etterbeek",
                "courriel": "info@biblioherge.be",
                "telephone": "02 735 05 86",
                "web": "http:\/\/www.biblioherge.be\/",
                "categorie": "biblioth\u00e8que locale",
                "thematiques_de_recherche": null,
                "commentaire": null,
                "fonds_specialises": null,
                "bce_ou_unite_d_etablissement": null
            }
        },
        {
            "type": "Feature",
            "geometry": {
                "type": "Point",
                "coordinates": [
                    4.52432171999,
                    50.404421051
                ]
            },
            "properties": {
                "denomination": "Biblioth\u00e8que communale Henri Matelart",
                "province": "Hainaut",
                "adresse": "Rue du Rempart 6",
                "cp": "6200",
                "ville": "Chatelet",
                "courriel": "biblio.chatelet@gmail.com",
                "telephone": "071 40 35 45",
                "web": "https:\/\/www.facebook.com\/lerempartdesmots",
                "categorie": "biblioth\u00e8que locale",
                "thematiques_de_recherche": [
                    "Fonds d'histoire locale et r\u00e9gionale"
                ],
                "commentaire": null,
                "fonds_specialises": [
                    "Fonds d'histoire locale et r\u00e9gionale (Bouffioulx, Ch\u00e2telet, Ch\u00e2telineau)"
                ],
                "bce_ou_unite_d_etablissement": "2.163.340.322"
            }
        },
        {
            "type": "Feature",
            "geometry": {
                "type": "Point",
                "coordinates": [
                    4.79902992697,
                    50.4221959069
                ]
            },
            "properties": {
                "denomination": "Biblioth\u00e8que communale de Malonne",
                "province": "Namur",
                "adresse": "Champ Ha 20",
                "cp": "5020",
                "ville": "Malonne",
                "courriel": "bibliotheques.namur@ville.namur.be",
                "telephone": "081 24 7341",
                "web": "https:\/\/www.namur.be\/fr\/loisirs\/culture\/lectures\/bibliotheques\/bibliotheques-du-reseau\/malonne",
                "categorie": "implantation",
                "thematiques_de_recherche": null,
                "commentaire": "biblioth\u00e8que du R\u00e9seau Namurois de Lecture publique",
                "fonds_specialises": null,
                "bce_ou_unite_d_etablissement": null
            }
        },
        {
            "type": "Feature",
            "geometry": {
                "type": "Point",
                "coordinates": [
                    3.92400229346,
                    50.4361393404
                ]
            },
            "properties": {
                "denomination": "Biblioth\u00e8que communale de Cuesmes",
                "province": "Hainaut",
                "adresse": "Rue de Frameries 4",
                "cp": "7033",
                "ville": "Cuesmes",
                "courriel": "biblio.cuesmes@ville.mons.be",
                "telephone": "065 56 22 20",
                "web": "https:\/\/www.mons.be\/annuaire\/administration-communale\/bibliotheques\/bibliotheque-communale-de-cuesmes",
                "categorie": "biblioth\u00e8que locale",
                "thematiques_de_recherche": null,
                "commentaire": "biblioth\u00e8que du R\u00e9seau local montois-CCJ",
                "fonds_specialises": null,
                "bce_ou_unite_d_etablissement": null
            }
        },
        {
            "type": "Feature",
            "geometry": {
                "type": "Point",
                "coordinates": [
                    4.39228938279,
                    50.44110444
                ]
            },
            "properties": {
                "denomination": "Biblioth\u00e8que Le moulin aux livres",
                "province": "Hainaut",
                "adresse": "Rue Alexandre Lepage 10",
                "cp": "6044",
                "ville": "Roux",
                "courriel": "bib.roux@charleroi.be",
                "telephone": "0475 44 51 03",
                "web": "https:\/\/bibliotheques.hainaut.be\/reseau-des-bibliotheques-de-charleroi",
                "categorie": "implantation",
                "thematiques_de_recherche": null,
                "commentaire": "implantation du R\u00e9seau des Biblioth\u00e8ques de Charleroi",
                "fonds_specialises": null,
                "bce_ou_unite_d_etablissement": null
            }
        },
        {
            "type": "Feature",
            "geometry": {
                "type": "Point",
                "coordinates": [
                    4.3653827783,
                    50.8323544882
                ]
            },
            "properties": {
                "denomination": "Biblioth\u00e8que locale communale francophone d'Ixelles",
                "province": "Bruxelles-Capitale",
                "adresse": "Rue Mercelis 19",
                "cp": "1050",
                "ville": "Ixelles",
                "courriel": "bibliotheque@ixelles.brussels",
                "telephone": "02 515 64 12",
                "web": "http:\/\/biblioxl.be\/",
                "categorie": "biblioth\u00e8que locale",
                "thematiques_de_recherche": [
                    "Litt\u00e9rature en langues \u00e9trang\u00e8res, Fonds pour personnes mal-voyantes et lecture de confort  -Livres audio, Ouvrages p\u00e9dagogiques, Livres interactifs ou aux formes particuli\u00e8res"
                ],
                "commentaire": null,
                "fonds_specialises": [
                    "Litt\u00e9rature africaine, Ouvrages p\u00e9dagogiques - Manuels scolaires, Romans visuels, Livres audio"
                ],
                "bce_ou_unite_d_etablissement": null
            }
        },
        {
            "type": "Feature",
            "geometry": {
                "type": "Point",
                "coordinates": [
                    5.54408201349,
                    50.7520493497
                ]
            },
            "properties": {
                "denomination": "Biblioth\u00e8que publique Saint Victor \u00e0 Glons - BSV",
                "province": "Li\u00e8ge",
                "adresse": "Rue Saint-Pierre 8 bis",
                "cp": "4690",
                "ville": "Bassenge",
                "courriel": "bib.st.victor@skynet.be",
                "telephone": "04 286 58 72",
                "web": "https:\/\/www.glons.be\/",
                "categorie": "biblioth\u00e8que locale",
                "thematiques_de_recherche": [
                    "Fonds d'histoire locale et r\u00e9gionale"
                ],
                "commentaire": null,
                "fonds_specialises": [
                    "Fonds r\u00e9gional (Ville de Li\u00e8ge), Vall\u00e9e du Geer"
                ],
                "bce_ou_unite_d_etablissement": "433.477.954"
            }
        },
        {
            "type": "Feature",
            "geometry": {
                "type": "Point",
                "coordinates": [
                    4.60800893235,
                    50.4708208584
                ]
            },
            "properties": {
                "denomination": "Ludoth\u00e8que de Velaine",
                "province": "Namur",
                "adresse": "Rue Jules Destr\u00e9e 19",
                "cp": "5060",
                "ville": "Sambreville",
                "courriel": "biblio@commune.sambreville.be",
                "telephone": "0492 58 44 48",
                "web": "https:\/\/www.sambreville.be\/loisirs\/culture\/bibliotheques\/implantations\/ludotheque-de-velaine",
                "categorie": "implantation",
                "thematiques_de_recherche": null,
                "commentaire": "Biblioth\u00e8que locale communale de Sambreville",
                "fonds_specialises": null,
                "bce_ou_unite_d_etablissement": null
            }
        },
        {
            "type": "Feature",
            "geometry": {
                "type": "Point",
                "coordinates": [
                    4.86692815213,
                    50.4717262819
                ]
            },
            "properties": {
                "denomination": "Biblioth\u00e8que libre de Bomel",
                "province": "Namur",
                "adresse": "Rue d'Arquet 24",
                "cp": "5000",
                "ville": "Namur",
                "courriel": "bib.bomel@skynet.be",
                "telephone": null,
                "web": "https:\/\/www.namur.be\/fr\/loisirs\/culture\/lectures\/bibliotheques\/bibliotheques-du-reseau\/bomel",
                "categorie": "biblioth\u00e8que locale",
                "thematiques_de_recherche": null,
                "commentaire": "biblioth\u00e8que du R\u00e9seau Namurois de Lecture publique",
                "fonds_specialises": null,
                "bce_ou_unite_d_etablissement": "866.483.875"
            }
        },
        {
            "type": "Feature",
            "geometry": {
                "type": "Point",
                "coordinates": [
                    4.22773949604,
                    50.4902826448
                ]
            },
            "properties": {
                "denomination": "Biblioth\u00e8que communale de Fayt-Lez-Manage",
                "province": "Hainaut",
                "adresse": "Place Albert 1er 1",
                "cp": "7170",
                "ville": "Fayt-Lez-Manage",
                "courriel": "biblio@manage-commune.be",
                "telephone": "064 54 96 36",
                "web": "https:\/\/www.manage-commune.be\/education\/bibliotheques\/les-bibliotheques\/manage-4",
                "categorie": "implantation",
                "thematiques_de_recherche": null,
                "commentaire": "implantation de la Biblioth\u00e8que Locale Communale A. Canonne",
                "fonds_specialises": null,
                "bce_ou_unite_d_etablissement": null
            }
        },
        {
            "type": "Feature",
            "geometry": {
                "type": "Point",
                "coordinates": [
                    4.4282821412,
                    50.4700361804
                ]
            },
            "properties": {
                "denomination": "Biblioth\u00e8que \"L'Avenir\"",
                "province": "Hainaut",
                "adresse": "Rue Saint Roch 81a",
                "cp": "6041",
                "ville": "Gosselies",
                "courriel": "bib.gosselies@charleroi.be",
                "telephone": "071 37 48 52",
                "web": "https:\/\/bibliotheques.hainaut.be\/reseau-des-bibliotheques-de-charleroi",
                "categorie": "implantation",
                "thematiques_de_recherche": null,
                "commentaire": "implantation du R\u00e9seau des Biblioth\u00e8ques de Charleroi",
                "fonds_specialises": null,
                "bce_ou_unite_d_etablissement": null
            }
        },
        {
            "type": "Feature",
            "geometry": {
                "type": "Point",
                "coordinates": [
                    5.60598724685,
                    50.5921640045
                ]
            },
            "properties": {
                "denomination": "Biblioth\u00e8ques communales de Chaudfontaine",
                "province": "Li\u00e8ge",
                "adresse": "Voie de l'Ardenne 78",
                "cp": "4053",
                "ville": "Embourg",
                "courriel": "bibliotheques@chaudfontaine.be",
                "telephone": "04 361 56 69",
                "web": "https:\/\/www.facebook.com\/bibliothequecommunale.dechaudfontaine",
                "categorie": "biblioth\u00e8que locale",
                "thematiques_de_recherche": null,
                "commentaire": null,
                "fonds_specialises": null,
                "bce_ou_unite_d_etablissement": null
            }
        },
        {
            "type": "Feature",
            "geometry": {
                "type": "Point",
                "coordinates": [
                    3.40261355563,
                    50.6092015219
                ]
            },
            "properties": {
                "denomination": "Biblioth\u00e8que provinciale de Tournai",
                "province": "Hainaut",
                "adresse": "Boulevard des Combattants 78",
                "cp": "7500",
                "ville": "Tournai",
                "courriel": "bibprov_ty@hainaut.be",
                "telephone": "069 76 56 00",
                "web": "https:\/\/www.etudierenhainaut.be\/services\/bibliotheques\/tournai.html",
                "categorie": "biblioth\u00e8que locale",
                "thematiques_de_recherche": null,
                "commentaire": null,
                "fonds_specialises": null,
                "bce_ou_unite_d_etablissement": null
            }
        },
        {
            "type": "Feature",
            "geometry": {
                "type": "Point",
                "coordinates": [
                    5.51470346553,
                    50.674299885
                ]
            },
            "properties": {
                "denomination": "Biblioth\u00e8que d'Alleur",
                "province": "Li\u00e8ge",
                "adresse": "Rue des Messes 15-17",
                "cp": "4432",
                "ville": "Alleur",
                "courriel": "bibliotheque.alleur@ans-commune.be",
                "telephone": "04 247 73 57",
                "web": "https:\/\/www.ans-commune.be\/loisirs\/culture\/bibliotheques",
                "categorie": "implantation",
                "thematiques_de_recherche": null,
                "commentaire": "Implantation de la Biblioth\u00e8que locale communale d'Ans",
                "fonds_specialises": null,
                "bce_ou_unite_d_etablissement": "2.161.162.077"
            }
        },
        {
            "type": "Feature",
            "geometry": {
                "type": "Point",
                "coordinates": [
                    3.74412743632,
                    50.7384931111
                ]
            },
            "properties": {
                "denomination": "Biblioth\u00e8que Georges Deliz\u00e9e",
                "province": "Hainaut",
                "adresse": "Rue Georges Jouret 9c",
                "cp": "7880",
                "ville": "Flobecq",
                "courriel": "bibliothequeflo@hotmail.com",
                "telephone": "068 65 98 88",
                "web": "https:\/\/www.facebook.com\/Biblioth%C3%A8que-Georges-Deliz%C3%A9e-Flobecq-412719639460214\/",
                "categorie": "biblioth\u00e8que locale",
                "thematiques_de_recherche": null,
                "commentaire": null,
                "fonds_specialises": null,
                "bce_ou_unite_d_etablissement": "870.102.173"
            }
        },
        {
            "type": "Feature",
            "geometry": {
                "type": "Point",
                "coordinates": [
                    3.5313019355,
                    50.5097712761
                ]
            },
            "properties": {
                "denomination": "M\u00e9diath\u00e8que Communale Charles Deberghes (Wiers)",
                "province": "Hainaut",
                "adresse": "Rue Champ Delm\u00e9e 1",
                "cp": "7608",
                "ville": "Wiers",
                "courriel": "mediatheque@peruwelz.be",
                "telephone": "069 67 00 69",
                "web": "http:\/\/www.peruwelz.be\/",
                "categorie": "implantation",
                "thematiques_de_recherche": null,
                "commentaire": "implantation de la Biblioth\u00e8que locale communale de P\u00e9ruwelz",
                "fonds_specialises": null,
                "bce_ou_unite_d_etablissement": null
            }
        },
        {
            "type": "Feature",
            "geometry": {
                "type": "Point",
                "coordinates": [
                    3.32858878098,
                    50.5777109699
                ]
            },
            "properties": {
                "denomination": "Biblioth\u00e8que communale de Froidmont",
                "province": "Hainaut",
                "adresse": "Rue des Combattants 9",
                "cp": "7504",
                "ville": "Froidmont",
                "courriel": "bibliotheque@tournai.be",
                "telephone": "069 77 85 70",
                "web": "https:\/\/www.etudierenhainaut.be\/services\/bibliotheques\/tournai.html",
                "categorie": "implantation",
                "thematiques_de_recherche": null,
                "commentaire": "implantation de la Biblioth\u00e8que locale communale de Tournai",
                "fonds_specialises": null,
                "bce_ou_unite_d_etablissement": null
            }
        },
        {
            "type": "Feature",
            "geometry": {
                "type": "Point",
                "coordinates": [
                    4.36291520597,
                    50.6441819496
                ]
            },
            "properties": {
                "denomination": "Bibioth\u00e8que communale \"Armand Bernier\" de Lillois",
                "province": "Brabant wallon",
                "adresse": "Rue Ren\u00e9 Francq 7",
                "cp": "1428",
                "ville": "Lillois",
                "courriel": "bibliotheque@braine-lalleud.be",
                "telephone": "02 385 25 20",
                "web": "https:\/\/bibliotheque.braine-lalleud.be\/",
                "categorie": "implantation",
                "thematiques_de_recherche": null,
                "commentaire": "implantation de la Biblioth\u00e8que locale communale de Braine-l'Alleud",
                "fonds_specialises": null,
                "bce_ou_unite_d_etablissement": null
            }
        },
        {
            "type": "Feature",
            "geometry": {
                "type": "Point",
                "coordinates": [
                    3.30187752421,
                    50.7300866543
                ]
            },
            "properties": {
                "denomination": "Biblioth\u00e8que de Dottignies",
                "province": "Hainaut",
                "adresse": "Rue Julien Mullie 35",
                "cp": "7711",
                "ville": "Mouscron",
                "courriel": "dottignies@bibliotheque-mouscron.be",
                "telephone": "056 34 20 56",
                "web": "https:\/\/www.bibliotheque-mouscron.be",
                "categorie": "implantation",
                "thematiques_de_recherche": null,
                "commentaire": "implantation du R\u00e9seau des Biblioth\u00e8ques de Mouscron",
                "fonds_specialises": null,
                "bce_ou_unite_d_etablissement": null
            }
        },
        {
            "type": "Feature",
            "geometry": {
                "type": "Point",
                "coordinates": [
                    4.34637149302,
                    50.8469213857
                ]
            },
            "properties": {
                "denomination": "Biblioth\u00e8que centrale pour la R\u00e9gion de Bruxelles Capitale",
                "province": "Bruxelles-Capitale",
                "adresse": "Rue des Riches-Claires 24",
                "cp": "1000",
                "ville": "Bruxelles",
                "courriel": "bc.bxl@brucity.education",
                "telephone": "02 548 26 10",
                "web": "https:\/\/biblio.brussels\/iguana\/www.main.cls?surl=home",
                "categorie": "op\u00e9rateur d'appui",
                "thematiques_de_recherche": [
                    "Fonds professionnel"
                ],
                "commentaire": null,
                "fonds_specialises": [
                    "Biblioth\u00e9conomie- Fonds professionnel"
                ],
                "bce_ou_unite_d_etablissement": "2.160.352.029"
            }
        },
        {
            "type": "Feature",
            "geometry": {
                "type": "Point",
                "coordinates": [
                    4.31207639838,
                    50.8578329227
                ]
            },
            "properties": {
                "denomination": "Biblioth\u00e8que n\u00b02 de Molenbeek-Saint-Jean",
                "province": "Bruxelles-Capitale",
                "adresse": "Rue des B\u00e9guines 103",
                "cp": "1080",
                "ville": "Molenbeek-Saint-Jean",
                "courriel": "biblio.1080@molenbeek.irisnet.be",
                "telephone": "02 414 48 99",
                "web": "https:\/\/www.facebook.com\/BibliMolenbeek\/",
                "categorie": "biblioth\u00e8que locale",
                "thematiques_de_recherche": null,
                "commentaire": null,
                "fonds_specialises": null,
                "bce_ou_unite_d_etablissement": "2.160.346.089"
            }
        },
        {
            "type": "Feature",
            "geometry": {
                "type": "Point",
                "coordinates": [
                    4.20179965641,
                    50.461285821
                ]
            },
            "properties": {
                "denomination": "Biblioth\u00e8que de Haine-Saint-Pierre",
                "province": "Hainaut",
                "adresse": "Grand-Place",
                "cp": "7100",
                "ville": "La Louvi\u00e8re",
                "courriel": "bibliothequecommunale@lalouviere.be",
                "telephone": "064 26 01 41",
                "web": "https:\/\/bibliotheques.hainaut.be\/reseau-louvierois-de-lecture-publique-ville-haine-saint-pierre",
                "categorie": "implantation",
                "thematiques_de_recherche": [
                    "Fonds d'histoire locale, Fonds dialectal"
                ],
                "commentaire": "Biblioth\u00e8que du R\u00e9seau louvi\u00e9rois de Lecture publique",
                "fonds_specialises": [
                    "fonds d'histoire locale (Haine-Saint-Pierre), Fonds dialectal (wallon)"
                ],
                "bce_ou_unite_d_etablissement": null
            }
        },
        {
            "type": "Feature",
            "geometry": {
                "type": "Point",
                "coordinates": [
                    5.6548046914,
                    49.6125429326
                ]
            },
            "properties": {
                "denomination": "Biblioth\u00e8que locale de Saint-L\u00e9ger \"A livre ouvert\"",
                "province": "Luxembourg",
                "adresse": "Rue du Ch\u00e2teau 19",
                "cp": "6747",
                "ville": "Saint-L\u00e9ger",
                "courriel": "bibliotheque@saint-leger.be",
                "telephone": "063 58 99 24",
                "web": "https:\/\/www.bibliotheque-saint-leger.be\/",
                "categorie": "biblioth\u00e8que locale",
                "thematiques_de_recherche": null,
                "commentaire": null,
                "fonds_specialises": null,
                "bce_ou_unite_d_etablissement": "873.934.168"
            }
        },
        {
            "type": "Feature",
            "geometry": {
                "type": "Point",
                "coordinates": [
                    4.32211525219,
                    50.4360601121
                ]
            },
            "properties": {
                "denomination": "Biblioth\u00e8que communale \"Le march\u00e9 aux livres\"",
                "province": "Hainaut",
                "adresse": "Rue Neuve 27",
                "cp": "6141",
                "ville": "Forchies-la-Marche",
                "courriel": "bibliotheque@villedefontaine.be",
                "telephone": "071 54 26 51",
                "web": "http:\/\/bibliothequedefontaine-leveque.blogspot.com\/",
                "categorie": "implantation",
                "thematiques_de_recherche": null,
                "commentaire": "implantation de la biblioth\u00e8que de Fontaine-l'Ev\u00eaque \"La halle aux livres\"",
                "fonds_specialises": null,
                "bce_ou_unite_d_etablissement": "2.161.754.767"
            }
        },
        {
            "type": "Feature",
            "geometry": {
                "type": "Point",
                "coordinates": [
                    4.24262729323,
                    50.4995550656
                ]
            },
            "properties": {
                "denomination": "Biblioth\u00e8que Locale Communale A. Canonne",
                "province": "Hainaut",
                "adresse": "Avenue de Scailmont 96",
                "cp": "7170",
                "ville": "Manage",
                "courriel": "biblio@manage-commune.be",
                "telephone": "064 54 96 36",
                "web": "https:\/\/www.manage-commune.be\/education\/bibliotheques\/les-bibliotheques\/manage-1",
                "categorie": "biblioth\u00e8que locale",
                "thematiques_de_recherche": [
                    "Fonds d'histoire locale"
                ],
                "commentaire": null,
                "fonds_specialises": [
                    "fonds d'histoire locale (Manage)"
                ],
                "bce_ou_unite_d_etablissement": "2.160.035.095"
            }
        },
        {
            "type": "Feature",
            "geometry": {
                "type": "Point",
                "coordinates": [
                    4.36076893384,
                    50.5265798402
                ]
            },
            "properties": {
                "denomination": "Biblioth\u00e8que d'Obaix",
                "province": null,
                "adresse": "Rue du Village 78",
                "cp": "6230",
                "ville": "Obaix",
                "courriel": "bibliotheque@pontacelles.be",
                "telephone": "071 84 46 51",
                "web": "https:\/\/bibliothequepontacelles.wordpress.com\/",
                "categorie": "implantation",
                "thematiques_de_recherche": null,
                "commentaire": "implantation de la Biblioth\u00e8que locale communale de Pont-\u00e0-Celles",
                "fonds_specialises": null,
                "bce_ou_unite_d_etablissement": null
            }
        },
        {
            "type": "Feature",
            "geometry": {
                "type": "Point",
                "coordinates": [
                    3.44553696393,
                    50.6531339418
                ]
            },
            "properties": {
                "denomination": "Biblioth\u00e8que communale de Mourcourt",
                "province": "Hainaut",
                "adresse": "Rue du Vieux Comt\u00e9 53",
                "cp": "7543",
                "ville": "Mourcourt",
                "courriel": "bibliotheque@tournai.be",
                "telephone": "069 84 53 11",
                "web": "https:\/\/www.etudierenhainaut.be\/services\/bibliotheques\/tournai.html",
                "categorie": "implantation",
                "thematiques_de_recherche": null,
                "commentaire": "implantation de la Biblioth\u00e8que locale communale de Tournai",
                "fonds_specialises": null,
                "bce_ou_unite_d_etablissement": null
            }
        },
        {
            "type": "Feature",
            "geometry": {
                "type": "Point",
                "coordinates": [
                    4.08299166054,
                    50.6913934827
                ]
            },
            "properties": {
                "denomination": "Biblioth\u00e8que Petit-Enghien",
                "province": "Hainaut",
                "adresse": "Place 1",
                "cp": "7850",
                "ville": "Petit-Enghien",
                "courriel": "bibliotheque@enghien-edingen.be",
                "telephone": null,
                "web": "https:\/\/www.enghien-edingen.be\/fr\/ma-ville\/services-communaux\/bibliotheque\/bibliotheque",
                "categorie": "implantation",
                "thematiques_de_recherche": null,
                "commentaire": "implantation de la Biblioth\u00e8ques locale communale d'Enghien",
                "fonds_specialises": null,
                "bce_ou_unite_d_etablissement": null
            }
        },
        {
            "type": "Feature",
            "geometry": {
                "type": "Point",
                "coordinates": [
                    5.61734048174,
                    50.7083707139
                ]
            },
            "properties": {
                "denomination": "Biblioth\u00e8que communale de Herm\u00e9e",
                "province": "Li\u00e8ge",
                "adresse": "Rue Fexhe-Slins 18a",
                "cp": "4680",
                "ville": "Herm\u00e9e",
                "courriel": "biblio.hermee@skynet.be",
                "telephone": "04 278 00 07",
                "web": "https:\/\/www.oupeye.be\/ma-commune\/services-communaux\/bibliotheques-1",
                "categorie": "implantation",
                "thematiques_de_recherche": null,
                "commentaire": "implantation de la Biblioth\u00e8que locale communale d'Oupeye",
                "fonds_specialises": null,
                "bce_ou_unite_d_etablissement": null
            }
        },
        {
            "type": "Feature",
            "geometry": {
                "type": "Point",
                "coordinates": [
                    4.48944393654,
                    50.7314112888
                ]
            },
            "properties": {
                "denomination": "Biblioth\u00e8que locale communale de La Hulpe Will",
                "province": "Brabant wallon",
                "adresse": "Rue des Combattants 57",
                "cp": "1310",
                "ville": "La Hulpe",
                "courriel": "bibliolahulpe@gmail.com",
                "telephone": "02 633 12 24",
                "web": "https:\/\/bibliolahulpe.org\/",
                "categorie": "biblioth\u00e8que locale",
                "thematiques_de_recherche": null,
                "commentaire": null,
                "fonds_specialises": null,
                "bce_ou_unite_d_etablissement": null
            }
        },
        {
            "type": "Feature",
            "geometry": {
                "type": "Point",
                "coordinates": [
                    4.41637165531,
                    50.7999921984
                ]
            },
            "properties": {
                "denomination": "Biblioth\u00e8que des Trois Tilleuls",
                "province": "Bruxelles-Capitale",
                "adresse": "Rue des Trois Tilleuls 32",
                "cp": "1170",
                "ville": "Watermael-Boitsfort",
                "courriel": "bib.francophone@wb1170.brussels",
                "telephone": "02 660 07 94",
                "web": "http:\/\/www.biblioludowb.be\/blog\/",
                "categorie": "biblioth\u00e8que locale",
                "thematiques_de_recherche": null,
                "commentaire": null,
                "fonds_specialises": null,
                "bce_ou_unite_d_etablissement": "2.160.935.118"
            }
        },
        {
            "type": "Feature",
            "geometry": {
                "type": "Point",
                "coordinates": [
                    4.33909386006,
                    50.8054119968
                ]
            },
            "properties": {
                "denomination": "Biblioth\u00e8que du Centre (Uccle)",
                "province": "Bruxelles-Capitale",
                "adresse": "Rue du Doyenn\u00e9 64",
                "cp": "1180",
                "ville": "Uccle",
                "courriel": "bibcentre@uccle.brussels",
                "telephone": "02 348 65 29",
                "web": "http:\/\/bibucclecentre.blogspot.com\/",
                "categorie": "implantation",
                "thematiques_de_recherche": null,
                "commentaire": "Implantation de la Biblioth\u00e8que locale communale d'Uccle",
                "fonds_specialises": null,
                "bce_ou_unite_d_etablissement": null
            }
        },
        {
            "type": "Feature",
            "geometry": {
                "type": "Point",
                "coordinates": [
                    5.0219971898,
                    49.938606911
                ]
            },
            "properties": {
                "denomination": "Biblioth\u00e8que communale de Bi\u00e8vre",
                "province": "Namur",
                "adresse": "Rue de Bouillon 26b",
                "cp": "5555",
                "ville": "Bi\u00e8vre",
                "courriel": "bibliotheque@bievre.be",
                "telephone": "061 23 01 10",
                "web": "https:\/\/www.facebook.com\/bibliobievre",
                "categorie": "biblioth\u00e8que locale",
                "thematiques_de_recherche": [
                    "Fonds d'histoire locale, Personne\/auteur"
                ],
                "commentaire": null,
                "fonds_specialises": [
                    "Centre de documentation historique sur Bi\u00e8vre, Fonds Boris Vian"
                ],
                "bce_ou_unite_d_etablissement": null
            }
        },
        {
            "type": "Feature",
            "geometry": {
                "type": "Point",
                "coordinates": [
                    4.40861048108,
                    50.841865843
                ]
            },
            "properties": {
                "denomination": "Biblioth\u00e8que publique locale de Woluwe-Saint-Lambert (Saint-Henri)",
                "province": "Bruxelles-Capitale",
                "adresse": "Rue Saint-Henri 62",
                "cp": "1200",
                "ville": "Woluwe-Saint-Lambert",
                "courriel": "info@biblio1200.be",
                "telephone": "02 735 28 64",
                "web": "http:\/\/www.biblio1200.be\/",
                "categorie": "biblioth\u00e8que locale",
                "thematiques_de_recherche": [
                    "Musique, Fonds pour personnes mal-voyantes -Litt\u00e9rature en grands caract\u00e8res"
                ],
                "commentaire": null,
                "fonds_specialises": [
                    "Musicologie, Livres audio, Litt\u00e9rature en grands caract\u00e8res"
                ],
                "bce_ou_unite_d_etablissement": "442.203.303"
            }
        },
        {
            "type": "Feature",
            "geometry": {
                "type": "Point",
                "coordinates": [
                    4.86276652287,
                    50.4728147383
                ]
            },
            "properties": {
                "denomination": "Baie des tecks",
                "province": "Namur",
                "adresse": "Traverse des Muses 17",
                "cp": "5000",
                "ville": "Namur",
                "courriel": "baiedestecks@skynet.be",
                "telephone": "081 74 49 05",
                "web": "https:\/\/www.namur.be\/fr\/loisirs\/culture\/lectures\/bibliotheques\/bibliotheques-du-reseau\/baie-des-tecks",
                "categorie": "biblioth\u00e8que locale",
                "thematiques_de_recherche": null,
                "commentaire": "biblioth\u00e8que du R\u00e9seau Namurois de Lecture publique",
                "fonds_specialises": null,
                "bce_ou_unite_d_etablissement": "864.127.765"
            }
        },
        {
            "type": "Feature",
            "geometry": {
                "type": "Point",
                "coordinates": [
                    5.06807201007,
                    49.7923732895
                ]
            },
            "properties": {
                "denomination": "Biblioth\u00e8que locale communale de Bouillon",
                "province": "Luxembourg",
                "adresse": "Rue du Coll\u00e8ge 29",
                "cp": "6830",
                "ville": "Bouillon",
                "courriel": "bibliotheque@bouillon.be",
                "telephone": "061 22 48 71",
                "web": "https:\/\/www.bouillon.be\/annuaire\/administration-communale\/bibliotheque",
                "categorie": "biblioth\u00e8que locale",
                "thematiques_de_recherche": null,
                "commentaire": null,
                "fonds_specialises": null,
                "bce_ou_unite_d_etablissement": null
            }
        },
        {
            "type": "Feature",
            "geometry": {
                "type": "Point",
                "coordinates": [
                    4.91629002496,
                    50.2558588463
                ]
            },
            "properties": {
                "denomination": "Biblioth\u00e8que communale \"Adolphe Sax\" de Dinant",
                "province": "Namur",
                "adresse": "Rue L\u00e9opold 1-3 bte 11",
                "cp": "5500",
                "ville": "Dinant",
                "courriel": "bibliotheque.communale@dinant.be",
                "telephone": "082 40 48 55",
                "web": "http:\/\/www.dinant.be\/culture\/bibliotheque",
                "categorie": "biblioth\u00e8que locale",
                "thematiques_de_recherche": [
                    "Fonds d'histoire locale et r\u00e9gionale"
                ],
                "commentaire": null,
                "fonds_specialises": [
                    "Fonds d'histoire locale et r\u00e9gionale (Dinant)"
                ],
                "bce_ou_unite_d_etablissement": "2.162.078.332"
            }
        },
        {
            "type": "Feature",
            "geometry": {
                "type": "Point",
                "coordinates": [
                    5.40367764216,
                    50.5836107795
                ]
            },
            "properties": {
                "denomination": "R\u00e9seau local de la Lecture publique d'Engis",
                "province": "Li\u00e8ge",
                "adresse": "Rue Reine Astrid 6",
                "cp": "4480",
                "ville": "Engis",
                "courriel": null,
                "telephone": "04 222 35 78",
                "web": "https:\/\/www.facebook.com\/biblioengis\/",
                "categorie": "biblioth\u00e8que locale",
                "thematiques_de_recherche": null,
                "commentaire": null,
                "fonds_specialises": null,
                "bce_ou_unite_d_etablissement": null
            }
        },
        {
            "type": "Feature",
            "geometry": {
                "type": "Point",
                "coordinates": [
                    5.14499151561,
                    50.6206710982
                ]
            },
            "properties": {
                "denomination": "Biblioth\u00e8que publique de Braives",
                "province": null,
                "adresse": "Chemin du Via 20",
                "cp": "4260",
                "ville": "Braives",
                "courriel": "bibliotheque.braives@gmail.com",
                "telephone": "019 54 92 55",
                "web": "https:\/\/www.braives.be\/loisirs\/culture\/bibliotheque-bibliobus\/bibliotheque",
                "categorie": "implantation",
                "thematiques_de_recherche": null,
                "commentaire": "implantation du R\u00e9seau de lecture publique Burdinale-Mehaigne",
                "fonds_specialises": null,
                "bce_ou_unite_d_etablissement": "2.158.977.302"
            }
        },
        {
            "type": "Feature",
            "geometry": {
                "type": "Point",
                "coordinates": [
                    5.52979886163,
                    49.5669803231
                ]
            },
            "properties": {
                "denomination": "Biblioth\u00e8que communale de Virton - Biblionef",
                "province": "Luxembourg",
                "adresse": "Esplanade de l'Avenue Bouvier 4a",
                "cp": "6760",
                "ville": "Virton",
                "courriel": "bibliotheque.locale.virton@province.luxembourg.be",
                "telephone": "063 24 06 90",
                "web": "https:\/\/biblionef.blogspot.com\/",
                "categorie": "biblioth\u00e8que locale",
                "thematiques_de_recherche": [
                    "Fonds d'histoire locale et r\u00e9gionale"
                ],
                "commentaire": null,
                "fonds_specialises": [
                    "Fonds  local et r\u00e9gional  (Gaume)"
                ],
                "bce_ou_unite_d_etablissement": null
            }
        },
        {
            "type": "Feature",
            "geometry": {
                "type": "Point",
                "coordinates": [
                    5.93169364846,
                    50.5168001929
                ]
            },
            "properties": {
                "denomination": "Biblioth\u00e8que de Sart",
                "province": "Li\u00e8ge",
                "adresse": "Rue Fran\u00e7ois Michoel, 164 A",
                "cp": "4845",
                "ville": "Jalhay",
                "courriel": "bibliotheque.sart@jalhay.be",
                "telephone": "087 29 90 24",
                "web": "https:\/\/www.facebook.com\/bibliothequejalhaysart\/",
                "categorie": "implantation",
                "thematiques_de_recherche": null,
                "commentaire": "implantation du R\u00e9seau de Lecture publique de Jalhay",
                "fonds_specialises": null,
                "bce_ou_unite_d_etablissement": "2.159.656.203"
            }
        },
        {
            "type": "Feature",
            "geometry": {
                "type": "Point",
                "coordinates": [
                    5.53624139917,
                    50.5713834463
                ]
            },
            "properties": {
                "denomination": "Biblioth\u00e8que de Boncelles",
                "province": "Li\u00e8ge",
                "adresse": "Avenue du Gerbier 6",
                "cp": "4100",
                "ville": "Boncelles",
                "courriel": "bibliotheques@seraing.be",
                "telephone": "04 336 21 69",
                "web": "http:\/\/www.seraing.be\/les-services-communaux\/services-delocalises\/bibliotheques\/bibliotheque-de-boncelles\/",
                "categorie": "implantation",
                "thematiques_de_recherche": null,
                "commentaire": "implantation de la Biblioth\u00e8que Principale du Jardin perdu",
                "fonds_specialises": null,
                "bce_ou_unite_d_etablissement": "2.159.754.092"
            }
        },
        {
            "type": "Feature",
            "geometry": {
                "type": "Point",
                "coordinates": [
                    3.48149954675,
                    50.5958016709
                ]
            },
            "properties": {
                "denomination": "Biblioth\u00e8que communale de Gaurain",
                "province": "Hainaut",
                "adresse": "Grand Route 145",
                "cp": "7530",
                "ville": "Gaurain-Ramecroix",
                "courriel": "bibliotheque@tournai.be",
                "telephone": "069 53 21 10",
                "web": "https:\/\/www.etudierenhainaut.be\/services\/bibliotheques\/tournai.html",
                "categorie": "implantation",
                "thematiques_de_recherche": null,
                "commentaire": "implantation de la Biblioth\u00e8que locale communale de Tournai",
                "fonds_specialises": null,
                "bce_ou_unite_d_etablissement": null
            }
        },
        {
            "type": "Feature",
            "geometry": {
                "type": "Point",
                "coordinates": [
                    4.32214481416,
                    50.597956838
                ]
            },
            "properties": {
                "denomination": "Biblioth\u00e8que publique centrale de la Communaut\u00e9 fran\u00e7aise",
                "province": "Brabant wallon",
                "adresse": "Place Albert 1er 1",
                "cp": "1400",
                "ville": "Nivelles",
                "courriel": "info.escapages@cfwb.be",
                "telephone": "067 89 35 89",
                "web": "http:\/\/www.escapages.cfwb.be\/",
                "categorie": "op\u00e9rateur d'appui",
                "thematiques_de_recherche": [
                    "Fonds r\u00e9gional patrimonial, \u00c9galit\u00e9 des genres\/diversit\u00e9s, Sur les chemins (voyages), Fonds  professionnel, Fonds dialectal, Fonds Jeunesse-historique, Litt\u00e9rature belge francophone, Livres en multi-exemplaires, Jeux, Livres interactifs ou aux formes particuli\u00e8res, Contes"
                ],
                "commentaire": null,
                "fonds_specialises": [
                    "Fonds r\u00e9gional patrimonial (Brabant wallon),  Contes, \u00c9galit\u00e9 des genres, Diversit\u00e9, Sur les chemins (voyages), Biblioth\u00e9conomie, Fonds dialectal,  patrimoine jeunesse, litt\u00e9rature belge francophone, livres en multi-exemplaires, jeux didactiques, Kamishibais"
                ],
                "bce_ou_unite_d_etablissement": "2.143.345.454"
            }
        },
        {
            "type": "Feature",
            "geometry": {
                "type": "Point",
                "coordinates": [
                    5.52193046475,
                    50.6012706634
                ]
            },
            "properties": {
                "denomination": "Biblioth\u00e8que des Six-Bonniers",
                "province": "Li\u00e8ge",
                "adresse": "Rue Paquay 51",
                "cp": "4100",
                "ville": "Seraing",
                "courriel": "bibliotheques@seraing.be",
                "telephone": "04 336 26 48",
                "web": "https:\/\/www.seraing.be\/les-services-communaux\/services-delocalises\/bibliotheques\/bibliotheque-des-six-bonniers\/",
                "categorie": "implantation",
                "thematiques_de_recherche": null,
                "commentaire": "implantation de la Biblioth\u00e8que Principale du Jardin perdu",
                "fonds_specialises": null,
                "bce_ou_unite_d_etablissement": "2.159.753.696"
            }
        },
        {
            "type": "Feature",
            "geometry": {
                "type": "Point",
                "coordinates": [
                    5.85830153732,
                    50.7064936633
                ]
            },
            "properties": {
                "denomination": "Biblioth\u00e8que locale communale d'Aubel",
                "province": "Li\u00e8ge",
                "adresse": "Place Albert Ier 8A",
                "cp": "4880",
                "ville": "Aubel",
                "courriel": "bibliotheque@aubel.be",
                "telephone": "087 68 72 00",
                "web": "https:\/\/www.aubel.be\/fr\/loisirs\/culture\/bibliotheque",
                "categorie": "biblioth\u00e8que locale",
                "thematiques_de_recherche": null,
                "commentaire": null,
                "fonds_specialises": null,
                "bce_ou_unite_d_etablissement": "2.158.705.504"
            }
        },
        {
            "type": "Feature",
            "geometry": {
                "type": "Point",
                "coordinates": [
                    4.50013955818,
                    50.7164821919
                ]
            },
            "properties": {
                "denomination": "Biblioth\u00e8que locale communale de Rixensart",
                "province": "Brabant wallon",
                "adresse": "Place communale 1",
                "cp": "1332",
                "ville": "Genval",
                "courriel": "genval@bibliorix.be",
                "telephone": "02 653 40 47",
                "web": "http:\/\/www.bibliorix.be\/",
                "categorie": "biblioth\u00e8que locale",
                "thematiques_de_recherche": null,
                "commentaire": null,
                "fonds_specialises": null,
                "bce_ou_unite_d_etablissement": "207.277.617"
            }
        },
        {
            "type": "Feature",
            "geometry": {
                "type": "Point",
                "coordinates": [
                    5.69474151484,
                    50.7362848169
                ]
            },
            "properties": {
                "denomination": "R\u00e9seau vis\u00e9tois de la Lecture publique",
                "province": "Li\u00e8ge",
                "adresse": "Rue du Coll\u00e8ge 31",
                "cp": "4600",
                "ville": "Vis\u00e9",
                "courriel": "bib.communale@vise.be",
                "telephone": "04 374 85 57",
                "web": "https:\/\/www.facebook.com\/bibliothequesdevise\/",
                "categorie": "biblioth\u00e8que locale",
                "thematiques_de_recherche": null,
                "commentaire": null,
                "fonds_specialises": null,
                "bce_ou_unite_d_etablissement": "2.186.877.272"
            }
        },
        {
            "type": "Feature",
            "geometry": {
                "type": "Point",
                "coordinates": [
                    4.34175073344,
                    50.7805597356
                ]
            },
            "properties": {
                "denomination": "Biblioth\u00e8que du Homborch",
                "province": "Bruxelles-Capitale",
                "adresse": "Homborchveld 30",
                "cp": "1180",
                "ville": "Uccle",
                "courriel": "bibliothequeduhomborch@uccle.brussels",
                "telephone": "02 374 19 25",
                "web": "http:\/\/www.bibli-uccle.irisnet.be\/homborch\/accueil.php",
                "categorie": "implantation",
                "thematiques_de_recherche": null,
                "commentaire": "Implantation de la Biblioth\u00e8que locale communale d'Uccle",
                "fonds_specialises": null,
                "bce_ou_unite_d_etablissement": null
            }
        },
        {
            "type": "Feature",
            "geometry": {
                "type": "Point",
                "coordinates": [
                    4.41596129838,
                    50.7976404614
                ]
            },
            "properties": {
                "denomination": "Maison des Enfants de Watermael-Boitsfort",
                "province": "Bruxelles-Capitale",
                "adresse": "Hondenberg 1",
                "cp": "1170",
                "ville": "Watermael-Boitsfort",
                "courriel": "bib.francophone1170@wb.irisnet.be",
                "telephone": "02 673 69 80",
                "web": "http:\/\/www.biblioludowb.be\/blog\/",
                "categorie": "biblioth\u00e8que locale",
                "thematiques_de_recherche": null,
                "commentaire": null,
                "fonds_specialises": null,
                "bce_ou_unite_d_etablissement": "2.160.935.415"
            }
        },
        {
            "type": "Feature",
            "geometry": {
                "type": "Point",
                "coordinates": [
                    4.43433888482,
                    50.8380337818
                ]
            },
            "properties": {
                "denomination": "EQLA de Bruxelles ASBL",
                "province": "Bruxelles-Capitale",
                "adresse": "Boulevard de la Woluwe 34 bte 1",
                "cp": "1200",
                "ville": "Woluwe-Saint-Lambert",
                "courriel": "bibliotheque@ekla.be",
                "telephone": "02 240 79 96",
                "web": "https:\/\/eqla.be\/offre-culturelle\/bibliotheque\/",
                "categorie": "biblioth\u00e8que sp\u00e9ciale",
                "thematiques_de_recherche": null,
                "commentaire": null,
                "fonds_specialises": null,
                "bce_ou_unite_d_etablissement": "406.570.550"
            }
        },
        {
            "type": "Feature",
            "geometry": {
                "type": "Point",
                "coordinates": [
                    4.36984794071,
                    50.8469207398
                ]
            },
            "properties": {
                "denomination": "Espace C\u00e9saire",
                "province": "Bruxelles-Capitale",
                "adresse": "Avenue des Arts 19F",
                "cp": "1000",
                "ville": "Bruxelles",
                "courriel": "info@cec-ong.org",
                "telephone": "02 217 90 71",
                "web": "https:\/\/espacecesaire.wordpress.com\/",
                "categorie": "biblioth\u00e8que locale",
                "thematiques_de_recherche": null,
                "commentaire": null,
                "fonds_specialises": null,
                "bce_ou_unite_d_etablissement": null
            }
        },
        {
            "type": "Feature",
            "geometry": {
                "type": "Point",
                "coordinates": [
                    4.39988118478,
                    50.8482158423
                ]
            },
            "properties": {
                "denomination": "Biblioth\u00e8que Thomas Owen",
                "province": "Bruxelles-Capitale",
                "adresse": "Avenue de Roodebeek, 111",
                "cp": "1030",
                "ville": "Schaerbeek",
                "courriel": "bibliotheque@schaerbeek.irisnet.be",
                "telephone": "02 735 73 56",
                "web": "https:\/\/www.facebook.com\/biblioschaerbeek",
                "categorie": "implantation",
                "thematiques_de_recherche": null,
                "commentaire": "Implantation de la Biblioth\u00e8que locale communale de Schaerbeek - S\u00e9same",
                "fonds_specialises": null,
                "bce_ou_unite_d_etablissement": "2.161.593.233"
            }
        },
        {
            "type": "Feature",
            "geometry": {
                "type": "Point",
                "coordinates": [
                    4.37839256955,
                    50.8486822616
                ]
            },
            "properties": {
                "denomination": "Biblioth\u00e8que Adolphe Max",
                "province": "Bruxelles-Capitale",
                "adresse": "Rue des Eburons 11",
                "cp": "1000",
                "ville": "Bruxelles",
                "courriel": "bib.amax@brucity.education",
                "telephone": "02 230 52 78",
                "web": "https:\/\/biblio.brussels\/iguana\/www.main.cls?surl=bruxelles_bibliotheque_adolphe_max",
                "categorie": "biblioth\u00e8que locale",
                "thematiques_de_recherche": null,
                "commentaire": null,
                "fonds_specialises": null,
                "bce_ou_unite_d_etablissement": "2.160.353.910"
            }
        },
        {
            "type": "Feature",
            "geometry": {
                "type": "Point",
                "coordinates": [
                    4.25858001187,
                    50.5303003261
                ]
            },
            "properties": {
                "denomination": "Biblioth\u00e8que locale communale de Seneffe",
                "province": "Hainaut",
                "adresse": "Place Penne d'Agenais 8",
                "cp": "7180",
                "ville": "Seneffe",
                "courriel": "biblio@seneffe.be",
                "telephone": "064 52 17 87",
                "web": "https:\/\/www.facebook.com\/bibliothequesdeseneffe\/",
                "categorie": "biblioth\u00e8que locale",
                "thematiques_de_recherche": [
                    "Fonds d'histoire locale"
                ],
                "commentaire": null,
                "fonds_specialises": [
                    "Fonds d'histoire locale (Seneffe)"
                ],
                "bce_ou_unite_d_etablissement": null
            }
        },
        {
            "type": "Feature",
            "geometry": {
                "type": "Point",
                "coordinates": [
                    5.48567971431,
                    50.5968477343
                ]
            },
            "properties": {
                "denomination": "Biblioth\u00e8que du Val Saint Lambert",
                "province": "Li\u00e8ge",
                "adresse": "Rue J. Deprez",
                "cp": "4100",
                "ville": "Seraing",
                "courriel": "bibliotheques@seraing.be",
                "telephone": "04 337 66 98",
                "web": "https:\/\/www.seraing.be\/les-services-communaux\/services-delocalises\/bibliotheques\/bibliotheque-du-val-saint-lambert\/",
                "categorie": "implantation",
                "thematiques_de_recherche": null,
                "commentaire": "implantation de la Biblioth\u00e8que Principale du Jardin perdu",
                "fonds_specialises": null,
                "bce_ou_unite_d_etablissement": "2.159.755.577"
            }
        },
        {
            "type": "Feature",
            "geometry": {
                "type": "Point",
                "coordinates": [
                    5.51865590411,
                    50.6333396328
                ]
            },
            "properties": {
                "denomination": "Biblioth\u00e8que Emile Jeanne",
                "province": "Li\u00e8ge",
                "adresse": "Rue Emile Jeanne 65",
                "cp": "4420",
                "ville": "Saint-Nicolas",
                "courriel": "bibliotheques@saint-nicolas.be",
                "telephone": "04 267 14 58",
                "web": "https:\/\/www.saint-nicolas.be\/vie-communale\/vie-pratique\/sous-section2",
                "categorie": "implantation",
                "thematiques_de_recherche": null,
                "commentaire": "implantation de la Biblioth\u00e8que de Saint-Nicolas",
                "fonds_specialises": null,
                "bce_ou_unite_d_etablissement": null
            }
        },
        {
            "type": "Feature",
            "geometry": {
                "type": "Point",
                "coordinates": [
                    3.51031870424,
                    50.6344981339
                ]
            },
            "properties": {
                "denomination": "Biblioth\u00e8que communale\u00a0de Thimougies",
                "province": "Hainaut",
                "adresse": "Place de Thimougies 15",
                "cp": "7533",
                "ville": "Thimougies",
                "courriel": "bibliotheque@tournai.be",
                "telephone": "069 35 30 99",
                "web": "https:\/\/www.etudierenhainaut.be\/services\/bibliotheques\/tournai.html",
                "categorie": "implantation",
                "thematiques_de_recherche": null,
                "commentaire": "implantation de la Biblioth\u00e8que locale communale de Tournai",
                "fonds_specialises": null,
                "bce_ou_unite_d_etablissement": null
            }
        },
        {
            "type": "Feature",
            "geometry": {
                "type": "Point",
                "coordinates": [
                    4.13220856194,
                    50.6636898476
                ]
            },
            "properties": {
                "denomination": "Biblioth\u00e8que communale de Rebecq",
                "province": "Brabant wallon",
                "adresse": "Ruelle du Tonnelier 4",
                "cp": "1430",
                "ville": "Rebecq",
                "courriel": "bibliotheque@rebecq.be",
                "telephone": "067 63 62 25",
                "web": "http:\/\/www.rebecq-bibliotheque.be\/",
                "categorie": "biblioth\u00e8que locale",
                "thematiques_de_recherche": null,
                "commentaire": null,
                "fonds_specialises": null,
                "bce_ou_unite_d_etablissement": null
            }
        },
        {
            "type": "Feature",
            "geometry": {
                "type": "Point",
                "coordinates": [
                    4.38808098931,
                    50.8293876292
                ]
            },
            "properties": {
                "denomination": "Biblioth\u00e8que Culture & Loisirs",
                "province": "Bruxelles-Capitale",
                "adresse": "Rue Nothomb 50",
                "cp": "1040",
                "ville": "Etterbeek",
                "courriel": "bibcl.sa@gmail.com",
                "telephone": null,
                "web": "http:\/\/catalogue.bibcentrale-bxl.be\/iguana\/www.main.cls?p=*&v=e2c7361f-1f06-4220-908b-491294ccb838",
                "categorie": "implantation",
                "thematiques_de_recherche": null,
                "commentaire": "implantation de la Biblioth\u00e8que locale communale d'Etterbeek - Herg\u00e9",
                "fonds_specialises": null,
                "bce_ou_unite_d_etablissement": "478.689.951"
            }
        },
        {
            "type": "Feature",
            "geometry": {
                "type": "Point",
                "coordinates": [
                    4.4376354071,
                    50.8486146293
                ]
            },
            "properties": {
                "denomination": "Biblioth\u00e8que Temps Libre",
                "province": "Bruxelles-Capitale",
                "adresse": "Place du Temps Libre 7",
                "cp": "1200",
                "ville": "Woluwe-Saint-Lambert",
                "courriel": "info@biblio1200.be",
                "telephone": "02 772 47 58",
                "web": "http:\/\/www.biblio1200.be\/",
                "categorie": "implantation",
                "thematiques_de_recherche": null,
                "commentaire": "Implantation de la Biblioth\u00e8que publique locale de Woluwe-Saint-Lambert (Saint-Henri)",
                "fonds_specialises": null,
                "bce_ou_unite_d_etablissement": null
            }
        },
        {
            "type": "Feature",
            "geometry": {
                "type": "Point",
                "coordinates": [
                    4.38366483389,
                    50.8703419637
                ]
            },
            "properties": {
                "denomination": "Biblioth\u00e8que locale communale de Schaerbeek - S\u00e9same",
                "province": "Bruxelles-Capitale",
                "adresse": "Boulevard Lambermont 200",
                "cp": "1030",
                "ville": "Schaerbeek",
                "courriel": "bibliotheque@schaerbeek.irisnet.be",
                "telephone": "02 240 43 70",
                "web": "http:\/\/www.mabiblio.be\/",
                "categorie": "biblioth\u00e8que locale",
                "thematiques_de_recherche": null,
                "commentaire": null,
                "fonds_specialises": null,
                "bce_ou_unite_d_etablissement": "2.161.592.936"
            }
        },
        {
            "type": "Feature",
            "geometry": {
                "type": "Point",
                "coordinates": [
                    4.65604750086,
                    50.3242891206
                ]
            },
            "properties": {
                "denomination": "Biblioth\u00e8que locale communale de Mettet",
                "province": "Namur",
                "adresse": "Place L\u00e9on Colin 11a",
                "cp": "5640",
                "ville": "Mettet",
                "courriel": "bibmettet@hotmail.com",
                "telephone": "071 72 50 72",
                "web": "https:\/\/www.facebook.com\/Mettet-livres-en-mains-204233582979859\/",
                "categorie": "biblioth\u00e8que locale",
                "thematiques_de_recherche": [
                    "Fonds d'histoire locale et r\u00e9gionale, Fonds pour personnes mal-voyantes -Litt\u00e9rature en grands caract\u00e8res"
                ],
                "commentaire": "biblioth\u00e8que du R\u00e9seau Namurois de Lecture publique",
                "fonds_specialises": [
                    "Fonds d'histoire locale et r\u00e9gionale (Mettet et ses villages), Fonds livres en grands caract\u00e8res (lecture confort)"
                ],
                "bce_ou_unite_d_etablissement": null
            }
        },
        {
            "type": "Feature",
            "geometry": {
                "type": "Point",
                "coordinates": [
                    4.37795155504,
                    50.3774358907
                ]
            },
            "properties": {
                "denomination": "Biblioth\u00e8que communale \"L'envol des mots\" de Montigny-le-Tilleul",
                "province": "Hainaut",
                "adresse": "Rue Wilmet 5",
                "cp": "6110",
                "ville": "Montigny-le-Tilleul",
                "courriel": "bibliotheque@montigny-le-tilleul.be",
                "telephone": "071 51 12 31",
                "web": "https:\/\/www.montigny-le-tilleul.be\/loisirs\/culture\/bibliotheque\/lenvol-des-mots",
                "categorie": "biblioth\u00e8que locale",
                "thematiques_de_recherche": [
                    "Fonds jeunesse-petite enfance, Jeux"
                ],
                "commentaire": null,
                "fonds_specialises": [
                    "Fonds de livres pour les b\u00e9b\u00e9s (0-3 ans), Fonds de jeux"
                ],
                "bce_ou_unite_d_etablissement": null
            }
        },
        {
            "type": "Feature",
            "geometry": {
                "type": "Point",
                "coordinates": [
                    3.37942834509,
                    50.6050605404
                ]
            },
            "properties": {
                "denomination": "Biblioth\u00e8que locale communale de Tournai",
                "province": "Hainaut",
                "adresse": "Avenue des Fr\u00e8res Rimbaut 2",
                "cp": "7500",
                "ville": "Tournai",
                "courriel": "bibliotheque@tournai.be",
                "telephone": "069 25 30 90",
                "web": "https:\/\/www.tournai.be\/vivre-ma-ville\/bibliotheque-communale.html",
                "categorie": "biblioth\u00e8que locale",
                "thematiques_de_recherche": [
                    "Fonds d'histoire locale et r\u00e9gionale, Arts, Fonds dialectal, Manuscrits, Po\u00e9sie, Personne\/auteur, fonds patrimonial"
                ],
                "commentaire": null,
                "fonds_specialises": [
                    "Fonds d'histoire locale et r\u00e9gionale (Tournai), Livres des biblioth\u00e8ques des mus\u00e9es de la ville, Fonds dialectale (picard), Manuscrits, Fonds Po\u00e9sie, Fonds Roger de Le Pasture, R\u00e9serve pr\u00e9cieuse"
                ],
                "bce_ou_unite_d_etablissement": null
            }
        },
        {
            "type": "Feature",
            "geometry": {
                "type": "Point",
                "coordinates": [
                    5.52186042498,
                    50.5425354664
                ]
            },
            "properties": {
                "denomination": "Centre de Lecture Renaud Strivay",
                "province": "Li\u00e8ge",
                "adresse": "Rue du Centre 50 C",
                "cp": "4121",
                "ville": "Neupr\u00e9",
                "courriel": "bibliotheques@neupre.be",
                "telephone": "04 371 44 86",
                "web": "https:\/\/www.neupre.be\/neupre",
                "categorie": "implantation",
                "thematiques_de_recherche": [
                    "Fonds d'histoire locale, Ouvrages p\u00e9dagogiques _ Litt\u00e9rature en langues \u00e9trang\u00e8res"
                ],
                "commentaire": "implantation des Biblioth\u00e8ques communales de Neupr\u00e9",
                "fonds_specialises": [
                    "Fonds d'histoire locale (Neupr\u00e9), Fonds d'apprentissage en langue anglaise"
                ],
                "bce_ou_unite_d_etablissement": null
            }
        },
        {
            "type": "Feature",
            "geometry": {
                "type": "Point",
                "coordinates": [
                    4.5244782228,
                    50.7160222772
                ]
            },
            "properties": {
                "denomination": "Biblioth\u00e8que Fran\u00e7ois de Troyer ASBL",
                "province": "Brabant wallon",
                "adresse": "Rue Albert Croy 2",
                "cp": "1330",
                "ville": "Rixensart",
                "courriel": "detroyer@bibliorix.be",
                "telephone": "02 652 27 36",
                "web": "http:\/\/www.bibliorix.be\/",
                "categorie": "biblioth\u00e8que locale",
                "thematiques_de_recherche": [
                    "Histoire, Musique"
                ],
                "commentaire": null,
                "fonds_specialises": [
                    "Fonds sur la seconde guerre mondiale, Musicologie"
                ],
                "bce_ou_unite_d_etablissement": "458.537.014"
            }
        },
        {
            "type": "Feature",
            "geometry": {
                "type": "Point",
                "coordinates": [
                    4.34772648492,
                    50.8441150252
                ]
            },
            "properties": {
                "denomination": "Biblioth\u00e8que Artistique de la Ville de Bruxelles",
                "province": "Bruxelles-Capitale",
                "adresse": "Rue du Midi 144",
                "cp": "1000",
                "ville": "Bruxelles",
                "courriel": "bib.aca@brucity.education",
                "telephone": "02 506 10 35",
                "web": "https:\/\/biblio.brussels\/iguana\/www.main.cls?surl=bruxelles_artistique",
                "categorie": "biblioth\u00e8que locale",
                "thematiques_de_recherche": [
                    "Arts"
                ],
                "commentaire": null,
                "fonds_specialises": [
                    "Cobra, Fonds d\u2019ouvrages du 18e et 19e si\u00e8cles concernant les beaux-arts et arts industriels"
                ],
                "bce_ou_unite_d_etablissement": "2.160.353.118"
            }
        },
        {
            "type": "Feature",
            "geometry": {
                "type": "Point",
                "coordinates": [
                    5.49991703251,
                    49.5347642705
                ]
            },
            "properties": {
                "denomination": "Biblioth\u00e8que de Harnoncourt",
                "province": "Luxembourg",
                "adresse": "Rue de l'Ecole 1",
                "cp": "6767",
                "ville": "Harnoncourt",
                "courriel": "bibliotheque.harnoncourt@gmail.com",
                "telephone": null,
                "web": "https:\/\/bibliotheque.rouvroy.be\/",
                "categorie": "implantation",
                "thematiques_de_recherche": null,
                "commentaire": "implantation des Biblioth\u00e8que, ludoth\u00e8que publiques et EPN de Rouvroy",
                "fonds_specialises": null,
                "bce_ou_unite_d_etablissement": null
            }
        },
        {
            "type": "Feature",
            "geometry": {
                "type": "Point",
                "coordinates": [
                    5.50133227851,
                    50.4869896281
                ]
            },
            "properties": {
                "denomination": "Biblioth\u00e8que locale d'Anthisnes",
                "province": "Li\u00e8ge",
                "adresse": "Grand Route de Li\u00e8ge 13",
                "cp": "4162",
                "ville": "Hody",
                "courriel": "bibliotheque@anthisnes.be",
                "telephone": "04 383 77 24",
                "web": "http:\/\/www.anthisnes.be\/pg36_Bibliotheque.html",
                "categorie": "biblioth\u00e8que locale",
                "thematiques_de_recherche": null,
                "commentaire": null,
                "fonds_specialises": null,
                "bce_ou_unite_d_etablissement": "466.328.389"
            }
        },
        {
            "type": "Feature",
            "geometry": {
                "type": "Point",
                "coordinates": [
                    4.68991019622,
                    50.5576277902
                ]
            },
            "properties": {
                "denomination": "Biblioth\u00e8que publique Andr\u00e9 Henin - Bibloux",
                "province": "Namur",
                "adresse": "Rue des Oies 1A\/2A",
                "cp": "5030",
                "ville": "Gembloux",
                "courriel": "bibliotheque@gembloux.be",
                "telephone": "081 61 63 60",
                "web": "https:\/\/www.gembloux.be\/loisirs\/culture\/bibloux",
                "categorie": "implantation",
                "thematiques_de_recherche": [
                    "Fonds d'histoire locale et r\u00e9gionale"
                ],
                "commentaire": "implantation du R\u00e9seau des biblioth\u00e8ques publiques de Gembloux",
                "fonds_specialises": [
                    "Fonds  local et r\u00e9gional (Gembloux)"
                ],
                "bce_ou_unite_d_etablissement": null
            }
        },
        {
            "type": "Feature",
            "geometry": {
                "type": "Point",
                "coordinates": [
                    4.86072979469,
                    50.4649227231
                ]
            },
            "properties": {
                "denomination": "Maison de la Laicit\u00e9 Fran\u00e7ois Bovesse Namur",
                "province": "Namur",
                "adresse": "Rue Leli\u00e8vre 5",
                "cp": "5000",
                "ville": "Namur",
                "courriel": "info.laicite.namur@gmail.com",
                "telephone": "081 22 43 63",
                "web": "https:\/\/www.facebook.com\/MLFBN\/",
                "categorie": "biblioth\u00e8que locale",
                "thematiques_de_recherche": null,
                "commentaire": null,
                "fonds_specialises": null,
                "bce_ou_unite_d_etablissement": "442.997.416"
            }
        },
        {
            "type": "Feature",
            "geometry": {
                "type": "Point",
                "coordinates": [
                    4.18065727413,
                    50.4745312285
                ]
            },
            "properties": {
                "denomination": "Espace publique num\u00e9rique - Province de Hainaut",
                "province": "Hainaut",
                "adresse": "Rue du Gazom\u00e8tre 50",
                "cp": "7100",
                "ville": "La Louvi\u00e8re",
                "courriel": "bibliothequecommunale@lalouviere.be",
                "telephone": "064 31 25 00",
                "web": "https:\/\/www.facebook.com\/bibliolouve\/",
                "categorie": "implantation",
                "thematiques_de_recherche": null,
                "commentaire": null,
                "fonds_specialises": null,
                "bce_ou_unite_d_etablissement": null
            }
        },
        {
            "type": "Feature",
            "geometry": {
                "type": "Point",
                "coordinates": [
                    5.47974725877,
                    49.5273684786
                ]
            },
            "properties": {
                "denomination": "Biblioth\u00e8que, ludoth\u00e8que publiques et EPN de Rouvroy",
                "province": "Luxembourg",
                "adresse": "Rue de l'Anglissant 13",
                "cp": "6767",
                "ville": "Lamorteau",
                "courriel": "biblirouvroy@gmail.com",
                "telephone": "063 44 59 92",
                "web": "https:\/\/bibliotheque.rouvroy.be\/",
                "categorie": "biblioth\u00e8que locale",
                "thematiques_de_recherche": null,
                "commentaire": null,
                "fonds_specialises": null,
                "bce_ou_unite_d_etablissement": "459.242.342"
            }
        },
        {
            "type": "Feature",
            "geometry": {
                "type": "Point",
                "coordinates": [
                    5.43690520813,
                    49.8447398109
                ]
            },
            "properties": {
                "denomination": "Biblioth\u00e8que communale de Neufch\u00e2teau",
                "province": "Luxembourg",
                "adresse": "Avenue de la Victoire 25",
                "cp": "6840",
                "ville": "Neufch\u00e2teau",
                "courriel": "bibliotheque@neufchateau.be",
                "telephone": "061 27 88 67",
                "web": "https:\/\/www.neufchateau.be\/fr\/loisirs\/culture\/bibliotheque\/bibliotheque-1",
                "categorie": "biblioth\u00e8que locale",
                "thematiques_de_recherche": null,
                "commentaire": null,
                "fonds_specialises": null,
                "bce_ou_unite_d_etablissement": null
            }
        },
        {
            "type": "Feature",
            "geometry": {
                "type": "Point",
                "coordinates": [
                    5.49350560421,
                    50.3508538173
                ]
            },
            "properties": {
                "denomination": "Biblioth\u00e8que de Durbuy",
                "province": "Luxembourg",
                "adresse": "Grand'Rue 40a",
                "cp": "6940",
                "ville": "Durbuy",
                "courriel": "bib.durbuy@province.luxembourg.be",
                "telephone": "086 21 98 75",
                "web": "http:\/\/www.bibliotheques.province.luxembourg.be\/iguana\/www.main.cls?surl=Durbuy",
                "categorie": "biblioth\u00e8que locale",
                "thematiques_de_recherche": null,
                "commentaire": null,
                "fonds_specialises": null,
                "bce_ou_unite_d_etablissement": null
            }
        },
        {
            "type": "Feature",
            "geometry": {
                "type": "Point",
                "coordinates": [
                    4.52028999218,
                    50.4315873627
                ]
            },
            "properties": {
                "denomination": "Biblioth\u00e8que de Bouffioulx",
                "province": "Hainaut",
                "adresse": "Place Jules Destr\u00e9e 21",
                "cp": "6200",
                "ville": "Chatelet",
                "courriel": "biblio.chatelet@gmail.com",
                "telephone": "071 40 35 45",
                "web": "https:\/\/www.facebook.com\/lerempartdesmots",
                "categorie": "implantation",
                "thematiques_de_recherche": null,
                "commentaire": "implantation de la Biblioth\u00e8que communale Henri Matelart",
                "fonds_specialises": null,
                "bce_ou_unite_d_etablissement": null
            }
        },
        {
            "type": "Feature",
            "geometry": {
                "type": "Point",
                "coordinates": [
                    4.80714125581,
                    50.4590688461
                ]
            },
            "properties": {
                "denomination": "Biblioth\u00e8que de Flawinne",
                "province": "Namur",
                "adresse": "Rue Emile Vandervelde 8",
                "cp": "5020",
                "ville": "Flawinne",
                "courriel": "flawinnebibliotheque@hotmail.com",
                "telephone": null,
                "web": "https:\/\/www.namur.be\/fr\/loisirs\/culture\/lectures\/bibliotheques\/bibliotheques-du-reseau\/flawinne",
                "categorie": "implantation",
                "thematiques_de_recherche": null,
                "commentaire": "biblioth\u00e8que du R\u00e9seau Namurois de Lecture publique",
                "fonds_specialises": null,
                "bce_ou_unite_d_etablissement": null
            }
        },
        {
            "type": "Feature",
            "geometry": {
                "type": "Point",
                "coordinates": [
                    4.86815081348,
                    50.472569748
                ]
            },
            "properties": {
                "denomination": "Biblioth\u00e8que du Patrimoine souterrain",
                "province": "Namur",
                "adresse": "Avenue Arthur Proc\u00e8s\u00a05",
                "cp": "5000",
                "ville": "Namur",
                "courriel": "bibliotheque@speleo.be",
                "telephone": "081 23 00 09",
                "web": "https:\/\/www.namur.be\/fr\/loisirs\/culture\/lectures\/bibliotheques\/bibliotheques-du-reseau\/bibliotheque-du-patrimoine-souterrain",
                "categorie": "biblioth\u00e8que locale",
                "thematiques_de_recherche": null,
                "commentaire": "biblioth\u00e8que du R\u00e9seau Namurois de Lecture publique",
                "fonds_specialises": null,
                "bce_ou_unite_d_etablissement": null
            }
        },
        {
            "type": "Feature",
            "geometry": {
                "type": "Point",
                "coordinates": [
                    5.29672338195,
                    50.4834908137
                ]
            },
            "properties": {
                "denomination": "Biblioth\u00e8que de Modave",
                "province": "Li\u00e8ge",
                "adresse": "Rue Mont Sainte Aldegonde 8",
                "cp": "4577",
                "ville": "Modave",
                "courriel": "bibliotheque@marchin.be",
                "telephone": "085 41 36 97",
                "web": "https:\/\/bibliomarchinmodave.wordpress.com\/",
                "categorie": "implantation",
                "thematiques_de_recherche": null,
                "commentaire": "implantation de la Biblioth\u00e8que locale communale de Marchin",
                "fonds_specialises": null,
                "bce_ou_unite_d_etablissement": null
            }
        },
        {
            "type": "Feature",
            "geometry": {
                "type": "Point",
                "coordinates": [
                    4.40559083792,
                    50.4921114887
                ]
            },
            "properties": {
                "denomination": "Biblioth\u00e8que de Thim\u00e9on",
                "province": null,
                "adresse": "Ruelle Maka 1A",
                "cp": "6230",
                "ville": "Thim\u00e9on",
                "courriel": "bibliotheque@pontacelles.be",
                "telephone": "071 34 32 87",
                "web": "https:\/\/bibliothequepontacelles.wordpress.com\/",
                "categorie": "implantation",
                "thematiques_de_recherche": null,
                "commentaire": "implantation de la Biblioth\u00e8que locale communale de Pont-\u00e0-Celles",
                "fonds_specialises": null,
                "bce_ou_unite_d_etablissement": null
            }
        },
        {
            "type": "Feature",
            "geometry": {
                "type": "Point",
                "coordinates": [
                    5.09724118496,
                    50.5506341379
                ]
            },
            "properties": {
                "denomination": "Biblioth\u00e8que publique de H\u00e9ron",
                "province": "Li\u00e8ge",
                "adresse": "Rue Saint Martin 15B",
                "cp": "4217",
                "ville": "H\u00e9ron",
                "courriel": "bibliotheque@heron.be",
                "telephone": "085 31 85 12",
                "web": "http:\/\/www.heron.be\/bibliothegraveque.html",
                "categorie": "implantation",
                "thematiques_de_recherche": null,
                "commentaire": "implantation de la Biblioth\u00e8que publique de Wanze",
                "fonds_specialises": null,
                "bce_ou_unite_d_etablissement": null
            }
        },
        {
            "type": "Feature",
            "geometry": {
                "type": "Point",
                "coordinates": [
                    4.32433,
                    50.61715
                ]
            },
            "properties": {
                "denomination": "Place aux livres",
                "province": "Brabant wallon",
                "adresse": "Rue du Paradis, 79B",
                "cp": "1400",
                "ville": "Nivelles",
                "courriel": "info@placeauxlivres.org",
                "telephone": "067 86 03 23",
                "web": "https:\/\/www.placeauxlivres.org\/",
                "categorie": "biblioth\u00e8que itin\u00e9rante",
                "thematiques_de_recherche": [
                    "\u00c9galit\u00e9 des genres\/diversit\u00e9s"
                ],
                "commentaire": "Implantation de la bilbioth\u00e8que locale de Nivelles",
                "fonds_specialises": [
                    "Fonds F\u00e9minisme"
                ],
                "bce_ou_unite_d_etablissement": null
            }
        },
        {
            "type": "Feature",
            "geometry": {
                "type": "Point",
                "coordinates": [
                    5.51991308465,
                    50.6413577019
                ]
            },
            "properties": {
                "denomination": "Biblioth\u00e8que des Botresses",
                "province": "Li\u00e8ge",
                "adresse": "Rue des Botresses\u00a02",
                "cp": "4420",
                "ville": "Montegn\u00e9e",
                "courriel": "bibliotheques@saint-nicolas.be",
                "telephone": "04 267 70 41",
                "web": "https:\/\/www.saint-nicolas.be\/vie-communale\/vie-pratique\/sous-section2",
                "categorie": "implantation",
                "thematiques_de_recherche": null,
                "commentaire": "implantation de la Biblioth\u00e8que de Saint-Nicolas",
                "fonds_specialises": null,
                "bce_ou_unite_d_etablissement": null
            }
        },
        {
            "type": "Feature",
            "geometry": {
                "type": "Point",
                "coordinates": [
                    5.6806663765,
                    50.7101240917
                ]
            },
            "properties": {
                "denomination": "Biblioth\u00e8que communale de Hermalle-sous-Argenteau",
                "province": "Li\u00e8ge",
                "adresse": "Place G\u00e9rard Froidmont 1",
                "cp": "4681",
                "ville": "Hermalle-Sous-Argenteau",
                "courriel": "bibliothequecommunale@oupeye.be",
                "telephone": "04 267 07 28",
                "web": "http:\/\/www.oupeye.eu\/bibloupe\/",
                "categorie": "implantation",
                "thematiques_de_recherche": null,
                "commentaire": "implantation de la Biblioth\u00e8que locale communale d'Oupeye",
                "fonds_specialises": null,
                "bce_ou_unite_d_etablissement": null
            }
        },
        {
            "type": "Feature",
            "geometry": {
                "type": "Point",
                "coordinates": [
                    4.35609869838,
                    50.8416257027
                ]
            },
            "properties": {
                "denomination": "Biblioth\u00e8que Brand Whitlock",
                "province": "Bruxelles-Capitale",
                "adresse": "Rue Sainte Anne 10",
                "cp": "1000",
                "ville": "Bruxelles",
                "courriel": "brand.whitlock@brucity.education",
                "telephone": "02 513 09 66",
                "web": "http:\/\/brandwhitlock.blogspot.com\/",
                "categorie": "biblioth\u00e8que locale",
                "thematiques_de_recherche": null,
                "commentaire": null,
                "fonds_specialises": null,
                "bce_ou_unite_d_etablissement": null
            }
        },
        {
            "type": "Feature",
            "geometry": {
                "type": "Point",
                "coordinates": [
                    4.40328232121,
                    50.8725656812
                ]
            },
            "properties": {
                "denomination": "Biblioth\u00e8que communale Romain Rolland (Evere)",
                "province": "Bruxelles-Capitale",
                "adresse": "Square Servaes Hoedemaekers 10",
                "cp": "1140",
                "ville": "Evere",
                "courriel": "evere@evere.brussels",
                "telephone": "02 247 62 62",
                "web": "https:\/\/evere.brussels\/fr\/que-faire\/bibliotheque-fr",
                "categorie": "biblioth\u00e8que locale",
                "thematiques_de_recherche": null,
                "commentaire": null,
                "fonds_specialises": null,
                "bce_ou_unite_d_etablissement": null
            }
        },
        {
            "type": "Feature",
            "geometry": {
                "type": "Point",
                "coordinates": [
                    5.504923269287813,
                    50.10953018912078
                ]
            },
            "properties": {
                "denomination": "Biblioth\u00e8que de Tenneville",
                "province": "Luxembourg",
                "adresse": "Rue de Bardonwez 2",
                "cp": "6987",
                "ville": "Rendeux",
                "courriel": "bibliotenneville@gmail.com",
                "telephone": null,
                "web": "http:\/\/www.ourthe-documentation.be\/",
                "categorie": "implantation",
                "thematiques_de_recherche": null,
                "commentaire": "implantation de la Biblioth\u00e8que \"Lire au Fil de l'Ourthe\"",
                "fonds_specialises": null,
                "bce_ou_unite_d_etablissement": null
            }
        },
        {
            "type": "Feature",
            "geometry": {
                "type": "Point",
                "coordinates": [
                    4.2544831289,
                    50.4436831209
                ]
            },
            "properties": {
                "denomination": "Biblioth\u00e8que de Carni\u00e8res",
                "province": "Hainaut",
                "adresse": "Place de Carni\u00e8res 47",
                "cp": "7141",
                "ville": "Carni\u00e8res",
                "courriel": "bibliotheque@morlanwelz.be",
                "telephone": "064 43 16 72",
                "web": "https:\/\/bibliotakecaremorlanwelz.wordpress.com\/",
                "categorie": "implantation",
                "thematiques_de_recherche": null,
                "commentaire": "implantation de la Biblioth\u00e8que locale communale de Morlanwelz",
                "fonds_specialises": null,
                "bce_ou_unite_d_etablissement": null
            }
        },
        {
            "type": "Feature",
            "geometry": {
                "type": "Point",
                "coordinates": [
                    4.67280369898,
                    50.4449117398
                ]
            },
            "properties": {
                "denomination": "Biblioth\u00e8que de Ham-sur-Sambre",
                "province": "Namur",
                "adresse": "Rue Albert Ier 21",
                "cp": "5190",
                "ville": "Ham-sur-Sambre",
                "courriel": "bibliojeunes@hotmail.com",
                "telephone": "071 78 11 43",
                "web": "https:\/\/www.facebook.com\/bibliothequescommunalesJemeppesursambre",
                "categorie": "implantation",
                "thematiques_de_recherche": null,
                "commentaire": "implantation des Biblioth\u00e8ques communales de Jemeppe-sur-Sambre",
                "fonds_specialises": null,
                "bce_ou_unite_d_etablissement": null
            }
        },
        {
            "type": "Feature",
            "geometry": {
                "type": "Point",
                "coordinates": [
                    4.35282375798,
                    50.4474216188
                ]
            },
            "properties": {
                "denomination": "Biblioth\u00e8que de Souvret",
                "province": "Hainaut",
                "adresse": "Rue Emile Vandervelde 6",
                "cp": "6182",
                "ville": "Souvret",
                "courriel": "bibliotheques@courcelles.be",
                "telephone": "071 46 00 74",
                "web": "http:\/\/bibliocourcelles.blogspot.com\/",
                "categorie": "implantation",
                "thematiques_de_recherche": null,
                "commentaire": "implantation de la Biblioth\u00e8que locale communale de Courcelles",
                "fonds_specialises": null,
                "bce_ou_unite_d_etablissement": null
            }
        },
        {
            "type": "Feature",
            "geometry": {
                "type": "Point",
                "coordinates": [
                    4.12167121249,
                    50.4752201702
                ]
            },
            "properties": {
                "denomination": "Biblioth\u00e8que de Bracquegnies",
                "province": "Hainaut",
                "adresse": "Place de Bracquegnies 1",
                "cp": "7100",
                "ville": "La Louvi\u00e8re",
                "courriel": "bibliothequecommunale@lalouviere.be",
                "telephone": "064 67 55 61",
                "web": "https:\/\/bibliotheques.hainaut.be\/reseau-louvierois-de-lecture-publique-ville-bracquegnies",
                "categorie": "implantation",
                "thematiques_de_recherche": null,
                "commentaire": "Biblioth\u00e8que du R\u00e9seau louvi\u00e9rois de Lecture publique",
                "fonds_specialises": null,
                "bce_ou_unite_d_etablissement": null
            }
        },
        {
            "type": "Feature",
            "geometry": {
                "type": "Point",
                "coordinates": [
                    4.55075840119,
                    50.4826321861
                ]
            },
            "properties": {
                "denomination": "Biblioth\u00e8que locale de Fleurus \"la bonne source\" asbl",
                "province": "Hainaut",
                "adresse": "Place Albert 1er 15",
                "cp": "6220",
                "ville": "Fleurus",
                "courriel": "labonnesource@live.be",
                "telephone": "071 82 24 70",
                "web": "http:\/\/www.bonnesource.be\/",
                "categorie": "biblioth\u00e8que locale",
                "thematiques_de_recherche": null,
                "commentaire": null,
                "fonds_specialises": null,
                "bce_ou_unite_d_etablissement": "2.198.141.051"
            }
        },
        {
            "type": "Feature",
            "geometry": {
                "type": "Point",
                "coordinates": [
                    5.50751882069,
                    50.6676411175
                ]
            },
            "properties": {
                "denomination": "Biblioth\u00e8que locale communale d'Ans - Administration communale",
                "province": "Li\u00e8ge",
                "adresse": "Esplanade de l'H\u00f4tel communal 1",
                "cp": "4430",
                "ville": "Ans",
                "courriel": "secretariat@ans-commune.be",
                "telephone": "04 247 72 11",
                "web": "https:\/\/www.ans-commune.be\/",
                "categorie": "biblioth\u00e8que locale",
                "thematiques_de_recherche": null,
                "commentaire": null,
                "fonds_specialises": null,
                "bce_ou_unite_d_etablissement": null
            }
        },
        {
            "type": "Feature",
            "geometry": {
                "type": "Point",
                "coordinates": [
                    5.68292238764,
                    50.6830884036
                ]
            },
            "properties": {
                "denomination": "Biblioth\u00e8que Jean Donnay de Cheratte",
                "province": "Li\u00e8ge",
                "adresse": "Rue Sabar\u00e9 95",
                "cp": "4602",
                "ville": "Cheratte",
                "courriel": "bib.jeandonnay@vise.be",
                "telephone": "04 362 85 66",
                "web": "https:\/\/www.facebook.com\/bibliothequesdevise\/",
                "categorie": "implantation",
                "thematiques_de_recherche": null,
                "commentaire": "implantation du R\u00e9seau vis\u00e9tois de la Lecture publique",
                "fonds_specialises": null,
                "bce_ou_unite_d_etablissement": null
            }
        },
        {
            "type": "Feature",
            "geometry": {
                "type": "Point",
                "coordinates": [
                    6.02736897115,
                    50.4275102417
                ]
            },
            "properties": {
                "denomination": "R\u00e9seau de Lecture publique de Malm\u00e9dy-Waimes",
                "province": "Li\u00e8ge",
                "adresse": "Place du Ch\u00e2telet 7A",
                "cp": "4960",
                "ville": "Malmedy",
                "courriel": "malmedy@wamabi.be",
                "telephone": "080 79 99 30",
                "web": "https:\/\/www.facebook.com\/WaimesMalmedy\/",
                "categorie": "biblioth\u00e8que locale",
                "thematiques_de_recherche": [
                    "Fonds r\u00e9gional, Folklore, Litt\u00e9rature en langues \u00e9trang\u00e8res, Histoire du papier et de sa fabrication"
                ],
                "commentaire": null,
                "fonds_specialises": [
                    "Fonds r\u00e9gional patrimonial (Malmedy), Folklore et costumes, Litt\u00e9rature allemande, Fonds sp\u00e9cialis\u00e9 sur le papier"
                ],
                "bce_ou_unite_d_etablissement": null
            }
        },
        {
            "type": "Feature",
            "geometry": {
                "type": "Point",
                "coordinates": [
                    3.88942481904,
                    50.4487627793
                ]
            },
            "properties": {
                "denomination": "La biblioth\u00e8que de Jemappes",
                "province": "Hainaut",
                "adresse": "Rue Reghem 1",
                "cp": "7012",
                "ville": "Jemappes",
                "courriel": "biblio.jemappes@ville.mons.be",
                "telephone": "065 56 22 20",
                "web": "https:\/\/www.mons.be\/annuaire\/administration-communale\/bibliotheques",
                "categorie": "biblioth\u00e8que locale",
                "thematiques_de_recherche": [
                    "Fonds d'histoire locale, Fonds dialectal"
                ],
                "commentaire": null,
                "fonds_specialises": [
                    "Fonds d'histoire locale (Mons), Fonds de litt\u00e9rature r\u00e9gionale et dialectale (wallon)"
                ],
                "bce_ou_unite_d_etablissement": null
            }
        },
        {
            "type": "Feature",
            "geometry": {
                "type": "Point",
                "coordinates": [
                    4.34634681604,
                    50.846962653
                ]
            },
            "properties": {
                "denomination": "Biblioth\u00e8que des Riches Claires",
                "province": "Bruxelles-Capitale",
                "adresse": "Rue des Riches Claires 24",
                "cp": "1000",
                "ville": "Bruxelles",
                "courriel": "bp1@brucity.education",
                "telephone": "02 548 26 10",
                "web": "http:\/\/www.brunette.brucity.be\/bib\/bibp1\/index.htm",
                "categorie": "biblioth\u00e8que locale",
                "thematiques_de_recherche": [
                    "Fonds d'histoire r\u00e9gionale, Fonds jeunesse -ado, Cuisine, Litt\u00e9rature belge francophone, Fonds pour personnes mal-voyantes, Litt\u00e9rature en langues \u00e9trang\u00e8res -- adultes"
                ],
                "commentaire": null,
                "fonds_specialises": [
                    "Fonds d'histoire r\u00e9gionale (R\u00e9gion bruxelloise), Fonds jeunesse - Romans pour adolescents, gastronomie, Litt\u00e9rature en grands caract\u00e8res, litt\u00e9rature belge francophone, Litt\u00e9rature en langues \u00e9trang\u00e8res pour les adultes"
                ],
                "bce_ou_unite_d_etablissement": "2.160.352.623"
            }
        },
        {
            "type": "Feature",
            "geometry": {
                "type": "Point",
                "coordinates": [
                    4.29639650165,
                    50.8624723516
                ]
            },
            "properties": {
                "denomination": "Biblioth\u00e8que publique de Berchem-Sainte-Agathe ASBL",
                "province": "Bruxelles-Capitale",
                "adresse": "Rue des Soldats 21",
                "cp": "1082",
                "ville": "Berchem-Sainte-Agathe",
                "courriel": "info@biblioberchem.be",
                "telephone": "02 465 87 90",
                "web": "http:\/\/www.biblioberchem.be\/",
                "categorie": "biblioth\u00e8que locale",
                "thematiques_de_recherche": [
                    "Fonds d'histoire locale et r\u00e9gionale, Fonds jeunesse-trouble DYS, Fonds \u00c9galit\u00e9 des genres\/diversit\u00e9s, litt\u00e9rature \u00e9rotique"
                ],
                "commentaire": null,
                "fonds_specialises": [
                    "Fonds d'histoire locale et r\u00e9gionale (Berchem-Sainte-Agathe), Fonds jeunesse-trouble DYS, Fonds \u00c9galit\u00e9 des genres\/diversit\u00e9s, Fonds de litt\u00e9rature \u00e9rotique"
                ],
                "bce_ou_unite_d_etablissement": "2.198.399.189"
            }
        },
        {
            "type": "Feature",
            "geometry": {
                "type": "Point",
                "coordinates": [
                    4.47258357979,
                    50.4506652692
                ]
            },
            "properties": {
                "denomination": "Biblioth\u00e8que Au fil des pagesrt",
                "province": "Hainaut",
                "adresse": "Rue des Carabiniers 18",
                "cp": "6043",
                "ville": "Ransart",
                "courriel": "bib.ransart@charleroi.be",
                "telephone": "0475 83 16 04",
                "web": "https:\/\/bibliotheques.hainaut.be\/reseau-des-bibliotheques-de-charleroi",
                "categorie": "implantation",
                "thematiques_de_recherche": null,
                "commentaire": "implantation du R\u00e9seau des Biblioth\u00e8ques de Charleroi",
                "fonds_specialises": null,
                "bce_ou_unite_d_etablissement": null
            }
        },
        {
            "type": "Feature",
            "geometry": {
                "type": "Point",
                "coordinates": [
                    4.27090031685,
                    50.1428568381
                ]
            },
            "properties": {
                "denomination": "Biblioth\u00e8que communale de Sivry-Rance",
                "province": "Hainaut",
                "adresse": "Grand'Rue 17b",
                "cp": "6470",
                "ville": "Rance",
                "courriel": "biblio@sivry-rance.be",
                "telephone": "060 51 35 32",
                "web": "https:\/\/www.facebook.com\/Biblioth%C3%A8que-communale-de-Sivry-Rance-asbl-1725770527657741\/",
                "categorie": "biblioth\u00e8que locale",
                "thematiques_de_recherche": [
                    "Fonds d'histoire locale et r\u00e9gionale"
                ],
                "commentaire": null,
                "fonds_specialises": [
                    "Fonds d'histoire locale et r\u00e9gionale (Sivry-Rance)"
                ],
                "bce_ou_unite_d_etablissement": null
            }
        },
        {
            "type": "Feature",
            "geometry": {
                "type": "Point",
                "coordinates": [
                    4.44533935556,
                    50.3244152085
                ]
            },
            "properties": {
                "denomination": "Le Kiosque aux livres",
                "province": "Hainaut",
                "adresse": "Place du Centre 14",
                "cp": "6120",
                "ville": "Nalinnes",
                "courriel": "biblionalinnescentre@yahoo.be",
                "telephone": "071 21 88 41",
                "web": "https:\/\/www.facebook.com\/lekiosqueauxlivres\/",
                "categorie": "implantation",
                "thematiques_de_recherche": null,
                "commentaire": "implantation de la Biblioth\u00e8que locale-pivot de Nalinnes-Centre",
                "fonds_specialises": null,
                "bce_ou_unite_d_etablissement": "2.160.252.653"
            }
        },
        {
            "type": "Feature",
            "geometry": {
                "type": "Point",
                "coordinates": [
                    4.86701093636,
                    50.3496464205
                ]
            },
            "properties": {
                "denomination": "Biblioth\u00e8que locale communale d'Yvoir",
                "province": "Namur",
                "adresse": "Rue du Prieur\u00e9 1",
                "cp": "5530",
                "ville": "Yvoir",
                "courriel": "bibliothequecommunaleyvoir@gmail.com",
                "telephone": "082 64 71 13",
                "web": "https:\/\/bibliotheque.yvoir.be\/",
                "categorie": "biblioth\u00e8que locale",
                "thematiques_de_recherche": null,
                "commentaire": null,
                "fonds_specialises": null,
                "bce_ou_unite_d_etablissement": "2.161.618.571"
            }
        },
        {
            "type": "Feature",
            "geometry": {
                "type": "Point",
                "coordinates": [
                    3.88967278465,
                    50.4328841404
                ]
            },
            "properties": {
                "denomination": "Biblioth\u00e8que communale de Fl\u00e9nu",
                "province": "Hainaut",
                "adresse": "Place Dooms",
                "cp": "7012",
                "ville": "Fl\u00e9nu",
                "courriel": "biblio.flenu@ville.mons.be",
                "telephone": "065 82 21 08",
                "web": "https:\/\/www.mons.be\/annuaire\/administration-communale\/bibliotheques\/bibliotheque-communale-de-flenu",
                "categorie": "biblioth\u00e8que locale",
                "thematiques_de_recherche": null,
                "commentaire": "biblioth\u00e8que du R\u00e9seau local montois-CCJ",
                "fonds_specialises": null,
                "bce_ou_unite_d_etablissement": null
            }
        },
        {
            "type": "Feature",
            "geometry": {
                "type": "Point",
                "coordinates": [
                    3.86351177968,
                    50.4389126894
                ]
            },
            "properties": {
                "denomination": "Biblioth\u00e8que communale Ulysse Cordier de Quaregnon",
                "province": "Hainaut",
                "adresse": "Rue Adelson Castiaux 139",
                "cp": "7390",
                "ville": "Quaregnon",
                "courriel": "bib.bibquaregnon@quaregnon.be",
                "telephone": "065 77 07 63",
                "web": "http:\/\/biblio.quaregnon.be\/",
                "categorie": "biblioth\u00e8que locale",
                "thematiques_de_recherche": null,
                "commentaire": null,
                "fonds_specialises": null,
                "bce_ou_unite_d_etablissement": null
            }
        },
        {
            "type": "Feature",
            "geometry": {
                "type": "Point",
                "coordinates": [
                    4.0512716368,
                    50.4630093315
                ]
            },
            "properties": {
                "denomination": "Biblioth\u00e8que communale d'Havr\u00e9",
                "province": "Hainaut",
                "adresse": "Rue Irma Fi\u00e9vez",
                "cp": "7012",
                "ville": "Havr\u00e9",
                "courriel": "biblio.havre@ville.mons.be",
                "telephone": "065 56 12 62",
                "web": "https:\/\/www.mons.be\/annuaire\/administration-communale\/bibliotheques\/bibliotheque-communale-dhavre",
                "categorie": "biblioth\u00e8que locale",
                "thematiques_de_recherche": null,
                "commentaire": "biblioth\u00e8que du R\u00e9seau local montois-CCJ",
                "fonds_specialises": null,
                "bce_ou_unite_d_etablissement": null
            }
        },
        {
            "type": "Feature",
            "geometry": {
                "type": "Point",
                "coordinates": [
                    4.28559158016,
                    50.4958435518
                ]
            },
            "properties": {
                "denomination": "Biblioth\u00e8que de Godarville",
                "province": "Hainaut",
                "adresse": "Place Albert 1er",
                "cp": "7160",
                "ville": "Godarville",
                "courriel": null,
                "telephone": null,
                "web": "https:\/\/bibliothequechapelle.wixsite.com\/bibliothequechapelle",
                "categorie": "implantation",
                "thematiques_de_recherche": null,
                "commentaire": "implantation de la Biblioth\u00e8que\u00a0du\u00a0T'chatpitre",
                "fonds_specialises": null,
                "bce_ou_unite_d_etablissement": null
            }
        },
        {
            "type": "Feature",
            "geometry": {
                "type": "Point",
                "coordinates": [
                    5.1896765234,
                    50.5232141277
                ]
            },
            "properties": {
                "denomination": "Biblioth\u00e8que publique de Wanze",
                "province": "Li\u00e8ge",
                "adresse": "Basse-voie 1",
                "cp": "4520",
                "ville": "Wanze",
                "courriel": "service.bibliotheque@wanze.be",
                "telephone": "085 21 10 36",
                "web": "https:\/\/bibliotheque.wanze.be\/",
                "categorie": "biblioth\u00e8que locale",
                "thematiques_de_recherche": null,
                "commentaire": null,
                "fonds_specialises": null,
                "bce_ou_unite_d_etablissement": "2.161.132.878"
            }
        },
        {
            "type": "Feature",
            "geometry": {
                "type": "Point",
                "coordinates": [
                    3.45440844415,
                    50.5516231569
                ]
            },
            "properties": {
                "denomination": "Centre de Lecture publique d'Antoing \"P\u00e9ronnes\"",
                "province": "Hainaut",
                "adresse": "Rue de la Place 48",
                "cp": "7640",
                "ville": "P\u00e9ronnes",
                "courriel": "biblioantoinginfo@gmail.com",
                "telephone": null,
                "web": "https:\/\/bibliothequeantoing.wordpress.com\/",
                "categorie": "implantation",
                "thematiques_de_recherche": null,
                "commentaire": "implantation du Centre de Lecture publique d'Antoing",
                "fonds_specialises": null,
                "bce_ou_unite_d_etablissement": null
            }
        },
        {
            "type": "Feature",
            "geometry": {
                "type": "Point",
                "coordinates": [
                    4.68991019622,
                    50.5576277902
                ]
            },
            "properties": {
                "denomination": "R\u00e9seau des biblioth\u00e8ques publiques de Gembloux",
                "province": "Namur",
                "adresse": "Rue des Oies 1A\/2A",
                "cp": "5030",
                "ville": "Gembloux",
                "courriel": "bibliotheque@gembloux.be",
                "telephone": "081 61 63 60",
                "web": "https:\/\/www.gembloux.be\/loisirs\/culture\/bibloux",
                "categorie": "biblioth\u00e8que locale",
                "thematiques_de_recherche": [
                    "Fonds d'histoire locale et r\u00e9gionale"
                ],
                "commentaire": "biblioth\u00e8que du R\u00e9seau Namurois de Lecture publique",
                "fonds_specialises": [
                    "Fonds  local et r\u00e9gional (Gembloux)"
                ],
                "bce_ou_unite_d_etablissement": null
            }
        },
        {
            "type": "Feature",
            "geometry": {
                "type": "Point",
                "coordinates": [
                    4.13650274946,
                    50.6102845919
                ]
            },
            "properties": {
                "denomination": "Biblioth\u00e8que locale communale de Braine-le-Comte",
                "province": "Hainaut",
                "adresse": "Grand'Place 4",
                "cp": "7090",
                "ville": "Braine-le-Comte",
                "courriel": "bibliotheque.brainelecomte@7090.be",
                "telephone": "067 89 54 14",
                "web": "http:\/\/www.braine-le-comte.be\/pages\/bibliotheque",
                "categorie": "biblioth\u00e8que locale",
                "thematiques_de_recherche": null,
                "commentaire": null,
                "fonds_specialises": null,
                "bce_ou_unite_d_etablissement": null
            }
        },
        {
            "type": "Feature",
            "geometry": {
                "type": "Point",
                "coordinates": [
                    5.96959840502,
                    50.6645242824
                ]
            },
            "properties": {
                "denomination": "Ludoth\u00e8que \"L'\u00cele aux tr\u00e9sors\" de Welkenraedt",
                "province": "Li\u00e8ge",
                "adresse": "Rue Gr\u00e9try 10",
                "cp": "4840",
                "ville": "Welkenraedt",
                "courriel": "bibliotheque@4840.be",
                "telephone": "087 89 91 78",
                "web": "https:\/\/www.welkenraedt.be\/commune\/services-communaux\/bibliotheque\/ludotheque-lile-aux-tresors",
                "categorie": "implantation",
                "thematiques_de_recherche": null,
                "commentaire": "implantation de la Biblioth\u00e8que locale communale de Welkenraedt",
                "fonds_specialises": null,
                "bce_ou_unite_d_etablissement": "2.160.141.302"
            }
        },
        {
            "type": "Feature",
            "geometry": {
                "type": "Point",
                "coordinates": [
                    4.34766098608,
                    50.6654973048
                ]
            },
            "properties": {
                "denomination": "Biblioth\u00e8que et Ludoth\u00e8que communales \"\u00a0Plume Libre\u00a0\"",
                "province": "Brabant wallon",
                "adresse": "Rue des Combattants 3",
                "cp": "1421",
                "ville": "Ophain",
                "courriel": "bibliotheque@braine-lalleud.be",
                "telephone": null,
                "web": "https:\/\/bibliotheque.braine-lalleud.be\/",
                "categorie": "implantation",
                "thematiques_de_recherche": null,
                "commentaire": "implantation de la Biblioth\u00e8que locale communale de Braine-l'Alleud",
                "fonds_specialises": null,
                "bce_ou_unite_d_etablissement": null
            }
        },
        {
            "type": "Feature",
            "geometry": {
                "type": "Point",
                "coordinates": [
                    5.6694507828,
                    50.6820074503
                ]
            },
            "properties": {
                "denomination": "Biblioth\u00e8que communale de Cheratte-Bas",
                "province": "Li\u00e8ge",
                "adresse": "Rue de Vis\u00e9 105",
                "cp": "4602",
                "ville": "Cheratte",
                "courriel": "bib.cheratte-bas@vise.be",
                "telephone": "04 362 39 33",
                "web": "https:\/\/www.facebook.com\/bibliothequesdevise\/",
                "categorie": "implantation",
                "thematiques_de_recherche": null,
                "commentaire": "implantation du R\u00e9seau vis\u00e9tois de la Lecture publique",
                "fonds_specialises": null,
                "bce_ou_unite_d_etablissement": null
            }
        },
        {
            "type": "Feature",
            "geometry": {
                "type": "Point",
                "coordinates": [
                    5.35584879815,
                    50.7287458617
                ]
            },
            "properties": {
                "denomination": "Biblioth\u00e8que locale communale d'Oreye",
                "province": "Li\u00e8ge",
                "adresse": "Rue du Tilleul 35",
                "cp": "4360",
                "ville": "Oreye",
                "courriel": "bibliotheque@oreye.be",
                "telephone": "019 54 60 05",
                "web": "https:\/\/www.oreye.be\/loisirs\/culture\/bibliotheque",
                "categorie": "biblioth\u00e8que locale",
                "thematiques_de_recherche": null,
                "commentaire": null,
                "fonds_specialises": null,
                "bce_ou_unite_d_etablissement": null
            }
        },
        {
            "type": "Feature",
            "geometry": {
                "type": "Point",
                "coordinates": [
                    5.590112365171297,
                    50.644190816166244
                ]
            },
            "properties": {
                "denomination": "Le Centre de ressources du B3 (ancienne biblioth\u00e8que locale des Chiroux)",
                "province": "Li\u00e8ge",
                "adresse": "Place des Arts 1",
                "cp": "4020",
                "ville": "Li\u00e8ge",
                "courriel": "info@leb3.be",
                "telephone": "04 279 52 20",
                "web": "https:\/\/b3.provincedeliege.be\/centrederessources",
                "categorie": "biblioth\u00e8que locale",
                "thematiques_de_recherche": [
                    "Musique, Ouvrages p\u00e9dagogiques, DVD documentaires, fonds professionnel, Fonds pour personnes mal-voyantes -Litt\u00e9rature en grands caract\u00e8res-livres audio, Litt\u00e9rature en langues \u00e9trang\u00e8res"
                ],
                "commentaire": null,
                "fonds_specialises": [
                    "Jazz, Musicologie, Musique classique, Long playing, Ouvrages p\u00e9dagogiques - Manuels scolaires, DVD documentaires, Biblioth\u00e9conomie- Fonds professionnel, Litt\u00e9rature en grands caract\u00e8res-Livres audio"
                ],
                "bce_ou_unite_d_etablissement": null
            }
        },
        {
            "type": "Feature",
            "geometry": {
                "type": "Point",
                "coordinates": [
                    4.54736581018,
                    50.0744696026
                ]
            },
            "properties": {
                "denomination": "Centre culturel Action Sud",
                "province": "Namur",
                "adresse": "Rue Vieille-\u00c9glise 10",
                "cp": "5670",
                "ville": "Viroinval",
                "courriel": "secretariat@action-sud.be",
                "telephone": "060 31 39 65",
                "web": "http:\/\/action-sud.be\/",
                "categorie": "biblioth\u00e8que locale",
                "thematiques_de_recherche": null,
                "commentaire": null,
                "fonds_specialises": null,
                "bce_ou_unite_d_etablissement": "465.266.834"
            }
        },
        {
            "type": "Feature",
            "geometry": {
                "type": "Point",
                "coordinates": [
                    4.63647808279,
                    50.4466165893
                ]
            },
            "properties": {
                "denomination": "Biblioth\u00e8que locale communale de Sambreville",
                "province": "Namur",
                "adresse": "Complexe Emile Lacroix - Grand Place",
                "cp": "5060",
                "ville": "Sambreville",
                "courriel": "biblio@commune.sambreville.be",
                "telephone": "071 26 03 31",
                "web": "https:\/\/www.sambreville.be\/loisirs\/culture\/bibliotheques",
                "categorie": "biblioth\u00e8que locale",
                "thematiques_de_recherche": [
                    "Fonds d'histoire locale et r\u00e9gionale, Arts"
                ],
                "commentaire": "biblioth\u00e8que du R\u00e9seau Namurois de Lecture publique",
                "fonds_specialises": [
                    "Fonds d'histoire locale et r\u00e9gionale (Sambreville), Ouvrages sur l'art"
                ],
                "bce_ou_unite_d_etablissement": null
            }
        },
        {
            "type": "Feature",
            "geometry": {
                "type": "Point",
                "coordinates": [
                    4.39474058279,
                    50.4068961361
                ]
            },
            "properties": {
                "denomination": "Biblioth\u00e8que M. Yourcenar",
                "province": "Hainaut",
                "adresse": "Ch\u00e2teau de Cartier, place Albert 1er 38",
                "cp": "6030",
                "ville": "Marchienne-au-Pont",
                "courriel": "bib.marchienne2@charleroi.be",
                "telephone": "071 86 56 27",
                "web": "https:\/\/bibliotheques.hainaut.be\/reseau-des-bibliotheques-de-charleroi",
                "categorie": "implantation",
                "thematiques_de_recherche": null,
                "commentaire": "implantation du R\u00e9seau des Biblioth\u00e8ques de Charleroi",
                "fonds_specialises": null,
                "bce_ou_unite_d_etablissement": null
            }
        },
        {
            "type": "Feature",
            "geometry": {
                "type": "Point",
                "coordinates": [
                    3.90473937465,
                    50.4751587907
                ]
            },
            "properties": {
                "denomination": "Biblioth\u00e8que communale de Ghlin",
                "province": "Hainaut",
                "adresse": "Sentier du Vicaire 1",
                "cp": "7011",
                "ville": "Ghlin",
                "courriel": "biblio.ghlin@ville.mons.be",
                "telephone": "065 56 17 22",
                "web": "https:\/\/www.mons.be\/annuaire\/administration-communale\/bibliotheques\/bibliotheque-communale-de-ghlin",
                "categorie": "biblioth\u00e8que locale",
                "thematiques_de_recherche": null,
                "commentaire": "biblioth\u00e8que du R\u00e9seau local montois-CCJ",
                "fonds_specialises": null,
                "bce_ou_unite_d_etablissement": null
            }
        },
        {
            "type": "Feature",
            "geometry": {
                "type": "Point",
                "coordinates": [
                    3.95365089697,
                    50.4543433111
                ]
            },
            "properties": {
                "denomination": "Biblioth\u00e8que de Mons \"L'\u00cele aux livres\"",
                "province": "Hainaut",
                "adresse": "Rue de la Seuwe 7",
                "cp": "7000",
                "ville": "Mons",
                "courriel": "biblio.mons@ville.mons.be",
                "telephone": "065 56 26 70",
                "web": "https:\/\/www.mons.be\/que-faire-a-mons\/culture-et-tourisme\/bibliotheques\/bibliotheques-locales",
                "categorie": "biblioth\u00e8que locale",
                "thematiques_de_recherche": null,
                "commentaire": "biblioth\u00e8que du R\u00e9seau local montois-CCJ",
                "fonds_specialises": null,
                "bce_ou_unite_d_etablissement": "2.162.828.794"
            }
        },
        {
            "type": "Feature",
            "geometry": {
                "type": "Point",
                "coordinates": [
                    5.38137516436,
                    50.6599290166
                ]
            },
            "properties": {
                "denomination": "Biblioth\u00e8que de Noville\/Fexhe",
                "province": "Li\u00e8ge",
                "adresse": "Rue des Fr\u00eanes 5",
                "cp": "4347",
                "ville": "Novilles",
                "courriel": null,
                "telephone": null,
                "web": "https:\/\/www.facebook.com\/FexheleHautClocher\/",
                "categorie": "implantation",
                "thematiques_de_recherche": null,
                "commentaire": "implantation du r\u00e9seau de lecture publique de Hesbaye",
                "fonds_specialises": null,
                "bce_ou_unite_d_etablissement": null
            }
        },
        {
            "type": "Feature",
            "geometry": {
                "type": "Point",
                "coordinates": [
                    5.32209925582,
                    50.6794129497
                ]
            },
            "properties": {
                "denomination": "Biblioth\u00e8que locale communale de Remicourt",
                "province": "Li\u00e8ge",
                "adresse": "Rue Jules M\u00e9lotte 15",
                "cp": "4350",
                "ville": "Remicourt",
                "courriel": "biblio.remicourt@gmail.com",
                "telephone": "019 54 61 97",
                "web": "https:\/\/www.remicourt.be\/LOISIRS\/bottin-des-associations\/Bibliotheque",
                "categorie": "biblioth\u00e8que locale",
                "thematiques_de_recherche": [
                    "Personne\/auteur"
                ],
                "commentaire": null,
                "fonds_specialises": [
                    "Fonds Anne Franck"
                ],
                "bce_ou_unite_d_etablissement": null
            }
        },
        {
            "type": "Feature",
            "geometry": {
                "type": "Point",
                "coordinates": [
                    2.96135551529,
                    50.7877756686
                ]
            },
            "properties": {
                "denomination": "Biblioth\u00e8que d'Houthem",
                "province": "Hainaut",
                "adresse": "Rue d'Hollebeke 18",
                "cp": "7781",
                "ville": "Houthem",
                "courriel": "info@bibliolys.be",
                "telephone": "056 55 49 58",
                "web": "https:\/\/www.bibliolys.be\/",
                "categorie": "implantation",
                "thematiques_de_recherche": null,
                "commentaire": "implantation de la Biblioth\u00e8que de Comines - r\u00e9seau BiblioLys",
                "fonds_specialises": null,
                "bce_ou_unite_d_etablissement": null
            }
        },
        {
            "type": "Feature",
            "geometry": {
                "type": "Point",
                "coordinates": [
                    4.37070297415,
                    50.8071936031
                ]
            },
            "properties": {
                "denomination": "Biblioth\u00e8que-M\u00e9diath\u00e8que Le Phare",
                "province": "Bruxelles-Capitale",
                "adresse": "Chauss\u00e9e de Waterloo 935",
                "cp": "1180",
                "ville": "Uccle",
                "courriel": "lephare@uccle.brussels",
                "telephone": "02 374 04 43",
                "web": "http:\/\/www.bibli-uccle.irisnet.be\/",
                "categorie": "implantation",
                "thematiques_de_recherche": null,
                "commentaire": "Implantation de la Biblioth\u00e8que locale communale d'Uccle",
                "fonds_specialises": null,
                "bce_ou_unite_d_etablissement": null
            }
        },
        {
            "type": "Feature",
            "geometry": {
                "type": "Point",
                "coordinates": [
                    4.33563489842,
                    50.8575739861
                ]
            },
            "properties": {
                "denomination": "Biblioth\u00e8que n\u00b01 de Molenbeek-Saint-Jean",
                "province": "Bruxelles-Capitale",
                "adresse": "Rue Tazieaux 25",
                "cp": "1080",
                "ville": "Molenbeek-Saint-Jean",
                "courriel": "biblio.1080@molenbeek.irisnet.be",
                "telephone": "02 410 59 17",
                "web": "https:\/\/www.facebook.com\/BibliMolenbeek\/",
                "categorie": "biblioth\u00e8que locale",
                "thematiques_de_recherche": [
                    "Fonds pour personnes mal-voyantes -Litt\u00e9rature en grands caract\u00e8res"
                ],
                "commentaire": null,
                "fonds_specialises": [
                    "Litt\u00e9rature en grands caract\u00e8res"
                ],
                "bce_ou_unite_d_etablissement": "2.160.345.693"
            }
        },
        {
            "type": "Feature",
            "geometry": {
                "type": "Point",
                "coordinates": [
                    3.94990137827,
                    50.4547427169
                ]
            },
            "properties": {
                "denomination": "Biblioth\u00e8que de l'Universit\u00e9 de Mons (UMONS)",
                "province": "Hainaut",
                "adresse": "Rue Marguerite Bervoets 2",
                "cp": "7000",
                "ville": "Mons",
                "courriel": null,
                "telephone": "065 37 30 55",
                "web": "https:\/\/web.umons.ac.be\/fr\/",
                "categorie": "biblioth\u00e8que locale",
                "thematiques_de_recherche": null,
                "commentaire": "biblioth\u00e8que du R\u00e9seau local montois-CCJ",
                "fonds_specialises": null,
                "bce_ou_unite_d_etablissement": "2.224.112.901"
            }
        },
        {
            "type": "Feature",
            "geometry": {
                "type": "Point",
                "coordinates": [
                    2.99874625239,
                    50.766849288
                ]
            },
            "properties": {
                "denomination": "Biblioth\u00e8que de Comines - r\u00e9seau BiblioLys",
                "province": "Hainaut",
                "adresse": "Rue de la Procession 49",
                "cp": "7780",
                "ville": "Comines-Warneton",
                "courriel": "info@bibliolys.be",
                "telephone": "056 55 49 58",
                "web": "https:\/\/www.bibliolys.be\/",
                "categorie": "biblioth\u00e8que locale",
                "thematiques_de_recherche": [
                    "Fonds d'histoire locale et r\u00e9gionale"
                ],
                "commentaire": null,
                "fonds_specialises": [
                    "Fonds d'histoire  locale et r\u00e9gionale(Comines)"
                ],
                "bce_ou_unite_d_etablissement": "419.727.116"
            }
        },
        {
            "type": "Feature",
            "geometry": {
                "type": "Point",
                "coordinates": [
                    4.41595549449,
                    50.7975462927
                ]
            },
            "properties": {
                "denomination": "Boitsfort Jeunesse",
                "province": "Bruxelles-Capitale",
                "adresse": "Hondenberg 1",
                "cp": "1170",
                "ville": "Watermael-Boitsfort",
                "courriel": "bib.francophone@wb1170.brussels",
                "telephone": "02 673 69 80",
                "web": "http:\/\/www.biblioludowb.be\/blog\/",
                "categorie": null,
                "thematiques_de_recherche": null,
                "commentaire": null,
                "fonds_specialises": null,
                "bce_ou_unite_d_etablissement": "2.160.935.415"
            }
        },
        {
            "type": "Feature",
            "geometry": {
                "type": "Point",
                "coordinates": [
                    4.32365452722,
                    50.8953524955
                ]
            },
            "properties": {
                "denomination": "Biblioth\u00e8que Fernand Brunfaut",
                "province": "Bruxelles-Capitale",
                "adresse": "Square de la Cit\u00e9 Mod\u00e8le - Bloc 3",
                "cp": "1020",
                "ville": "Laeken",
                "courriel": "bib.cm@brucity.education",
                "telephone": null,
                "web": "https:\/\/biblio.brussels\/iguana\/www.main.cls?surl=bruxelles_brunfaut",
                "categorie": "biblioth\u00e8que locale",
                "thematiques_de_recherche": null,
                "commentaire": null,
                "fonds_specialises": null,
                "bce_ou_unite_d_etablissement": null
            }
        },
        {
            "type": "Feature",
            "geometry": {
                "type": "Point",
                "coordinates": [
                    5.50482953255,
                    50.5895485445
                ]
            },
            "properties": {
                "denomination": "Biblioth\u00e8que Principale du Jardin perdu",
                "province": "Li\u00e8ge",
                "adresse": "Rue de la Jeunesse 2",
                "cp": "4100",
                "ville": "Seraing",
                "courriel": "bibliotheques@seraing.be",
                "telephone": "04 330 13 80",
                "web": "http:\/\/www.seraing.be\/les-services-communaux\/services-delocalises\/bibliotheques\/bibliotheque-du-jardin-perdu\/",
                "categorie": "biblioth\u00e8que locale",
                "thematiques_de_recherche": [
                    "Fonds dialectal, Fonds jeunesse-petite enfance, litt\u00e9rature belge francophone, Fonds pour personnes mal-voyantes et lecture de confort  -Livres audio, Fonds pour personnes mal-voyantes -Litt\u00e9rature en grands caract\u00e8res"
                ],
                "commentaire": null,
                "fonds_specialises": [
                    "Fonds dialectal (wallon), Fonds de livres pour les b\u00e9b\u00e9s (0-3 ans), litt\u00e9rature belge francophone, Litt\u00e9rature en grands caract\u00e8res, Fonds livres audio"
                ],
                "bce_ou_unite_d_etablissement": "2.159.753.104"
            }
        },
        {
            "type": "Feature",
            "geometry": {
                "type": "Point",
                "coordinates": [
                    4.48963946929,
                    50.0562947921
                ]
            },
            "properties": {
                "denomination": "Biblioth\u00e8que locale communale de Couvin",
                "province": "Namur",
                "adresse": "Tienne de Boussu 8\/2",
                "cp": "5660",
                "ville": "Couvin",
                "courriel": "secretariat.biblicouvin@gmail.com",
                "telephone": "060 39 96 26",
                "web": "https:\/\/www.couvin.be\/loisirs\/culture\/reseau-de-lecture-publique-de-couvin",
                "categorie": "biblioth\u00e8que locale",
                "thematiques_de_recherche": [
                    "Fonds d'histoire locale et r\u00e9gionale, Histoire"
                ],
                "commentaire": null,
                "fonds_specialises": [
                    "Fonds d'histoire locale et r\u00e9gionale (Couvin), Fonds sur les deux guerres mondiales - Fonds WW I \/ WW II"
                ],
                "bce_ou_unite_d_etablissement": null
            }
        },
        {
            "type": "Feature",
            "geometry": {
                "type": "Point",
                "coordinates": [
                    5.10025188146,
                    50.2986894424
                ]
            },
            "properties": {
                "denomination": "Biblioth\u00e8que locale communale de Ciney",
                "province": "Namur",
                "adresse": "Place Baudouin 3",
                "cp": "5590",
                "ville": "Ciney",
                "courriel": "bibliotheque@ciney.be",
                "telephone": "083 21 58 00",
                "web": "http:\/\/bibliotheque.ciney.be\/",
                "categorie": "biblioth\u00e8que locale",
                "thematiques_de_recherche": null,
                "commentaire": null,
                "fonds_specialises": null,
                "bce_ou_unite_d_etablissement": null
            }
        },
        {
            "type": "Feature",
            "geometry": {
                "type": "Point",
                "coordinates": [
                    4.33088698969,
                    50.3976615822
                ]
            },
            "properties": {
                "denomination": "Biblioth\u00e8que communale \"Le Jardin aux livres\"",
                "province": "Hainaut",
                "adresse": "Place Degaucque 1b",
                "cp": "6142",
                "ville": "Leernes",
                "courriel": "bibliotheque@villedefontaine.be",
                "telephone": "071 52 90 88",
                "web": "http:\/\/bibliothequedefontaine-leveque.blogspot.com\/",
                "categorie": "implantation",
                "thematiques_de_recherche": null,
                "commentaire": "implantation de la biblioth\u00e8que de Fontaine-l'Ev\u00eaque \"La halle aux livres\"",
                "fonds_specialises": null,
                "bce_ou_unite_d_etablissement": "2.161.754.866"
            }
        },
        {
            "type": "Feature",
            "geometry": {
                "type": "Point",
                "coordinates": [
                    3.87412492333,
                    50.4052224244
                ]
            },
            "properties": {
                "denomination": "Biblioth\u00e8que locale communale de Frameries",
                "province": "Hainaut",
                "adresse": "Rue de la Lib\u00e9ration 40b",
                "cp": "7080",
                "ville": "Frameries",
                "courriel": "bibliotheque@frameries.be",
                "telephone": "065 67 42 97",
                "web": "https:\/\/www.frameries.be\/loisirs\/culture\/bibliotheque",
                "categorie": "biblioth\u00e8que locale",
                "thematiques_de_recherche": null,
                "commentaire": null,
                "fonds_specialises": null,
                "bce_ou_unite_d_etablissement": null
            }
        },
        {
            "type": "Feature",
            "geometry": {
                "type": "Point",
                "coordinates": [
                    5.86951930394,
                    50.3722242889
                ]
            },
            "properties": {
                "denomination": "Espace Culturel Trois-Ponts",
                "province": "Li\u00e8ge",
                "adresse": "Rue Traverse 9",
                "cp": "4980",
                "ville": "Trois-Ponts",
                "courriel": "bibliotheque@troisponts.be",
                "telephone": "080 29 24 62",
                "web": "https:\/\/www.troisponts.be\/loisirs\/culture\/bibliotheques-communales-basse-bodeux-et-trois-ponts",
                "categorie": "biblioth\u00e8que locale",
                "thematiques_de_recherche": null,
                "commentaire": null,
                "fonds_specialises": null,
                "bce_ou_unite_d_etablissement": null
            }
        },
        {
            "type": "Feature",
            "geometry": {
                "type": "Point",
                "coordinates": [
                    3.81938345462,
                    50.447712859
                ]
            },
            "properties": {
                "denomination": "Biblioth\u00e8que communale La Rollandine",
                "province": "Hainaut",
                "adresse": "Avenue de l'Enseignement 2",
                "cp": "7333",
                "ville": "Saint-Ghislain",
                "courriel": "larollandine@saint-ghislain.be",
                "telephone": "065 76 20 23",
                "web": "https:\/\/www.saint-ghislain.be\/Loisirs\/culture\/Bibliotheque",
                "categorie": "biblioth\u00e8que locale",
                "thematiques_de_recherche": null,
                "commentaire": null,
                "fonds_specialises": null,
                "bce_ou_unite_d_etablissement": "2.161.174.054"
            }
        },
        {
            "type": "Feature",
            "geometry": {
                "type": "Point",
                "coordinates": [
                    4.27529634046,
                    50.4216583578
                ]
            },
            "properties": {
                "denomination": "Biblioth\u00e8que d\u00e9p\u00f4t de Lalue d'Anderlues",
                "province": "Hainaut",
                "adresse": "Rue de Nivelles 159",
                "cp": "6150",
                "ville": "Anderlues",
                "courriel": "bibliotheque@anderlues.be",
                "telephone": null,
                "web": "http:\/\/www.bibliothequeanderlues.be\/",
                "categorie": "implantation",
                "thematiques_de_recherche": null,
                "commentaire": "implantation de la Biblioth\u00e8que Communale Locale Balzac",
                "fonds_specialises": null,
                "bce_ou_unite_d_etablissement": null
            }
        },
        {
            "type": "Feature",
            "geometry": {
                "type": "Point",
                "coordinates": [
                    5.66141737903,
                    50.5036050956
                ]
            },
            "properties": {
                "denomination": "Biblioth\u00e8que \"Aux Mille Feuilles\"",
                "province": "Li\u00e8ge",
                "adresse": "Rue du Centre 31",
                "cp": "4140",
                "ville": "Sprimont",
                "courriel": "bibliotheque@sprimont.be",
                "telephone": "04 382 16 62",
                "web": "https:\/\/www.bibliothequedesprimont.be\/",
                "categorie": "biblioth\u00e8que locale",
                "thematiques_de_recherche": null,
                "commentaire": null,
                "fonds_specialises": null,
                "bce_ou_unite_d_etablissement": "2.159.707.968"
            }
        },
        {
            "type": "Feature",
            "geometry": {
                "type": "Point",
                "coordinates": [
                    4.70008359814,
                    50.5196138106
                ]
            },
            "properties": {
                "denomination": "Biblioth\u00e8que communale de Bossi\u00e8re",
                "province": "Namur",
                "adresse": "Rue Bon Dieu Cauwere 17",
                "cp": "5032",
                "ville": "Bossi\u00e8re",
                "courriel": "bibliotheque@gembloux.be",
                "telephone": "081 40 32 17",
                "web": "https:\/\/www.gembloux.be\/loisirs\/culture\/bibloux",
                "categorie": "implantation",
                "thematiques_de_recherche": null,
                "commentaire": "implantation du R\u00e9seau des biblioth\u00e8ques publiques de Gembloux",
                "fonds_specialises": null,
                "bce_ou_unite_d_etablissement": null
            }
        },
        {
            "type": "Feature",
            "geometry": {
                "type": "Point",
                "coordinates": [
                    5.74814508662,
                    50.5907953653
                ]
            },
            "properties": {
                "denomination": "Biblioth\u00e8que locale communale d'Olne",
                "province": "Li\u00e8ge",
                "adresse": "Rue Village 37",
                "cp": "4877",
                "ville": "Olne",
                "courriel": "bibliotheque@olne.be",
                "telephone": "087 64 65 49",
                "web": "https:\/\/www.olne.be\/vie-pratique\/bibliotheque",
                "categorie": "biblioth\u00e8que locale",
                "thematiques_de_recherche": [
                    "Fonds sur l'environnement"
                ],
                "commentaire": null,
                "fonds_specialises": [
                    "environnement\/Patrimoine"
                ],
                "bce_ou_unite_d_etablissement": null
            }
        },
        {
            "type": "Feature",
            "geometry": {
                "type": "Point",
                "coordinates": [
                    3.19178129971,
                    50.7410902176
                ]
            },
            "properties": {
                "denomination": "Biblioth\u00e8que de Tuquet",
                "province": "Hainaut",
                "adresse": "Rue Camille Lemonnier 3",
                "cp": "7700",
                "ville": "Mouscron",
                "courriel": "tuquet@bibliotheque-mouscron.be",
                "telephone": "056 48 55 48",
                "web": "https:\/\/www.bibliotheque-mouscron.be",
                "categorie": "implantation",
                "thematiques_de_recherche": null,
                "commentaire": "implantation du R\u00e9seau des Biblioth\u00e8ques de Mouscron",
                "fonds_specialises": null,
                "bce_ou_unite_d_etablissement": null
            }
        },
        {
            "type": "Feature",
            "geometry": {
                "type": "Point",
                "coordinates": [
                    4.40070902181,
                    50.8319174639
                ]
            },
            "properties": {
                "denomination": "Biblioth\u00e8que Notre-Dame du Sacr\u00e9-Coeur",
                "province": "Bruxelles-Capitale",
                "adresse": "Rue de Pervyse 17",
                "cp": "1040",
                "ville": "Etterbeek",
                "courriel": "info@biblioherge.be",
                "telephone": null,
                "web": "http:\/\/www.biblioherge.be\/",
                "categorie": "implantation",
                "thematiques_de_recherche": null,
                "commentaire": "implantation de la Biblioth\u00e8que locale communale d'Etterbeek - Herg\u00e9",
                "fonds_specialises": null,
                "bce_ou_unite_d_etablissement": null
            }
        },
        {
            "type": "Feature",
            "geometry": {
                "type": "Point",
                "coordinates": [
                    4.34796602722,
                    50.8764759764
                ]
            },
            "properties": {
                "denomination": "Biblioth\u00e8que de Laeken",
                "province": "Bruxelles-Capitale",
                "adresse": "Boulevard Emile Bockstael 246",
                "cp": "1020",
                "ville": "Laeken",
                "courriel": "bp2@brucity.education",
                "telephone": "02 279 37 90",
                "web": "http:\/\/www.brunette.brucity.be\/bib\/bibp2\/Index.cfm",
                "categorie": "biblioth\u00e8que locale",
                "thematiques_de_recherche": [
                    "Fonds d'histoire locale, Alphab\u00e9tisation, Fonds pour personnes mal-voyantes -Litt\u00e9rature en grands caract\u00e8res, Fonds patrimonial, Fonds pour personnes mal-voyantes et lecture de confort  -Livres audio, Personne\/auteur, Fonds jeunesse-petite enfance, Fonds Jeunesse-ado, Litt\u00e9rature en langues \u00e9trang\u00e8res --jeunesse, Livres en multi-exemplaires, Ouvrages p\u00e9dagogiques, Ouvrages p\u00e9dagogiques -- formation continue adulte"
                ],
                "commentaire": null,
                "fonds_specialises": [
                    "Fonds d\u2019histoire locale (Laeken), Fonds pour  les apprenants en alphab\u00e9tisation, Litt\u00e9rature en grands caract\u00e8res, Fonds patrimonial, Livres audio et conf\u00e9rences, Fonds Nehru, Fonds de livres pour les b\u00e9b\u00e9s (0-3 ans), Fonds jeunesse - Romans pour adolescents, Litt\u00e9rature en langues \u00e9trang\u00e8res pour la jeunesse, Fonds de livres en multi-exemplaires\u00a0 (litt\u00e9rature scolaire), Ouvrages p\u00e9dagogiques - Manuels scolaires, Fonds formation professionnelle et continu\u00e9e des adultes"
                ],
                "bce_ou_unite_d_etablissement": "2.160.358.957"
            }
        },
        {
            "type": "Feature",
            "geometry": {
                "type": "Point",
                "coordinates": [
                    5.79405288209,
                    50.6426924694
                ]
            },
            "properties": {
                "denomination": "Biblioth\u00e8que locale communale de Herve",
                "province": "Li\u00e8ge",
                "adresse": "Place Albert 1er 39",
                "cp": "4650",
                "ville": "Herve",
                "courriel": "bibliotheque@herve.be",
                "telephone": "087 66 09 93",
                "web": "http:\/\/bibliotheque.herve.be\/",
                "categorie": "biblioth\u00e8que locale",
                "thematiques_de_recherche": [
                    "Fonds d'histoire locale"
                ],
                "commentaire": null,
                "fonds_specialises": [
                    "Fonds d'histoire locale (Herve)"
                ],
                "bce_ou_unite_d_etablissement": "2.159.114.387"
            }
        },
        {
            "type": "Feature",
            "geometry": {
                "type": "Point",
                "coordinates": [
                    5.26727855195,
                    50.6503776089
                ]
            },
            "properties": {
                "denomination": "Biblioth\u00e8que de Viemme",
                "province": "Li\u00e8ge",
                "adresse": "Rue de Huy 177",
                "cp": "4317",
                "ville": "Faimes",
                "courriel": null,
                "telephone": "019 33 05 58",
                "web": "https:\/\/www.facebook.com\/BibliothequedeViemme\/",
                "categorie": "implantation",
                "thematiques_de_recherche": null,
                "commentaire": "implantation du r\u00e9seau de lecture publique de Hesbaye",
                "fonds_specialises": null,
                "bce_ou_unite_d_etablissement": null
            }
        },
        {
            "type": "Feature",
            "geometry": {
                "type": "Point",
                "coordinates": [
                    4.37760603426,
                    50.6765488956
                ]
            },
            "properties": {
                "denomination": "Biblioth\u00e8que locale communale de Braine-l'Alleud",
                "province": "Brabant wallon",
                "adresse": "Rue des M\u00e9sanges Bleues 55",
                "cp": "1420",
                "ville": "Braine-L'Alleud",
                "courriel": "bibliotheque@braine-lalleud.be",
                "telephone": "02 854 05 50",
                "web": "https:\/\/bibliotheque.braine-lalleud.be\/",
                "categorie": "biblioth\u00e8que locale",
                "thematiques_de_recherche": [
                    "Fonds d'histoire locale, Po\u00e9sie"
                ],
                "commentaire": null,
                "fonds_specialises": [
                    "Fonds d'histoire locale (Braine-l'Alleud), Fonds Po\u00e9sie"
                ],
                "bce_ou_unite_d_etablissement": null
            }
        },
        {
            "type": "Feature",
            "geometry": {
                "type": "Point",
                "coordinates": [
                    4.80667130792,
                    50.6861264855
                ]
            },
            "properties": {
                "denomination": "Biblioth\u00e8que d'Incourt",
                "province": "Brabant wallon",
                "adresse": "Espace Corlier Chemin de la Carri\u00e8re aux Pav\u00e9s 16A",
                "cp": "1315",
                "ville": "Incourt",
                "courriel": null,
                "telephone": "010 81 11 72",
                "web": "http:\/\/www.culturejodoigne.be\/bibliotheque",
                "categorie": "implantation",
                "thematiques_de_recherche": null,
                "commentaire": "implantation de la Biblioth\u00e8que locale communale de Jodoigne",
                "fonds_specialises": null,
                "bce_ou_unite_d_etablissement": null
            }
        },
        {
            "type": "Feature",
            "geometry": {
                "type": "Point",
                "coordinates": [
                    5.24539684206,
                    50.6899206417
                ]
            },
            "properties": {
                "denomination": "Biblioth\u00e8que CD libre de Waremme (Coll\u00e8ge Saint-Louis)",
                "province": "Li\u00e8ge",
                "adresse": "Avenue Prince R\u00e9gent 30",
                "cp": "4300",
                "ville": "Waremme",
                "courriel": "info@saintlouis-waremme.be",
                "telephone": "019 32 24 84",
                "web": "http:\/\/www.saintlouis-waremme.be\/",
                "categorie": "implantation",
                "thematiques_de_recherche": null,
                "commentaire": "implantation du r\u00e9seau de lecture publique de Hesbaye",
                "fonds_specialises": null,
                "bce_ou_unite_d_etablissement": null
            }
        },
        {
            "type": "Feature",
            "geometry": {
                "type": "Point",
                "coordinates": [
                    4.36834656959,
                    50.8596430459
                ]
            },
            "properties": {
                "denomination": "Mille et une pages",
                "province": "Bruxelles-Capitale",
                "adresse": "Place de la Reine 1",
                "cp": "1030",
                "ville": "Schaerbeek",
                "courriel": "bibliotheque@schaerbeek.irisnet.be",
                "telephone": "02 240 32 80",
                "web": "http:\/\/www.mabiblio.be\/",
                "categorie": "implantation",
                "thematiques_de_recherche": null,
                "commentaire": "Implantation de la Biblioth\u00e8que locale communale de Schaerbeek - S\u00e9same",
                "fonds_specialises": null,
                "bce_ou_unite_d_etablissement": "2.161.593.431"
            }
        },
        {
            "type": "Feature",
            "geometry": {
                "type": "Point",
                "coordinates": [
                    4.39273226473,
                    50.3217203606
                ]
            },
            "properties": {
                "denomination": "Biblioth\u00e8que communale de Ham-sur-Heure",
                "province": "Hainaut",
                "adresse": "Chemin d'Oultre-Heure 20",
                "cp": "6120",
                "ville": "Ham-sur-Heure",
                "courriel": "biblionalinnescentre@yahoo.fr",
                "telephone": "071 22 97 83",
                "web": "https:\/\/www.ham-sur-heure-nalinnes.be\/la-commune\/la-culture\/reseau-communal-de-lecture-publique",
                "categorie": "implantation",
                "thematiques_de_recherche": [
                    "Fonds d'histoire locale et r\u00e9gionale, Fonds dialectal, Fonds sur l'environnement, Litt\u00e9rature en langues \u00e9trang\u00e8res - adultes"
                ],
                "commentaire": "implantation de la Biblioth\u00e8que locale-pivot de Nalinnes-Centre",
                "fonds_specialises": [
                    "Fonds d'histoire locale et r\u00e9gionale (Nalinnes-Ham-sur-Heure), Fonds dialectal (wallon), Fonds Grandeur nature, Litt\u00e9rature anglaise pour adultes"
                ],
                "bce_ou_unite_d_etablissement": "2.160.253.445"
            }
        },
        {
            "type": "Feature",
            "geometry": {
                "type": "Point",
                "coordinates": [
                    5.30975739665543,
                    49.696544665748725
                ]
            },
            "properties": {
                "denomination": "Biblioth\u00e8que publique locale de Florenville",
                "province": "Luxembourg",
                "adresse": "rue du Miroir, 15 A\/3",
                "cp": "6820",
                "ville": "Florenville",
                "courriel": "bibliotheque.locale.florenville@province.luxembourg.be",
                "telephone": "061 32 03 40",
                "web": "http:\/\/www.bibliotheque-florenville.be\/",
                "categorie": "biblioth\u00e8que locale",
                "thematiques_de_recherche": [
                    "Fonds local et r\u00e9gional, Contes"
                ],
                "commentaire": null,
                "fonds_specialises": [
                    "Fonds  local et r\u00e9gional (Florenville, Gaume), Contes et l\u00e9gendes, tradition orale"
                ],
                "bce_ou_unite_d_etablissement": "458.373.401"
            }
        },
        {
            "type": "Feature",
            "geometry": {
                "type": "Point",
                "coordinates": [
                    5.64506543682,
                    49.7280757186
                ]
            },
            "properties": {
                "denomination": "Biblioth\u00e8que d'Habay-la-Neuve",
                "province": "Luxembourg",
                "adresse": "Place Pierre Nothomb 7A",
                "cp": "6720",
                "ville": "Habay-La-Neuve",
                "courriel": "bibliothequehabay@gmail.com",
                "telephone": "063 40 46 30",
                "web": "https:\/\/www.facebook.com\/lecturepubliqueHabay\/",
                "categorie": "biblioth\u00e8que locale",
                "thematiques_de_recherche": null,
                "commentaire": null,
                "fonds_specialises": null,
                "bce_ou_unite_d_etablissement": "461.034.664"
            }
        },
        {
            "type": "Feature",
            "geometry": {
                "type": "Point",
                "coordinates": [
                    5.20782775796,
                    49.7988990159
                ]
            },
            "properties": {
                "denomination": "Biblioth\u00e8que de Mortehan",
                "province": "Luxembourg",
                "adresse": "Rue de l\u2019\u00e9glise 1",
                "cp": "6880",
                "ville": "Mortehan",
                "courriel": "info@bibliobertrix.be",
                "telephone": "061 41 50 19",
                "web": "https:\/\/bibliobertrix.be\/",
                "categorie": "implantation",
                "thematiques_de_recherche": null,
                "commentaire": "implantation de la Biblioth\u00e8que publique locale de Bertrix",
                "fonds_specialises": null,
                "bce_ou_unite_d_etablissement": null
            }
        },
        {
            "type": "Feature",
            "geometry": {
                "type": "Point",
                "coordinates": [
                    5.66552675215,
                    50.0814470136
                ]
            },
            "properties": {
                "denomination": "Biblioth\u00e8que communale de Bertogne",
                "province": "Luxembourg",
                "adresse": "Rue de Viomont 8",
                "cp": "6687",
                "ville": "Bertogne",
                "courriel": null,
                "telephone": "0474 33 10 23",
                "web": "https:\/\/www.facebook.com\/bibliothequedebertogne\/",
                "categorie": "implantation",
                "thematiques_de_recherche": null,
                "commentaire": "implantation de la Biblioth\u00e8que publique de Bastogne",
                "fonds_specialises": null,
                "bce_ou_unite_d_etablissement": null
            }
        },
        {
            "type": "Feature",
            "geometry": {
                "type": "Point",
                "coordinates": [
                    4.52022706684,
                    50.0948791784
                ]
            },
            "properties": {
                "denomination": "Biblioth\u00e8que de Mariembourg",
                "province": "Namur",
                "adresse": "Rue d'Arschot 17",
                "cp": "5660",
                "ville": "Mariembourg",
                "courriel": "pretintercouvin1@gmail",
                "telephone": "060 31 17 50",
                "web": "https:\/\/www.couvin.be\/loisirs\/culture\/reseau-de-lecture-publique-de-couvin",
                "categorie": "implantation",
                "thematiques_de_recherche": null,
                "commentaire": "implantation de la Biblioth\u00e8que locale communale de Couvin",
                "fonds_specialises": null,
                "bce_ou_unite_d_etablissement": null
            }
        },
        {
            "type": "Feature",
            "geometry": {
                "type": "Point",
                "coordinates": [
                    4.95647102431,
                    50.1104029479
                ]
            },
            "properties": {
                "denomination": "Biblioth\u00e8que communale de Beauraing",
                "province": "Namur",
                "adresse": "Place de Seurre 3-5",
                "cp": "5570",
                "ville": "Beauraing",
                "courriel": "bibliotheque.beauraing@gmail.com",
                "telephone": "082 71 00 57",
                "web": "https:\/\/www.beauraing-culturel.be\/bibliotheque",
                "categorie": "biblioth\u00e8que locale",
                "thematiques_de_recherche": null,
                "commentaire": null,
                "fonds_specialises": null,
                "bce_ou_unite_d_etablissement": null
            }
        },
        {
            "type": "Feature",
            "geometry": {
                "type": "Point",
                "coordinates": [
                    4.92119563505,
                    50.4249568944
                ]
            },
            "properties": {
                "denomination": "Biblioth\u00e8que itin\u00e9rante de la Province de Namur",
                "province": "Namur",
                "adresse": "Rue des Phlox 20",
                "cp": "5100",
                "ville": "Naninne",
                "courriel": "bibliotheques@province.namur.be",
                "telephone": "081 77 67 16",
                "web": "https:\/\/www.province.namur.be\/administration_de_la_culture_bibliotheque_itinerante",
                "categorie": "biblioth\u00e8que itin\u00e9rante",
                "thematiques_de_recherche": null,
                "commentaire": null,
                "fonds_specialises": null,
                "bce_ou_unite_d_etablissement": null
            }
        },
        {
            "type": "Feature",
            "geometry": {
                "type": "Point",
                "coordinates": [
                    4.5525287735,
                    50.428399925
                ]
            },
            "properties": {
                "denomination": "Biblioth\u00e8que locale communale de Farciennes",
                "province": "Hainaut",
                "adresse": "Grand Place  2",
                "cp": "6240",
                "ville": "Farciennes",
                "courriel": "bibliotheque@farciennes.be",
                "telephone": "071 38 79 88",
                "web": "https:\/\/www.farciennes.be\/loisirs\/culture\/bibliotheque",
                "categorie": "biblioth\u00e8que locale",
                "thematiques_de_recherche": null,
                "commentaire": null,
                "fonds_specialises": null,
                "bce_ou_unite_d_etablissement": null
            }
        },
        {
            "type": "Feature",
            "geometry": {
                "type": "Point",
                "coordinates": [
                    5.53869826748,
                    50.5999742894
                ]
            },
            "properties": {
                "denomination": "Biblioth\u00e8que \"Espace Livre Plaisir\"",
                "province": "Li\u00e8ge",
                "adresse": "Rue de l'Enseignement 166",
                "cp": "4102",
                "ville": "Ougr\u00e9e",
                "courriel": "bibliotheques@seraing.be",
                "telephone": "04 337 33 46",
                "web": "https:\/\/www.seraing.be\/les-services-communaux\/services-delocalises\/bibliotheques\/bibliotheque-espace-livre-plaisir\/",
                "categorie": "implantation",
                "thematiques_de_recherche": null,
                "commentaire": "implantation de la Biblioth\u00e8que Principale du Jardin perdu",
                "fonds_specialises": null,
                "bce_ou_unite_d_etablissement": "2.159.755.082"
            }
        },
        {
            "type": "Feature",
            "geometry": {
                "type": "Point",
                "coordinates": [
                    5.50109628403,
                    50.6168320443
                ]
            },
            "properties": {
                "denomination": "Centre de lecture et de documentation publique Ange-Raymond Gilles",
                "province": "Li\u00e8ge",
                "adresse": "Rue de Lexhy 36",
                "cp": "4101",
                "ville": "Jemeppe",
                "courriel": "bibliotheques@seraing.be",
                "telephone": "04 233 35 96",
                "web": "https:\/\/www.seraing.be\/les-services-communaux\/services-delocalises\/bibliotheques\/centre-de-lecture-et-de-documentation-publique-ange-raymond-gilles\/",
                "categorie": "implantation",
                "thematiques_de_recherche": null,
                "commentaire": "implantation de la Biblioth\u00e8que Principale du Jardin perdu",
                "fonds_specialises": null,
                "bce_ou_unite_d_etablissement": "2.159.755.775"
            }
        },
        {
            "type": "Feature",
            "geometry": {
                "type": "Point",
                "coordinates": [
                    5.96959840502,
                    50.6645242824
                ]
            },
            "properties": {
                "denomination": "Biblioth\u00e8que locale communale de Welkenraedt",
                "province": "Li\u00e8ge",
                "adresse": "Rue Gr\u00e9try 10",
                "cp": "4840",
                "ville": "Welkenraedt",
                "courriel": "bibliotheque@4840.be",
                "telephone": "087 89 91 78",
                "web": "https:\/\/www.welkenraedt.be\/commune\/services-communaux\/bibliotheque\/bibliotheque",
                "categorie": "biblioth\u00e8que locale",
                "thematiques_de_recherche": null,
                "commentaire": null,
                "fonds_specialises": null,
                "bce_ou_unite_d_etablissement": "2.160.141.302"
            }
        },
        {
            "type": "Feature",
            "geometry": {
                "type": "Point",
                "coordinates": [
                    5.69749783115,
                    50.7147415304
                ]
            },
            "properties": {
                "denomination": "Biblioth\u00e8que communale de Richelle",
                "province": "Li\u00e8ge",
                "adresse": "Rue Au Flot 1",
                "cp": "4600",
                "ville": "Vis\u00e9",
                "courriel": "bib.auflot@vise.be",
                "telephone": "04 272 20 20",
                "web": "https:\/\/www.facebook.com\/bibliothequesdevise\/",
                "categorie": "implantation",
                "thematiques_de_recherche": null,
                "commentaire": "implantation du R\u00e9seau vis\u00e9tois de la Lecture publique",
                "fonds_specialises": null,
                "bce_ou_unite_d_etablissement": null
            }
        },
        {
            "type": "Feature",
            "geometry": {
                "type": "Point",
                "coordinates": [
                    4.34581501219,
                    50.8298057966
                ]
            },
            "properties": {
                "denomination": "Biblioth\u00e8que locale communale de Saint-Gilles",
                "province": "Bruxelles-Capitale",
                "adresse": "Rue de Rome 28",
                "cp": "1060",
                "ville": "Saint-Gilles",
                "courriel": "bibliotheque.1060@stgilles.irisnet.be",
                "telephone": "02 435 12 40",
                "web": "https:\/\/www.bibliosaintgilles.be\/",
                "categorie": "implantation",
                "thematiques_de_recherche": [
                    "Fonds d'histoire locale"
                ],
                "commentaire": "Implantation de la Biblioth\u00e8que locale communale de Watermael Centre",
                "fonds_specialises": [
                    "Fonds d'histoire locale (Saint-Gilles)"
                ],
                "bce_ou_unite_d_etablissement": null
            }
        },
        {
            "type": "Feature",
            "geometry": {
                "type": "Point",
                "coordinates": [
                    5.86575365092,
                    50.4921406505
                ]
            },
            "properties": {
                "denomination": "Ludoth\u00e8que \"La Ribambel\"",
                "province": "Li\u00e8ge",
                "adresse": "Rue Royale, Jardins du Casino",
                "cp": "4900",
                "ville": "Spa",
                "courriel": "bibliotheque@villedespa.be",
                "telephone": "087 77 24 52",
                "web": "https:\/\/www.facebook.com\/bibliothequecommunale.despa\/",
                "categorie": null,
                "thematiques_de_recherche": null,
                "commentaire": null,
                "fonds_specialises": null,
                "bce_ou_unite_d_etablissement": null
            }
        },
        {
            "type": "Feature",
            "geometry": {
                "type": "Point",
                "coordinates": [
                    5.80134402201,
                    50.5672172096
                ]
            },
            "properties": {
                "denomination": "Biblioth\u00e8que locale communale de Pepinster",
                "province": "Li\u00e8ge",
                "adresse": "Rue Neuve 35",
                "cp": "4860",
                "ville": "P\u00e9pinster",
                "courriel": "biblipepinster@skynet.be",
                "telephone": "087 46 83 58",
                "web": "https:\/\/www.pepinster.be\/Bibliotheque.html",
                "categorie": "biblioth\u00e8que locale",
                "thematiques_de_recherche": null,
                "commentaire": null,
                "fonds_specialises": null,
                "bce_ou_unite_d_etablissement": null
            }
        },
        {
            "type": "Feature",
            "geometry": {
                "type": "Point",
                "coordinates": [
                    5.41447956147,
                    50.5810737473
                ]
            },
            "properties": {
                "denomination": "Biblioth\u00e8que de Ramet",
                "province": "Li\u00e8ge",
                "adresse": "Chauss\u00e9e de Ramioul 4",
                "cp": "4400",
                "ville": "Fl\u00e9malle",
                "courriel": "bibliothequeramet@gmail.com",
                "telephone": "04 369 31 96",
                "web": "http:\/\/www.flemalle.be\/pages\/index\/index\/id\/125\/lang\/fr?fbclid=IwAR1rqdgybQdI4fpgLzzTxnG5gOuMrR9qybr2Jp4QCTdtBSmAVS8qqevrFhM",
                "categorie": "implantation",
                "thematiques_de_recherche": null,
                "commentaire": "implantation de la Biblioth\u00e8que locale communale de Fl\u00e9malle",
                "fonds_specialises": null,
                "bce_ou_unite_d_etablissement": "2.159.579.195"
            }
        },
        {
            "type": "Feature",
            "geometry": {
                "type": "Point",
                "coordinates": [
                    3.407727206774052,
                    50.62651535536967
                ]
            },
            "properties": {
                "denomination": "Biblioth\u00e8que communale de Kain",
                "province": "Hainaut",
                "adresse": "Rue du Follet 2",
                "cp": "7540",
                "ville": "Kain",
                "courriel": "bibliotheque@tournai.be",
                "telephone": "069 25 30 90",
                "web": "https:\/\/www.tournai.be\/vivre-ma-ville\/bibliotheque-communale.html",
                "categorie": "implantation",
                "thematiques_de_recherche": null,
                "commentaire": "implantation de la Biblioth\u00e8que locale communale de Tournai",
                "fonds_specialises": null,
                "bce_ou_unite_d_etablissement": null
            }
        },
        {
            "type": "Feature",
            "geometry": {
                "type": "Point",
                "coordinates": [
                    5.63486599004,
                    50.6670821321
                ]
            },
            "properties": {
                "denomination": "Biblioth\u00e8que publique Ren\u00e9 Henoumont",
                "province": "Li\u00e8ge",
                "adresse": "Large Voie 110",
                "cp": "4040",
                "ville": "Herstal",
                "courriel": "bibliotheques@herstal.be",
                "telephone": "04 264 91 84",
                "web": "https:\/\/www.facebook.com\/BibliothequesdeHerstal\/",
                "categorie": "biblioth\u00e8que locale",
                "thematiques_de_recherche": null,
                "commentaire": "R\u00e9seau des Biblioth\u00e8ques publiques de Herstal",
                "fonds_specialises": null,
                "bce_ou_unite_d_etablissement": "2.169.169.428"
            }
        },
        {
            "type": "Feature",
            "geometry": {
                "type": "Point",
                "coordinates": [
                    2.88023994689,
                    50.7260855313
                ]
            },
            "properties": {
                "denomination": "Biblioth\u00e8que de Ploegsteert",
                "province": "Hainaut",
                "adresse": "Place de la Rabecque",
                "cp": "7782",
                "ville": "Ploegsteert",
                "courriel": "info@bibliolys.be",
                "telephone": "056 55 49 58",
                "web": "https:\/\/www.bibliolys.be\/",
                "categorie": "implantation",
                "thematiques_de_recherche": null,
                "commentaire": "implantation de la Biblioth\u00e8que de Comines - r\u00e9seau BiblioLys",
                "fonds_specialises": null,
                "bce_ou_unite_d_etablissement": null
            }
        },
        {
            "type": "Feature",
            "geometry": {
                "type": "Point",
                "coordinates": [
                    4.31104396749,
                    50.8703689984
                ]
            },
            "properties": {
                "denomination": "Biblioth\u00e8que de Ganshoren",
                "province": "Bruxelles-Capitale",
                "adresse": "Rue Fran\u00e7ois Beeckmans 35",
                "cp": "1083",
                "ville": "Ganshoren",
                "courriel": "biblio.ganshoren@skynet.be",
                "telephone": "02 427 17 83",
                "web": "http:\/\/catalogue.bibcentrale-bxl.be\/iguana\/www.main.cls?surl=ganshoren_bibliotheque",
                "categorie": "biblioth\u00e8que locale",
                "thematiques_de_recherche": null,
                "commentaire": null,
                "fonds_specialises": null,
                "bce_ou_unite_d_etablissement": null
            }
        },
        {
            "type": "Feature",
            "geometry": {
                "type": "Point",
                "coordinates": [
                    4.342980913494436,
                    50.859527170720575
                ]
            },
            "properties": {
                "denomination": "Bibliotheque Espace 27 septembre",
                "province": "Bruxelles-Capitale",
                "adresse": "Boulevard L\u00e9opold II 44",
                "cp": "1080",
                "ville": "Molenbeek-Saint-Jean",
                "courriel": "bibli27sept@cfwb.be",
                "telephone": "02 413 20 08",
                "web": "http:\/\/www.bibli27sept.cfwb.be\/",
                "categorie": "biblioth\u00e8que locale",
                "thematiques_de_recherche": [
                    "Alphab\u00e9tisation, Arts du spectacle, Bandes dessin\u00e9es, Editeur, \u00c9galit\u00e9 des genres\/diversit\u00e9s, Fonds professionnel, Fonds jeunesse -historique, Fonds jeunesse  - trouble DYS, illustrateur belge, Litt\u00e9rature belge francophone, Ouvrages p\u00e9dagogiques -- enfance et jeunesse, Fonds sur l'environnement, Formation citoyenne"
                ],
                "commentaire": null,
                "fonds_specialises": [
                    "Fonds pour les professionnels et les apprenants en alphab\u00e9tisation, Biblioth\u00e8que des Arts du Spectacle (BAS), Bandes Dessin\u00e9es, Mangas, Romans graphiques, Fonds \u00e9dit\u00e9 par la Communaut\u00e9 fran\u00e7aise\/MFWB, Direction Egalit\u00e9s chances (DEC), Biblioth\u00e9conomie, Jeunesse -- patrimoine, Fonds dyslexie, Illustrateurs.trices belges, Litt\u00e9rature belge francophone, Biblioth\u00e8que de l'ONE, Fonds D\u00e9veloppement durable (ODD), D\u00e9mocratie ou barbarie (DOB), Education permanente (EP)"
                ],
                "bce_ou_unite_d_etablissement": null
            }
        }
    ]
}