{
    "type": "FeatureCollection",
    "features": [
        {
            "type": "Feature",
            "geometry": {
                "type": "Point",
                "coordinates": [
                    4.344555582945213,
                    50.87231948851257
                ]
            },
            "properties": {
                "denomination": "Atelier Graphoui",
                "adresse": "Boulevard Emile Bockstael 88",
                "code_postal": "1020",
                "localite": "Laeken",
                "telephone": "02 537 23 74",
                "courriel": "info@graphoui.org",
                "site_web": "http:\/\/www.graphoui.org",
                "statut_juridique": "asbl",
                "province": "Bruxelles-Capitale",
                "bassin_de_vie_fwb": "Bruxelles",
                "bce": "0419.497.581",
                "public": "Tout public",
                "presentation": "L'asbl propose des ateliers de cr\u00e9ation sonore et de film d\u2019animation.",
                "lie_a_un_centre_culturel_un_centre_de_jeunes": null
            }
        },
        {
            "type": "Feature",
            "geometry": {
                "type": "Point",
                "coordinates": [
                    4.86344136943993,
                    50.47397859875412
                ]
            },
            "properties": {
                "denomination": "Incidence - F\u00e9d\u00e9ration Pluraliste des Centres d'Expression et de Cr\u00e9ativit\u00e9",
                "adresse": "Rue Nanon 98",
                "code_postal": "5000",
                "localite": "Namur",
                "telephone": "081 39 08 83",
                "courriel": "info@incidence-asbl.be",
                "site_web": "https:\/\/incidence-asbl.org\/",
                "statut_juridique": "asbl",
                "province": "Namur",
                "bassin_de_vie_fwb": "Namur",
                "bce": "0443.257.435",
                "public": "CEC",
                "presentation": null,
                "lie_a_un_centre_culturel_un_centre_de_jeunes": "F\u00e9d\u00e9ration"
            }
        },
        {
            "type": "Feature",
            "geometry": {
                "type": "Point",
                "coordinates": [
                    5.233851140604552,
                    50.46674006334472
                ]
            },
            "properties": {
                "denomination": "Circabulle- Ecole de cirque de Marchin",
                "adresse": "Place de Grand Marchin 2A",
                "code_postal": "4570",
                "localite": "Marchin",
                "telephone": null,
                "courriel": "ecoledecirquedemarchin@gmail.com",
                "site_web": "http:\/\/www.ecoledecirquedemarchin.be\/",
                "statut_juridique": "asbl",
                "province": "Li\u00e8ge",
                "bassin_de_vie_fwb": "Huy Waremme",
                "bce": "0476.360.565",
                "public": "Tout public",
                "presentation": "L'\u00e9cole accueille chaque semaine plus de 600 enfants d\u00e8s 3 ans, adolescents et adultes pour des ateliers de cirque, trap\u00e8ze, tissu a\u00e9rien, m\u00e2t chinois, acrogym, circomotricit\u00e9 et handicirque. Elle organise en plus des stages durant les vacances scolaires et collabore sur une s\u00e9rie de projets, en partenariat avec\u00a0Latitude 50\u00a0et\u00a0la F\u00e9d\u00e9cirque.",
                "lie_a_un_centre_culturel_un_centre_de_jeunes": null
            }
        },
        {
            "type": "Feature",
            "geometry": {
                "type": "Point",
                "coordinates": [
                    5.96166894029037,
                    50.70736113353454
                ]
            },
            "properties": {
                "denomination": "APSAM - Association pour la promotion des soci\u00e9t\u00e9s d'art musical",
                "adresse": "Place communale  7",
                "code_postal": "4850",
                "localite": "Montzen",
                "telephone": "087 65 69 62",
                "courriel": "secretariat@apsam.be",
                "site_web": "https:\/\/www.apsam.be\/",
                "statut_juridique": "asbl",
                "province": "Li\u00e8ge",
                "bassin_de_vie_fwb": "Verviers",
                "bce": "0476.523.782",
                "public": "ch\u0153urs et d\u2019orchestres",
                "presentation": null,
                "lie_a_un_centre_culturel_un_centre_de_jeunes": "F\u00e9d\u00e9ration"
            }
        },
        {
            "type": "Feature",
            "geometry": {
                "type": "Point",
                "coordinates": [
                    5.801786098253696,
                    49.67974578785337
                ]
            },
            "properties": {
                "denomination": "CEC de la Maison de la Culture d'Arlon",
                "adresse": "Parc des Expositions 1",
                "code_postal": "6700",
                "localite": "Arlon",
                "telephone": "063 24 58 50",
                "courriel": "info@maison-culture-arlon.be",
                "site_web": "https:\/\/www.maison-culture-arlon.be\/index.php?culture=cec",
                "statut_juridique": "asbl",
                "province": "Luxembourg",
                "bassin_de_vie_fwb": "Luxembourg",
                "bce": "0409.430.070",
                "public": "Tout public",
                "presentation": "CEC de la Maison de la culture d'Arlon",
                "lie_a_un_centre_culturel_un_centre_de_jeunes": "Maison de la culture d'Arlon"
            }
        },
        {
            "type": "Feature",
            "geometry": {
                "type": "Point",
                "coordinates": [
                    4.373603855955079,
                    50.826022668602455
                ]
            },
            "properties": {
                "denomination": "CREAHM Bruxelles",
                "adresse": "Rue Alphonse De Witte 30",
                "code_postal": "1050",
                "localite": "Ixelles",
                "telephone": "02 537 78 02",
                "courriel": "hello@creahmbxl.be",
                "site_web": "https:\/\/www.creahm-bruxelles.be\/",
                "statut_juridique": "asbl",
                "province": "Bruxelles-Capitale",
                "bassin_de_vie_fwb": "Bruxelles",
                "bce": "0443.083.528",
                "public": "Personnes handicap\u00e9es mentales adultes",
                "presentation": "Laboratoire d\u2019exp\u00e9rimentation artistique qui propose des ateliers d\u2019arts plastiques et d\u2019arts vivants \u00e0 des personnes en situation de handicap mental.",
                "lie_a_un_centre_culturel_un_centre_de_jeunes": null
            }
        },
        {
            "type": "Feature",
            "geometry": {
                "type": "Point",
                "coordinates": [
                    5.7942510271147905,
                    50.63974308399046
                ]
            },
            "properties": {
                "denomination": "L'Arlequin - CHAC",
                "adresse": "Place de l'Hotel de Ville 18",
                "code_postal": "4650",
                "localite": "Herve",
                "telephone": "087 67 57 88",
                "courriel": "cec.arlequin@gmail.com",
                "site_web": "https:\/\/www.chac.be\/comites\/29\/arlequin-centre-d-expression-et-de-creativite",
                "statut_juridique": "asbl",
                "province": "Li\u00e8ge",
                "bassin_de_vie_fwb": "Verviers",
                "bce": "0648.824.387",
                "public": "Tout public \u00e0 partir de 6 ans",
                "presentation": "13\u00a0ateliers\u00a0(en journ\u00e9e et en soir\u00e9e) ET des\u00a0stages\u00a0(pendant les vacances scolaires) aux enfants d\u00e8s 6 ans, aux adolescents et aux adultes. Ces ateliers et stages sont ouverts \u00e0 tous, dans le respect des personnes et des groupes, et constamment adapt\u00e9s \u00e0 la d\u00e9marche de notre public.",
                "lie_a_un_centre_culturel_un_centre_de_jeunes": null
            }
        },
        {
            "type": "Feature",
            "geometry": {
                "type": "Point",
                "coordinates": [
                    5.590391582939177,
                    50.65130502956435
                ]
            },
            "properties": {
                "denomination": "La Bibi - Centre de promotion humaine",
                "adresse": "Rue Lamarck 26",
                "code_postal": "4000",
                "localite": "Li\u00e8ge",
                "telephone": "04 227 51 60",
                "courriel": "bibi_mj_cec@msn.com",
                "site_web": "https:\/\/www.facebook.com\/labibimj\/",
                "statut_juridique": "asbl",
                "province": "Li\u00e8ge",
                "bassin_de_vie_fwb": "Li\u00e8ge",
                "bce": "0408.271.911",
                "public": "De 6 \u00e0 12 ans",
                "presentation": "Maisons de Jeunes ( de 12 \u00e0 26 ans); Ecole De Devoirs (6 \u00e0 8 ans , 9 \u00e0 11 ans ,+ 12ans)",
                "lie_a_un_centre_culturel_un_centre_de_jeunes": "Maison de JeunesCentre de promotion humaine"
            }
        },
        {
            "type": "Feature",
            "geometry": {
                "type": "Point",
                "coordinates": [
                    4.330901984790624,
                    50.838815887123715
                ]
            },
            "properties": {
                "denomination": "Cirqu'Conflex  asbl",
                "adresse": "Rue Rossini 16",
                "code_postal": "1070",
                "localite": "Anderlecht",
                "telephone": "02 520 31 17",
                "courriel": "info@cirqu-conflex.be",
                "site_web": "https:\/\/www.cirqu-conflex.be\/",
                "statut_juridique": "asbl",
                "province": "Bruxelles-Capitale",
                "bassin_de_vie_fwb": "Bruxelles",
                "bce": "0454.132.125",
                "public": "D\u00e8s 8 ans",
                "presentation": "Asbl dont le projet p\u00e9dagogique s'articule autour du cirque social.",
                "lie_a_un_centre_culturel_un_centre_de_jeunes": null
            }
        },
        {
            "type": "Feature",
            "geometry": {
                "type": "Point",
                "coordinates": [
                    5.589882996406382,
                    49.64218902095507
                ]
            },
            "properties": {
                "denomination": "Tribal Souk asbl",
                "adresse": "Rue de Montauban 69",
                "code_postal": "6743",
                "localite": "Buzenol",
                "telephone": "063 45 65 21",
                "courriel": "tribalsouk@gmail.com",
                "site_web": "http:\/\/tribalsouk.blogspot.com\/",
                "statut_juridique": "asbl",
                "province": "Luxembourg",
                "bassin_de_vie_fwb": "Luxembourg",
                "bce": "0465.740.055",
                "public": "Tout public",
                "presentation": "Tribal Souk a pour volont\u00e9 de mener son action en milieu rural en favorisant la rencontre des citoyens dans une mixit\u00e9 sociale et culturelle. Par son action, elle souhaite permettre l'accessibilit\u00e9 \u00e0 l'art dans sa compr\u00e9hension, dans sa pratique et dans ses diff\u00e9rents modes d'expression.",
                "lie_a_un_centre_culturel_un_centre_de_jeunes": null
            }
        },
        {
            "type": "Feature",
            "geometry": {
                "type": "Point",
                "coordinates": [
                    5.39973336943381,
                    50.246979436176424
                ]
            },
            "properties": {
                "denomination": "Miroir Vagabond",
                "adresse": "Vieille Route de Marenne 2",
                "code_postal": "6990",
                "localite": "Hotton",
                "telephone": "084 31 19 46",
                "courriel": "bureau@miroirvagabond.be",
                "site_web": "http:\/\/miroirvagabond.be\/",
                "statut_juridique": "asbl",
                "province": "Luxembourg",
                "bassin_de_vie_fwb": "Luxembourg",
                "bce": "0456.157.148",
                "public": "Tout public",
                "presentation": "Association socioculturelle active dans le nord de la province de Luxembourg. Cr\u00e9\u00e9e initialement sous la forme d\u2019une maison de quartier, elle propose des formations d\u2019alphab\u00e9tisation et des activit\u00e9s d\u2019animation artistique \u00e0 Marche-en-Famenne. Tr\u00e8s vite, la culture s\u2019impose \u00e0 l\u2019asbl tant comme moyen d\u2019\u00e9mancipation individuelle et collective que comme outil majeur de d\u00e9veloppement territorial.",
                "lie_a_un_centre_culturel_un_centre_de_jeunes": null
            }
        },
        {
            "type": "Feature",
            "geometry": {
                "type": "Point",
                "coordinates": [
                    5.2363480271101,
                    50.46607118949613
                ]
            },
            "properties": {
                "denomination": "F\u00e9d\u00e9cirque - F\u00e9d\u00e9ration des \u00e9coles de cirque amateur en FWB",
                "adresse": "Place de Grand-Marchin 3",
                "code_postal": "4570",
                "localite": "Marchin",
                "telephone": null,
                "courriel": "info@fedecirque.be",
                "site_web": "https:\/\/www.fedecirque.be",
                "statut_juridique": "asbl",
                "province": "Li\u00e8ge",
                "bassin_de_vie_fwb": "Huy Waremme",
                "bce": "0844.119.932",
                "public": "Ecoles de cirque amateur",
                "presentation": null,
                "lie_a_un_centre_culturel_un_centre_de_jeunes": "F\u00e9d\u00e9ration"
            }
        },
        {
            "type": "Feature",
            "geometry": {
                "type": "Point",
                "coordinates": [
                    4.502097371285257,
                    50.438784243795695
                ]
            },
            "properties": {
                "denomination": "Circom\u00e9die  asbl",
                "adresse": "Ruelle de l'Abbaye 251",
                "code_postal": "6220",
                "localite": "Fleurus",
                "telephone": "071 38 77 59",
                "courriel": "contact@circomedie.be",
                "site_web": "https:\/\/www.circomedie.be\/",
                "statut_juridique": "asbl",
                "province": "Hainaut",
                "bassin_de_vie_fwb": "Hainaut Sud",
                "bce": "0475.514.883",
                "public": "Tout public",
                "presentation": "Ecole de cirque et compagnie de spectacle",
                "lie_a_un_centre_culturel_un_centre_de_jeunes": null
            }
        },
        {
            "type": "Feature",
            "geometry": {
                "type": "Point",
                "coordinates": [
                    5.136036742435663,
                    49.90366684419854
                ]
            },
            "properties": {
                "denomination": "FMLB - F\u00e9d\u00e9ration Musicale du Luxembourg Belge",
                "adresse": "Grand Place 3\/2",
                "code_postal": "6850",
                "localite": "Paliseul",
                "telephone": null,
                "courriel": null,
                "site_web": "http:\/\/www.fmlbe.eu\/",
                "statut_juridique": "asbl",
                "province": "Luxembourg",
                "bassin_de_vie_fwb": "Luxembourg",
                "bce": "0876.520.902",
                "public": "Associations musicales du Luxembourg Belge",
                "presentation": null,
                "lie_a_un_centre_culturel_un_centre_de_jeunes": "F\u00e9d\u00e9ration"
            }
        },
        {
            "type": "Feature",
            "geometry": {
                "type": "Point",
                "coordinates": [
                    3.214239198282152,
                    50.73202904057766
                ]
            },
            "properties": {
                "denomination": "La Prairie asbl, ferme p\u00e9dagogique",
                "adresse": "Rue de la Vellerie 121",
                "code_postal": "7700",
                "localite": "Mouscron",
                "telephone": "056 34 20 44",
                "courriel": "contact@prairie.be",
                "site_web": "http:\/\/www.prairie.be\/",
                "statut_juridique": "asbl",
                "province": "Hainaut",
                "bassin_de_vie_fwb": "Wallonie Picarde",
                "bce": "0428.998.039",
                "public": "Tout public",
                "presentation": "La Prairie, c\u2019est un lieu de cr\u00e9ation, de d\u00e9tente et de formation o\u00f9 se rencontrent enfants, jeunes et adultes, valides et moins valides, autour d\u2019un int\u00e9r\u00eat commun : l\u2019apprentissage de la vie \u00e0 la ferme au contact de la nature.",
                "lie_a_un_centre_culturel_un_centre_de_jeunes": null
            }
        },
        {
            "type": "Feature",
            "geometry": {
                "type": "Point",
                "coordinates": [
                    4.70177631362305,
                    50.73731340023758
                ]
            },
            "properties": {
                "denomination": "Et qui libre",
                "adresse": "Place Gustave Baugniet 1B",
                "code_postal": "1390",
                "localite": "Grez-Doiceau",
                "telephone": "010 86 28 42",
                "courriel": "info@ecoledeclown.be",
                "site_web": "https:\/\/www.ecoledeclown.be\/",
                "statut_juridique": "asbl",
                "province": "Brabant wallon",
                "bassin_de_vie_fwb": "Brabant wallon",
                "bce": "0476.362.644",
                "public": "Tout public",
                "presentation": "Ecole de clown:et de multiples activit\u00e9s",
                "lie_a_un_centre_culturel_un_centre_de_jeunes": null
            }
        },
        {
            "type": "Feature",
            "geometry": {
                "type": "Point",
                "coordinates": [
                    4.376336827120997,
                    50.86567549353215
                ]
            },
            "properties": {
                "denomination": "Le Cam\u00e9l\u00e9on  bavard",
                "adresse": "Rue Vogler 38",
                "code_postal": "1030",
                "localite": "Schaerbeek",
                "telephone": "02 245 12 96",
                "courriel": "cameleonbavard@cameleonbavard.be",
                "site_web": "http:\/\/www.cameleonbavard.be\/",
                "statut_juridique": "asbl",
                "province": "Bruxelles-Capitale",
                "bassin_de_vie_fwb": "Bruxelles",
                "bce": "0462.260.527",
                "public": "Tout public",
                "presentation": "L'asbl propose des ateliers cr\u00e9atifs et bande dessin\u00e9e, une aide aux devoirs ainsi que des stages de vacances",
                "lie_a_un_centre_culturel_un_centre_de_jeunes": null
            }
        },
        {
            "type": "Feature",
            "geometry": {
                "type": "Point",
                "coordinates": [
                    4.532860698281441,
                    50.70722958990805
                ]
            },
            "properties": {
                "denomination": "Le Tilt - Odyssea",
                "adresse": "Chemin du Meunier 44",
                "code_postal": "1330",
                "localite": "Rixensart",
                "telephone": "02 633 51 21",
                "courriel": "info@letilt.be",
                "site_web": "https:\/\/www.letilt.be\/",
                "statut_juridique": "asbl",
                "province": "Brabant wallon",
                "bassin_de_vie_fwb": "Brabant wallon",
                "bce": "0884.345.931",
                "public": "De 4 \u00e0 12 ans",
                "presentation": "Espace Culturel d'exp\u00e9rimentations qui invite \u00e0 la d\u00e9couverte de soi et du monde",
                "lie_a_un_centre_culturel_un_centre_de_jeunes": null
            }
        },
        {
            "type": "Feature",
            "geometry": {
                "type": "Point",
                "coordinates": [
                    5.59000101326055,
                    49.642168178286255
                ]
            },
            "properties": {
                "denomination": "Tribal Souk",
                "adresse": "Rue de Montauban 69",
                "code_postal": "6743",
                "localite": "Etalle",
                "telephone": "063 45 65 21",
                "courriel": "tribalsouk@gmail.com",
                "site_web": "http:\/\/tribalsouk.blogspot.com\/",
                "statut_juridique": "asbl",
                "province": "Luxembourg",
                "bassin_de_vie_fwb": "Luxembourg",
                "bce": "0465.740.055",
                "public": "Tout public",
                "presentation": "Tribal Souk a pour volont\u00e9 de mener son action en milieu rural en favorisant la rencontre des citoyens dans une mixit\u00e9 sociale et culturelle. Par son action, elle souhaite permettre l'accessibilit\u00e9 \u00e0 l'art dans sa compr\u00e9hension, dans sa pratique et dans ses diff\u00e9rents modes d'expression.",
                "lie_a_un_centre_culturel_un_centre_de_jeunes": null
            }
        },
        {
            "type": "Feature",
            "geometry": {
                "type": "Point",
                "coordinates": [
                    4.769714982608861,
                    50.48058884173512
                ]
            },
            "properties": {
                "denomination": "Dance Corner",
                "adresse": "Chauss\u00e9e de Nivelles 213 B",
                "code_postal": "5020",
                "localite": "Namur",
                "telephone": null,
                "courriel": "asbldancecorner@gmail.com",
                "site_web": "https:\/\/www.dance-corner.org\/",
                "statut_juridique": "asbl",
                "province": "Namur",
                "bassin_de_vie_fwb": "Namur",
                "bce": "0656.648.230",
                "public": "Professionnels et \u00e9coles de danse",
                "presentation": null,
                "lie_a_un_centre_culturel_un_centre_de_jeunes": "F\u00e9d\u00e9ration"
            }
        },
        {
            "type": "Feature",
            "geometry": {
                "type": "Point",
                "coordinates": [
                    4.344801327120652,
                    50.853924588206226
                ]
            },
            "properties": {
                "denomination": "Le Chant des Rues - Interp\u00f4le asbl",
                "adresse": "Rue Locquenghien 12",
                "code_postal": "1000",
                "localite": "Bruxelles",
                "telephone": "02 217 75 12",
                "courriel": "asbl_interpole@hotmail.com",
                "site_web": "https:\/\/www.facebook.com\/interpoleasbl",
                "statut_juridique": "asbl",
                "province": "Bruxelles-Capitale",
                "bassin_de_vie_fwb": "Bruxelles",
                "bce": "0459.598.371",
                "public": "Tout public",
                "presentation": "L'asbl propose des activit\u00e9s sociales et culturelles dans les quartiers du centre de Bruxelles.Elle propose aussi une \u00e9cole de devoirs, des cours d'alphab\u00e9tisation et de FLE, ainsi qu'un service d'\u00e9coute et d'orientation personnalis\u00e9.",
                "lie_a_un_centre_culturel_un_centre_de_jeunes": null
            }
        },
        {
            "type": "Feature",
            "geometry": {
                "type": "Point",
                "coordinates": [
                    4.36486425410795,
                    50.79561298485641
                ]
            },
            "properties": {
                "denomination": "Youplaboum",
                "adresse": "Avenue Lat\u00e9rale 171",
                "code_postal": "1180",
                "localite": "Uccle",
                "telephone": "02 375 60 76",
                "courriel": "info@youplaboum.be",
                "site_web": "http:\/\/www.youplaboum.be\/",
                "statut_juridique": "asbl",
                "province": "Bruxelles-Capitale",
                "bassin_de_vie_fwb": "Bruxelles",
                "bce": "0430.881.027",
                "public": "De 18 mois \u00e0 12 ans",
                "presentation": "Atelier exp\u00e9rimental pour les enfants \u00e0 partir de 18 mois",
                "lie_a_un_centre_culturel_un_centre_de_jeunes": null
            }
        },
        {
            "type": "Feature",
            "geometry": {
                "type": "Point",
                "coordinates": [
                    3.3795683136194197,
                    50.6053999624583
                ]
            },
            "properties": {
                "denomination": "Imagine - CEC de la Maison de la Culture de Tournai",
                "adresse": "Esplanade George Grard - Avenue des Fr\u00e8res Rimbaut 2",
                "code_postal": "7500",
                "localite": "Tournai",
                "telephone": "069 25 30 80",
                "courriel": "billetterie@maisonculturetournai.com",
                "site_web": "https:\/\/www.maisonculturetournai.com\/fr\/",
                "statut_juridique": "asbl",
                "province": "Hainaut",
                "bassin_de_vie_fwb": "Wallonie Picarde",
                "bce": "0410.784.805",
                "public": "Tout public",
                "presentation": "Lieu d\u2019\u00e9change, de rencontre et de partage, les ateliers du CEC Imagine explorent de multiples apprentissages \u00e0 travers diff\u00e9rents langages artistiques. Hebdomadaires ou \u00e9ph\u00e9m\u00e8res, les ateliers s\u2019adressent \u00e0 tous les publics et \u00e0 tous les \u00e2ges dans un esprit multidisciplinaire.",
                "lie_a_un_centre_culturel_un_centre_de_jeunes": "La Maison de la Culture de Tournai"
            }
        },
        {
            "type": "Feature",
            "geometry": {
                "type": "Point",
                "coordinates": [
                    3.794423611768419,
                    50.432387428377126
                ]
            },
            "properties": {
                "denomination": "Espace Image Cr\u00e9ation",
                "adresse": "Rue Kerv\u00e9 4\/2",
                "code_postal": "7300",
                "localite": "Boussu",
                "telephone": null,
                "courriel": "espaceimagecreation2016@yahoo.com",
                "site_web": "http:\/\/www.espace-image-creation.be\/",
                "statut_juridique": "asbl",
                "province": "Hainaut",
                "bassin_de_vie_fwb": "Hainaut Centre",
                "bce": "0665.665.369",
                "public": "Public adulte",
                "presentation": "Objectif: diffuser l'art photographique, tout en aidant nos affili\u00e9s \u00e0 affiner leur art, tant au niveau de leurs comp\u00e9tences techniques que de leurs aptitudes artistiques.",
                "lie_a_un_centre_culturel_un_centre_de_jeunes": null
            }
        },
        {
            "type": "Feature",
            "geometry": {
                "type": "Point",
                "coordinates": [
                    4.381341884786512,
                    50.687526630111186
                ]
            },
            "properties": {
                "denomination": "Les Ateliers d'Expression th\u00e9\u00e2trale Bouldegum",
                "adresse": "Rue du M\u00e9nil 74",
                "code_postal": "1420",
                "localite": "Braine-L'Alleud",
                "telephone": null,
                "courriel": "info@bouldegum.be",
                "site_web": "http:\/\/www.bouldegum.be\/",
                "statut_juridique": "asbl",
                "province": "Brabant wallon",
                "bassin_de_vie_fwb": "Brabant wallon",
                "bce": "0462.229.249",
                "public": "Tout public",
                "presentation": null,
                "lie_a_un_centre_culturel_un_centre_de_jeunes": null
            }
        },
        {
            "type": "Feature",
            "geometry": {
                "type": "Point",
                "coordinates": [
                    3.8603101136144153,
                    50.419795318997274
                ]
            },
            "properties": {
                "denomination": "Blanc Murmure",
                "adresse": "Rue de la Boule 36",
                "code_postal": "7390",
                "localite": "Quaregnon",
                "telephone": "065 51 52 17",
                "courriel": "info@blancmurmure.be",
                "site_web": "http:\/\/www.blancmurmure.be\/",
                "statut_juridique": "asbl",
                "province": "Hainaut",
                "bassin_de_vie_fwb": "Hainaut Centre",
                "bce": "0463.066.815",
                "public": "Tout public",
                "presentation": "Objectif: initier un public vari\u00e9 \u00e0 l'art et la cr\u00e9ation contemporaine par le biais de diff\u00e9rentes techniques artistiques.",
                "lie_a_un_centre_culturel_un_centre_de_jeunes": null
            }
        },
        {
            "type": "Feature",
            "geometry": {
                "type": "Point",
                "coordinates": [
                    4.691967913618536,
                    50.57280488451631
                ]
            },
            "properties": {
                "denomination": "L'Art de rien",
                "adresse": "Chauss\u00e9e de Wavre 37",
                "code_postal": "5030",
                "localite": "Gembloux",
                "telephone": null,
                "courriel": "info@lartderien.be",
                "site_web": "https:\/\/www.lartderien.be\/",
                "statut_juridique": "asbl",
                "province": "Namur",
                "bassin_de_vie_fwb": "Namur",
                "bce": "0848.172.552",
                "public": "Tout public",
                "presentation": "Objectif: sensibiliser le public de tout \u00e2ge et de toute culture aux diverses pratiques li\u00e9es au monde de l'art, et plus particuli\u00e8re dans le domaine des arts de la parole.",
                "lie_a_un_centre_culturel_un_centre_de_jeunes": null
            }
        },
        {
            "type": "Feature",
            "geometry": {
                "type": "Point",
                "coordinates": [
                    4.31506131146164,
                    50.87443337191909
                ]
            },
            "properties": {
                "denomination": "Tissu A\u00e9rien (Ecole Ci.Vol)",
                "adresse": "Rue de l'Education 19",
                "code_postal": "1083",
                "localite": "Ganshoren",
                "telephone": null,
                "courriel": "eccivol@yahoo.com",
                "site_web": "https:\/\/tissuaerien.com\/",
                "statut_juridique": "asbl",
                "province": "Bruxelles-Capitale",
                "bassin_de_vie_fwb": "Bruxelles",
                "bce": "0838.806.312",
                "public": "Jeune public",
                "presentation": "Ateliers cirques & cr\u00e9ativit\u00e9, spectacle, stage, entra\u00eenements dirig\u00e9s et autonomes pour petits et grands, professionnels et amateurs, d\u00e9butants et confirm\u00e9s.",
                "lie_a_un_centre_culturel_un_centre_de_jeunes": null
            }
        },
        {
            "type": "Feature",
            "geometry": {
                "type": "Point",
                "coordinates": [
                    4.6160907406098985,
                    50.66499068992774
                ]
            },
            "properties": {
                "denomination": "Terrain d'Aventures",
                "adresse": "Rue de la Neuville 62",
                "code_postal": "1348",
                "localite": "Ottignies-Louvain-la-Neuve",
                "telephone": null,
                "courriel": "terraindaventureslln@gmail.com",
                "site_web": "https:\/\/www.terraindaventureslln.be\/",
                "statut_juridique": "asbl",
                "province": "Brabant wallon",
                "bassin_de_vie_fwb": "Brabant wallon",
                "bce": "0430.412.259",
                "public": "De 7 \u00e0 15 ans",
                "presentation": "Le Terrain d'Aventures est un lieu d\u2019expression, de cr\u00e9ativit\u00e9, d\u2019\u00e9panouissement, de savoir vivre ensemble, d\u2019ouverture pour les enfants et les jeunes des environs.",
                "lie_a_un_centre_culturel_un_centre_de_jeunes": null
            }
        },
        {
            "type": "Feature",
            "geometry": {
                "type": "Point",
                "coordinates": [
                    4.814876313619924,
                    50.62354837075985
                ]
            },
            "properties": {
                "denomination": "Osez'Art - Foyer culturel de Perwez",
                "adresse": "Grand Place 32",
                "code_postal": "1360",
                "localite": "Perwez",
                "telephone": "081 23 45 55",
                "courriel": "info@foyerperwez.be",
                "site_web": "https:\/\/www.foyerperwez.be\/cec-osezart\/",
                "statut_juridique": "asbl",
                "province": "Brabant wallon",
                "bassin_de_vie_fwb": "Brabant wallon",
                "bce": "0415.784.461",
                "public": "Tout public",
                "presentation": "Interroger le pr\u00e9sent, le pass\u00e9, le futur ; la place de l\u2019humain, le rapport aux autres (semblables ou diff\u00e9rents) ou aux objets, la relation au \u00ab fonctionnel \u00bb ou \u00e0 \u00ab l\u2019esth\u00e9tique \u00bb, mais aussi les autres cultures, celles qui viennent de loin (comme l\u2019Inde) ou celles qui viennent de tout pr\u00e8s mais nous semblent \u00e9trang\u00e8res.",
                "lie_a_un_centre_culturel_un_centre_de_jeunes": "Le Foyer, Centre culturel de Perwez"
            }
        },
        {
            "type": "Feature",
            "geometry": {
                "type": "Point",
                "coordinates": [
                    5.59683626944445,
                    50.64202946799571
                ]
            },
            "properties": {
                "denomination": "Le Courant d'air asbl",
                "adresse": "Rue du Pon\u00e7ay 87",
                "code_postal": "4020",
                "localite": "Li\u00e8ge",
                "telephone": "04 342 47 89",
                "courriel": "courant.cda@gmail.com",
                "site_web": "https:\/\/fibbc.net\/Asbl-Le-Courant-d-air-a-Bressoux.html",
                "statut_juridique": "asbl",
                "province": "Li\u00e8ge",
                "bassin_de_vie_fwb": "Li\u00e8ge",
                "bce": "0476.662.651",
                "public": "Tout public",
                "presentation": "Ancr\u00e9e depuis plus de vingt-cinq ans \u00e0 Bressoux, l\u2019asbl \u00ab\u00a0Le Courant d\u2019air\u00a0\u00bb est \u00e0 la fois biblioth\u00e8que de rue, \u00e9cole de devoirs et CEC.",
                "lie_a_un_centre_culturel_un_centre_de_jeunes": null
            }
        },
        {
            "type": "Feature",
            "geometry": {
                "type": "Point",
                "coordinates": [
                    5.8810831252662545,
                    50.557817700115685
                ]
            },
            "properties": {
                "denomination": "Zone-Art - Services de l'APEM T-21",
                "adresse": "Rue Victor Close 41",
                "code_postal": "4800",
                "localite": "Verviers",
                "telephone": "087 22 33 55",
                "courriel": "services@apemt21.org",
                "site_web": "http:\/\/www.apemt21.org\/",
                "statut_juridique": "asbl",
                "province": "Li\u00e8ge",
                "bassin_de_vie_fwb": "Verviers",
                "bce": "0699.885.583",
                "public": "Public atteint de la trisomie 21 ou autres syndromes g\u00e9n\u00e9tiques assimil\u00e9s",
                "presentation": "L'asbl a pour objectif d\u2019apporter des r\u00e9ponses et\/ou un accompagnement adapt\u00e9s aux besoins des personnes avec une trisomie 21 ou autres syndromes g\u00e9n\u00e9tiques assimil\u00e9s, de la naissance \u00e0 la fin de vie.",
                "lie_a_un_centre_culturel_un_centre_de_jeunes": null
            }
        },
        {
            "type": "Feature",
            "geometry": {
                "type": "Point",
                "coordinates": [
                    4.40194605595647,
                    50.87693354705309
                ]
            },
            "properties": {
                "denomination": "Artisanou - Le Labo de l'Entrela'",
                "adresse": "Rue de Paris 43",
                "code_postal": "1140",
                "localite": "Evere",
                "telephone": "02 241 15 83",
                "courriel": "info@lentrela.be",
                "site_web": "http:\/\/www.lentrela.be\/",
                "statut_juridique": "asbl",
                "province": "Bruxelles-Capitale",
                "bassin_de_vie_fwb": "Bruxelles",
                "bce": "0416.184.834",
                "public": "Tout public",
                "presentation": "Centre d\u2019Expression et de Cr\u00e9ativit\u00e9 (CEC) int\u00e9gr\u00e9 \u00e0 L\u2019Entrela\u2019, Le Labo vise \u00e0 stimuler la cr\u00e9ativit\u00e9 et l\u2019expression de chacun et chacune. A travers ses activit\u00e9s, celui-ci entend participer \u00e0 l\u2019exploration et \u00e0 l\u2019exp\u00e9rimentation de nouvelles formes cr\u00e9atives et artistiques",
                "lie_a_un_centre_culturel_un_centre_de_jeunes": "L'Entrela' Centre culturel d'Evere asbl"
            }
        },
        {
            "type": "Feature",
            "geometry": {
                "type": "Point",
                "coordinates": [
                    4.416947142459878,
                    50.798228103639225
                ]
            },
            "properties": {
                "denomination": "Ateliers de la V\u00e9nerie",
                "adresse": "Place Gilson 3",
                "code_postal": "1170",
                "localite": "Watermael-Boisfort",
                "telephone": "02 663 13 50",
                "courriel": "ateliersvenerie@lavenerie.be",
                "site_web": "http:\/\/www.lavenerie.be\/",
                "statut_juridique": "asbl",
                "province": "Bruxelles-Capitale",
                "bassin_de_vie_fwb": "Bruxelles",
                "bce": "0411.900.602",
                "public": "Tout public",
                "presentation": "La V\u00e9nerie est un Centre culturel et un Centre d\u2019Expression et de Cr\u00e9ativit\u00e9 de Watermael-Boitsfort.",
                "lie_a_un_centre_culturel_un_centre_de_jeunes": "La V\u00e9nerie"
            }
        },
        {
            "type": "Feature",
            "geometry": {
                "type": "Point",
                "coordinates": [
                    4.41846468294064,
                    50.70518014175414
                ]
            },
            "properties": {
                "denomination": "Zinzolin",
                "adresse": "Avenue Minerve 18",
                "code_postal": "1410",
                "localite": "Waterloo",
                "telephone": null,
                "courriel": "noune@zinzolin.be",
                "site_web": "https:\/\/www.zinzolin.be",
                "statut_juridique": "asbl",
                "province": "Brabant wallon",
                "bassin_de_vie_fwb": "Brabant wallon",
                "bce": "0839.832.334",
                "public": "Tout public",
                "presentation": "L'asbl  propose toute l\u2019ann\u00e9e des espaces de cr\u00e9ation artistique et d\u2019expression citoyenne pour tou.te.s sous la forme d\u2019ateliers et de stages d\u2019arts-plastiques ou dans le cadre de projets et \u00e9v\u00e9nements.",
                "lie_a_un_centre_culturel_un_centre_de_jeunes": null
            }
        },
        {
            "type": "Feature",
            "geometry": {
                "type": "Point",
                "coordinates": [
                    3.916747284779722,
                    50.43918174203611
                ]
            },
            "properties": {
                "denomination": "Le Coron asbl",
                "adresse": "Rue du Cerisier 20",
                "code_postal": "7033",
                "localite": "Cuesmes",
                "telephone": "065 84 19 01",
                "courriel": "info@levillagedumonde.org",
                "site_web": null,
                "statut_juridique": "asbl",
                "province": "Hainaut",
                "bassin_de_vie_fwb": "Hainaut Centre",
                "bce": "0425.424.479",
                "public": "De 5 \u00e0 12 ans",
                "presentation": "Le Coron est une asbl sp\u00e9cialis\u00e9e dans les rapports Nord\/Sud et se concentre sur la probl\u00e9matique des migrations humaines, des in\u00e9galit\u00e9s sociales tout en mettant en valeur la solidarit\u00e9, la non \u00e9quit\u00e9 du syst\u00e8me \u00e9conomique actuel et la lutte contre les discriminations.",
                "lie_a_un_centre_culturel_un_centre_de_jeunes": null
            }
        },
        {
            "type": "Feature",
            "geometry": {
                "type": "Point",
                "coordinates": [
                    4.378571340295278,
                    50.82182466852489
                ]
            },
            "properties": {
                "denomination": "Mus\u00e9e des Enfants",
                "adresse": "Rue du Bourgmestre 15",
                "code_postal": "1050",
                "localite": "Ixelles",
                "telephone": "02 640 01 07",
                "courriel": "info@childrenmuseum.be",
                "site_web": "https:\/\/www.museedesenfants.be\/",
                "statut_juridique": "asbl",
                "province": "Bruxelles-Capitale",
                "bassin_de_vie_fwb": "Bruxelles",
                "bce": "0415.481.484",
                "public": "Tout public",
                "presentation": "Donner \u00e0 tous les enfants, l\u2019opportunit\u00e9 d\u2019apprendre \u00e0 mieux se conna\u00eetre, \u00e0 mieux conna\u00eetre les autres ainsi que le monde qui les entoure afin de devenir des citoyens confiants, curieux et ouverts aux autres.",
                "lie_a_un_centre_culturel_un_centre_de_jeunes": null
            }
        },
        {
            "type": "Feature",
            "geometry": {
                "type": "Point",
                "coordinates": [
                    6.033794970965576,
                    50.42532691810162
                ]
            },
            "properties": {
                "denomination": "La Grande Maison",
                "adresse": "Rue Haute Vaulx 6",
                "code_postal": "4960",
                "localite": "Malmedy",
                "telephone": null,
                "courriel": "lagrandemaisonmdy@gmail.com",
                "site_web": "http:\/\/www.lagrandemaisonmdy.be\/",
                "statut_juridique": "asbl",
                "province": "Li\u00e8ge",
                "bassin_de_vie_fwb": "Verviers",
                "bce": "0690.923.872",
                "public": "Tout public",
                "presentation": "Eco-centre d'expression et de cr\u00e9ativit\u00e9o\u00f9 l'on c\u00e9l\u00e8bre l'art plastique, l'art textile et la cuisine dans un souci d'\u00e9ducation \u00e0 la transition \u00e9cologique.",
                "lie_a_un_centre_culturel_un_centre_de_jeunes": null
            }
        },
        {
            "type": "Feature",
            "geometry": {
                "type": "Point",
                "coordinates": [
                    4.344229726804554,
                    50.85807642221592
                ]
            },
            "properties": {
                "denomination": "Foyer asbl",
                "adresse": "Rue des Ateliers 25",
                "code_postal": "1080",
                "localite": "Molenbeek-Saint-Jean",
                "telephone": "02 411 74 95",
                "courriel": "foyer@foyer.be",
                "site_web": "https:\/\/www.foyer.be\/",
                "statut_juridique": "asbl",
                "province": "Bruxelles-Capitale",
                "bassin_de_vie_fwb": "Bruxelles",
                "bce": "0430.640.012",
                "public": "Jeune public",
                "presentation": "Asbl active dans la probl\u00e9matique globale de l'int\u00e9gration des populations d'origine \u00e9trang\u00e8re. Il s'agit d'une organisation pluraliste dans laquelle le respect de la diversit\u00e9 se retrouve \u00e0 tous les niveaux.",
                "lie_a_un_centre_culturel_un_centre_de_jeunes": null
            }
        },
        {
            "type": "Feature",
            "geometry": {
                "type": "Point",
                "coordinates": [
                    4.3721961537890754,
                    50.85703046024214
                ]
            },
            "properties": {
                "denomination": "Bouillon  de  Cultures",
                "adresse": "Rue Philom\u00e8ne 41",
                "code_postal": "1030",
                "localite": "Schaerbeek",
                "telephone": "02 210 94 20",
                "courriel": "secretariat@bouillondecultures.be",
                "site_web": "http:\/\/www.bouillondecultures.be\/",
                "statut_juridique": "asbl",
                "province": "Bruxelles-Capitale",
                "bassin_de_vie_fwb": "Bruxelles",
                "bce": "0424.319.867",
                "public": "Tout public",
                "presentation": "L'asbl a pour objectif d\u2019apporter des\u00a0solutions durables au bien-\u00eatre des habitants du quartier\u00a0et de ses environs, en soutenant un projet de soci\u00e9t\u00e9 multiculturelle. Implant\u00e9e dans un environnement \u00e0 forte population d\u2019origine immigr\u00e9e, ses missions visent les domaines de l\u2019int\u00e9gration sociale,\u00a0l\u2019aide scolaire,\u00a0la lutte contre les discriminations\u00a0et\u00a0l\u2019\u00e9ducation \u00e0 la citoyennet\u00e9.",
                "lie_a_un_centre_culturel_un_centre_de_jeunes": null
            }
        },
        {
            "type": "Feature",
            "geometry": {
                "type": "Point",
                "coordinates": [
                    4.441084369449553,
                    50.82823847025188
                ]
            },
            "properties": {
                "denomination": "Atelier Indigo du Plateau 96",
                "adresse": "Avenue de Tervueren 3bis",
                "code_postal": "1040",
                "localite": "Etterbeek",
                "telephone": "02 770 92 50",
                "courriel": "info@plateau96",
                "site_web": "https:\/\/www.plateau96.be\/",
                "statut_juridique": "asbl",
                "province": "Bruxelles-Capitale",
                "bassin_de_vie_fwb": "Bruxelles",
                "bce": "0589.994.184",
                "public": "Tout public",
                "presentation": "Plateau 96 rassemble sous un m\u00eame toit :ArtsCade (centre d\u2019expression et de cr\u00e9ativit\u00e9), Preparts (pr\u00e9paration aux concours des \u00e9coles d\u2019art et de cin\u00e9ma) et Indigo (ateliers pluridisciplinaires pour personnes porteuses de handicap).",
                "lie_a_un_centre_culturel_un_centre_de_jeunes": null
            }
        },
        {
            "type": "Feature",
            "geometry": {
                "type": "Point",
                "coordinates": [
                    4.287865369450131,
                    50.849200355663854
                ]
            },
            "properties": {
                "denomination": "Atelier Paloke",
                "adresse": "Rue Paloke 95",
                "code_postal": "1080",
                "localite": "Molenbeek-Saint-Jean",
                "telephone": null,
                "courriel": "atelierpaloke95@gmail.com",
                "site_web": "http:\/\/www.atelierpaloke.be\/",
                "statut_juridique": "asbl",
                "province": "Bruxelles-Capitale",
                "bassin_de_vie_fwb": "Bruxelles",
                "bce": "0547.715.349",
                "public": "Tout public",
                "presentation": "Ateliers de c\u00e9ramique, dessin \/ peinture, coutures cr\u00e9atives et patchwork \/ broderie, qui  s'adressent tant aux adultes qu'aux adolescent ou aux enfants. Les cours se donnent dans l'intimit\u00e9 de petits groupes de 8 \u00e9l\u00e8ves maximum encadr\u00e9s par des professeurs dipl\u00f4m\u00e9s et exp\u00e9riment\u00e9s et peuvent \u00eatre int\u00e9gr\u00e9s \u00e0 tout moment de l'ann\u00e9e.",
                "lie_a_un_centre_culturel_un_centre_de_jeunes": null
            }
        },
        {
            "type": "Feature",
            "geometry": {
                "type": "Point",
                "coordinates": [
                    4.6077474964355245,
                    50.722033540106324
                ]
            },
            "properties": {
                "denomination": "Le Grenier",
                "adresse": "Chauss\u00e9e de Bruxelles 63A",
                "code_postal": "1300",
                "localite": "Wavre",
                "telephone": "010 22 67 38",
                "courriel": null,
                "site_web": "http:\/\/www.legrenier-vacancesjoyeuses.be\/",
                "statut_juridique": "asbl",
                "province": "Brabant wallon",
                "bassin_de_vie_fwb": "Brabant wallon",
                "bce": "0473.965.061",
                "public": "Tout public",
                "presentation": "Le Grenier est un lieu o\u00f9 l\u2019on a l\u2019occasion de s\u2019initier \u00e0 diff\u00e9rentes techniques artistiques, en groupe et dans la bonne humeur, sous la conduite d\u2019animateurs professionnels ou exp\u00e9riment\u00e9s dans la branche.",
                "lie_a_un_centre_culturel_un_centre_de_jeunes": null
            }
        },
        {
            "type": "Feature",
            "geometry": {
                "type": "Point",
                "coordinates": [
                    4.870142011769327,
                    50.46697599604705
                ]
            },
            "properties": {
                "denomination": "ACJ - A C\u0153ur Joie, F\u00e9d\u00e9ration chorale de Wallonie-Bruxelles",
                "adresse": "Rue Rogier 82",
                "code_postal": "5000",
                "localite": "Namur",
                "telephone": "081 711 620",
                "courriel": "jeunes.acoeurjoie@gmail.com",
                "site_web": "https:\/\/www.acj.be",
                "statut_juridique": "asbl",
                "province": "Namur",
                "bassin_de_vie_fwb": "Namur",
                "bce": "0408.094.935",
                "public": "associations  de promotion du chant choral",
                "presentation": null,
                "lie_a_un_centre_culturel_un_centre_de_jeunes": null
            }
        },
        {
            "type": "Feature",
            "geometry": {
                "type": "Point",
                "coordinates": [
                    5.30244308477913,
                    50.416858234558006
                ]
            },
            "properties": {
                "denomination": "L'Atelier(s)",
                "adresse": "Rue du Centre 36",
                "code_postal": "4560",
                "localite": "Clavier",
                "telephone": null,
                "courriel": "info@lateliers.be",
                "site_web": "http:\/\/www.lateliers.be",
                "statut_juridique": "asbl",
                "province": "Li\u00e8ge",
                "bassin_de_vie_fwb": "Huy Waremme",
                "bce": "0836.744.269",
                "public": "Tout public",
                "presentation": "Aux contours de la Culture, des cultures\u00a0de tous, pour tous et par tous",
                "lie_a_un_centre_culturel_un_centre_de_jeunes": null
            }
        },
        {
            "type": "Feature",
            "geometry": {
                "type": "Point",
                "coordinates": [
                    4.383665697968276,
                    50.8496565855988
                ]
            },
            "properties": {
                "denomination": "Les Ateliers du Soleil",
                "adresse": "Rue de Pavie 51",
                "code_postal": "1000",
                "localite": "Bruxelles",
                "telephone": "02 736 78 95",
                "courriel": "direction@ateliersdusoleil.be",
                "site_web": "http:\/\/www.ateliersdusoleil.be\/",
                "statut_juridique": "asbl",
                "province": "Bruxelles-Capitale",
                "bassin_de_vie_fwb": "Bruxelles",
                "bce": "0431.462.136",
                "public": "Tout public",
                "presentation": "Par la multiplicit\u00e9 de ses actions socio-culturelles, l'asbl constitue une exp\u00e9rience d\u2019avant-garde dans la soci\u00e9t\u00e9 pluriethnique et pluriculturelle de Bruxelles. Objectifs: former les citoyens d'origine \u00e9trang\u00e8re et dispose la soci\u00e9t\u00e9 \u00e0 faccepter les diff\u00e9rences",
                "lie_a_un_centre_culturel_un_centre_de_jeunes": null
            }
        },
        {
            "type": "Feature",
            "geometry": {
                "type": "Point",
                "coordinates": [
                    4.375900755956018,
                    50.86023425140442
                ]
            },
            "properties": {
                "denomination": "Rasquinet  asbl",
                "adresse": "Rue Josaphat 174",
                "code_postal": "1030",
                "localite": "Schaerbeek",
                "telephone": "02 245 74 34",
                "courriel": "bureau@rasquinet.org",
                "site_web": "https:\/\/www.rasquinet.org\/w\/",
                "statut_juridique": "asbl",
                "province": "Bruxelles-Capitale",
                "bassin_de_vie_fwb": "Bruxelles",
                "bce": "0413.870.294",
                "public": "Tout public",
                "presentation": "L\u2019asbl a pour objet d\u2019organiser toute animation contribuant \u00e0 l\u2019\u00e9panouissement global des enfants\u00a0et au d\u00e9veloppement de leurs capacit\u00e9s intellectuelles, affectives et sociales",
                "lie_a_un_centre_culturel_un_centre_de_jeunes": null
            }
        },
        {
            "type": "Feature",
            "geometry": {
                "type": "Point",
                "coordinates": [
                    4.602760542456393,
                    50.6702519749196
                ]
            },
            "properties": {
                "denomination": "Regards  Pluri'elles - Collectif des Femmes",
                "adresse": "Rue des Sports 19",
                "code_postal": "1348",
                "localite": "Ottignies-Louvain-la-Neuve",
                "telephone": "010 47 47 69",
                "courriel": "info@collectifdesfemmes.be",
                "site_web": "https:\/\/www.collectifdesfemmes.be",
                "statut_juridique": "asbl",
                "province": "Brabant wallon",
                "bassin_de_vie_fwb": "Brabant wallon",
                "bce": "0460.701.696",
                "public": "Tout public",
                "presentation": "En tant que CEC: d\u00e9marche artistique, atelier multiculturel, \u00ab Tour d\u2019horizon \u00bb production stylistique, exposition \u00ab Histoires de vie \u00bb. Formation \u00e0 l\u2019art comme \u00e9l\u00e9ment d\u2019\u00e9panouissement individuel et collectif, d\u00e9veloppement de l\u2019expression citoyenne cr\u00e9ative artistique.",
                "lie_a_un_centre_culturel_un_centre_de_jeunes": null
            }
        },
        {
            "type": "Feature",
            "geometry": {
                "type": "Point",
                "coordinates": [
                    5.622151686507716,
                    50.6225586399678
                ]
            },
            "properties": {
                "denomination": "ALTA - Association li\u00e9geoise des th\u00e9\u00e2tres amateurs",
                "adresse": "Rue Malvaux 80",
                "code_postal": "4032",
                "localite": "Li\u00e8ge",
                "telephone": null,
                "courriel": "info@alta-fncd.be",
                "site_web": "https:\/\/www.alta-theatre.be\/",
                "statut_juridique": "asbl",
                "province": "Li\u00e8ge",
                "bassin_de_vie_fwb": "Li\u00e8ge",
                "bce": "0839.030.006",
                "public": "Compagnies de th\u00e9\u00e2tres amateurs de Li\u00e8ge",
                "presentation": null,
                "lie_a_un_centre_culturel_un_centre_de_jeunes": "F\u00e9d\u00e9ration"
            }
        },
        {
            "type": "Feature",
            "geometry": {
                "type": "Point",
                "coordinates": [
                    5.218488681079662,
                    50.164617479537085
                ]
            },
            "properties": {
                "denomination": "Ateliers 4D",
                "adresse": "Rue de la Pr\u00e9hyr 12",
                "code_postal": "5580",
                "localite": "Rochefort",
                "telephone": null,
                "courriel": "ateliers4d@gmail.com",
                "site_web": "https:\/\/www.facebook.com\/Ateliers-4D-CEC-338793409574534\/",
                "statut_juridique": "asbl",
                "province": "Namur",
                "bassin_de_vie_fwb": "Namur",
                "bce": "0460.386.843",
                "public": "Tout public",
                "presentation": "Les Ateliers 4D proposent, animent des ateliers, des stages, des formations qui permettent de d\u00e9couvrir de nouveaux modes d'expression, de toucher du bout des doigts des oeuvres d'art gr\u00e2ce \u00e0 des sorties, culturelles et\/ou via les m\u00e9dias, de rencontrer des artistes et au fil des ateliers, de rencontres, de partage d'id\u00e9es, de s'exprimer, de donner plus de place \u00e0 la cr\u00e9ativit\u00e9...",
                "lie_a_un_centre_culturel_un_centre_de_jeunes": null
            }
        },
        {
            "type": "Feature",
            "geometry": {
                "type": "Point",
                "coordinates": [
                    4.371220701846317,
                    50.85146198281699
                ]
            },
            "properties": {
                "denomination": "La Ruelle asbl",
                "adresse": "Rue Saint-Alphonse 20",
                "code_postal": "1210",
                "localite": "Saint-Josse-ten-Noode",
                "telephone": "02 218 52 91",
                "courriel": "laruelleasbl@hotmail.com",
                "site_web": "https:\/\/vivre-ensemble.be\/La-Ruelle-1657",
                "statut_juridique": "asbl",
                "province": "Bruxelles-Capitale",
                "bassin_de_vie_fwb": "Bruxelles",
                "bce": "0445.148.638",
                "public": "Tout public",
                "presentation": "L\u2019association\u00a0La Ruelle\u00a0s\u2019adresse principalement aux familles vivant en situation de grande pr\u00e9carit\u00e9, en favorisant les rencontres entre les personnes de tous les milieux sociaux, \u00e9conomiques et culturels, et de toutes les g\u00e9n\u00e9rations.",
                "lie_a_un_centre_culturel_un_centre_de_jeunes": null
            }
        },
        {
            "type": "Feature",
            "geometry": {
                "type": "Point",
                "coordinates": [
                    4.381066142460764,
                    50.83058449759703
                ]
            },
            "properties": {
                "denomination": "Le Pivot- Promotion Communautaire asbl",
                "adresse": "Rue Philippe Baucq 163",
                "code_postal": "1040",
                "localite": "Etterbeek",
                "telephone": null,
                "courriel": "lepivot@lepivot.be",
                "site_web": "http:\/\/www.lepivot.be\/",
                "statut_juridique": "asbl",
                "province": "Bruxelles-Capitale",
                "bassin_de_vie_fwb": "Bruxelles",
                "bce": "0416.293.415",
                "public": "Tout public",
                "presentation": "Asbl de lutte contre la grande pr\u00e9carit\u00e9.",
                "lie_a_un_centre_culturel_un_centre_de_jeunes": null
            }
        },
        {
            "type": "Feature",
            "geometry": {
                "type": "Point",
                "coordinates": [
                    5.565874370974717,
                    50.640036053906556
                ]
            },
            "properties": {
                "denomination": "La Bicoque - Centre de jeunes et de quartier",
                "adresse": "Place Saint Christophe 8",
                "code_postal": "4000",
                "localite": "Li\u00e8ge",
                "telephone": "04 223 76 26",
                "courriel": "asbl.labicoque@gmail.com",
                "site_web": "https:\/\/www.labicoque.net\/",
                "statut_juridique": "asbl",
                "province": "Li\u00e8ge",
                "bassin_de_vie_fwb": "Li\u00e8ge",
                "bce": "0432.499.145",
                "public": "Tout public",
                "presentation": "Le Centre de Jeunes et de Quartier \u2018La Bicoque\u2019 (C.J.Q) est un lieu d\u2019accueil, un espace de rencontre, d\u2019\u00e9change, de d\u00e9couverte et d\u2019expression o\u00f9 tout le monde est le bienvenu! Il propose une infrastructure d\u2019accueil et organise, pour et avec ses membres, diff\u00e9rents projets et activit\u00e9s. Il est compos\u00e9 de 2 entit\u00e9s : la MJ la Bicoque et le CEC Mosa\u00efque.",
                "lie_a_un_centre_culturel_un_centre_de_jeunes": null
            }
        },
        {
            "type": "Feature",
            "geometry": {
                "type": "Point",
                "coordinates": [
                    5.574130828961123,
                    50.63916506471771
                ]
            },
            "properties": {
                "denomination": "Les Ateliers  04 - Les Chiroux",
                "adresse": "Place des Carmes 8",
                "code_postal": "4000",
                "localite": "Li\u00e8ge",
                "telephone": "04 341 42 08",
                "courriel": "info@lesateliers04.be",
                "site_web": "https:\/\/lesateliers04.be",
                "statut_juridique": "asbl",
                "province": "Li\u00e8ge",
                "bassin_de_vie_fwb": "Li\u00e8ge",
                "bce": "0412.484.679",
                "public": "Tout public",
                "presentation": "Les Ateliers 04\u00a0ont pour vocation de faire le lien entre tous les publics et l\u2019Art, par le renforcement des capacit\u00e9s d\u2019expression de chacun-e et la pratique active de la cr\u00e9ativit\u00e9. Le\u00a0CEC\u00a0propose un programme de\u00a0stages, d\u2019ateliers\u00a0et de\u00a0workshops\u00a0pour tous les \u00e2ges, men\u00e9s par des artistes-animateur-rice-s, dans une multiplicit\u00e9 de disciplines. Les Ateliers 04\u00a0sont aussi un\u00a0p\u00f4le\u00a0de m\u00e9diation",
                "lie_a_un_centre_culturel_un_centre_de_jeunes": "Centre Culturel Les Chiroux"
            }
        },
        {
            "type": "Feature",
            "geometry": {
                "type": "Point",
                "coordinates": [
                    5.85502204430102,
                    50.608593205408916
                ]
            },
            "properties": {
                "denomination": "Les Ateliers du Centre culturel de Dison",
                "adresse": "Rue des Ecoles 2",
                "code_postal": "4820",
                "localite": "Dison",
                "telephone": "087 33 41 81",
                "courriel": "contact@ccdison.be",
                "site_web": "http:\/\/www.ccdison.be\/site\/index.php\/ateliers",
                "statut_juridique": "asbl",
                "province": "Li\u00e8ge",
                "bassin_de_vie_fwb": "Verviers",
                "bce": "0418.459.582",
                "public": "Tout public",
                "presentation": "CEC du Centre culturel de Dison",
                "lie_a_un_centre_culturel_un_centre_de_jeunes": "Centre culturel de Dison"
            }
        },
        {
            "type": "Feature",
            "geometry": {
                "type": "Point",
                "coordinates": [
                    3.717658627107304,
                    50.364135747496924
                ]
            },
            "properties": {
                "denomination": "Ecole de cirque de Honnelles",
                "adresse": "Rue de l'Abreuvoir 13",
                "code_postal": "7387",
                "localite": "Honnelles",
                "telephone": "065 78 11 31",
                "courriel": "ecoledecirquedehonnelles@gmail.com",
                "site_web": "https:\/\/www.ecoledecirquedehonnelles.be",
                "statut_juridique": "asbl",
                "province": "Hainaut",
                "bassin_de_vie_fwb": "Hainaut Centre",
                "bce": "0442.163.810",
                "public": "Tout public",
                "presentation": "L\u2019\u00e9cole de cirque propose des ateliers d\u2019initiation aux arts du cirque pour les enfants \u00e0 partir de 7 ans, les adolescents et les adultes. Cet apprentissage d\u00e9veloppe l\u2019\u00e9quilibre, la pr\u00e9cision, la concentration, la pers\u00e9v\u00e9rance, la cr\u00e9ativit\u00e9 et la solidarit\u00e9. D\u00e8s 3 ans, les bambins quant \u00e0 eux s\u2019adonnent aux jeux de la circopsychomotricit\u00e9 qui favorise le d\u00e9veloppement moteur, social et cognitif.",
                "lie_a_un_centre_culturel_un_centre_de_jeunes": null
            }
        },
        {
            "type": "Feature",
            "geometry": {
                "type": "Point",
                "coordinates": [
                    5.317560527112298,
                    50.54947907597464
                ]
            },
            "properties": {
                "denomination": "Plume et pinceau - Maison de la po\u00e9sie",
                "adresse": "Place des Clo\u00eetres 8",
                "code_postal": "4540",
                "localite": "Amay",
                "telephone": "085 31 52 32",
                "courriel": "plumeetpinceau@maisondelapoesie.com",
                "site_web": "https:\/\/www.maisondelapoesie.com\/ateliers-plumepinceau\/",
                "statut_juridique": "asbl",
                "province": "Li\u00e8ge",
                "bassin_de_vie_fwb": "Huy Waremme",
                "bce": "0415.520.185",
                "public": "Tout public",
                "presentation": "Compos\u00e9 d\u2019une \u00e9quipe d\u2019animatrices sp\u00e9cialis\u00e9es dans diverses disciplines, plume&pinceau propose des ateliers et des stages bas\u00e9s sur l\u2019exploration de l\u2019\u00e9criture et sur la pratique des arts plastiques, des arts textiles et des arts de la parole, en mettant l\u2019accent sur l\u2019ouverture et l\u2019accessibilit\u00e9 \u00e0 tous, sans pr\u00e9requis ni comp\u00e9tence particuli\u00e8re.",
                "lie_a_un_centre_culturel_un_centre_de_jeunes": "Maison de la po\u00e9sie"
            }
        },
        {
            "type": "Feature",
            "geometry": {
                "type": "Point",
                "coordinates": [
                    4.887096784780013,
                    50.450375147474865
                ]
            },
            "properties": {
                "denomination": "Les Jolies Notes",
                "adresse": "Rue du Tr\u00e8fle 2",
                "code_postal": "5100",
                "localite": "Jambes",
                "telephone": "081 30 55 28",
                "courriel": "info@joliesnotes.be",
                "site_web": "http:\/\/www.joliesnotes.be\/",
                "statut_juridique": "asbl",
                "province": "Namur",
                "bassin_de_vie_fwb": "Namur",
                "bce": "0441.324.660",
                "public": "Tout public",
                "presentation": "Centre de cr\u00e9ativit\u00e9 musicale",
                "lie_a_un_centre_culturel_un_centre_de_jeunes": "Centre Culturel de G\u00e9ronsart"
            }
        },
        {
            "type": "Feature",
            "geometry": {
                "type": "Point",
                "coordinates": [
                    4.8774289540946985,
                    50.30983351602042
                ]
            },
            "properties": {
                "denomination": "Kal\u00e9idoscope",
                "adresse": "Rue des Tilleuls 30\/2",
                "code_postal": "5537",
                "localite": "Anh\u00e9e",
                "telephone": null,
                "courriel": "ceckaleidoscope.anhee@gmail.com",
                "site_web": "https:\/\/www.facebook.com\/ASBL-CEC-Kal%C3%A9idoscope-105026668797503",
                "statut_juridique": null,
                "province": "Namur",
                "bassin_de_vie_fwb": "Namur",
                "bce": "0466.612.857",
                "public": "Tout public",
                "presentation": "Espace convivial vecteur de liens sociaux et interg\u00e9n\u00e9rationnels et un lieu d\u2019ouverture culturelle.\u00a0Ilinvite chaque participant \u00e0 donner du sens \u00e0 ses r\u00e9alisations, \u00e0 construire un nouveau regard.",
                "lie_a_un_centre_culturel_un_centre_de_jeunes": null
            }
        },
        {
            "type": "Feature",
            "geometry": {
                "type": "Point",
                "coordinates": [
                    4.621436040610133,
                    50.67157747169657
                ]
            },
            "properties": {
                "denomination": "Ecole de Cirque du Brabant Wallon asbl",
                "adresse": "Rue des artisans 1",
                "code_postal": "1348",
                "localite": "Ottignies-Louvain-la-Neuve",
                "telephone": null,
                "courriel": "info@ecbw.be",
                "site_web": "https:\/\/www.ecbw.be\/",
                "statut_juridique": "asbl",
                "province": "Brabant wallon",
                "bassin_de_vie_fwb": "Brabant wallon",
                "bce": "0446.420.031",
                "public": "Tout public",
                "presentation": "Objectif: mettre \u00e0 disposition de nos membres les outils et comp\u00e9tences pour qu\u2019ils s\u2019expriment et cr\u00e9ent \u00e0 travers les Arts du Cirque.",
                "lie_a_un_centre_culturel_un_centre_de_jeunes": null
            }
        },
        {
            "type": "Feature",
            "geometry": {
                "type": "Point",
                "coordinates": [
                    5.901905427105327,
                    50.290048346482564
                ]
            },
            "properties": {
                "denomination": "La  \"S\"  Grand  Atelier",
                "adresse": "Place des Chasseurs ardennais 31",
                "code_postal": "6690",
                "localite": "Vielsalm",
                "telephone": "080 29 25 55",
                "courriel": "lasgrandatelier@gmail.com",
                "site_web": "http:\/\/www.lasgrandatelier.be\/",
                "statut_juridique": "asbl",
                "province": "Luxembourg",
                "bassin_de_vie_fwb": "Luxembourg",
                "bce": "0832.117.072",
                "public": "Tout public",
                "presentation": "La vocation premi\u00e8re de l\u2019association est de valoriser et faire reconna\u00eetre la cr\u00e9ation des artistes porteurs d\u2019un handicap mental et de favoriser leur reconnaissance culturelle et sociale",
                "lie_a_un_centre_culturel_un_centre_de_jeunes": null
            }
        },
        {
            "type": "Feature",
            "geometry": {
                "type": "Point",
                "coordinates": [
                    4.368002428835188,
                    50.862935350324754
                ]
            },
            "properties": {
                "denomination": "Ateliers des Petits Pas",
                "adresse": "Rue de la Marne 12",
                "code_postal": "1030",
                "localite": "Schaerbeek",
                "telephone": "02 216 52 04",
                "courriel": "atelier.despetitspas@gmail.com",
                "site_web": "http:\/\/www.atelierdespetitspas.com\/",
                "statut_juridique": "asbl",
                "province": "Bruxelles-Capitale",
                "bassin_de_vie_fwb": "Bruxelles",
                "bce": "0457.327.977",
                "public": "Tout public",
                "presentation": "Asbl sp\u00e9cialis\u00e9e dans l\u2019accueil extrascolaire, le soutien \u00e9ducatif et la formation pour adultes.",
                "lie_a_un_centre_culturel_un_centre_de_jeunes": null
            }
        },
        {
            "type": "Feature",
            "geometry": {
                "type": "Point",
                "coordinates": [
                    4.8678358829341155,
                    50.46426012271328
                ]
            },
            "properties": {
                "denomination": "Les Ateliers'Bis - Centre culturel de Namur",
                "adresse": "Place du Th\u00e9\u00e2tre 2",
                "code_postal": "5000",
                "localite": "Namur",
                "telephone": "081 25 04 03",
                "courriel": "info@centrecultureldenamur.be",
                "site_web": "http:\/\/centrecultureldenamur.be\/programme\/cec-ateliers-bis-actions\/",
                "statut_juridique": "asbl",
                "province": "Namur",
                "bassin_de_vie_fwb": "Namur",
                "bce": "0422.467.959",
                "public": "Tout public",
                "presentation": "les artistes vous invitent \u00e0 sortir des sentiers battus, \u00e0 vous laisser surprendre pour d\u00e9velopper votre imagination. Envie et curiosit\u00e9 suffisent pour mener de telles exp\u00e9rimentations. L\u00e0 o\u00f9 s\u2019entrem\u00ealent les disciplines, de nouvelles id\u00e9es \u00e9mergent et toutes et tous en profitent !",
                "lie_a_un_centre_culturel_un_centre_de_jeunes": "Centre culturel r\u00e9gional de Namur"
            }
        },
        {
            "type": "Feature",
            "geometry": {
                "type": "Point",
                "coordinates": [
                    4.440273444291368,
                    50.25372029790175
                ]
            },
            "properties": {
                "denomination": "CEC de Walcourt, Florennes, Philippeville  asbl",
                "adresse": "Rue de Fraire 4",
                "code_postal": "5650",
                "localite": "Walcourt",
                "telephone": "071 61 46 86",
                "courriel": "communication@centreculturelwalcourt.be",
                "site_web": "https:\/\/www.facebook.com\/cecwalcourtphilippevilleflorennes\/",
                "statut_juridique": "asbl",
                "province": "Namur",
                "bassin_de_vie_fwb": "Hainaut Sud",
                "bce": "0847.813.058",
                "public": "Tout public d\u00e8s 8 ans",
                "presentation": "CEC du Centre culturel de Walcourt",
                "lie_a_un_centre_culturel_un_centre_de_jeunes": "Centre culturel de Walcourt"
            }
        },
        {
            "type": "Feature",
            "geometry": {
                "type": "Point",
                "coordinates": [
                    3.3906422271140753,
                    50.61397174556762
                ]
            },
            "properties": {
                "denomination": "M\u00f4mes Circus asbl",
                "adresse": "Boulevard des Nerviens 52",
                "code_postal": "7500",
                "localite": "Tournai",
                "telephone": null,
                "courriel": "momescircus@gmail.com",
                "site_web": "https:\/\/momescircus.be",
                "statut_juridique": "asbl",
                "province": "Hainaut",
                "bassin_de_vie_fwb": "Wallonie Picarde",
                "bce": "0443.006.324",
                "public": "Tout public",
                "presentation": "Ecole du cirque",
                "lie_a_un_centre_culturel_un_centre_de_jeunes": null
            }
        },
        {
            "type": "Feature",
            "geometry": {
                "type": "Point",
                "coordinates": [
                    4.435478598285093,
                    50.841042104424446
                ]
            },
            "properties": {
                "denomination": "Ateliers de la rue Voot asbl",
                "adresse": "Rue Voot 91",
                "code_postal": "1200",
                "localite": "Woluw\u00e9-Saint-Lambert",
                "telephone": "02 762 48 93",
                "courriel": "info@voot.be",
                "site_web": "https:\/\/voot.be\/",
                "statut_juridique": "asbl",
                "province": "Bruxelles-Capitale",
                "bassin_de_vie_fwb": "Bruxelles",
                "bce": "0420.426.605",
                "public": "Tout public",
                "presentation": "L'asbl s'incarne dans ses activit\u00e9s qui se d\u00e9roulent dans un esprit d'ouverture, d'\u00e9change et de d\u00e9veloppement durable.",
                "lie_a_un_centre_culturel_un_centre_de_jeunes": null
            }
        },
        {
            "type": "Feature",
            "geometry": {
                "type": "Point",
                "coordinates": [
                    5.094664513616163,
                    50.48561423530092
                ]
            },
            "properties": {
                "denomination": "LST Andenne - Lutte Solidarit\u00e9 Travail asbl",
                "adresse": "Rue Horseilles 26",
                "code_postal": "5300",
                "localite": "Andenne",
                "telephone": "085 84 48 22",
                "courriel": "andenne@mouvement-LST.org",
                "site_web": "https:\/\/www.mouvement-lst.org\/lst_andenne.html",
                "statut_juridique": "asbl",
                "province": "Namur",
                "bassin_de_vie_fwb": "Namur",
                "bce": "0449.658.445",
                "public": "Tout public",
                "presentation": "Mouvement de\u00a0rassemblement\u00a0des plus pauvres pour lutter avec d\u2019autres contre la mis\u00e8re et ce qui la produit.",
                "lie_a_un_centre_culturel_un_centre_de_jeunes": null
            }
        },
        {
            "type": "Feature",
            "geometry": {
                "type": "Point",
                "coordinates": [
                    4.548093713278648,
                    50.070487518286455
                ]
            },
            "properties": {
                "denomination": "Espace El\u00e9ment-Terre",
                "adresse": "Rue du Calvaire 2",
                "code_postal": "5670",
                "localite": "Viroinval",
                "telephone": null,
                "courriel": "element-terre@skynet.be",
                "site_web": "https:\/\/www.element-terre.be\/",
                "statut_juridique": "asbl",
                "province": "Namur",
                "bassin_de_vie_fwb": "Hainaut Sud",
                "bce": "0828.172.241",
                "public": "Tout public",
                "presentation": "Organisme de formation c\u00e9ramique",
                "lie_a_un_centre_culturel_un_centre_de_jeunes": null
            }
        },
        {
            "type": "Feature",
            "geometry": {
                "type": "Point",
                "coordinates": [
                    4.21404069827335,
                    50.40906270470438
                ]
            },
            "properties": {
                "denomination": "Ateliers.be - Th\u00e9\u00e2tre de Binches-Estinnes",
                "adresse": "Rue des Bricteux 3",
                "code_postal": "7134",
                "localite": "Leval-Trahegnies",
                "telephone": "064 34 08 05",
                "courriel": "ateliersbe@gmail.com",
                "site_web": "https:\/\/www.ateliersbe.be\/",
                "statut_juridique": "asbl",
                "province": "Hainaut",
                "bassin_de_vie_fwb": "Hainaut Centre",
                "bce": "0443.257.633",
                "public": "Tout public",
                "presentation": "CEC d'\u00e9veil au th\u00e9\u00e2tre",
                "lie_a_un_centre_culturel_un_centre_de_jeunes": null
            }
        },
        {
            "type": "Feature",
            "geometry": {
                "type": "Point",
                "coordinates": [
                    4.561502828648915,
                    50.69539477474992
                ]
            },
            "properties": {
                "denomination": "Artifices",
                "adresse": "Avenue des lilas 26",
                "code_postal": "1300",
                "localite": "Limal",
                "telephone": null,
                "courriel": null,
                "site_web": "http:\/\/artifices.be\/",
                "statut_juridique": "asbl",
                "province": "Brabant wallon",
                "bassin_de_vie_fwb": "Brabant wallon",
                "bce": "0446.200.988",
                "public": "Tout public",
                "presentation": "L\u2019asbl d\u00e9veloppe des projets socio-artistiques en direction de publics socialement, mentalement ou culturellement d\u00e9favoris\u00e9s ou \u00e0 l\u2019intention de personnes ayant momentan\u00e9ment besoin de trouver un lieu o\u00f9 leurs fragilit\u00e9s et diff\u00e9rences soient accept\u00e9es.",
                "lie_a_un_centre_culturel_un_centre_de_jeunes": null
            }
        },
        {
            "type": "Feature",
            "geometry": {
                "type": "Point",
                "coordinates": [
                    5.5890595424557485,
                    50.6477377459552
                ]
            },
            "properties": {
                "denomination": "Atelier Graffiti",
                "adresse": "Quai Saint-L\u00e9onard 19-20",
                "code_postal": "4000",
                "localite": "Li\u00e8ge",
                "telephone": "04 349 03 00",
                "courriel": "ateliergraffiti@skynet.be",
                "site_web": "https:\/\/www.ateliergraffiti.be\/",
                "statut_juridique": "asbl",
                "province": "Li\u00e8ge",
                "bassin_de_vie_fwb": "Li\u00e8ge",
                "bce": "0449.506.116",
                "public": "Tout public",
                "presentation": "L'Atelier propose au public adulte et enfant de d\u00e9couvrir ou exercer une multitude d\u2019outils artistiques tels que la peinture, l\u2019\u00e9criture cr\u00e9ative, le modelage de la terre, la poterie, la bd, l\u2019image imprim\u00e9e, la cr\u00e9ation tissu ou encore le stopmotion.",
                "lie_a_un_centre_culturel_un_centre_de_jeunes": null
            }
        },
        {
            "type": "Feature",
            "geometry": {
                "type": "Point",
                "coordinates": [
                    3.22888669828191,
                    50.72433947762172
                ]
            },
            "properties": {
                "denomination": "Cirq'en bulles  asbl",
                "adresse": "Rue des Frontaliers 77",
                "code_postal": "7712",
                "localite": "Herseaux",
                "telephone": "056 84 54 82",
                "courriel": "coppens.cel@gmail.com",
                "site_web": "http:\/\/cirqenbulles.net\/",
                "statut_juridique": "asbl",
                "province": "Hainaut",
                "bassin_de_vie_fwb": "Wallonie Picarde",
                "bce": "0477.221.885",
                "public": "De 3 \u00e0 20 ans",
                "presentation": "D\u00e8s 3 ans, nos petits artistes peuvent d\u00e9couvrir, s\u2019initier ou se perfectionner aux diff\u00e9rentes techniques: l\u2019\u00e9quilibre, la jonglerie, l\u2019acrobatie, le trap\u00e8ze et le jeu d\u2019acteur.",
                "lie_a_un_centre_culturel_un_centre_de_jeunes": null
            }
        },
        {
            "type": "Feature",
            "geometry": {
                "type": "Point",
                "coordinates": [
                    3.77587061362012,
                    50.631016837400054
                ]
            },
            "properties": {
                "denomination": "La Ru\u00e9e vers l'Art  - Maison culturelle d'Ath",
                "adresse": "Rue  du  Gouvernement",
                "code_postal": "7800",
                "localite": "Ath",
                "telephone": "068 26 99 99",
                "courriel": "mca@mcath.be",
                "site_web": "https:\/\/www.facebook.com\/ruee.verslart\/",
                "statut_juridique": "asbl",
                "province": "Hainaut",
                "bassin_de_vie_fwb": "Wallonie Picarde",
                "bce": "0419.600.026",
                "public": "Jeune public",
                "presentation": "CEC de La Maison  culturelle  d'Ath",
                "lie_a_un_centre_culturel_un_centre_de_jeunes": "La Maison culturelle d'Ath"
            }
        },
        {
            "type": "Feature",
            "geometry": {
                "type": "Point",
                "coordinates": [
                    4.3427192117794275,
                    50.837557113967925
                ]
            },
            "properties": {
                "denomination": "Mercredis  artistiques  asbl",
                "adresse": "Rue des Tanneurs 176",
                "code_postal": "1000",
                "localite": "Bruxelles",
                "telephone": "02 511 08 46",
                "courriel": "mercredis.artistiques@marolles.org",
                "site_web": "https:\/\/www.facebook.com\/CEC-Les-Mercredis-Artistiques-598829223499166\/",
                "statut_juridique": "asbl",
                "province": "Bruxelles-Capitale",
                "bassin_de_vie_fwb": "Bruxelles",
                "bce": "0410.261.302",
                "public": "de 8 \u00e0 26 ans",
                "presentation": "\"Les Mercredis Artistiques\" propose divers ateliers artistiques, adress\u00e9s aux jeunes de 8 \u00e0 26 ans.",
                "lie_a_un_centre_culturel_un_centre_de_jeunes": null
            }
        },
        {
            "type": "Feature",
            "geometry": {
                "type": "Point",
                "coordinates": [
                    5.621351855948091,
                    50.5692279095586
                ]
            },
            "properties": {
                "denomination": "Centre d'Expression et de Cr\u00e9ativit\u00e9 de Chaudfontaine asbl",
                "adresse": "Voie de l'Air Pur 106",
                "code_postal": "4052",
                "localite": "Chaudfontaine",
                "telephone": "04 361 56 36",
                "courriel": "culture@chaudfontaine.be",
                "site_web": "https:\/\/www.facebook.com\/centrecreatifchaudfontaine\/",
                "statut_juridique": "asbl",
                "province": "Li\u00e8ge",
                "bassin_de_vie_fwb": "Li\u00e8ge",
                "bce": "0848.828.786",
                "public": "Tout public",
                "presentation": "Le Centre propose diff\u00e9rents cours destin\u00e9s \u00e0 booster l'inventivit\u00e9 dans la bonne humeur.3 ateliers possibles: art floral, peinture et multi-disciplines (travail de la c\u00e9ramique, du papier m\u00e2ch\u00e9, peinture sur porcelaine et sur soie, bricolage\u2026).",
                "lie_a_un_centre_culturel_un_centre_de_jeunes": null
            }
        },
        {
            "type": "Feature",
            "geometry": {
                "type": "Point",
                "coordinates": [
                    5.170452898268239,
                    50.220232856166014
                ]
            },
            "properties": {
                "denomination": "Le Petit Th\u00e9\u00e2tre de la Grande Vie",
                "adresse": "Rue Bonnier 12",
                "code_postal": "5580",
                "localite": "Forz\u00e9e",
                "telephone": "083 61 32 60",
                "courriel": "petittheatreforzee@gmail.com",
                "site_web": "https:\/\/www.lepetittheatredelagrandevie.com\/?",
                "statut_juridique": "asbl",
                "province": "Namur",
                "bassin_de_vie_fwb": "Namur",
                "bce": "0444.084.113",
                "public": "Tout public",
                "presentation": "Le petit th\u00e9\u00e2tre de la Grande Vie est un germoir \u00e0 projets artistiques, culturels et citoyens",
                "lie_a_un_centre_culturel_un_centre_de_jeunes": null
            }
        },
        {
            "type": "Feature",
            "geometry": {
                "type": "Point",
                "coordinates": [
                    4.399707340614793,
                    50.84378309520883
                ]
            },
            "properties": {
                "denomination": "Atelier C\u00f4t\u00e9  Cour",
                "adresse": "Rue de Lantsheere 50",
                "code_postal": "1040",
                "localite": "Etterbeek",
                "telephone": "02 733 76 52",
                "courriel": "ateliercotecour@gmail.com",
                "site_web": "https:\/\/www.facebook.com\/ateliercotecour\/",
                "statut_juridique": "asbl",
                "province": "Bruxelles-Capitale",
                "bassin_de_vie_fwb": "Bruxelles",
                "bce": "0820.431.344",
                "public": "Public adulte",
                "presentation": "Espace de cr\u00e9ations, de rencontres et de solidarit\u00e9s pour personnes fragilis\u00e9es autour de diff\u00e9rents ateliers d'\u00e9criture, th\u00e9\u00e2tre, peinture, musique, contes, etc. menant divers projets artistiques (expositions, spectacles, publications, etc.)",
                "lie_a_un_centre_culturel_un_centre_de_jeunes": null
            }
        },
        {
            "type": "Feature",
            "geometry": {
                "type": "Point",
                "coordinates": [
                    4.3686299117752165,
                    50.682822436219986
                ]
            },
            "properties": {
                "denomination": "Arti'Zik",
                "adresse": "Rue du ch\u00e2teau 4",
                "code_postal": "1420",
                "localite": "Braine-l\u2019Alleud",
                "telephone": null,
                "courriel": "info@artizik.be",
                "site_web": "https:\/\/www.artizik.be\/",
                "statut_juridique": "asbl",
                "province": "Brabant wallon",
                "bassin_de_vie_fwb": "Brabant wallon",
                "bce": "0812.231.973",
                "public": "Tout public",
                "presentation": "Objectif: proposer \u00e0 tout \u00e0 chacun un lieu de cr\u00e9ation et d\u2019apprentissage artistique",
                "lie_a_un_centre_culturel_un_centre_de_jeunes": null
            }
        },
        {
            "type": "Feature",
            "geometry": {
                "type": "Point",
                "coordinates": [
                    4.065921711772428,
                    50.579403350598696
                ]
            },
            "properties": {
                "denomination": "Les Ateliers de l'Escalier (Le Quinquet)",
                "adresse": "Rue de Neufvilles 15",
                "code_postal": "7060",
                "localite": "Soignies",
                "telephone": "067 34 80 08",
                "courriel": "cec@lequinquet.be",
                "site_web": "https:\/\/www.ateliers-escalier.be\/",
                "statut_juridique": "asbl",
                "province": "Hainaut",
                "bassin_de_vie_fwb": "Hainaut Centre",
                "bce": "0426.267.884",
                "public": "Tout public",
                "presentation": "Le CEC propose des ateliers artistiques pour enfants, jeunes et adultes stimulant le d\u00e9veloppement personnel ou collectif.",
                "lie_a_un_centre_culturel_un_centre_de_jeunes": null
            }
        },
        {
            "type": "Feature",
            "geometry": {
                "type": "Point",
                "coordinates": [
                    4.536114371286039,
                    50.46662189290667
                ]
            },
            "properties": {
                "denomination": "La Ferme de Martinrou",
                "adresse": "Chauss\u00e9e de Charleroi 615",
                "code_postal": "6220",
                "localite": "Fleurus",
                "telephone": "071 81 63 32",
                "courriel": "info@martinrou.be",
                "site_web": "https:\/\/martinrou.be\/",
                "statut_juridique": "asbl",
                "province": "Hainaut",
                "bassin_de_vie_fwb": "Hainaut Sud",
                "bce": "0422.259.806",
                "public": "Tout public",
                "presentation": "La Ferme propose des stages en th\u00e9\u00e2tre et \u00e0 l'impro aux c\u00f4t\u00e9 de ses missions de duffusion de spectacles.",
                "lie_a_un_centre_culturel_un_centre_de_jeunes": null
            }
        },
        {
            "type": "Feature",
            "geometry": {
                "type": "Point",
                "coordinates": [
                    4.300372357797399,
                    50.6791600382555
                ]
            },
            "properties": {
                "denomination": "Anim'art",
                "adresse": "Avenue des Boign\u00e9es 2b",
                "code_postal": "1420",
                "localite": "Wauthier-Braine",
                "telephone": "02 385 12 81",
                "courriel": "anim_art@hotmail.com",
                "site_web": "http:\/\/isimar.net\/sites\/animart\/index.html",
                "statut_juridique": "asbl",
                "province": "Brabant wallon",
                "bassin_de_vie_fwb": "Brabant wallon",
                "bce": "0441.298.332",
                "public": "Tout public",
                "presentation": "Stages et ateliers",
                "lie_a_un_centre_culturel_un_centre_de_jeunes": null
            }
        },
        {
            "type": "Feature",
            "geometry": {
                "type": "Point",
                "coordinates": [
                    5.163708484783249,
                    50.569833951198014
                ]
            },
            "properties": {
                "denomination": "Le Grain d'Art - Centre culturel de Wanze",
                "adresse": "Rue des Grandes Ruelles 40",
                "code_postal": "4520",
                "localite": "Wanze",
                "telephone": "085 21 39 02",
                "courriel": "info@centreculturelwanze.be",
                "site_web": "https:\/\/www.centreculturelwanze.be\/le-grain-d-art.html",
                "statut_juridique": "asbl",
                "province": "Li\u00e8ge",
                "bassin_de_vie_fwb": "Huy Waremme",
                "bce": "0435.242.958",
                "public": "Tout public",
                "presentation": "Atelier CEC du Centre culturel de Wanze",
                "lie_a_un_centre_culturel_un_centre_de_jeunes": "Centre culturel de Wanze"
            }
        },
        {
            "type": "Feature",
            "geometry": {
                "type": "Point",
                "coordinates": [
                    4.034014997961596,
                    50.69350491451877
                ]
            },
            "properties": {
                "denomination": "Labo des arts et du mouvement",
                "adresse": "Rue de Nazareth 29",
                "code_postal": "7850",
                "localite": "Enghien",
                "telephone": null,
                "courriel": "info@labo-am.be",
                "site_web": "https:\/\/www.labo-am.be\/",
                "statut_juridique": "asbl",
                "province": "Hainaut",
                "bassin_de_vie_fwb": "Wallonie Picarde",
                "bce": "0559.851.138",
                "public": "Tout public",
                "presentation": "Au LABO, avant tout, on exp\u00e9rimente, on cr\u00e9e, on se d\u00e9couvre, on explore, on s\u2019exprime, on apprend, on s\u2019amuse, on cr\u00e9e du lien\u2026Le LABO, c\u2019est aussi un b\u00e2timent entier d\u00e9di\u00e9 \u00e0 la cr\u00e9ation artistique. Un rez-de-chauss\u00e9e d\u00e9di\u00e9 aux arts plastiques: dessin, peinture, sculpture, c\u00e9ramique, histoires anim\u00e9es. A l\u2019\u00e9tage, ce sont les arts du cirque qui sont \u00e0 l\u2019honneur: technique a\u00e9rienne, \u00e9quilibre, acrobatie et jonglerie rythment ce lieu tout sp\u00e9cialement r\u00e9nov\u00e9 pour nous accueillir. Mais, si les lieux d\u2019apprentissages sont bien s\u00e9par\u00e9s, des ponts sont construits entre les activit\u00e9s et un doux m\u00e9lange s\u2019op\u00e8re.",
                "lie_a_un_centre_culturel_un_centre_de_jeunes": null
            }
        },
        {
            "type": "Feature",
            "geometry": {
                "type": "Point",
                "coordinates": [
                    4.389118253787796,
                    50.827146150758786
                ]
            },
            "properties": {
                "denomination": "Bataclan  asbl",
                "adresse": "Avenue G\u00e9n\u00e9ral Bernheim 31",
                "code_postal": "1040",
                "localite": "Etterbeek",
                "telephone": "02 646 30 13",
                "courriel": "info@bataclan.be",
                "site_web": "https:\/\/www.bataclan.be\/",
                "statut_juridique": "asbl",
                "province": "Bruxelles-Capitale",
                "bassin_de_vie_fwb": "Bruxelles",
                "bce": "0415.999.643",
                "public": "Enfants et adolescents en \u00e2ge scolaire et adultes pr\u00e9sentant un handicap mental l\u00e9ger, physique et\/ou sensoriel",
                "presentation": "L'asbl a pour objectif de promouvoir la prise d'autonomie, l'inclusion et le bien-\u00eatre de la personne en situation de handicap, d'une fa\u00e7on globale, dans le respect de la personne et de ses droits",
                "lie_a_un_centre_culturel_un_centre_de_jeunes": null
            }
        },
        {
            "type": "Feature",
            "geometry": {
                "type": "Point",
                "coordinates": [
                    4.325250569449328,
                    50.81953579804281
                ]
            },
            "properties": {
                "denomination": "Zorobabel asbl",
                "adresse": "Avenue Van Volxem 200",
                "code_postal": "1190",
                "localite": "Forest",
                "telephone": "02 538 24 34",
                "courriel": "zorobabel@zorobabel.be",
                "site_web": "http:\/\/www.zorobabel.be\/",
                "statut_juridique": "asbl",
                "province": "Bruxelles-Capitale",
                "bassin_de_vie_fwb": "Bruxelles",
                "bce": "0453.368.991",
                "public": "Tout public",
                "presentation": "Zorobabel organise des ateliers de cin\u00e9ma d'animation pour jeunes et enfants.",
                "lie_a_un_centre_culturel_un_centre_de_jeunes": null
            }
        },
        {
            "type": "Feature",
            "geometry": {
                "type": "Point",
                "coordinates": [
                    4.713967755628787,
                    50.585856454968464
                ]
            },
            "properties": {
                "denomination": "Bas les Masques - Gembloux",
                "adresse": "Chauss\u00e9e de Tirlemont 149",
                "code_postal": "5030",
                "localite": "Gembloux",
                "telephone": "081 98 07 15",
                "courriel": "gembloux@baslesmasques.be",
                "site_web": "https:\/\/www.baslesmasques.be\/",
                "statut_juridique": "asbl",
                "province": "Namur",
                "bassin_de_vie_fwb": "Namur",
                "bce": "0474.659.701",
                "public": "Jeune public",
                "presentation": "Implantation de Gembloux de l'asbl Bas les Masques qui s\u2019est donn\u00e9e pour mission, d\u2019\u00e9panouir les jeunes au travers des arts de la sc\u00e8ne en leur permettant de s\u2019exprimer par le chant, la danse, le th\u00e9\u00e2tre et le cin\u00e9ma. D\u00e9localisation de Gembloux de l'asbl Bas les Masques",
                "lie_a_un_centre_culturel_un_centre_de_jeunes": null
            }
        },
        {
            "type": "Feature",
            "geometry": {
                "type": "Point",
                "coordinates": [
                    4.28561939827145,
                    50.339310288293554
                ]
            },
            "properties": {
                "denomination": "La Souris Qui Cr\u00e9e - Centre Culturel de Thuin",
                "adresse": "Rue des Nobles 32",
                "code_postal": "6530",
                "localite": "Thuin",
                "telephone": "071 59 71 04",
                "courriel": "cec.lasourisquicree@centrecultureldethuin.be",
                "site_web": "http:\/\/www.centrecultureldethuin.be\/c-e-c-lasouris-quicree\/",
                "statut_juridique": "asbl",
                "province": "Hainaut",
                "bassin_de_vie_fwb": "Hainaut Sud",
                "bce": "0459.237.194",
                "public": "Tout public",
                "presentation": "Le Centres d\u2019Expression et de Cr\u00e9ativit\u00e9 LaSouris QuiCr\u00e9e, par des d\u00e9marches Cr\u00e9atives, propose des projets d\u2019Expressions citoyennes, des ateliers et stages cr\u00e9atifs sur la\u00a0Haute Sambre \u00e0 Erquelinnes, Lobbes,\u00a0Merbes-Le-Ch\u00e2teau et Thuin.",
                "lie_a_un_centre_culturel_un_centre_de_jeunes": "Centre culturel de Thuin"
            }
        },
        {
            "type": "Feature",
            "geometry": {
                "type": "Point",
                "coordinates": [
                    4.3462153712968625,
                    50.86370309841618
                ]
            },
            "properties": {
                "denomination": "L'Ecole de cirque de Bruxelles asbl",
                "adresse": "Rue Picard 3",
                "code_postal": "1000",
                "localite": "Bruxelles",
                "telephone": "02 640 15 71",
                "courriel": "info@ecbru.be",
                "site_web": "https:\/\/www.ecbru.be\/",
                "statut_juridique": "asbl",
                "province": "Bruxelles-Capitale",
                "bassin_de_vie_fwb": "Bruxelles",
                "bce": "0458.811.879",
                "public": "Tout public",
                "presentation": "Formations p\u00e9dagogiques et stages pratiques pour les modu.e.s du cirque",
                "lie_a_un_centre_culturel_un_centre_de_jeunes": null
            }
        },
        {
            "type": "Feature",
            "geometry": {
                "type": "Point",
                "coordinates": [
                    5.55317147129008,
                    50.615316295571475
                ]
            },
            "properties": {
                "denomination": "Animation et cr\u00e9ativit\u00e9 asbl",
                "adresse": "Rue du Perron 3\/2",
                "code_postal": "4000",
                "localite": "Li\u00e8ge",
                "telephone": "04 252 02 02",
                "courriel": "animationetcreativite@gmail.com",
                "site_web": "https:\/\/www.creativite.fun\/",
                "statut_juridique": "asbl",
                "province": "Li\u00e8ge",
                "bassin_de_vie_fwb": "Li\u00e8ge",
                "bce": "0434.403.117",
                "public": "Tout public",
                "presentation": "Sp\u00e9cialis\u00e9e dans les arts plastiques, l'asbl propose des s\u00e9ances cr\u00e9atives hebdomadaires diversifi\u00e9es et des stages th\u00e9matiques durant les cong\u00e9s scolaires. Notre programme permet chaque ann\u00e9e, \u00e0 tous les publics, de s\u2019initier \u00e0 diff\u00e9rentes techniques artistiques  : Dessin, peinture, sculpture, mosa\u00efque, m\u00e9tal, modelage.",
                "lie_a_un_centre_culturel_un_centre_de_jeunes": null
            }
        },
        {
            "type": "Feature",
            "geometry": {
                "type": "Point",
                "coordinates": [
                    4.621436040610133,
                    50.671509476076075
                ]
            },
            "properties": {
                "denomination": "Ateliers d'art de la Baraque",
                "adresse": "Rue des artisans 1",
                "code_postal": "1348",
                "localite": "Ottignies-Louvain-la-Neuve",
                "telephone": null,
                "courriel": "info@ateliers-la-baraque.be",
                "site_web": "https:\/\/www.ateliers-la-baraque.be\/",
                "statut_juridique": "asbl",
                "province": "Brabant wallon",
                "bassin_de_vie_fwb": "Brabant wallon",
                "bce": "0417.219.467",
                "public": "Tout public",
                "presentation": "Ateliers, stages et animations artistiques pour enfants et adultes | Ateliers adultes en c\u00e9ramique, s\u00e9rigraphie textile, collage, danse contemporaine,\u00a0gravure-s\u00e9rigraphie, chorale | Espace partag\u00e9 de cr\u00e9ation pour artistes",
                "lie_a_un_centre_culturel_un_centre_de_jeunes": null
            }
        },
        {
            "type": "Feature",
            "geometry": {
                "type": "Point",
                "coordinates": [
                    5.576346998279507,
                    50.63586168378165
                ]
            },
            "properties": {
                "denomination": "FML - F\u00e9d\u00e9ration Musicale de la Province de Li\u00e8ge",
                "adresse": "Quai Marcellis 1A",
                "code_postal": "4020",
                "localite": "Li\u00e8ge",
                "telephone": "04 342 66 18",
                "courriel": "fml@fml.be",
                "site_web": "http:\/\/www.fml.be\/",
                "statut_juridique": "asbl",
                "province": "Li\u00e8ge",
                "bassin_de_vie_fwb": "Li\u00e8ge",
                "bce": "0432.767.280",
                "public": "Soci\u00e9t\u00e9s musicales",
                "presentation": null,
                "lie_a_un_centre_culturel_un_centre_de_jeunes": "F\u00e9d\u00e9ration"
            }
        },
        {
            "type": "Feature",
            "geometry": {
                "type": "Point",
                "coordinates": [
                    4.27260904245111,
                    50.47595274823199
                ]
            },
            "properties": {
                "denomination": "Pr\u00e9 en bulle",
                "adresse": "Clos du Ch\u00eane au Bois 12",
                "code_postal": "7160",
                "localite": "Chapelle-lez-Herlaimont",
                "telephone": "064 45 85 45",
                "courriel": "info@ecoledecirque.be",
                "site_web": "https:\/\/www.ecoledecirque.be\/",
                "statut_juridique": "asbl",
                "province": "Hainaut",
                "bassin_de_vie_fwb": "Hainaut Centre",
                "bce": "0442.451.543",
                "public": "De 5 \u00e0 18 ans",
                "presentation": "CEC du secteur du cirque",
                "lie_a_un_centre_culturel_un_centre_de_jeunes": null
            }
        },
        {
            "type": "Feature",
            "geometry": {
                "type": "Point",
                "coordinates": [
                    4.896145484659248,
                    50.57668965937867
                ]
            },
            "properties": {
                "denomination": "Terre Franche",
                "adresse": "Place de Longchamps 13",
                "code_postal": "5310",
                "localite": "Eghez\u00e9e",
                "telephone": "081 58 08 31",
                "courriel": "info@terre-franche.be",
                "site_web": "http:\/\/terre-franche.be\/",
                "statut_juridique": "EPL",
                "province": "Namur",
                "bassin_de_vie_fwb": "Namur",
                "bce": "2.150.560.670",
                "public": "Tout public",
                "presentation": "CEC du Centre culturel Ecrin d'Eghez\u00e9e",
                "lie_a_un_centre_culturel_un_centre_de_jeunes": "Centre culturel Ecrin d'Eghez\u00e9e"
            }
        },
        {
            "type": "Feature",
            "geometry": {
                "type": "Point",
                "coordinates": [
                    4.572333042456342,
                    50.66882497873124
                ]
            },
            "properties": {
                "denomination": "Le Cla",
                "adresse": "Rue des Deux-Ponts 15",
                "code_postal": "1340",
                "localite": "Ottignies-Louvain-la-Neuve",
                "telephone": "010 47 55 45",
                "courriel": "ceclecla@gmail.com",
                "site_web": "http:\/\/www.ceclecla.be",
                "statut_juridique": "asbl",
                "province": "Brabant wallon",
                "bassin_de_vie_fwb": "Brabant wallon",
                "bce": "0883.803.127",
                "public": "Tout public",
                "presentation": "\u201cLe Cla\u201d propose pour enfants et adultes des ateliers d\u2019expression plastique hebdomadaires, des stages durant les vacances, des projets ponctuels - cr\u00e9ations artistiques pour dire et se dire en couleurs et en mati\u00e8res - ateliers cr\u00e9atifs impliquant initiation, production, diffusion et abordant des th\u00e9matiques actuelles (interculturalit\u00e9, mobilit\u00e9, sant\u00e9, environnement, ...) - en partenariat dans des lieux divers pour favoriser l\u2019int\u00e9gration.",
                "lie_a_un_centre_culturel_un_centre_de_jeunes": null
            }
        },
        {
            "type": "Feature",
            "geometry": {
                "type": "Point",
                "coordinates": [
                    4.346410355640154,
                    50.8515085694059
                ]
            },
            "properties": {
                "denomination": "FNCD - F\u00e9d\u00e9ration nationale des compagnies dramatiques",
                "adresse": "Rue de Flandre 46",
                "code_postal": "1000",
                "localite": "Bruxelles",
                "telephone": "02 502 81 83",
                "courriel": "fncd@fncd.be",
                "site_web": "https:\/\/www.fncd.be\/V3\/",
                "statut_juridique": "asbl",
                "province": "Bruxelles-Capitale",
                "bassin_de_vie_fwb": "Bruxelles",
                "bce": "0443.081.350",
                "public": "Compagnies dramatiques",
                "presentation": null,
                "lie_a_un_centre_culturel_un_centre_de_jeunes": "F\u00e9d\u00e9ration"
            }
        },
        {
            "type": "Feature",
            "geometry": {
                "type": "Point",
                "coordinates": [
                    3.8549414712874914,
                    50.52084035675984
                ]
            },
            "properties": {
                "denomination": "ACTH - Association des Compagnies Th\u00e9atrales du Hainaut",
                "adresse": "Rue Franc Boudin 62",
                "code_postal": "7050",
                "localite": "Jurbise",
                "telephone": null,
                "courriel": "acthainaut@gmail.com",
                "site_web": "http:\/\/www.acth.be\/",
                "statut_juridique": "asbl",
                "province": "Hainaut",
                "bassin_de_vie_fwb": "Hainaut Centre",
                "bce": "0871.749.787",
                "public": "Compagnies th\u00e9\u00e2tales du Hainaut",
                "presentation": null,
                "lie_a_un_centre_culturel_un_centre_de_jeunes": "F\u00e9d\u00e9ration"
            }
        },
        {
            "type": "Feature",
            "geometry": {
                "type": "Point",
                "coordinates": [
                    4.868773327110097,
                    50.465900060524035
                ]
            },
            "properties": {
                "denomination": "LST Namur - Lutte Solidarit\u00e9 Travail asbl",
                "adresse": "Rue Pepin 27",
                "code_postal": "5000",
                "localite": "Namur",
                "telephone": "081 22 15 12",
                "courriel": "federation@mouvement-LST.org",
                "site_web": "http:\/\/www.mouvement-lst.org\/",
                "statut_juridique": "asbl",
                "province": "Namur",
                "bassin_de_vie_fwb": "Namur",
                "bce": "0423.206.743",
                "public": "Tout public",
                "presentation": "Mouvement de\u00a0rassemblement\u00a0des plus pauvres pour lutter avec d\u2019autres contre la mis\u00e8re et ce qui la produit.",
                "lie_a_un_centre_culturel_un_centre_de_jeunes": null
            }
        },
        {
            "type": "Feature",
            "geometry": {
                "type": "Point",
                "coordinates": [
                    4.719224155947525,
                    50.55010462537668
                ]
            },
            "properties": {
                "denomination": "Atelier Sorcier asbl",
                "adresse": "Rue de l'Eglise 42",
                "code_postal": "5030",
                "localite": "Gembloux",
                "telephone": "081 61 38 86",
                "courriel": "info@ateliersorcier.be",
                "site_web": "https:\/\/ateliersorcier.be\/",
                "statut_juridique": "asbl",
                "province": "Namur",
                "bassin_de_vie_fwb": "Namur",
                "bce": "0424.831.294",
                "public": "Tout public",
                "presentation": "Sp\u00e9cialis\u00e9 en arts plastiques et num\u00e9riques, l\u2019Atelier est un lieu de rencontre, de convivialit\u00e9 et de d\u00e9couverte o\u00f9 les publics les plus diversifi\u00e9s\u00a0s\u2019\u00e9panouissent gr\u00e2ce \u00e0 la cr\u00e9ativit\u00e9 et \u00e0 la pratique artistique.",
                "lie_a_un_centre_culturel_un_centre_de_jeunes": null
            }
        },
        {
            "type": "Feature",
            "geometry": {
                "type": "Point",
                "coordinates": [
                    5.97275778293942,
                    50.66012320032304
                ]
            },
            "properties": {
                "denomination": "CEC La Bull' (dingue)",
                "adresse": "Rue de la Gare 10",
                "code_postal": "4840",
                "localite": "Welkenraedt",
                "telephone": "087 88 24 67",
                "courriel": "info@labull.be",
                "site_web": "http:\/\/www.labull.be\/",
                "statut_juridique": "asbl",
                "province": "Li\u00e8ge",
                "bassin_de_vie_fwb": "Verviers",
                "bce": "0417.911.434",
                "public": "Tout public",
                "presentation": "Stages et animations pour tous publics autour de la cr\u00e9ativit\u00e9",
                "lie_a_un_centre_culturel_un_centre_de_jeunes": null
            }
        },
        {
            "type": "Feature",
            "geometry": {
                "type": "Point",
                "coordinates": [
                    4.374219127119929,
                    50.82745831091105
                ]
            },
            "properties": {
                "denomination": "ReMuA  asbl",
                "adresse": "Chauss\u00e9e de Boondael 6 Bte 16",
                "code_postal": "1050",
                "localite": "Ixelles",
                "telephone": "02 537 74 38",
                "courriel": "info@remua.be",
                "site_web": "https:\/\/www.remua.be\/",
                "statut_juridique": "asbl",
                "province": "Bruxelles-Capitale",
                "bassin_de_vie_fwb": "Bruxelles",
                "bce": "0472.086.726",
                "public": "Tout public",
                "presentation": "La musique comme outil essentiel de d\u00e9veloppement des sens, des comp\u00e9tences et de la personnalit\u00e9",
                "lie_a_un_centre_culturel_un_centre_de_jeunes": null
            }
        },
        {
            "type": "Feature",
            "geometry": {
                "type": "Point",
                "coordinates": [
                    3.591249500122497,
                    50.51322818405758
                ]
            },
            "properties": {
                "denomination": "Le D\u00e9cli'c - Foyer Culturel de P\u00e9ruwelz",
                "adresse": "Rue des Fran\u00e7ais 59",
                "code_postal": "7600",
                "localite": "P\u00e9ruwelz",
                "telephone": "069 45 42 48",
                "courriel": "bonjour@arret59.be",
                "site_web": "http:\/\/arret59.be",
                "statut_juridique": null,
                "province": "Hainaut",
                "bassin_de_vie_fwb": "Wallonie Picarde",
                "bce": "0443.534.775",
                "public": "Tout public",
                "presentation": "Qu\u2019il s\u2019agisse d\u2019ateliers d\u2019expression cr\u00e9ative, de diffusion des arts vivants et plastiques, d\u2019actions de m\u00e9diation, de projets participatifs avec les habitants ou des manifestions dans l\u2019espace public, les projets impuls\u00e9s par Arr\u00eat 59 se situent toujours \u00e0 la crois\u00e9e de l\u2019art et de l\u2019\u00e9ducation permanente.",
                "lie_a_un_centre_culturel_un_centre_de_jeunes": "Foyer  Culturel  de  P\u00e9ruwelz"
            }
        },
        {
            "type": "Feature",
            "geometry": {
                "type": "Point",
                "coordinates": [
                    4.436887855955443,
                    50.83970948245489
                ]
            },
            "properties": {
                "denomination": "Le Silex",
                "adresse": "Rue Voot 82",
                "code_postal": "1200",
                "localite": "Woluw\u00e9-Saint-Lambert",
                "telephone": "02 762 40 09",
                "courriel": "info@lesilex.be",
                "site_web": "http:\/\/www.lesilex.be\/",
                "statut_juridique": "asbl",
                "province": "Bruxelles-Capitale",
                "bassin_de_vie_fwb": "Bruxelles",
                "bce": "0413.784.677",
                "public": "Public adulte",
                "presentation": "Au\u00a0Silex, les personnes en situation de handicap ou non peuvent se retrouver pour parler en toute franchise et d\u00e9contraction. Elles peuvent y trouver de nouveaux amis. La maison est largement ouverte \u00e0 tous. On peut y prendre un verre au bar, bavarder au salon, jouer \u00e0 divers jeux de soci\u00e9t\u00e9 et participer \u00e0 de nombreuses activit\u00e9s.",
                "lie_a_un_centre_culturel_un_centre_de_jeunes": null
            }
        },
        {
            "type": "Feature",
            "geometry": {
                "type": "Point",
                "coordinates": [
                    4.451327713619649,
                    50.612830776324294
                ]
            },
            "properties": {
                "denomination": "Les Ateliers du L\u00e9z'Arts",
                "adresse": "Rue de Bruxelles 38",
                "code_postal": "1470",
                "localite": "Genappe",
                "telephone": null,
                "courriel": "cecgenappe@gmail.com",
                "site_web": "http:\/\/www.lesateliersdulezarts.be\/",
                "statut_juridique": "asbl",
                "province": "Brabant wallon",
                "bassin_de_vie_fwb": "Brabant wallon",
                "bce": "0882.466.903",
                "public": "Tout public",
                "presentation": "Les CEC ont pour mission l\u2019ouverture d\u2019esprit sur les arts contemporains et sur le monde qui nous entoure mais aussi de bousculer les id\u00e9es re\u00e7ues, de cr\u00e9er des \u00e9changes et un d\u00e9bat.",
                "lie_a_un_centre_culturel_un_centre_de_jeunes": null
            }
        },
        {
            "type": "Feature",
            "geometry": {
                "type": "Point",
                "coordinates": [
                    5.3707785661656695,
                    50.68051172791051
                ]
            },
            "properties": {
                "denomination": "Atelier Louis Hougardy asbl",
                "adresse": "Place Marcel Hicter",
                "code_postal": "4350",
                "localite": "R\u00e9micourt",
                "telephone": null,
                "courriel": null,
                "site_web": "https:\/\/www.facebook.com\/CECAtelierLouisHougardy\/",
                "statut_juridique": "asbl",
                "province": "Li\u00e8ge",
                "bassin_de_vie_fwb": "Huy Waremme",
                "bce": "0834.473.677",
                "public": "Tout public",
                "presentation": "Initiation \u00e0 la cr\u00e9ation artistique",
                "lie_a_un_centre_culturel_un_centre_de_jeunes": null
            }
        },
        {
            "type": "Feature",
            "geometry": {
                "type": "Point",
                "coordinates": [
                    3.4453374114521655,
                    50.65339282572674
                ]
            },
            "properties": {
                "denomination": "FMH - F\u00e9d\u00e9ration musicale du Hainaut",
                "adresse": "Rue du Vieux-Comt\u00e9 51",
                "code_postal": "7543",
                "localite": "Tournai",
                "telephone": null,
                "courriel": "secretaire@federationmusicalehainaut.be",
                "site_web": "https:\/\/federationmusicalehainaut.be\/",
                "statut_juridique": "asbl",
                "province": "Hainaut",
                "bassin_de_vie_fwb": "Wallonie Picarde",
                "bce": "0458.572.250",
                "public": "soci\u00e9t\u00e9s musicales, chorales et instrumentales",
                "presentation": null,
                "lie_a_un_centre_culturel_un_centre_de_jeunes": "F\u00e9d\u00e9ration"
            }
        },
        {
            "type": "Feature",
            "geometry": {
                "type": "Point",
                "coordinates": [
                    4.3233440982845455,
                    50.81967368519043
                ]
            },
            "properties": {
                "denomination": "Ecole Cr\u00e9ative \"Une Maison en plus\"",
                "adresse": "Boulevard de la 2e Arm\u00e9e Britannique 27",
                "code_postal": "1190",
                "localite": "Forest",
                "telephone": "02 349 82 40",
                "courriel": "info@unemaisonenplus.be",
                "site_web": "http:\/\/unemaisonenplus.be\/",
                "statut_juridique": "asbl",
                "province": "Bruxelles-Capitale",
                "bassin_de_vie_fwb": "Bruxelles",
                "bce": "0423.599.889",
                "public": "Tout public",
                "presentation": "Objectif: \u00e9panouissement global des enfants (6-15ans) gr\u00e2ce \u00e0 un acc\u00e8s \u00e0 la culture en g\u00e9n\u00e9ral et \u00e0 l\u2019expression artistique en particulier.",
                "lie_a_un_centre_culturel_un_centre_de_jeunes": null
            }
        },
        {
            "type": "Feature",
            "geometry": {
                "type": "Point",
                "coordinates": [
                    4.8030587117776395,
                    50.77086842747176
                ]
            },
            "properties": {
                "denomination": "Th\u00e9\u00e2tre des Quatre Mains",
                "adresse": "Rue Longue 152",
                "code_postal": "1320",
                "localite": "Beauvechain",
                "telephone": "010 86 07 31",
                "courriel": "infos@4mains.be",
                "site_web": "https:\/\/theatre4mains.be\/",
                "statut_juridique": "asbl",
                "province": "Brabant wallon",
                "bassin_de_vie_fwb": "Brabant wallon",
                "bce": "0425.433.288",
                "public": "Tout public",
                "presentation": "Soucieux d\u2019une d\u00e9marche p\u00e9dagogique et citoyenne, le th\u00e9\u00e2tre organise des formations d\u2019expression th\u00e9\u00e2trale, coordonne des projets th\u00e9\u00e2traux dans les \u00e9coles de la r\u00e9gion et propose des ateliers r\u00e9guliers \u00e0 destination des enfants, adolescents et adultes dans son lieu, touchant 130 participants de tous \u00e2ges et donnant lieu chaque saison \u00e0 un festival de cr\u00e9ations collectives",
                "lie_a_un_centre_culturel_un_centre_de_jeunes": null
            }
        },
        {
            "type": "Feature",
            "geometry": {
                "type": "Point",
                "coordinates": [
                    3.731998042134201,
                    50.53189245528764
                ]
            },
            "properties": {
                "denomination": "Ecole de Cirque Ball'Istik",
                "adresse": "Rue du Planti 11",
                "code_postal": "7970",
                "localite": "Beloeil",
                "telephone": null,
                "courriel": "schumi@ballistik.be",
                "site_web": "http:\/\/www.ballistik.be\/",
                "statut_juridique": "asbl",
                "province": "Hainaut",
                "bassin_de_vie_fwb": "Wallonie Picarde",
                "bce": "0607.907.710",
                "public": "Tout public",
                "presentation": "Ecole de cirque, Ball'Istik souhaite d\u00e9velopper un aspect familial, une qualit\u00e9 technique et un amusement g\u00e9n\u00e9ralis\u00e9.",
                "lie_a_un_centre_culturel_un_centre_de_jeunes": null
            }
        },
        {
            "type": "Feature",
            "geometry": {
                "type": "Point",
                "coordinates": [
                    5.809966397918252,
                    49.67412011046175
                ]
            },
            "properties": {
                "denomination": "Ateliers Art'Ligue",
                "adresse": "Rue de Sesselich 123",
                "code_postal": "6700",
                "localite": "Arlon",
                "telephone": "063 21 80 81",
                "courriel": "ateliersartligue@gmail.com",
                "site_web": "https:\/\/www.ateliersartligue.be\/",
                "statut_juridique": null,
                "province": "Luxembourg",
                "bassin_de_vie_fwb": "Luxembourg",
                "bce": "0872.587.749",
                "public": "Tout public",
                "presentation": "Section luxembourgeoise de la ligue la\u00efque qui propose des ateliers, des stages et des projets collaboratifs dans une perspective pluridisciplinaire d\u2019\u00e9panouissement individuel, collectif et d\u2019\u00e9mancipation culturelle.",
                "lie_a_un_centre_culturel_un_centre_de_jeunes": null
            }
        },
        {
            "type": "Feature",
            "geometry": {
                "type": "Point",
                "coordinates": [
                    4.334558371296596,
                    50.854012114807716
                ]
            },
            "properties": {
                "denomination": "Notre coin du quartier asbl",
                "adresse": "Rue de la Colonne 54",
                "code_postal": "1080",
                "localite": "Molenbeek-Saint-Jean",
                "telephone": "02 411 01 11",
                "courriel": "notrecoin@bonnevie.be",
                "site_web": "https:\/\/www.bruxellestempslibre.be\/organisme\/notre-coin-du-quartier\/",
                "statut_juridique": "asbl",
                "province": "Bruxelles-Capitale",
                "bassin_de_vie_fwb": "Bruxelles",
                "bce": "0424.832.680",
                "public": "Enfants et adolescents en \u00e2ge scolaire",
                "presentation": "Accueil extrascolaire.",
                "lie_a_un_centre_culturel_un_centre_de_jeunes": null
            }
        },
        {
            "type": "Feature",
            "geometry": {
                "type": "Point",
                "coordinates": [
                    5.557392227114532,
                    50.63023917387648
                ]
            },
            "properties": {
                "denomination": "La Marelle - Ludoth\u00e8que",
                "adresse": "Rue des Wallons 59",
                "code_postal": "4000",
                "localite": "Li\u00e8ge",
                "telephone": "04 254 69 05",
                "courriel": "lamarelle.ludo@gmail.com",
                "site_web": "http:\/\/www.lamarelle-ludo-cec.be",
                "statut_juridique": "asbl",
                "province": "Li\u00e8ge",
                "bassin_de_vie_fwb": "Li\u00e8ge",
                "bce": "0421.362.753",
                "public": "Tout public",
                "presentation": "Lieu de rencontre autour des jeux et des ateliers o\u00f9 se croisent l\u2019imaginaire des enfants et l\u2019utopie des adultes",
                "lie_a_un_centre_culturel_un_centre_de_jeunes": null
            }
        },
        {
            "type": "Feature",
            "geometry": {
                "type": "Point",
                "coordinates": [
                    4.38566210013184,
                    50.85618426257928
                ]
            },
            "properties": {
                "denomination": "Atelier du Trap\u00e8ze",
                "adresse": "Grande Rue au Bois 57",
                "code_postal": "1030",
                "localite": "Schaerbeek",
                "telephone": "02 304 42 87",
                "courriel": "contact@atelier-trapeze.be",
                "site_web": "http:\/\/atelier-trapeze.be",
                "statut_juridique": "asbl",
                "province": "Bruxelles-Capitale",
                "bassin_de_vie_fwb": "Bruxelles",
                "bce": "0443.446.386",
                "public": "Tout public",
                "presentation": "Ecole de Trap\u00e8ze Volant et Arts A\u00e9riens \u00e0 Bruxelles",
                "lie_a_un_centre_culturel_un_centre_de_jeunes": null
            }
        },
        {
            "type": "Feature",
            "geometry": {
                "type": "Point",
                "coordinates": [
                    4.332923927120877,
                    50.862331654685015
                ]
            },
            "properties": {
                "denomination": "Artisanat - Rencontre  asbl",
                "adresse": "Boulevard L\u00e9opold II 250",
                "code_postal": "1081",
                "localite": "Koekelberg",
                "telephone": null,
                "courriel": "artisanatrencontre@gmail.com",
                "site_web": "http:\/\/www.artisanatrencontre.be\/",
                "statut_juridique": "asbl",
                "province": "Bruxelles-Capitale",
                "bassin_de_vie_fwb": "Bruxelles",
                "bce": "0433.740.547",
                "public": "Tout public",
                "presentation": "Sortir de leur isolement pour d\u00e9couvrir, d\u00e9velopper ou affiner leurs capacit\u00e9s cr\u00e9atives dans diff\u00e9rents domaines autour des arts du fil.",
                "lie_a_un_centre_culturel_un_centre_de_jeunes": null
            }
        },
        {
            "type": "Feature",
            "geometry": {
                "type": "Point",
                "coordinates": [
                    4.373223142460877,
                    50.83490382485911
                ]
            },
            "properties": {
                "denomination": "ABCD - Association Bruxelloise et braban\u00e7onne des Compagnies Dramatiques",
                "adresse": "Rue du Viaduc 118",
                "code_postal": "1050",
                "localite": "Ixelles",
                "telephone": "02 502 33 33",
                "courriel": "secretariat@abcd-theatre.be",
                "site_web": "http:\/\/www.abcd-theatre.be\/",
                "statut_juridique": "asbl",
                "province": "Bruxelles-Capitale",
                "bassin_de_vie_fwb": "Bruxelles",
                "bce": "0437.714.379",
                "public": "Compagnies d'Art Dramatique \u00e0 Bruxelles et BW",
                "presentation": "Association des compagnies dramatiques",
                "lie_a_un_centre_culturel_un_centre_de_jeunes": null
            }
        },
        {
            "type": "Feature",
            "geometry": {
                "type": "Point",
                "coordinates": [
                    3.9199262694399897,
                    50.47685229543515
                ]
            },
            "properties": {
                "denomination": "Cirque du Doudou",
                "adresse": "R\u00e9sidence Charles Plisnier 28B",
                "code_postal": "7011",
                "localite": "Ghlin",
                "telephone": null,
                "courriel": "cirquedudoudou@gmail.com",
                "site_web": "http:\/\/www.cirquedudoudou.be\/",
                "statut_juridique": "asbl",
                "province": "Hainaut",
                "bassin_de_vie_fwb": "Hainaut Centre",
                "bce": "0446.916.513",
                "public": "Tout public",
                "presentation": "Le Cirque du Doudou offre des moyens d'expression dans un monde imaginaire. C'est une activit\u00e9 qui favorise la cr\u00e9ativit\u00e9 et l'expression chez l'enfant sous forme libre et spontan\u00e9e.",
                "lie_a_un_centre_culturel_un_centre_de_jeunes": null
            }
        },
        {
            "type": "Feature",
            "geometry": {
                "type": "Point",
                "coordinates": [
                    5.650791267598603,
                    50.657662504792064
                ]
            },
            "properties": {
                "denomination": "Camera-etc asbl",
                "adresse": "Rue de Vis\u00e9 490",
                "code_postal": "4020",
                "localite": "Li\u00e8ge",
                "telephone": "04 253 59 97",
                "courriel": "info@camera-etc.be",
                "site_web": "https:\/\/camera-etc.be",
                "statut_juridique": "asbl",
                "province": "Li\u00e8ge",
                "bassin_de_vie_fwb": "Li\u00e8ge",
                "bce": "0421.894.075",
                "public": "Tout public",
                "presentation": "Atelier de Production et Centre d'Expression et de Cr\u00e9ativit\u00e9 d\u00e9di\u00e9 au Cin\u00e9ma d'animation",
                "lie_a_un_centre_culturel_un_centre_de_jeunes": null
            }
        },
        {
            "type": "Feature",
            "geometry": {
                "type": "Point",
                "coordinates": [
                    5.4924244406014,
                    50.35055232284917
                ]
            },
            "properties": {
                "denomination": "L'Atelier asbl",
                "adresse": "En Charotte 20\/1",
                "code_postal": "6940",
                "localite": "Barvaux",
                "telephone": null,
                "courriel": "atelier.cec@skynet.be",
                "site_web": "https:\/\/www.facebook.com\/atelierCEC",
                "statut_juridique": "asbl",
                "province": "Luxembourg",
                "bassin_de_vie_fwb": "Luxembourg",
                "bce": "0864.202.197",
                "public": "Tout public",
                "presentation": "L'\u00e9quipe de l'Atelier CEC propose et accompagne la pratique artistique de tous et toutes, en tout lieu.",
                "lie_a_un_centre_culturel_un_centre_de_jeunes": null
            }
        },
        {
            "type": "Feature",
            "geometry": {
                "type": "Point",
                "coordinates": [
                    5.56876479827994,
                    50.6511788349938
                ]
            },
            "properties": {
                "denomination": "Le Jardin  des  Enfants",
                "adresse": "Rue Fond Pirette 127",
                "code_postal": "4000",
                "localite": "Li\u00e8ge",
                "telephone": "04 226 08 44",
                "courriel": "lejardindesenfants.asbl@gmail.com",
                "site_web": "https:\/\/lejardindesenfants.wixsite.com\/asbl",
                "statut_juridique": "asbl",
                "province": "Li\u00e8ge",
                "bassin_de_vie_fwb": "Li\u00e8ge",
                "bce": "0433.437.966",
                "public": "De 0 \u00e0 12 ans",
                "presentation": "Objectif: promouvoir, chez les jeunes et les enfants, par toute activit\u00e9 socio-\u00e9ducative, la prise de responsabilit\u00e9 sociale et culturelle \u00e0 travers le d\u00e9veloppement personnel, l'expression cr\u00e9ative et citoyenne, le lien, la lutte contre les in\u00e9galit\u00e9s sociales;  dans un cadre S\u00e9curisant affectivement et physiquement.",
                "lie_a_un_centre_culturel_un_centre_de_jeunes": null
            }
        },
        {
            "type": "Feature",
            "geometry": {
                "type": "Point",
                "coordinates": [
                    5.362190342453373,
                    50.5592617534897
                ]
            },
            "properties": {
                "denomination": "Centre d'Expression et de Cr\u00e9ativit\u00e9 d'Engis",
                "adresse": "Rue du Pont 7",
                "code_postal": "4480",
                "localite": "Engis",
                "telephone": "085 82 47 65",
                "courriel": null,
                "site_web": "https:\/\/www.facebook.com\/cecengis\/",
                "statut_juridique": "asbl",
                "province": "Li\u00e8ge",
                "bassin_de_vie_fwb": "Huy Waremme",
                "bce": "0864.161.518",
                "public": "Tout public",
                "presentation": "Atelier CEC du Centre culturel d'Engis",
                "lie_a_un_centre_culturel_un_centre_de_jeunes": "Centre culturel d'Engis"
            }
        },
        {
            "type": "Feature",
            "geometry": {
                "type": "Point",
                "coordinates": [
                    3.3972719694435085,
                    50.60531641686307
                ]
            },
            "properties": {
                "denomination": "Danses et Cie",
                "adresse": "Place Gabrielle Petit 11",
                "code_postal": "7500",
                "localite": "Tournai",
                "telephone": "069 84 01 86",
                "courriel": "info@dansesetcie.be",
                "site_web": "https:\/\/www.dansesetcie.be\/",
                "statut_juridique": "asbl",
                "province": "Hainaut",
                "bassin_de_vie_fwb": "Wallonie Picarde",
                "bce": "0445.950.768",
                "public": "Tout public",
                "presentation": "Danses et Cie, c\u2019est avant tout des ateliers de danse : Classique, Pointes, Contemporain, Danse Modern, Jazz, Breakdance, Funk Fusion,\u00a0 Claquettes Am\u00e9ricaines, Danse Irlandaise, Flamenco, Danse Cr\u00e9ative, Danse 19\u00e8me, Quadrille. Mais c\u2019est aussi des ateliers de Textiles et des ateliers \u201cBien-\u00eatre\u201d",
                "lie_a_un_centre_culturel_un_centre_de_jeunes": null
            }
        },
        {
            "type": "Feature",
            "geometry": {
                "type": "Point",
                "coordinates": [
                    3.9149443691167285,
                    50.48408780013725
                ]
            },
            "properties": {
                "denomination": "C'est extra",
                "adresse": "Rue des carri\u00e8res 5",
                "code_postal": "7011",
                "localite": "Ghlin",
                "telephone": null,
                "courriel": "cestextra.asbl@gmail.com",
                "site_web": "https:\/\/www.facebook.com\/Ateliers-Cest-Extra-395160664017376\/",
                "statut_juridique": "asbl",
                "province": "Hainaut",
                "bassin_de_vie_fwb": "Hainaut Centre",
                "bce": "0598.879.087",
                "public": "Tout public",
                "presentation": "L'asbl extra favorise le d\u00e9veloppement culturel des individus et des groupes par l\u2019initiation et l\u2019exercice d\u2019une activit\u00e9 artistique et culturelle. Elle organise des ateliers d'arts plastiques et d'autres expressions artistiques pour des publics vari\u00e9s",
                "lie_a_un_centre_culturel_un_centre_de_jeunes": null
            }
        },
        {
            "type": "Feature",
            "geometry": {
                "type": "Point",
                "coordinates": [
                    5.591465357796651,
                    50.652612239737216
                ]
            },
            "properties": {
                "denomination": "CREAHM R\u00e9gion Wallonne",
                "adresse": "Rue de la Brasserie 5",
                "code_postal": "4000",
                "localite": "Li\u00e8ge",
                "telephone": "04 227 01 55",
                "courriel": "info@creahm.be",
                "site_web": "http:\/\/www.creahm.be",
                "statut_juridique": "asbl",
                "province": "Li\u00e8ge",
                "bassin_de_vie_fwb": "Li\u00e8ge",
                "bce": "0422.087.679",
                "public": "Personnes handicap\u00e9es mentales adultes",
                "presentation": "le Cr\u00e9ahm est une association dont l'objectif est de r\u00e9v\u00e9ler et de d\u00e9ployer des formes d'art produites par des personnes handicap\u00e9es mentales.",
                "lie_a_un_centre_culturel_un_centre_de_jeunes": null
            }
        },
        {
            "type": "Feature",
            "geometry": {
                "type": "Point",
                "coordinates": [
                    5.232951684781866,
                    50.51864534826425
                ]
            },
            "properties": {
                "denomination": "Les Ateliers du Cw\u00e8rne\u00fb",
                "adresse": "Rue d'Am\u00e9rique 43",
                "code_postal": "4500",
                "localite": "Huy",
                "telephone": "085 21 12 06",
                "courriel": "info@ccah.be",
                "site_web": "https:\/\/centrecultureldehuy.be\/ateliers-stages\/ateliers-du-cweneu\/",
                "statut_juridique": "asbl",
                "province": "Li\u00e8ge",
                "bassin_de_vie_fwb": "Huy Waremme",
                "bce": "0410.074.626",
                "public": "Tout public",
                "presentation": "Atelier CEC du Centre culturel de l'Arrondissement de Huy",
                "lie_a_un_centre_culturel_un_centre_de_jeunes": "Centre culturel de l'Arrondissement de Huy"
            }
        },
        {
            "type": "Feature",
            "geometry": {
                "type": "Point",
                "coordinates": [
                    4.456241469438434,
                    50.41980988299267
                ]
            },
            "properties": {
                "denomination": "Contre-Poing asbl",
                "adresse": "Grand'Rue 119",
                "code_postal": "6000",
                "localite": "Charleroi",
                "telephone": null,
                "courriel": "info.contrepoing@gmail.com",
                "site_web": "https:\/\/www.facebook.com\/contrepoingasbl\/",
                "statut_juridique": "asbl",
                "province": "Hainaut",
                "bassin_de_vie_fwb": "Hainaut Sud",
                "bce": "0430.263.987",
                "public": "Tout public",
                "presentation": "L\u2019asbl Contre-poing apporte une aide \u00e0 l\u2019int\u00e9gration via la scolarit\u00e9 aussi bien pour les adultes que pour les enfants gr\u00e2ce \u00e0 son \u00e9cole de devoirs et son CEC ouvert aux enfants de 5 \u00e0 15 ans. L'adsbl donne aussi des cours de fran\u00e7ais afin de favoriser l'int\u00e9gration des personnes d'origine \u00e9trang\u00e8re.",
                "lie_a_un_centre_culturel_un_centre_de_jeunes": null
            }
        },
        {
            "type": "Feature",
            "geometry": {
                "type": "Point",
                "coordinates": [
                    4.708941840604946,
                    50.48148247490966
                ]
            },
            "properties": {
                "denomination": "Nez coiff\u00e9s asbl",
                "adresse": "Rue Haute 8",
                "code_postal": "5190",
                "localite": "Jemeppe-sur-Sambre",
                "telephone": null,
                "courriel": "nezcoiffes@yahoo.fr",
                "site_web": "http:\/\/nezcoiffes.be",
                "statut_juridique": "asbl",
                "province": "Namur",
                "bassin_de_vie_fwb": "Namur",
                "bce": "0463.144.910",
                "public": "Tout public",
                "presentation": "L'asbl propose des animations bas\u00e9es sur la cr\u00e9ation collective (atelier cirque, atelier th\u00e9\u00e2tre, atelier percussions, stages)",
                "lie_a_un_centre_culturel_un_centre_de_jeunes": null
            }
        },
        {
            "type": "Feature",
            "geometry": {
                "type": "Point",
                "coordinates": [
                    4.497174757780419,
                    50.053802118454534
                ]
            },
            "properties": {
                "denomination": "Le Kraak asbl - Les Ateliers Bidouill'Art",
                "adresse": "Rue Neuve 2",
                "code_postal": "5660",
                "localite": "Couvin",
                "telephone": "060 37 77 79",
                "courriel": "lekraak@skynet.be",
                "site_web": "https:\/\/www.facebook.com\/LeKraak\/",
                "statut_juridique": "asbl",
                "province": "Namur",
                "bassin_de_vie_fwb": "Hainaut Sud",
                "bce": "0430.943.383",
                "public": "Tout public",
                "presentation": "L'asbl encourage une citoyennet\u00e9 active et solidaire, par le biais de projets culturels, men\u00e9s avec des personnes en souffrance sociale (jeunes et adultes).",
                "lie_a_un_centre_culturel_un_centre_de_jeunes": null
            }
        },
        {
            "type": "Feature",
            "geometry": {
                "type": "Point",
                "coordinates": [
                    5.065155098271432,
                    50.33931156901403
                ]
            },
            "properties": {
                "denomination": "La Spirale",
                "adresse": "Chauss\u00e9e de Namur 22",
                "code_postal": "5360",
                "localite": "Natoye",
                "telephone": "083 69 07 90",
                "courriel": "contact@laspirale.be",
                "site_web": "https:\/\/laspirale.be\/",
                "statut_juridique": "asbl",
                "province": "Namur",
                "bassin_de_vie_fwb": "Namur",
                "bce": "0443.413.724",
                "public": "Tout public",
                "presentation": "Des ateliers et des stages cr\u00e9atifs pour tous,\u00a0des animations dans les \u00e9coles",
                "lie_a_un_centre_culturel_un_centre_de_jeunes": null
            }
        },
        {
            "type": "Feature",
            "geometry": {
                "type": "Point",
                "coordinates": [
                    4.1854146001215655,
                    50.47891520865136
                ]
            },
            "properties": {
                "denomination": "Les ateliers T\u00eate en l'air - Central",
                "adresse": "Place Jules Mansart 17",
                "code_postal": "7100",
                "localite": "La Louvi\u00e8re",
                "telephone": "064 21 51 21",
                "courriel": "lesateliers@cestcentral.be",
                "site_web": "https:\/\/www.cestcentral.be\/ateliers",
                "statut_juridique": "asbl",
                "province": "Hainaut",
                "bassin_de_vie_fwb": "Hainaut Centre",
                "bce": "0418.527.977",
                "public": "Tout public",
                "presentation": "Les Ateliers la t\u00eate en l\u2019air est un Centre d'Expression et de cr\u00e9ativit\u00e9 qui propose des projets et ateliers artistiques accessibles aux enfants,\u00a0adolescents et adultes r\u00e9partis sur diff\u00e9rents lieux de l\u2019entit\u00e9 louvi\u00e9roise.",
                "lie_a_un_centre_culturel_un_centre_de_jeunes": "Th\u00e9\u00e2tre Central"
            }
        },
        {
            "type": "Feature",
            "geometry": {
                "type": "Point",
                "coordinates": [
                    4.441553371284547,
                    50.41126472350828
                ]
            },
            "properties": {
                "denomination": "Couleur Quartier asbl - CCR Charleroi - l'EDEN",
                "adresse": "Boulevard Jacques Bertrand 3",
                "code_postal": "6000",
                "localite": "Charleroi",
                "telephone": "071 20 29 95",
                "courriel": "info@eden-charleroi.be",
                "site_web": "https:\/\/www.eden-charleroi.be\/",
                "statut_juridique": "asbl",
                "province": "Hainaut",
                "bassin_de_vie_fwb": "Hainaut Sud",
                "bce": "0413.303.835",
                "public": "Tout public",
                "presentation": "CECI du Centre culturel de Charleroi",
                "lie_a_un_centre_culturel_un_centre_de_jeunes": "Centre culturel de Charleroi"
            }
        },
        {
            "type": "Feature",
            "geometry": {
                "type": "Point",
                "coordinates": [
                    5.44812114245444,
                    50.59750423682144
                ]
            },
            "properties": {
                "denomination": "Atelier L\u00e9opold Plomteux",
                "adresse": "Rue du Beau Site 25",
                "code_postal": "4400",
                "localite": "Fl\u00e9malle",
                "telephone": "04 275 52 15",
                "courriel": "info@ccflemalle.be",
                "site_web": "https:\/\/www.ccflemalle.be\/",
                "statut_juridique": null,
                "province": "Li\u00e8ge",
                "bassin_de_vie_fwb": "Li\u00e8ge",
                "bce": "0216.694.337",
                "public": "Tout public",
                "presentation": "Atelier CEC du Centre culturel de Fl\u00e9malle",
                "lie_a_un_centre_culturel_un_centre_de_jeunes": "Centre culturel de Fl\u00e9malle"
            }
        },
        {
            "type": "Feature",
            "geometry": {
                "type": "Point",
                "coordinates": [
                    4.6034603406100505,
                    50.67025217562003
                ]
            },
            "properties": {
                "denomination": "Centre Placet - Atelier aux Couleurs du Monde",
                "adresse": "Rue des Sports 2",
                "code_postal": "1348",
                "localite": "Ottignies-Louvain-la-Neuve",
                "telephone": "010 47 45 45",
                "courriel": "info@placet.be",
                "site_web": "https:\/\/couleursdumonde.be\/",
                "statut_juridique": "asbl",
                "province": "Brabant wallon",
                "bassin_de_vie_fwb": "Brabant wallon",
                "bce": "0413.183.376",
                "public": "Tout public",
                "presentation": "Les ateliers s\u2019adressent aux enfants, aux adolescents et aux adultes d\u2019origines multiples. De la conception des ateliers jusqu\u2019\u00e0 l\u2019exposition des productions artistiques, les activit\u00e9s ont comme horizon ultime la rencontre avec l\u2019Autre dans toute sa pluralit\u00e9.",
                "lie_a_un_centre_culturel_un_centre_de_jeunes": null
            }
        },
        {
            "type": "Feature",
            "geometry": {
                "type": "Point",
                "coordinates": [
                    4.4381151271204695,
                    50.84791297744934
                ]
            },
            "properties": {
                "denomination": "Ateliers du Temps Libre - Woluilis",
                "adresse": "Cours Paul Henri Spaak 1",
                "code_postal": "1200",
                "localite": "Woluw\u00e9-Saint-Lambert",
                "telephone": "02 761 60 30",
                "courriel": "info@wolubilis.be",
                "site_web": "http:\/\/www.wolubilis.be",
                "statut_juridique": "asbl",
                "province": "Bruxelles-Capitale",
                "bassin_de_vie_fwb": "Bruxelles",
                "bce": "0422.286.332",
                "public": "Tout public",
                "presentation": "P\u00f4le culturel de Woluwe-Saint-Lambert, v\u00e9ritable lieu de d\u00e9couvertes et d\u2019apprentissages pour tous, Wolubilis c\u00e9l\u00e8bre l\u2019art sous toutes ses formes.",
                "lie_a_un_centre_culturel_un_centre_de_jeunes": "Wolubilis"
            }
        },
        {
            "type": "Feature",
            "geometry": {
                "type": "Point",
                "coordinates": [
                    4.327743784790639,
                    50.83950980858154
                ]
            },
            "properties": {
                "denomination": "La Maison des Enfants d'Anderlecht  - Club Unesco",
                "adresse": "Rue Van Lint 18",
                "code_postal": "1070",
                "localite": "Anderlecht",
                "telephone": "02 523 45 00",
                "courriel": "info@mde1070.be",
                "site_web": "https:\/\/www.mde1070.be\/",
                "statut_juridique": "asbl",
                "province": "Bruxelles-Capitale",
                "bassin_de_vie_fwb": "Bruxelles",
                "bce": "0420.707.113",
                "public": "Tout public",
                "presentation": "Permettre aux adultes comme aux enfants de\u00a0s\u2019\u00e9panouir, de\u00a0d\u00e9couvrir leurs potentialit\u00e9s, de\u00a0stimuler leur cr\u00e9ativit\u00e9, de\u00a0tisser des liens, de mieux appr\u00e9hender leur\u00a0environnement\u00a0et agir en\u00a0citoyen\u00a0responsable et critique",
                "lie_a_un_centre_culturel_un_centre_de_jeunes": null
            }
        },
        {
            "type": "Feature",
            "geometry": {
                "type": "Point",
                "coordinates": [
                    4.995046513615769,
                    50.47004882506316
                ]
            },
            "properties": {
                "denomination": "SolenSc\u00e8ne",
                "adresse": "Rue de la gare 5",
                "code_postal": "5300",
                "localite": "Andenne",
                "telephone": null,
                "courriel": "solenscene.cec@gmail.com",
                "site_web": "http:\/\/solenscene-cec.be\/",
                "statut_juridique": "asbl",
                "province": "Namur",
                "bassin_de_vie_fwb": "Namur",
                "bce": "0443.255.455",
                "public": "Tout public",
                "presentation": "SolenSc\u00e8ne, propose \u00e0 tous une palette d\u2019activit\u00e9s musicales cr\u00e9atives, et l'\u2019impro th\u00e9\u00e2trale.",
                "lie_a_un_centre_culturel_un_centre_de_jeunes": null
            }
        },
        {
            "type": "Feature",
            "geometry": {
                "type": "Point",
                "coordinates": [
                    4.351324340296053,
                    50.840229706593206
                ]
            },
            "properties": {
                "denomination": "Les Ateliers Populaires",
                "adresse": "Rue Haute 88",
                "code_postal": "1000",
                "localite": "Bruxelles",
                "telephone": "02 512 57 72",
                "courriel": "info@atelierspopulaires.be",
                "site_web": "https:\/\/atelierspopulaires.be\/",
                "statut_juridique": "asbl",
                "province": "Bruxelles-Capitale",
                "bassin_de_vie_fwb": "Bruxelles",
                "bce": "0414.372.716",
                "public": "Tout public",
                "presentation": "Ancr\u00e9s dans le quartier des Marolles depuis 1974, Les Ateliers Populaires, Centre d\u2019Expression et de Cr\u00e9ativit\u00e9 (CEC) et Ecole de Devoirs (EDD), m\u00e8nent conjointement leurs actions li\u00e9es au d\u00e9veloppement de la cr\u00e9ativit\u00e9 et la r\u00e9alisation d\u2019un soutien scolaire au travers d\u2019un projet de coh\u00e9sion sociale.",
                "lie_a_un_centre_culturel_un_centre_de_jeunes": null
            }
        },
        {
            "type": "Feature",
            "geometry": {
                "type": "Point",
                "coordinates": [
                    4.341140142461329,
                    50.85242341965231
                ]
            },
            "properties": {
                "denomination": "Istudio\/IS asbl",
                "adresse": "Boulevard Barth\u00e9lemy 11",
                "code_postal": "1000",
                "localite": "Bruxelles",
                "telephone": "02 426 19 39",
                "courriel": "istudio@istudio.name",
                "site_web": "http:\/\/www.istudio.name\/",
                "statut_juridique": "asbl",
                "province": "Bruxelles-Capitale",
                "bassin_de_vie_fwb": "Bruxelles",
                "bce": "0420.451.844",
                "public": "Tout public",
                "presentation": "Activit\u00e9s encadr\u00e9es par des partistes\/formatieurs profuessionnels afin de favoriser le d\u00e9veloppement culturel.",
                "lie_a_un_centre_culturel_un_centre_de_jeunes": null
            }
        },
        {
            "type": "Feature",
            "geometry": {
                "type": "Point",
                "coordinates": [
                    4.346541471295949,
                    50.83210282901263
                ]
            },
            "properties": {
                "denomination": "Douzerome",
                "adresse": "Rue de la Victoire 26",
                "code_postal": "1060",
                "localite": "Saint-Gilles",
                "telephone": "02 850 57 20",
                "courriel": "info@douzerome.be",
                "site_web": "http:\/\/www.douzerome.be",
                "statut_juridique": "asbl",
                "province": "Bruxelles-Capitale",
                "bassin_de_vie_fwb": "Bruxelles",
                "bce": "0448.467.127",
                "public": "Tout public",
                "presentation": "L'asbl \u0153uvre dans le domaine de la coh\u00e9sion sociale. La culture et l\u2019expression culturelle, des leviers puissants\u00a0d\u2019\u00e9mancipation individuelle et collective",
                "lie_a_un_centre_culturel_un_centre_de_jeunes": null
            }
        },
        {
            "type": "Feature",
            "geometry": {
                "type": "Point",
                "coordinates": [
                    4.847870284787201,
                    50.7132269147899
                ]
            },
            "properties": {
                "denomination": "Histrion Circus - Ecole de Cirque de Jodoigne",
                "adresse": "Rue de la Chapelle Stevenaert 61",
                "code_postal": "1370",
                "localite": "Jodoigne",
                "telephone": null,
                "courriel": "histrion.circus@gmail.com",
                "site_web": "https:\/\/www.histrioncircus.be",
                "statut_juridique": "asbl",
                "province": "Brabant wallon",
                "bassin_de_vie_fwb": "Brabant wallon",
                "bce": "0462.369.504",
                "public": "Tout public",
                "presentation": "Histion Circus\u00a0est une \u00e9cole de cirque o\u00f9 l\u2019on apprend en s\u2019amusant.",
                "lie_a_un_centre_culturel_un_centre_de_jeunes": null
            }
        },
        {
            "type": "Feature",
            "geometry": {
                "type": "Point",
                "coordinates": [
                    5.595414799999999,
                    50.650992353522454
                ]
            },
            "properties": {
                "denomination": "Bal Sp\u00e9cial",
                "adresse": "Quai St L\u00e9onard 221",
                "code_postal": "4000",
                "localite": "Li\u00e8ge",
                "telephone": null,
                "courriel": "balspecial07@gmail.com",
                "site_web": "https:\/\/www.balspecial.org\/",
                "statut_juridique": "asbl",
                "province": "Li\u00e8ge",
                "bassin_de_vie_fwb": "Li\u00e8ge",
                "bce": "0637.882.688",
                "public": "Tout public",
                "presentation": "Bal sp\u00e9cial a pour ambition d'offrir, \u00e0 un large public, un v\u00e9ritable terreau permettant de d\u00e9couvrir la danse. L'asbl est une plateforme favorisant la pollinisation crois\u00e9e entre petits et grands, amateurs et professionnels et entre toutes formes d\u2019art confondues...",
                "lie_a_un_centre_culturel_un_centre_de_jeunes": null
            }
        },
        {
            "type": "Feature",
            "geometry": {
                "type": "Point",
                "coordinates": [
                    4.66836868478049,
                    50.46637682290699
                ]
            },
            "properties": {
                "denomination": "FECOTA - F\u00e9d\u00e9ration des Compagnies de th\u00e9\u00e2tre d'amateurs",
                "adresse": "Rue Bodr\u00e9mont 19",
                "code_postal": "5190",
                "localite": "Jemeppe-sur-Sambre",
                "telephone": "071 48 84 39",
                "courriel": "fecota@outlook.fr",
                "site_web": "https:\/\/sites.google.com\/view\/www-fecota-be",
                "statut_juridique": "asbl",
                "province": "Namur",
                "bassin_de_vie_fwb": "Namur",
                "bce": "0407.723.563",
                "public": "Compagnies de th\u00e9\u00e2tre d'amateurs",
                "presentation": null,
                "lie_a_un_centre_culturel_un_centre_de_jeunes": "F\u00e9d\u00e9ration"
            }
        },
        {
            "type": "Feature",
            "geometry": {
                "type": "Point",
                "coordinates": [
                    4.375477711780026,
                    50.858771590010086
                ]
            },
            "properties": {
                "denomination": "L'Heure atelier asbl",
                "adresse": "Rue Thi\u00e9fry 45",
                "code_postal": "1030",
                "localite": "Schaerbeek",
                "telephone": "02 216 74 75",
                "courriel": "contact.heureatelier@gmail.com",
                "site_web": "http:\/\/www.heureatelier.be\/",
                "statut_juridique": "asbl",
                "province": "Bruxelles-Capitale",
                "bassin_de_vie_fwb": "Bruxelles",
                "bce": "0817.261.622",
                "public": "Public adulte",
                "presentation": "Centre d\u2019Expression et Cr\u00e9ativit\u00e9 situ\u00e9 au sein du Service de Sant\u00e9 mentale La Gerbe \u00e0 Bruxelles.",
                "lie_a_un_centre_culturel_un_centre_de_jeunes": "Centre de sant\u00e9 mantale La Gerbe"
            }
        },
        {
            "type": "Feature",
            "geometry": {
                "type": "Point",
                "coordinates": [
                    4.691366167596316,
                    50.57345915487467
                ]
            },
            "properties": {
                "denomination": "Ecole de cirque de Gembloux asbl",
                "adresse": "Chauss\u00e9e de Wavre 47",
                "code_postal": "5030",
                "localite": "Gembloux",
                "telephone": "081 61 00 06",
                "courriel": "ecoledecirquedegembloux@gmail.com",
                "site_web": "https:\/\/www.ecoledecirquedegembloux.be\/",
                "statut_juridique": "asbl",
                "province": "Namur",
                "bassin_de_vie_fwb": "Namur",
                "bce": "0450.433.257",
                "public": "Tout public",
                "presentation": "L'ECG, c'est plein de projets autour du cirque\u00a0! Une tourn\u00e9e \u00e0 v\u00e9lo, des sorties en festival, des stages de cr\u00e9ation, une compagnie de pyrotechnie, du cirque avec les \u00e9coles officielles, de l'handicirque, des cr\u00e9ations collectives... De nombreux groupes sont \u00e9galement n\u00e9s de notre \u00e9cole : Les Nez Patentes, Les Poules Ail\u00e9es, les Zail\u00e9es...",
                "lie_a_un_centre_culturel_un_centre_de_jeunes": null
            }
        },
        {
            "type": "Feature",
            "geometry": {
                "type": "Point",
                "coordinates": [
                    4.173476528954531,
                    50.39761191558057
                ]
            },
            "properties": {
                "denomination": "Dentelle d'Art de Binche",
                "adresse": "Rue de Merbes 282",
                "code_postal": "7133",
                "localite": "Binche",
                "telephone": null,
                "courriel": "dentelle.art.binche@gmail.com",
                "site_web": "https:\/\/dentelledartdebinche.com",
                "statut_juridique": "asbl",
                "province": "Hainaut",
                "bassin_de_vie_fwb": "Hainaut Centre",
                "bce": "0841.110.556",
                "public": "Tout public",
                "presentation": "Objectif: apprendre et se perfectionner dans diff\u00e9rentes techniques artistiques et ainsi affirmer l'expression\u00a0 individuelle.",
                "lie_a_un_centre_culturel_un_centre_de_jeunes": null
            }
        },
        {
            "type": "Feature",
            "geometry": {
                "type": "Point",
                "coordinates": [
                    4.397790670983252,
                    50.83912986018436
                ]
            },
            "properties": {
                "denomination": "Ateliers-Indigo",
                "adresse": "Avenue de Tervueren 3bis",
                "code_postal": "1040",
                "localite": "Etterbeek",
                "telephone": "02 381 32 09",
                "courriel": "info@ateliers-indigo.be",
                "site_web": "https:\/\/www.ateliers-indigo.be\/",
                "statut_juridique": "asbl",
                "province": "Bruxelles-Capitale",
                "bassin_de_vie_fwb": "Bruxelles",
                "bce": "0589.994.184",
                "public": "Personnes handicap\u00e9es mentales adultes",
                "presentation": "L'une des asbls de Plateau 96. Les Ateliers Indigo accompagnent aujourd\u2019hui une vingtaine d\u2019artistes en situation de handicap, actifs dans ses ateliers d\u2019art plastique, de la sc\u00e8ne et de la musique. L\u2019association met \u00e0 leur disposition un espace personnel pour d\u00e9velopper leur pratique, ainsi qu\u2019une \u00e9quipe d\u2019artistes qualifi\u00e9s pour les accompagner et les former.",
                "lie_a_un_centre_culturel_un_centre_de_jeunes": null
            }
        },
        {
            "type": "Feature",
            "geometry": {
                "type": "Point",
                "coordinates": [
                    4.299768740295355,
                    50.82378592945444
                ]
            },
            "properties": {
                "denomination": "DAPO - F\u00e9d\u00e9ration wallonne des groupements de danses et musiques populaires",
                "adresse": "Rue des R\u00e9s\u00e9das 70",
                "code_postal": "1070",
                "localite": "Anderlecht",
                "telephone": null,
                "courriel": "info@dapo-bcbw.be",
                "site_web": "https:\/\/www.dapo.be\/",
                "statut_juridique": "asbl",
                "province": "Bruxelles-Capitale",
                "bassin_de_vie_fwb": "Bruxelles",
                "bce": "0409.582.302",
                "public": "groupes de danses et musiques populaires",
                "presentation": null,
                "lie_a_un_centre_culturel_un_centre_de_jeunes": "F\u00e9d\u00e9ration"
            }
        },
        {
            "type": "Feature",
            "geometry": {
                "type": "Point",
                "coordinates": [
                    5.310062798254248,
                    49.70055676401679
                ]
            },
            "properties": {
                "denomination": "Les Cr\u00e9ateliers asbl",
                "adresse": "Rue du Ch\u00e2teau 3",
                "code_postal": "6820",
                "localite": "Florenville",
                "telephone": null,
                "courriel": "accueil@lescreateliers.be",
                "site_web": "http:\/\/lescreateliers.be\/",
                "statut_juridique": "asbl",
                "province": "Luxembourg",
                "bassin_de_vie_fwb": "Luxembourg",
                "bce": "0882.161.352",
                "public": "Tout public",
                "presentation": "Les Cr\u00e9ateliers font partie des op\u00e9rateurs qui font vivre le territoire et donnent de la valeur \u00e0 la r\u00e9gion. Une association pertinente et int\u00e9ressante, identifi\u00e9e et reconnue sur le territoire depuis 45 ans !",
                "lie_a_un_centre_culturel_un_centre_de_jeunes": null
            }
        },
        {
            "type": "Feature",
            "geometry": {
                "type": "Point",
                "coordinates": [
                    5.561611713620494,
                    50.64556526291712
                ]
            },
            "properties": {
                "denomination": "La Baraka",
                "adresse": "Rue Sainte-Marguerite 51",
                "code_postal": "4000",
                "localite": "Li\u00e8ge",
                "telephone": "04 225 04 98",
                "courriel": "info@labaraka.be",
                "site_web": "http:\/\/www.labaraka.be",
                "statut_juridique": "asbl",
                "province": "Li\u00e8ge",
                "bassin_de_vie_fwb": "Li\u00e8ge",
                "bce": "0411.554.073",
                "public": "Tout public",
                "presentation": "La Baraka c\u2019est\u2026 Un accueil de tous les jeunes d\u00e8s 6 ans jusque 26 ans. Un soutien scolaire et de la rem\u00e9diation. Des ateliers toute l\u2019ann\u00e9e, allant de la musique \u00e0 la peinture en passant par la danse. Des ateliers pendant les cong\u00e9s scolaires. Mais aussi : du sport et des s\u00e9jours sportifs, des excursions, des projets, des activit\u00e9s, des f\u00eates, des sorties ensemble et bien d\u2019autres choses encore !",
                "lie_a_un_centre_culturel_un_centre_de_jeunes": "Centre de Jeunes La Baraka"
            }
        }
    ]
}