{
    "type": "FeatureCollection",
    "features": [
        {
            "type": "Feature",
            "geometry": {
                "type": "Point",
                "coordinates": [
                    4.372365,
                    50.6838231
                ]
            },
            "properties": {
                "denomination": "Centre culturel de Braine-L'Alleud",
                "rue": "Rue Jules Hans 4",
                "code_postal": "1420",
                "localite": "Braine- l'alleud",
                "province": "Brabant wallon",
                "bassin_de_vie_fwb": "Brabant wallon",
                "courriel": "info@braineculture.be",
                "site_web": "http:\/\/www.braineculture.be",
                "bce": "412572276",
                "statut_juridique": "asbl",
                "enjeux": [
                    "['habiter la commune']"
                ]
            }
        },
        {
            "type": "Feature",
            "geometry": {
                "type": "Point",
                "coordinates": [
                    5.618827104961705,
                    50.61130805190596
                ]
            },
            "properties": {
                "denomination": "Centre culturel de Ch\u00ean\u00e9e",
                "rue": "Rue de l'Eglise 1-3",
                "code_postal": "4032",
                "localite": "Chenee",
                "province": "Li\u00e8ge",
                "bassin_de_vie_fwb": "Li\u00e8ge",
                "courriel": "info@cheneeculture.be",
                "site_web": "http:\/\/www.cheneeculture.be",
                "bce": "414503764",
                "statut_juridique": "asbl",
                "enjeux": [
                    "['\u00e9mancipation collective",
                    "pratiques langagi\u00e8res",
                    "jeunes",
                    "mixit\u00e9s",
                    "habiter la commune']"
                ]
            }
        },
        {
            "type": "Feature",
            "geometry": {
                "type": "Point",
                "coordinates": [
                    4.496614423809024,
                    50.05194195
                ]
            },
            "properties": {
                "denomination": "Centre culturel de Couvin 'Christian Colle'",
                "rue": "Rue du Pilori 6",
                "code_postal": "5660",
                "localite": "Couvin",
                "province": "Namur",
                "bassin_de_vie_fwb": "Hainaut Sud",
                "courriel": "info@ccccc.be",
                "site_web": "http:\/\/www.ccccc.be",
                "bce": "451563506",
                "statut_juridique": "asbl",
                "enjeux": [
                    "['habiter la commune",
                    "vie associative']"
                ]
            }
        },
        {
            "type": "Feature",
            "geometry": {
                "type": "Point",
                "coordinates": [
                    4.3260734,
                    50.8249163
                ]
            },
            "properties": {
                "denomination": "Centre culturel de Forest",
                "rue": "Avenue Van Volxem 364",
                "code_postal": "1190",
                "localite": "Forest",
                "province": "Bruxelles Capitale",
                "bassin_de_vie_fwb": "Bruxelles",
                "courriel": "info@lebrass.be",
                "site_web": "http:\/\/www.lebrass.be\/",
                "bce": "899327679",
                "statut_juridique": "asbl",
                "enjeux": [
                    "['mixit\u00e9s",
                    "jeunes",
                    "habiter la commune",
                    "m\u00e9dias",
                    "vie associative']"
                ]
            }
        },
        {
            "type": "Feature",
            "geometry": {
                "type": "Point",
                "coordinates": [
                    5.078564867353239,
                    50.67172732543635
                ]
            },
            "properties": {
                "denomination": "Centre culturel de HANNUT",
                "rue": "Place Henri Hallet 27\/1",
                "code_postal": "4280",
                "localite": "Hannut",
                "province": "Li\u00e8ge",
                "bassin_de_vie_fwb": "Huy Waremme",
                "courriel": "info@centreculturelhannut.be",
                "site_web": "http:\/\/www.cchannut.be",
                "bce": "461280332",
                "statut_juridique": "asbl",
                "enjeux": [
                    "['habiter la commune",
                    "jeunes']"
                ]
            }
        },
        {
            "type": "Feature",
            "geometry": {
                "type": "Point",
                "coordinates": [
                    4.86755705379964,
                    50.725397099999995
                ]
            },
            "properties": {
                "denomination": "Centre culturel de Jodoigne & Orp-Jauche",
                "rue": "Grand-Place 1",
                "code_postal": "1370",
                "localite": "Jodoigne",
                "province": "Brabant wallon",
                "bassin_de_vie_fwb": "Brabant wallon",
                "courriel": "info@culturejodoigne.be",
                "site_web": "http:\/\/www.centrecultureljodoigne.be",
                "bce": "412413712",
                "statut_juridique": "asbl",
                "enjeux": [
                    "['patrimoine",
                    "habiter la commune",
                    "vie associative",
                    "mixit\u00e9s']"
                ]
            }
        },
        {
            "type": "Feature",
            "geometry": {
                "type": "Point",
                "coordinates": [
                    5.733972096348662,
                    50.63442345
                ]
            },
            "properties": {
                "denomination": "Centre culturel de Soumagne",
                "rue": "Rue Louis Pasteur 65",
                "code_postal": "4630",
                "localite": "Soumagne",
                "province": "Li\u00e8ge",
                "bassin_de_vie_fwb": "Li\u00e8ge",
                "courriel": "info@ccsoumagne.be; coordination@ccrliege.be",
                "site_web": "http:\/\/www.ccsoumagne.be",
                "bce": "412650074",
                "statut_juridique": "asbl",
                "enjeux": [
                    "['habiter la commune",
                    "\u00e9mancipation collective",
                    "habiter la commune",
                    "\u00e9panouissement individuel']"
                ]
            }
        },
        {
            "type": "Feature",
            "geometry": {
                "type": "Point",
                "coordinates": [
                    4.305125862047564,
                    50.8306691
                ]
            },
            "properties": {
                "denomination": "La Concertation Action Culturelle Bruxelloise",
                "rue": "Rue de Veeweyde 104",
                "code_postal": "1070",
                "localite": "Anderleht",
                "province": "Bruxelles Capitale",
                "bassin_de_vie_fwb": "Bruxelles",
                "courriel": "info@laconcertation-asbl.org",
                "site_web": "https:\/\/www.acsr.be\/",
                "bce": "874551505",
                "statut_juridique": "asbl",
                "enjeux": [
                    "0"
                ]
            }
        },
        {
            "type": "Feature",
            "geometry": {
                "type": "Point",
                "coordinates": [
                    5.634141632720105,
                    50.6664891
                ]
            },
            "properties": {
                "denomination": "Centre culturel d'HERSTAL",
                "rue": "Large Voie 84",
                "code_postal": "4040",
                "localite": "Herstal",
                "province": "Li\u00e8ge",
                "bassin_de_vie_fwb": "Li\u00e8ge",
                "courriel": "france.remouchamps@ccherstal.be",
                "site_web": "http:\/\/www.ccherstal.be",
                "bce": "898395687",
                "statut_juridique": "asbl",
                "enjeux": [
                    "['habiter la commune']"
                ]
            }
        },
        {
            "type": "Feature",
            "geometry": {
                "type": "Point",
                "coordinates": [
                    4.6369282,
                    50.4468692
                ]
            },
            "properties": {
                "denomination": "Centre culturel de Sambreville 'Crac's'",
                "rue": "Grand-Place 28",
                "code_postal": "5060",
                "localite": "Sambreville",
                "province": "Namur",
                "bassin_de_vie_fwb": "Namur",
                "courriel": "info@cracs.eu",
                "site_web": "http:\/\/www.cracs.eu",
                "bce": "408272406",
                "statut_juridique": "asbl",
                "enjeux": [
                    "['habiter la commune']"
                ]
            }
        },
        {
            "type": "Feature",
            "geometry": {
                "type": "Point",
                "coordinates": [
                    4.201294935942876,
                    50.691007299999995
                ]
            },
            "properties": {
                "denomination": "Centre culturel de Tubize",
                "rue": "Boulevard Georges Deryck 124",
                "code_postal": "1480",
                "localite": "Tubize",
                "province": "Brabant wallon",
                "bassin_de_vie_fwb": "Brabant wallon",
                "courriel": "centre.culturel.tubize@skynet.be",
                "site_web": "http:\/\/www.tubize-culture.be",
                "bce": "442373250",
                "statut_juridique": "asbl",
                "enjeux": [
                    "['jeunes",
                    "mixit\u00e9s",
                    "patrimoine']"
                ]
            }
        },
        {
            "type": "Feature",
            "geometry": {
                "type": "Point",
                "coordinates": [
                    4.3069537,
                    50.8369707
                ]
            },
            "properties": {
                "denomination": "Centre culturel d'Anderlecht 'Escale du Nord'",
                "rue": "Rue du Chapelain 1",
                "code_postal": "1070",
                "localite": "Anderlecht",
                "province": "Bruxelles Capitale",
                "bassin_de_vie_fwb": "Bruxelles",
                "courriel": "info@escaledunord.net",
                "site_web": "http:\/\/www.escaledunord.brussels",
                "bce": "409107594",
                "statut_juridique": "asbl",
                "enjeux": [
                    "['mixit\u00e9s",
                    "urbanit\u00e9",
                    "habiter la commune']"
                ]
            }
        },
        {
            "type": "Feature",
            "geometry": {
                "type": "Point",
                "coordinates": [
                    3.6813154769508234,
                    50.52058975
                ]
            },
            "properties": {
                "denomination": "Foyer culturel de Beloeil",
                "rue": "Rue Joseph Wauters 20",
                "code_postal": "7972",
                "localite": "Quevaucamps",
                "province": "Hainaut",
                "bassin_de_vie_fwb": "Wallonie picarde",
                "courriel": "info@culture-beloeil.be",
                "site_web": "https:\/\/culture-beloeil.be\/",
                "bce": "443282278",
                "statut_juridique": "asbl",
                "enjeux": [
                    "['mixit\u00e9s",
                    "habiter la commune",
                    "ruralit\u00e9']"
                ]
            }
        },
        {
            "type": "Feature",
            "geometry": {
                "type": "Point",
                "coordinates": [
                    5.021812961786196,
                    49.93746315
                ]
            },
            "properties": {
                "denomination": "Centre culturel de Bi\u00e8vre",
                "rue": "Rue de Bouillon 39 A",
                "code_postal": "5555",
                "localite": "Bievre",
                "province": "Namur",
                "bassin_de_vie_fwb": "Namur",
                "courriel": "centre.culturel@bievre.be",
                "site_web": "http:\/\/www.centreculturel-bievre.com",
                "bce": "860934683",
                "statut_juridique": "asbl",
                "enjeux": [
                    "['mixit\u00e9s",
                    "jeunes']"
                ]
            }
        },
        {
            "type": "Feature",
            "geometry": {
                "type": "Point",
                "coordinates": [
                    4.376938367652699,
                    50.46251639747668
                ]
            },
            "properties": {
                "denomination": "Centre culturel de Courcelles 'La Posterie'",
                "rue": "Rue P. Monnoyer 46",
                "code_postal": "6180",
                "localite": "Courcelles",
                "province": "Hainaut",
                "bassin_de_vie_fwb": "Hainaut Sud",
                "courriel": "info@laposterie.be",
                "site_web": "http:\/\/www.laposterie.be",
                "bce": "410791139",
                "statut_juridique": "asbl",
                "enjeux": [
                    "['habiter la commune",
                    "environnement",
                    "jeunes",
                    "mixit\u00e9s']"
                ]
            }
        },
        {
            "type": "Feature",
            "geometry": {
                "type": "Point",
                "coordinates": [
                    4.566548178733122,
                    50.66561335
                ]
            },
            "properties": {
                "denomination": "Centre culturel d'Ottignies-Louvain-la-Neuve 'SPOTT'",
                "rue": "Avenue des Combattants 41",
                "code_postal": "1340",
                "localite": "Ottignies",
                "province": "Brabant wallon",
                "bassin_de_vie_fwb": "Brabant wallon",
                "courriel": "info@poleculturel.be",
                "site_web": "http:\/\/www.poleculturel.be",
                "bce": "445014422",
                "statut_juridique": "asbl",
                "enjeux": [
                    "['habiter la commune",
                    "environnement']"
                ]
            }
        },
        {
            "type": "Feature",
            "geometry": {
                "type": "Point",
                "coordinates": [
                    3.840849214446666,
                    50.42460965
                ]
            },
            "properties": {
                "denomination": "Centre culturel de Colfontaine",
                "rue": "Rue du Pont d'Arcole 12",
                "code_postal": "7340",
                "localite": "Colfontaine",
                "province": "Hainaut",
                "bassin_de_vie_fwb": "Hainaut Centre",
                "courriel": "cccolfontaine@hotmail.com",
                "site_web": "http:\/\/cccolfontaine.com",
                "bce": "457232759",
                "statut_juridique": "asbl",
                "enjeux": [
                    "['mixit\u00e9s",
                    "\u00e9mancipation collective",
                    "patrimoine']"
                ]
            }
        },
        {
            "type": "Feature",
            "geometry": {
                "type": "Point",
                "coordinates": [
                    4.328446871386727,
                    50.87487484331906
                ]
            },
            "properties": {
                "denomination": "Centre culturel de Jette 'Centre Armillaire'",
                "rue": "Boulevard Smet de Nayer 145",
                "code_postal": "1090",
                "localite": "Jette",
                "province": "Bruxelles Capitale",
                "bassin_de_vie_fwb": "Bruxelles",
                "courriel": "info@ccjette.be",
                "site_web": "http:\/\/www.ccjette.be",
                "bce": "418414547",
                "statut_juridique": "asbl",
                "enjeux": [
                    "['\u00e9mancipation collective",
                    "habiter la commune']"
                ]
            }
        },
        {
            "type": "Feature",
            "geometry": {
                "type": "Point",
                "coordinates": [
                    5.348989493934319,
                    50.23271765
                ]
            },
            "properties": {
                "denomination": "Maison de la Culture Famenne-Ardenne 'Culture et Vie en Marche'",
                "rue": "Chauss\u00e9e de l'Ourthe 74",
                "code_postal": "6900",
                "localite": "Marche-en-Famenne",
                "province": "Luxembourg",
                "bassin_de_vie_fwb": "Luxembourg",
                "courriel": "mcfa@marche.be",
                "site_web": "http:\/\/www.maisondelaculture.marche.be",
                "bce": "0424.53.4752",
                "statut_juridique": "asbl",
                "enjeux": [
                    "['habiter la commune",
                    "mixit\u00e9s",
                    "consommation responsable']"
                ]
            }
        },
        {
            "type": "Feature",
            "geometry": {
                "type": "Point",
                "coordinates": [
                    4.42089999259135,
                    50.51380175
                ]
            },
            "properties": {
                "denomination": "Centre culturel de Pont-\u00e0-Celles",
                "rue": "Place de Liberchies 7",
                "code_postal": "6238",
                "localite": "Pont-a-celles",
                "province": "Hainaut",
                "bassin_de_vie_fwb": "Hainaut Sud",
                "courriel": "info@ccpac.be",
                "site_web": "http:\/\/www.ccpac.be",
                "bce": "472873614",
                "statut_juridique": "asbl",
                "enjeux": [
                    "['patrimoine",
                    "environnement",
                    "mixit\u00e9s",
                    "habiter la commune']"
                ]
            }
        },
        {
            "type": "Feature",
            "geometry": {
                "type": "Point",
                "coordinates": [
                    4.368864874358783,
                    50.86445519486719
                ]
            },
            "properties": {
                "denomination": "Centre culturel de Schaerbeek",
                "rue": "Rue Locht 91-93",
                "code_postal": "1030",
                "localite": "Schaerbeek",
                "province": "Bruxelles Capitale",
                "bassin_de_vie_fwb": "Bruxelles",
                "courriel": "info@culture1030.be",
                "site_web": "http:\/\/www.culture1030.be",
                "bce": "470061010",
                "statut_juridique": "asbl",
                "enjeux": [
                    "['patrimoine",
                    "jeunes",
                    "mixit\u00e9s']"
                ]
            }
        },
        {
            "type": "Feature",
            "geometry": {
                "type": "Point",
                "coordinates": [
                    5.969189043503932,
                    50.66412645
                ]
            },
            "properties": {
                "denomination": "Centre culturel de Welkenraedt",
                "rue": "Rue Gr\u00e9try 10",
                "code_postal": "4840",
                "localite": "Welkenraedt",
                "province": "Li\u00e8ge",
                "bassin_de_vie_fwb": "Verviers",
                "courriel": "info@ccwelkenraedt.be",
                "site_web": "http:\/\/www.ccwelkenraedt.be",
                "bce": "422286332",
                "statut_juridique": "asbl",
                "enjeux": [
                    "['mixit\u00e9s",
                    "consommation responsable']"
                ]
            }
        },
        {
            "type": "Feature",
            "geometry": {
                "type": "Point",
                "coordinates": [
                    5.3173739942482925,
                    50.54893045
                ]
            },
            "properties": {
                "denomination": "Centre culturel d'Amay 'Cultur'Ama'",
                "rue": "Rue Entre-deux-Tours 3",
                "code_postal": "4540",
                "localite": "Amay",
                "province": "Li\u00e8ge",
                "bassin_de_vie_fwb": "Huy Waremme",
                "courriel": "info@ccamay.be",
                "site_web": "http:\/\/www.ccamay.be",
                "bce": "414839997",
                "statut_juridique": "asbl",
                "enjeux": [
                    "['habiter la commune",
                    "\u00e9mancipation collective",
                    "mixit\u00e9s']"
                ]
            }
        },
        {
            "type": "Feature",
            "geometry": {
                "type": "Point",
                "coordinates": [
                    4.720200525451197,
                    50.7791282
                ]
            },
            "properties": {
                "denomination": "Centre culturel de la Vall\u00e9e de Nethen",
                "rue": "Rue Auguste Goemans 20a",
                "code_postal": "1320",
                "localite": "Beauvechain",
                "province": "Brabant wallon",
                "bassin_de_vie_fwb": "Brabant wallon",
                "courriel": "info@ccvn.be",
                "site_web": "http:\/\/www.ccvn.be",
                "bce": "411614847",
                "statut_juridique": "asbl",
                "enjeux": [
                    "['ruralit\u00e9",
                    "habiter la commune",
                    "vie associative",
                    "mixit\u00e9s']"
                ]
            }
        },
        {
            "type": "Feature",
            "geometry": {
                "type": "Point",
                "coordinates": [
                    3.827727146742159,
                    50.43135635
                ]
            },
            "properties": {
                "denomination": "Centre culturel de Boussu",
                "rue": "rue Clarisse 24",
                "code_postal": "7301",
                "localite": "Boussu",
                "province": "Hainaut",
                "bassin_de_vie_fwb": "Hainaut Centre",
                "courriel": "direction@ccboussu.be",
                "site_web": "http:\/\/www.ccboussu.be",
                "bce": "445037978",
                "statut_juridique": "asbl",
                "enjeux": [
                    "['\u00e9mancipation collective",
                    "consommation responsable",
                    "habiter la commune']"
                ]
            }
        },
        {
            "type": "Feature",
            "geometry": {
                "type": "Point",
                "coordinates": [
                    5.4480226,
                    50.596964
                ]
            },
            "properties": {
                "denomination": "Centre culturel de Fl\u00e9malle",
                "rue": "Rue du Beau Site 25",
                "code_postal": "4400",
                "localite": "Flemalle",
                "province": "Li\u00e8ge",
                "bassin_de_vie_fwb": "Li\u00e8ge",
                "courriel": "info@ccflemalle.be",
                "site_web": "http:\/\/www.ccflemalle.be",
                "bce": "411954248",
                "statut_juridique": "asbl",
                "enjeux": [
                    "['mixit\u00e9s",
                    "consommation responsable']"
                ]
            }
        },
        {
            "type": "Feature",
            "geometry": {
                "type": "Point",
                "coordinates": [
                    5.2415266,
                    50.522712
                ]
            },
            "properties": {
                "denomination": "Centre culturel de l'Arrondissement de Huy",
                "rue": "Avenue Delchambre 7A",
                "code_postal": "4500",
                "localite": "Huy",
                "province": "Li\u00e8ge",
                "bassin_de_vie_fwb": "Huy Waremme",
                "courriel": "info@ccah.be",
                "site_web": "http:\/\/www.acte2.be\/",
                "bce": "441341981",
                "statut_juridique": "asbl",
                "enjeux": [
                    "['\u00e9mancipation collective",
                    "mixit\u00e9s']"
                ]
            }
        },
        {
            "type": "Feature",
            "geometry": {
                "type": "Point",
                "coordinates": [
                    5.486057400370536,
                    49.71693275
                ]
            },
            "properties": {
                "denomination": "Centre culturel Rossignol-Tintigny",
                "rue": "Rue Camille Joset 1",
                "code_postal": "6730",
                "localite": "Tintigny",
                "province": "Luxembourg",
                "bassin_de_vie_fwb": "Luxembourg",
                "courriel": "ccrt@skynet.be",
                "site_web": "http:\/\/www.ccrt.be",
                "bce": "441642384",
                "statut_juridique": "asbl",
                "enjeux": [
                    "['habiter la commune",
                    "mixit\u00e9s",
                    "environnement",
                    "ruralit\u00e9']"
                ]
            }
        },
        {
            "type": "Feature",
            "geometry": {
                "type": "Point",
                "coordinates": [
                    5.847627494491321,
                    50.5932137
                ]
            },
            "properties": {
                "denomination": "Centre culturel r\u00e9gional de Verviers",
                "rue": "Boulevard des G\u00e9rardchamps 7c",
                "code_postal": "4800",
                "localite": "Verviers",
                "province": "Li\u00e8ge",
                "bassin_de_vie_fwb": "Verviers",
                "courriel": "billetterie@ccverviers.be",
                "site_web": "http:\/\/www.ccrv.be",
                "bce": "465266834",
                "statut_juridique": "asbl",
                "enjeux": [
                    "['habiter la commune",
                    "vie associative']"
                ]
            }
        },
        {
            "type": "Feature",
            "geometry": {
                "type": "Point",
                "coordinates": [
                    5.21432778765317,
                    50.5357567
                ]
            },
            "properties": {
                "denomination": "Centre culturel de Wanze",
                "rue": "Place Faniel 8",
                "code_postal": "4520",
                "localite": "Wanze",
                "province": "Li\u00e8ge",
                "bassin_de_vie_fwb": "Huy Waremme",
                "courriel": "info@centreculturelwanze.be",
                "site_web": "http:\/\/www.centreculturelwanze.be",
                "bce": "475430454",
                "statut_juridique": "asbl",
                "enjeux": [
                    "['jeunes",
                    "\u00e9mancipation collective']"
                ]
            }
        },
        {
            "type": "Feature",
            "geometry": {
                "type": "Point",
                "coordinates": [
                    5.36217171348446,
                    50.55917185
                ]
            },
            "properties": {
                "denomination": "Centre culturel d'Engis",
                "rue": "Rue du Pont 7",
                "code_postal": "4480",
                "localite": "Engis",
                "province": "Li\u00e8ge",
                "bassin_de_vie_fwb": "Huy Waremme",
                "courriel": "centre.culturel.engis@skynet.be",
                "site_web": "http:\/\/www.ccengis.be",
                "bce": "418529462",
                "statut_juridique": "asbl",
                "enjeux": [
                    "['habiter la commune",
                    "\u00e9panouissement individuel']"
                ]
            }
        },
        {
            "type": "Feature",
            "geometry": {
                "type": "Point",
                "coordinates": [
                    4.606801024701502,
                    50.24873205
                ]
            },
            "properties": {
                "denomination": "Foyer culturel de Florennes",
                "rue": "Avenue Jules Lahaye 4a",
                "code_postal": "5620",
                "localite": "Florennes",
                "province": "Namur",
                "bassin_de_vie_fwb": "Namur",
                "courriel": "christine@foyerflorennes,be",
                "site_web": "https:\/\/foyerflorennes.be\/",
                "bce": "408150462",
                "statut_juridique": "asbl",
                "enjeux": [
                    "['\u00e9panouissement individuel",
                    "habiter la commune']"
                ]
            }
        },
        {
            "type": "Feature",
            "geometry": {
                "type": "Point",
                "coordinates": [
                    5.5739008,
                    50.6390604
                ]
            },
            "properties": {
                "denomination": "Centre culturel 'Les Chiroux'",
                "rue": "Place des Carmes 8",
                "code_postal": "4000",
                "localite": "Liege",
                "province": "Li\u00e8ge",
                "bassin_de_vie_fwb": "Li\u00e8ge",
                "courriel": "info@chiroux.be",
                "site_web": "http:\/\/www.chiroux.be",
                "bce": "412484679",
                "statut_juridique": "asbl",
                "enjeux": [
                    "['urbanit\u00e9",
                    "habiter la commune",
                    "vie associative",
                    "consommation responsable",
                    "jeunes']"
                ]
            }
        },
        {
            "type": "Feature",
            "geometry": {
                "type": "Point",
                "coordinates": [
                    5.3558151,
                    50.6008303
                ]
            },
            "properties": {
                "denomination": "Centre culturel de Saint-Georges",
                "rue": "Rue Albert 1er 18",
                "code_postal": "4470",
                "localite": "Saint-Georges-sur-Meuse",
                "province": "Li\u00e8ge",
                "bassin_de_vie_fwb": "Huy Waremme",
                "courriel": "info@saintgeorgesculture.be",
                "site_web": "http:\/\/www.stgeorgesculture.be",
                "bce": "451933094",
                "statut_juridique": "asbl",
                "enjeux": [
                    "['mixit\u00e9s",
                    "habiter la commune",
                    "mobilit\u00e9']"
                ]
            }
        },
        {
            "type": "Feature",
            "geometry": {
                "type": "Point",
                "coordinates": [
                    4.285488345295983,
                    50.3391843
                ]
            },
            "properties": {
                "denomination": "Centre culturel Haute Sambre",
                "rue": "Rue des Nobles 32",
                "code_postal": "6530",
                "localite": "Thuin",
                "province": "Hainaut",
                "bassin_de_vie_fwb": "Hainaut Sud",
                "courriel": "info@cchautesambre.be",
                "site_web": "http:\/\/www.centrecultureldethuin.be",
                "bce": "459237194",
                "statut_juridique": "asbl",
                "enjeux": [
                    "['environnement",
                    "consommation responsable",
                    "patrimoine",
                    "\u00e9mancipation collective",
                    "mixit\u00e9s']"
                ]
            }
        },
        {
            "type": "Feature",
            "geometry": {
                "type": "Point",
                "coordinates": [
                    5.341291120320182,
                    49.737888749999996
                ]
            },
            "properties": {
                "denomination": "Centre culturel du Beau Canton - Chiny-Florenville",
                "rue": "Rue de Lorr\u00e8ne 3",
                "code_postal": "6810",
                "localite": "Chiny",
                "province": "Luxembourg",
                "bassin_de_vie_fwb": "Luxembourg",
                "courriel": "infos@ccbeaucanton.be",
                "site_web": "http:\/\/www.ccbeaucanton.be",
                "bce": "412685609",
                "statut_juridique": "asbl",
                "enjeux": [
                    "['patrimoine",
                    "ruralit\u00e9",
                    "vie associative",
                    "\u00e9mancipation collective']"
                ]
            }
        },
        {
            "type": "Feature",
            "geometry": {
                "type": "Point",
                "coordinates": [
                    4.9104427295822894,
                    50.5967067
                ]
            },
            "properties": {
                "denomination": "Centre culturel d'Eghez\u00e9e 'Ecrin'",
                "rue": "Rue de la Gare 5",
                "code_postal": "5310",
                "localite": "Eghezee",
                "province": "Namur",
                "bassin_de_vie_fwb": "Namur",
                "courriel": "info@ecrin.be",
                "site_web": "http:\/\/www.ecrin.be",
                "bce": "462796007",
                "statut_juridique": "asbl",
                "enjeux": [
                    "['\u00e9mancipation collective",
                    "mixit\u00e9s",
                    "habiter la commune",
                    "patrimoine']"
                ]
            }
        },
        {
            "type": "Feature",
            "geometry": {
                "type": "Point",
                "coordinates": [
                    4.40193158804658,
                    50.87686005
                ]
            },
            "properties": {
                "denomination": "Centre culturel d'Evere",
                "rue": "Rue de Paris 43",
                "code_postal": "1140",
                "localite": "Evere",
                "province": "Bruxelles Capitale",
                "bassin_de_vie_fwb": "Bruxelles",
                "courriel": "info@lentrela.be",
                "site_web": "http:\/\/www.lentrela.be",
                "bce": "416184834",
                "statut_juridique": "asbl",
                "enjeux": [
                    "['vie associative",
                    "mixit\u00e9s",
                    "urbanit\u00e9",
                    "habiter la commune",
                    "\u00e9mancipation collective",
                    "environnement']"
                ]
            }
        },
        {
            "type": "Feature",
            "geometry": {
                "type": "Point",
                "coordinates": [
                    4.484527570110345,
                    50.379444541012916
                ]
            },
            "properties": {
                "denomination": "Centre culturel de Gerpinnes",
                "rue": "Rue de Villers 61-63",
                "code_postal": "6280",
                "localite": "Gerpinnes",
                "province": "Hainaut",
                "bassin_de_vie_fwb": "Hainaut Sud",
                "courriel": null,
                "site_web": "http:\/\/www.gerpinnes.tv",
                "bce": "414076766",
                "statut_juridique": "asbl",
                "enjeux": [
                    "['mixit\u00e9s",
                    "habiter la commune",
                    "jeunes",
                    "ruralit\u00e9",
                    "environnement",
                    "consommation responsable']"
                ]
            }
        },
        {
            "type": "Feature",
            "geometry": {
                "type": "Point",
                "coordinates": [
                    4.185028125288112,
                    50.47486805
                ]
            },
            "properties": {
                "denomination": "Centre culturel 'Central'",
                "rue": "Place Jules Mansart 17-18",
                "code_postal": "7100",
                "localite": "La louviere",
                "province": "Hainaut",
                "bassin_de_vie_fwb": "Hainaut Centre",
                "courriel": "ccrc@ccrc.be",
                "site_web": "http:\/\/www.cestcentral.be",
                "bce": "418527977",
                "statut_juridique": "asbl",
                "enjeux": [
                    "['\u00e9mancipation collective",
                    "mixit\u00e9s",
                    "habiter la commune']"
                ]
            }
        },
        {
            "type": "Feature",
            "geometry": {
                "type": "Point",
                "coordinates": [
                    3.8327508416542195,
                    50.71311885
                ]
            },
            "properties": {
                "denomination": "Centre culturel 'Ren\u00e9 Magritte'",
                "rue": "Rue des 4 fils Aymon, 21",
                "code_postal": "7860",
                "localite": "Lessines",
                "province": "Hainaut",
                "bassin_de_vie_fwb": "Wallonie picarde",
                "courriel": "reservations@ccrenemagritte.be",
                "site_web": "http:\/\/www.ccrenemagritte.be",
                "bce": "434472304",
                "statut_juridique": "asbl",
                "enjeux": [
                    "['vie associative",
                    "habiter la commune",
                    "mixit\u00e9s",
                    "environnement",
                    "jeunes']"
                ]
            }
        },
        {
            "type": "Feature",
            "geometry": {
                "type": "Point",
                "coordinates": [
                    5.237115031774634,
                    50.465450399999995
                ]
            },
            "properties": {
                "denomination": "Centre culturel de Marchin",
                "rue": "Place de Grand Marchin 4",
                "code_postal": "4570",
                "localite": "Marchin",
                "province": "Li\u00e8ge",
                "bassin_de_vie_fwb": "Huy Waremme",
                "courriel": "secretariat@oyou.be",
                "site_web": "http:\/\/www.centreculturelmarchin.be",
                "bce": "428413762",
                "statut_juridique": "asbl",
                "enjeux": [
                    "['vie associative",
                    "habiter la commune",
                    "mixit\u00e9s",
                    "habiter la commune']"
                ]
            }
        },
        {
            "type": "Feature",
            "geometry": {
                "type": "Point",
                "coordinates": [
                    4.1822134566778875,
                    50.1684396
                ]
            },
            "properties": {
                "denomination": "Centre culturel de Sivry-Rance 'Terre chevrotine'",
                "rue": "Chemin des Amours 1",
                "code_postal": "6470",
                "localite": "Sivry",
                "province": "Hainaut",
                "bassin_de_vie_fwb": "Hainaut Sud",
                "courriel": "sivryranceculture@gmail.com",
                "site_web": "http:\/\/www.srculture.be",
                "bce": "415015587",
                "statut_juridique": "asbl",
                "enjeux": [
                    "['mixit\u00e9s",
                    "\u00e9mancipation collective",
                    "\u00e9panouissement individuel']"
                ]
            }
        },
        {
            "type": "Feature",
            "geometry": {
                "type": "Point",
                "coordinates": [
                    4.714537350000002,
                    50.50342195
                ]
            },
            "properties": {
                "denomination": "Fondation rurale Wallonie",
                "rue": "Rue Camille Hubert 5",
                "code_postal": "5032",
                "localite": "Isnes",
                "province": "Namur",
                "bassin_de_vie_fwb": "Namur",
                "courriel": "contact@frw.be",
                "site_web": "http:\/\/www.frw.be\/",
                "bce": "415861170",
                "statut_juridique": "asbl",
                "enjeux": null
            }
        },
        {
            "type": "Feature",
            "geometry": {
                "type": "Point",
                "coordinates": [
                    4.269960252777778,
                    50.40700425
                ]
            },
            "properties": {
                "denomination": "Centre culturel d'Anderlues 'La Bourlette'",
                "rue": "Place Albert 1er 10",
                "code_postal": "6150",
                "localite": "Anderlues",
                "province": "Hainaut",
                "bassin_de_vie_fwb": "Hainaut Sud",
                "courriel": "centre.culturel@anderlues.be",
                "site_web": "http:\/\/www.culture-anderlues.be",
                "bce": "461638044",
                "statut_juridique": "asbl",
                "enjeux": [
                    "['habiter la commune",
                    "mixit\u00e9s",
                    "jeunes']"
                ]
            }
        },
        {
            "type": "Feature",
            "geometry": {
                "type": "Point",
                "coordinates": [
                    4.5500883,
                    50.4833761
                ]
            },
            "properties": {
                "denomination": "Centre culturel 'Fleurus Culture'",
                "rue": "Place Ferrer 1",
                "code_postal": "6220",
                "localite": "Fleurus",
                "province": "Hainaut",
                "bassin_de_vie_fwb": "Hainaut Sud",
                "courriel": "fleurusculture@live.be",
                "site_web": "http:\/\/www.fleurusculture.be",
                "bce": "465045516",
                "statut_juridique": "asbl",
                "enjeux": [
                    "['vie associative",
                    "habiter la commune']"
                ]
            }
        },
        {
            "type": "Feature",
            "geometry": {
                "type": "Point",
                "coordinates": [
                    4.822200269959279,
                    50.21508581523899
                ]
            },
            "properties": {
                "denomination": "Centre culturel local Hastiere",
                "rue": "Rue Marcel Lespagne 18",
                "code_postal": "5540",
                "localite": "Hastiere",
                "province": "Namur",
                "bassin_de_vie_fwb": "Namur",
                "courriel": "info@culturehastiere.be",
                "site_web": "http:\/\/www.culturehastiere.be",
                "bce": "415189197",
                "statut_juridique": "asbl",
                "enjeux": [
                    "['habiter la commune",
                    "patrimoine",
                    "ruralit\u00e9']"
                ]
            }
        },
        {
            "type": "Feature",
            "geometry": {
                "type": "Point",
                "coordinates": [
                    5.634175337207488,
                    50.6452829
                ]
            },
            "properties": {
                "denomination": "Foyer culturel de Jupille-Wandre",
                "rue": "Rue Chafnay 2",
                "code_postal": "4020",
                "localite": "Jupille",
                "province": "Li\u00e8ge",
                "bassin_de_vie_fwb": "Li\u00e8ge",
                "courriel": "info@jupiculture.be",
                "site_web": "http:\/\/www.jupiculture.be",
                "bce": "421241997",
                "statut_juridique": "asbl",
                "enjeux": [
                    "['vie associative",
                    "habiter la commune",
                    "jeunes",
                    "patrimoine']"
                ]
            }
        },
        {
            "type": "Feature",
            "geometry": {
                "type": "Point",
                "coordinates": [
                    4.3479593,
                    50.8766501
                ]
            },
            "properties": {
                "denomination": "Centre culturel de Bruxelles Nord-Maison de la Cr\u00e9ation",
                "rue": "Boulevard Bockstael 246A",
                "code_postal": "1020",
                "localite": "Laeken",
                "province": "Bruxelles Capitale",
                "bassin_de_vie_fwb": "Bruxelles",
                "courriel": "fabien@maisondelacreation.org",
                "site_web": "http:\/\/www.maisondelacreation.org",
                "bce": "870519273",
                "statut_juridique": "asbl",
                "enjeux": [
                    "['mixit\u00e9s",
                    "\u00e9mancipation collective']"
                ]
            }
        },
        {
            "type": "Feature",
            "geometry": {
                "type": "Point",
                "coordinates": [
                    4.11482488347479,
                    50.50157521105234
                ]
            },
            "properties": {
                "denomination": "Centre culturel J. Faucon",
                "rue": "Rue d'Houdeng 27C",
                "code_postal": "7070",
                "localite": "Le roeulx",
                "province": "Hainaut",
                "bassin_de_vie_fwb": "Hainaut Centre",
                "courriel": "info@leroeulxculture.be",
                "site_web": "http:\/\/www.leroeulxculture.be",
                "bce": "476735105",
                "statut_juridique": "asbl",
                "enjeux": [
                    "['mixit\u00e9s",
                    "\u00e9mancipation collective",
                    "habiter la commune",
                    "vie associative']"
                ]
            }
        },
        {
            "type": "Feature",
            "geometry": {
                "type": "Point",
                "coordinates": [
                    3.624901976641431,
                    50.5994964
                ]
            },
            "properties": {
                "denomination": "Centre culturel Leuze-En-Hainaut",
                "rue": "Rue d'Ath 33",
                "code_postal": "7900",
                "localite": "Leuze-en-Hainaut",
                "province": "Hainaut",
                "bassin_de_vie_fwb": "Wallonie picarde",
                "courriel": "info@cultureleuze.be",
                "site_web": "http:\/\/www.cultureleuze.be\/",
                "bce": "456887321",
                "statut_juridique": "asbl",
                "enjeux": [
                    "['\u00e9mancipation collective",
                    "vie associative']"
                ]
            }
        },
        {
            "type": "Feature",
            "geometry": {
                "type": "Point",
                "coordinates": [
                    4.254726165007784,
                    50.442948650000005
                ]
            },
            "properties": {
                "denomination": "Centre culturel 'Le Sablon'",
                "rue": "Place de Carni\u00e8res 36",
                "code_postal": "7141",
                "localite": "Morlanwelz",
                "province": "Hainaut",
                "bassin_de_vie_fwb": "Hainaut Centre",
                "courriel": "sablon@morlanwelz.be",
                "site_web": "http:\/\/www.morlanwelz.be\/loisirs\/culture\/sablon",
                "bce": "449905893",
                "statut_juridique": "asbl",
                "enjeux": [
                    "['habiter la commune']"
                ]
            }
        },
        {
            "type": "Feature",
            "geometry": {
                "type": "Point",
                "coordinates": [
                    4.8147311757994204,
                    50.62346025
                ]
            },
            "properties": {
                "denomination": "Foyer culturel de Perwez",
                "rue": "Grand Place 32",
                "code_postal": "1360",
                "localite": "Perwez",
                "province": "Brabant wallon",
                "bassin_de_vie_fwb": "Brabant wallon",
                "courriel": "info@foyerperwez.be",
                "site_web": "http:\/\/www.foyerperwez.be",
                "bce": "415784461",
                "statut_juridique": "asbl",
                "enjeux": [
                    "['ruralit\u00e9",
                    "environnement",
                    "habiter la commune",
                    "mixit\u00e9s",
                    "consommation responsable",
                    "\u00e9panouissement individuel']"
                ]
            }
        },
        {
            "type": "Feature",
            "geometry": {
                "type": "Point",
                "coordinates": [
                    3.7776185498927006,
                    50.6318108
                ]
            },
            "properties": {
                "denomination": "Maison culturelle de Ath",
                "rue": "Rue de Brantignies 4",
                "code_postal": "7800",
                "localite": "Ath",
                "province": "Hainaut",
                "bassin_de_vie_fwb": "Wallonie picarde",
                "courriel": "mca@mcath.be",
                "site_web": "http:\/\/www.mcath.be",
                "bce": "419600026",
                "statut_juridique": "asbl",
                "enjeux": [
                    "['patrimoine",
                    "\u00e9mancipation collective",
                    "habiter la commune",
                    "mixit\u00e9s",
                    "vie associative']"
                ]
            }
        },
        {
            "type": "Feature",
            "geometry": {
                "type": "Point",
                "coordinates": [
                    4.166509492753653,
                    50.03105577275423
                ]
            },
            "properties": {
                "denomination": "Centre culturel de Momignies 'En Thi\u00e9rache'",
                "rue": "Rue de Macon 5",
                "code_postal": "6590",
                "localite": "Momignies",
                "province": "Hainaut",
                "bassin_de_vie_fwb": "Hainaut Sud",
                "courriel": "contact@centreculturelmomignies.be",
                "site_web": "http:\/\/www.culturemomignies.be",
                "bce": "427648254",
                "statut_juridique": "asbl",
                "enjeux": [
                    "['jeunes",
                    "habiter la commune']"
                ]
            }
        },
        {
            "type": "Feature",
            "geometry": {
                "type": "Point",
                "coordinates": [
                    5.223884332142069,
                    50.1600843
                ]
            },
            "properties": {
                "denomination": "Centre culturel des Roches",
                "rue": "Rue de Behogne 5",
                "code_postal": "5580",
                "localite": "Rochefort",
                "province": "Namur",
                "bassin_de_vie_fwb": "Namur",
                "courriel": "direction@ccrochefort.be",
                "site_web": "http:\/\/www.ccr-rochefort.be",
                "bce": "453354343",
                "statut_juridique": "asbl",
                "enjeux": [
                    "['vie associative",
                    "habiter la commune",
                    "mixit\u00e9s",
                    "\u00e9mancipation collective']"
                ]
            }
        },
        {
            "type": "Feature",
            "geometry": {
                "type": "Point",
                "coordinates": [
                    3.565069077043818,
                    50.68511325
                ]
            },
            "properties": {
                "denomination": "'Pays des Collines' Centre culturel",
                "rue": "Rue de la Gare 20",
                "code_postal": "7910",
                "localite": "Anvaing",
                "province": "Hainaut",
                "bassin_de_vie_fwb": "Wallonie picarde",
                "courriel": "info@culturecollines.com",
                "site_web": "http:\/\/www.culturecollines.com",
                "bce": "412110240",
                "statut_juridique": "asbl",
                "enjeux": [
                    "['environnement",
                    "patrimoine",
                    "\u00e9mancipation collective']"
                ]
            }
        },
        {
            "type": "Feature",
            "geometry": {
                "type": "Point",
                "coordinates": [
                    4.15569524999999,
                    50.671107750000004
                ]
            },
            "properties": {
                "denomination": "Centre culturel de Rebecq",
                "rue": "Chemin du Croly 11",
                "code_postal": "1430",
                "localite": "Rebecq",
                "province": "Brabant wallon",
                "bassin_de_vie_fwb": "Brabant wallon",
                "courriel": "secretariat@rebecqculture.be (Carine CHERON)",
                "site_web": "http:\/\/www.rebecqculture.be",
                "bce": "412106280",
                "statut_juridique": "asbl",
                "enjeux": [
                    "['patrimoine",
                    "habiter la commune",
                    "mixit\u00e9s",
                    "jeunes']"
                ]
            }
        },
        {
            "type": "Feature",
            "geometry": {
                "type": "Point",
                "coordinates": [
                    4.960003155996244,
                    50.109019950000004
                ]
            },
            "properties": {
                "denomination": "Centre culturel de BEAURAING",
                "rue": "Rue de l'Aubepine 3",
                "code_postal": "5570",
                "localite": "Beauraing",
                "province": "Namur",
                "bassin_de_vie_fwb": "Namur",
                "courriel": "info@beauraing-culturel.be",
                "site_web": "http:\/\/www.beauraing-culturel.be",
                "bce": "468146249",
                "statut_juridique": "asbl",
                "enjeux": [
                    "['patrimoine",
                    "habiter la commune']"
                ]
            }
        },
        {
            "type": "Feature",
            "geometry": {
                "type": "Point",
                "coordinates": [
                    4.700383379717193,
                    50.39553665
                ]
            },
            "properties": {
                "denomination": "Centre culturel de l'Entit\u00e9 fossoise",
                "rue": "Rue Donat Masson 22",
                "code_postal": "5070",
                "localite": "Fosses-la-Ville",
                "province": "Namur",
                "bassin_de_vie_fwb": "Namur",
                "courriel": "culture@fosses-la-ville.be",
                "site_web": "http:\/\/www.fosses-la-ville.be",
                "bce": "422244958",
                "statut_juridique": "asbl",
                "enjeux": [
                    "['patrimoine",
                    "mixit\u00e9s",
                    "mobilit\u00e9",
                    "jeunes",
                    "habiter la commune",
                    "vie associative']"
                ]
            }
        },
        {
            "type": "Feature",
            "geometry": {
                "type": "Point",
                "coordinates": [
                    5.3834155997266935,
                    49.92631195
                ]
            },
            "properties": {
                "denomination": "Centre culturel Libramont-Chevigny",
                "rue": "Avenue de Houffalize 56d",
                "code_postal": "6800",
                "localite": "Libramont",
                "province": "Luxembourg",
                "bassin_de_vie_fwb": "Luxembourg",
                "courriel": "info@cclibramont.be",
                "site_web": "http:\/\/www.cclibramont.be",
                "bce": "416170382",
                "statut_juridique": "asbl",
                "enjeux": [
                    "['habiter la commune",
                    "mobilit\u00e9']"
                ]
            }
        },
        {
            "type": "Feature",
            "geometry": {
                "type": "Point",
                "coordinates": [
                    4.2444323136226,
                    50.49936565
                ]
            },
            "properties": {
                "denomination": "Foyer culturel de Manage",
                "rue": "Avenue de Scailmont 96",
                "code_postal": "7170",
                "localite": "Manage",
                "province": "Hainaut",
                "bassin_de_vie_fwb": "Hainaut Centre",
                "courriel": "foyer-culturel@manage-commune.be",
                "site_web": "http:\/\/www.foyercultureldemanage.com",
                "bce": "420278531",
                "statut_juridique": "asbl",
                "enjeux": [
                    "['habiter la commune",
                    "mixit\u00e9s",
                    "\u00e9mancipation collective']"
                ]
            }
        },
        {
            "type": "Feature",
            "geometry": {
                "type": "Point",
                "coordinates": [
                    4.49115738657588,
                    50.731215750000004
                ]
            },
            "properties": {
                "denomination": "Centre culturel de Nivelles",
                "rue": "Place Albert Ier 1",
                "code_postal": "1400",
                "localite": "Nivelles",
                "province": "Brabant wallon",
                "bassin_de_vie_fwb": "Brabant wallon",
                "courriel": "info@ccnivelles.be",
                "site_web": "http:\/\/www.centrecultureldenivelles.be",
                "bce": "407412965",
                "statut_juridique": "asbl",
                "enjeux": null
            }
        },
        {
            "type": "Feature",
            "geometry": {
                "type": "Point",
                "coordinates": [
                    3.59275705,
                    50.51332805
                ]
            },
            "properties": {
                "denomination": "Centre culturel de Peruwelz 'Arr\u00eat 59'",
                "rue": "Rue des Fran\u00e7ais 59",
                "code_postal": "7600",
                "localite": "Peruwelz",
                "province": "Hainaut",
                "bassin_de_vie_fwb": "Wallonie picarde",
                "courriel": "contact@arret59.be",
                "site_web": "http:\/\/www.arret59.be",
                "bce": "443534775",
                "statut_juridique": "asbl",
                "enjeux": [
                    "['habiter la commune",
                    "mixit\u00e9s",
                    "patrimoine",
                    "transfrontalier']"
                ]
            }
        },
        {
            "type": "Feature",
            "geometry": {
                "type": "Point",
                "coordinates": [
                    5.331324967667568,
                    50.68082682562453
                ]
            },
            "properties": {
                "denomination": "Centre culturel de Remicourt",
                "rue": "Rue Maurice Delmotte 68",
                "code_postal": "4350",
                "localite": "Remicourt",
                "province": "Li\u00e8ge",
                "bassin_de_vie_fwb": "Huy Waremme",
                "courriel": "info@centreculturelremicourt.be",
                "site_web": "http:\/\/www.centreculturelremicourt.be",
                "bce": "480114465",
                "statut_juridique": "asbl",
                "enjeux": [
                    "['mixit\u00e9s",
                    "ruralit\u00e9",
                    "patrimoine']"
                ]
            }
        },
        {
            "type": "Feature",
            "geometry": {
                "type": "Point",
                "coordinates": [
                    5.8133701099999975,
                    50.53603435
                ]
            },
            "properties": {
                "denomination": "Centre culturel de Theux",
                "rue": "Place Taskin 1",
                "code_postal": "4910",
                "localite": "Theux",
                "province": "Li\u00e8ge",
                "bassin_de_vie_fwb": "Verviers",
                "courriel": "centreculturel@theux.be",
                "site_web": "http:\/\/www.cctheux.be",
                "bce": "477907815",
                "statut_juridique": "asbl",
                "enjeux": [
                    "['patrimoine",
                    "habiter la commune",
                    "mixit\u00e9s",
                    "jeunes']"
                ]
            }
        },
        {
            "type": "Feature",
            "geometry": {
                "type": "Point",
                "coordinates": [
                    3.3798747406792327,
                    50.6053602638646
                ]
            },
            "properties": {
                "denomination": "Maison de la Culture de Tournai",
                "rue": "Avenue des Fr\u00e8res Rimbaut 2",
                "code_postal": "7500",
                "localite": "Tournai",
                "province": "Hainaut",
                "bassin_de_vie_fwb": "Wallonie picarde",
                "courriel": "info@maisonculturetournai.com",
                "site_web": "http:\/\/www.maisonculturetournai.com",
                "bce": "410784805",
                "statut_juridique": "asbl",
                "enjeux": [
                    "['mixit\u00e9s",
                    "\u00e9panouissement individuel']"
                ]
            }
        },
        {
            "type": "Feature",
            "geometry": {
                "type": "Point",
                "coordinates": [
                    5.092158889673108,
                    50.491652206823545
                ]
            },
            "properties": {
                "denomination": "Centre culturel d'Andenne",
                "rue": "Rue de la Papeterie 2A",
                "code_postal": "5300",
                "localite": "Andenne",
                "province": "Namur",
                "bassin_de_vie_fwb": "Namur",
                "courriel": "Info@centreculturelandenne.be",
                "site_web": "http:\/\/www.centreculturelandenne.be",
                "bce": "431879533",
                "statut_juridique": "asbl",
                "enjeux": [
                    "['ruralit\u00e9",
                    "mixit\u00e9s']"
                ]
            }
        },
        {
            "type": "Feature",
            "geometry": {
                "type": "Point",
                "coordinates": [
                    5.801534371555119,
                    49.67960895
                ]
            },
            "properties": {
                "denomination": "Maison de la Culture d'Arlon",
                "rue": "Parc des Expositions 1",
                "code_postal": "6700",
                "localite": "Arlon",
                "province": "Luxembourg",
                "bassin_de_vie_fwb": "Luxembourg",
                "courriel": "info@maison-culture-arlon.be",
                "site_web": "http:\/\/www.maison-culture-arlon.be",
                "bce": "409430070",
                "statut_juridique": "asbl",
                "enjeux": [
                    "['transfrontalier",
                    "jeunes']"
                ]
            }
        },
        {
            "type": "Feature",
            "geometry": {
                "type": "Point",
                "coordinates": [
                    4.038099731878216,
                    50.69335855
                ]
            },
            "properties": {
                "denomination": "Centre culturel d'Enghien 'Maison JONATHAS'",
                "rue": "Rue Montgomery 7",
                "code_postal": "7850",
                "localite": "Enghien",
                "province": "Hainaut",
                "bassin_de_vie_fwb": "Wallonie picarde",
                "courriel": "cce@ccenghien.org",
                "site_web": "http:\/\/www.ccenghien.com",
                "bce": "851162627",
                "statut_juridique": "asbl",
                "enjeux": [
                    "['patrimoine",
                    "\u00e9mancipation collective",
                    "habiter la commune",
                    "jeunes",
                    "mixit\u00e9s']"
                ]
            }
        },
        {
            "type": "Feature",
            "geometry": {
                "type": "Point",
                "coordinates": [
                    4.542616961748366,
                    50.196248
                ]
            },
            "properties": {
                "denomination": "Centre culturel de Philippeville",
                "rue": "Rue de France 1A",
                "code_postal": "5600",
                "localite": "Philippeville",
                "province": "Namur",
                "bassin_de_vie_fwb": "Hainaut Sud",
                "courriel": "info@culture-philippeville.be",
                "site_web": "http:\/\/www.facebook.com\/centreculturel.dephilippeville\/",
                "bce": "432510726",
                "statut_juridique": "asbl",
                "enjeux": [
                    "['habiter la commune",
                    "vie associative",
                    "mixit\u00e9s",
                    "mobilit\u00e9']"
                ]
            }
        },
        {
            "type": "Feature",
            "geometry": {
                "type": "Point",
                "coordinates": [
                    4.3137309820261445,
                    50.8740631
                ]
            },
            "properties": {
                "denomination": "Centre culturel de Ganshoren 'La Villa'",
                "rue": "Place Guido Gezelle 26",
                "code_postal": "1083",
                "localite": "Ganshoren",
                "province": "Bruxelles Capitale",
                "bassin_de_vie_fwb": "Bruxelles",
                "courriel": "info@lavillaculture.be",
                "site_web": "http:\/\/www.lavillaculture.be",
                "bce": "412532486",
                "statut_juridique": "asbl",
                "enjeux": [
                    "['vie associative",
                    "mixit\u00e9s",
                    "habiter la commune']"
                ]
            }
        },
        {
            "type": "Feature",
            "geometry": {
                "type": "Point",
                "coordinates": [
                    4.868158830280834,
                    50.46437015
                ]
            },
            "properties": {
                "denomination": "Centre culturel - Th\u00e9\u00e4tre de Namur",
                "rue": "Place du Th\u00e9\u00e2tre 2",
                "code_postal": "5000",
                "localite": "Namur",
                "province": "Namur",
                "bassin_de_vie_fwb": "Namur",
                "courriel": "info@theatredenamur.be",
                "site_web": "http:\/\/www.theatredenamur.be",
                "bce": "422467959",
                "statut_juridique": "asbl",
                "enjeux": [
                    "['\u00e9mancipation collective",
                    "habiter la commune']"
                ]
            }
        },
        {
            "type": "Feature",
            "geometry": {
                "type": "Point",
                "coordinates": [
                    4.3446382,
                    50.8293474
                ]
            },
            "properties": {
                "denomination": "Centre culturel Jacques Franck",
                "rue": "Chauss\u00e9e de Waterloo 94",
                "code_postal": "1060",
                "localite": "Saint-Gilles",
                "province": "Bruxelles Capitale",
                "bassin_de_vie_fwb": "Bruxelles",
                "courriel": "info@lejacquesfranck.be",
                "site_web": "http:\/\/www.lejacquesfranck.be",
                "bce": "413455273",
                "statut_juridique": "asbl",
                "enjeux": [
                    "['mixit\u00e9s",
                    "urbanit\u00e9",
                    "habiter la commune']"
                ]
            }
        },
        {
            "type": "Feature",
            "geometry": {
                "type": "Point",
                "coordinates": [
                    4.3804278,
                    50.8366417
                ]
            },
            "properties": {
                "denomination": "Centre culturel d'Etterbeek 'Le Senghor'",
                "rue": "Chauss\u00e9e de Wavre 366",
                "code_postal": "1040",
                "localite": "Etterbeek",
                "province": "Bruxelles Capitale",
                "bassin_de_vie_fwb": "Bruxelles",
                "courriel": "info@senghor.be",
                "site_web": "http:\/\/www.senghor.be",
                "bce": "420915068",
                "statut_juridique": "asbl",
                "enjeux": [
                    "['mixit\u00e9s",
                    "habiter la commune",
                    "patrimoine']"
                ]
            }
        },
        {
            "type": "Feature",
            "geometry": {
                "type": "Point",
                "coordinates": [
                    5.51647201347876,
                    50.60474225
                ]
            },
            "properties": {
                "denomination": "Centre culturel de Seraing",
                "rue": "Rue Renaud Strivay 44",
                "code_postal": "4100",
                "localite": "Seraing",
                "province": "Li\u00e8ge",
                "bassin_de_vie_fwb": "Li\u00e8ge",
                "courriel": "info@centrecultureldeseraing.be",
                "site_web": "http:\/\/www.centrecultureldeseraing.be",
                "bce": "413893654",
                "statut_juridique": "asbl",
                "enjeux": [
                    "['habiter la commune']"
                ]
            }
        },
        {
            "type": "Feature",
            "geometry": {
                "type": "Point",
                "coordinates": [
                    5.66388677522152,
                    50.500941
                ]
            },
            "properties": {
                "denomination": "Foyer culturel 'Henri Simon'",
                "rue": "Rue du Centre 81",
                "code_postal": "4140",
                "localite": "Sprimont",
                "province": "Li\u00e8ge",
                "bassin_de_vie_fwb": "Li\u00e8ge",
                "courriel": "info@foyer-culturel-sprimont@sprimont.be",
                "site_web": "http:\/\/www.foyer-culturel-sprimont.be",
                "bce": "443211410",
                "statut_juridique": "asbl",
                "enjeux": [
                    "['mixit\u00e9s",
                    "environnement']"
                ]
            }
        },
        {
            "type": "Feature",
            "geometry": {
                "type": "Point",
                "coordinates": [
                    4.279935402199571,
                    50.4716521
                ]
            },
            "properties": {
                "denomination": "Centre culturel de Chapelle-Lez-Herlaimont le C3",
                "rue": "Place de l'H\u00f4tel de Ville 17",
                "code_postal": "7160",
                "localite": "Chapelle-lez-Herlaimont",
                "province": "Hainaut",
                "bassin_de_vie_fwb": "Hainaut Centre",
                "courriel": "secretariat.cch@7160.be",
                "site_web": "http:\/\/www.chapelle-lez-herlaimont.be",
                "bce": "411571394",
                "statut_juridique": "asbl",
                "enjeux": [
                    "['jeunes",
                    "mixit\u00e9s']"
                ]
            }
        },
        {
            "type": "Feature",
            "geometry": {
                "type": "Point",
                "coordinates": [
                    4.565769436382773,
                    50.64692291648345
                ]
            },
            "properties": {
                "denomination": "Centre culturel du Brabant Wallon",
                "rue": "Rue Belotte 3",
                "code_postal": "1490",
                "localite": "Court-Saint-Etienne",
                "province": "Brabant wallon",
                "bassin_de_vie_fwb": "Brabant wallon",
                "courriel": "info@ccbw.be",
                "site_web": "http:\/\/www.culturebw.be",
                "bce": "426937085",
                "statut_juridique": "asbl",
                "enjeux": [
                    "['environnement",
                    "mixit\u00e9s']"
                ]
            }
        },
        {
            "type": "Feature",
            "geometry": {
                "type": "Point",
                "coordinates": [
                    4.915956171239555,
                    50.2572563
                ]
            },
            "properties": {
                "denomination": "Centre culturel de Dinant",
                "rue": "Rue Grande 37",
                "code_postal": "5500",
                "localite": "Dinant",
                "province": "Namur",
                "bassin_de_vie_fwb": "Namur",
                "courriel": "info@ccrd.be",
                "site_web": "http:\/\/www.dinant.be",
                "bce": "412587916",
                "statut_juridique": "asbl",
                "enjeux": [
                    "['\u00e9mancipation collective",
                    "vie associative",
                    "mixit\u00e9s']"
                ]
            }
        },
        {
            "type": "Feature",
            "geometry": {
                "type": "Point",
                "coordinates": [
                    5.647072137922295,
                    49.72951125
                ]
            },
            "properties": {
                "denomination": "Centre culturel de Habay",
                "rue": "Rue d'Hoffschmidt 27",
                "code_postal": "6720",
                "localite": "Habay",
                "province": "Luxembourg",
                "bassin_de_vie_fwb": "Luxembourg",
                "courriel": "info@habay-culture.be",
                "site_web": "http:\/\/www.habay-culture.be",
                "bce": "466329379",
                "statut_juridique": "asbl",
                "enjeux": [
                    "['\u00e9mancipation collective']"
                ]
            }
        },
        {
            "type": "Feature",
            "geometry": {
                "type": "Point",
                "coordinates": [
                    3.8202882684450943,
                    50.44878105
                ]
            },
            "properties": {
                "denomination": "Centre culturel de Saint-Ghislain Foyer Culturel 'Septem'",
                "rue": "Grand-Place 37",
                "code_postal": "7330",
                "localite": "Saint-Ghislain",
                "province": "Hainaut",
                "bassin_de_vie_fwb": "Hainaut Centre",
                "courriel": "info@foyerculturelsaintghislain.be",
                "site_web": "http:\/\/www.foyerculturelsaintghislain.be",
                "bce": "445529611",
                "statut_juridique": "asbl",
                "enjeux": [
                    "['mixit\u00e9s",
                    "\u00e9mancipation collective",
                    "patrimoine']"
                ]
            }
        },
        {
            "type": "Feature",
            "geometry": {
                "type": "Point",
                "coordinates": [
                    4.069509603851497,
                    50.5784391
                ]
            },
            "properties": {
                "denomination": "Centre culturel de Soignies",
                "rue": "Place Van Zeeland 31",
                "code_postal": "7060",
                "localite": "Soignies",
                "province": "Hainaut",
                "bassin_de_vie_fwb": "Hainaut Centre",
                "courriel": "info@soignies-culture.be",
                "site_web": "http:\/\/www.centre-culturel-soignies.be",
                "bce": "861365641",
                "statut_juridique": "asbl",
                "enjeux": [
                    "['habiter la commune",
                    "\u00e9panouissement individuel']"
                ]
            }
        },
        {
            "type": "Feature",
            "geometry": {
                "type": "Point",
                "coordinates": [
                    4.4164457,
                    50.797792
                ]
            },
            "properties": {
                "denomination": "Centre culturel de Watermael-Boitsfort 'La V\u00e9nerie'",
                "rue": "Place Antoine Gilson 3",
                "code_postal": "1170",
                "localite": "Watermael-Boitsfort",
                "province": "Bruxelles Capitale",
                "bassin_de_vie_fwb": "Bruxelles",
                "courriel": "info@lavenerie.be",
                "site_web": "http:\/\/www.lavenerie.be",
                "bce": "433425989",
                "statut_juridique": "asbl",
                "enjeux": [
                    "['jeunes",
                    "mixit\u00e9s",
                    "\u00e9mancipation collective",
                    "patrimoine']"
                ]
            }
        },
        {
            "type": "Feature",
            "geometry": {
                "type": "Point",
                "coordinates": [
                    5.8547738,
                    50.6082716
                ]
            },
            "properties": {
                "denomination": "Centre culturel de Dison",
                "rue": "Rue des Ecoles 2",
                "code_postal": "4820",
                "localite": "Dison",
                "province": "Li\u00e8ge",
                "bassin_de_vie_fwb": "Verviers",
                "courriel": "contact@ccdison.be",
                "site_web": "http:\/\/www.ccdison.be",
                "bce": "418459582",
                "statut_juridique": "asbl",
                "enjeux": [
                    "['jeunes",
                    "mixit\u00e9s",
                    "habiter la commune']"
                ]
            }
        },
        {
            "type": "Feature",
            "geometry": {
                "type": "Point",
                "coordinates": [
                    5.86549384142122,
                    50.4915157
                ]
            },
            "properties": {
                "denomination": "Centre culturel de Spa",
                "rue": "Rue Servais 8",
                "code_postal": "4900",
                "localite": "Spa",
                "province": "Li\u00e8ge",
                "bassin_de_vie_fwb": "Verviers",
                "courriel": "info@ccspa.be",
                "site_web": "http:\/\/www.ccspa-jalhay-stoumont.be",
                "bce": "448084075",
                "statut_juridique": "asbl",
                "enjeux": [
                    "['jeunes",
                    "environnement",
                    "habiter la commune",
                    "ruralit\u00e9",
                    "habiter la commune']"
                ]
            }
        },
        {
            "type": "Feature",
            "geometry": {
                "type": "Point",
                "coordinates": [
                    4.4270298,
                    50.8370534
                ]
            },
            "properties": {
                "denomination": "W:halll - Centre culturel de Woluwe-Saint-Pierre",
                "rue": "Avenue Charles Thielemans 93",
                "code_postal": "1150",
                "localite": "Woluwe-Saint-Pierre",
                "province": "Bruxelles",
                "bassin_de_vie_fwb": "Bruxelles",
                "courriel": "info@walll.be",
                "site_web": "http:\/\/www.whalll.be",
                "bce": "811989374",
                "statut_juridique": "asbl",
                "enjeux": null
            }
        },
        {
            "type": "Feature",
            "geometry": {
                "type": "Point",
                "coordinates": [
                    4.37150805141507,
                    50.030722749999995
                ]
            },
            "properties": {
                "denomination": "Centre culturel de Chimay",
                "rue": "Rue des Battis 34",
                "code_postal": "6464",
                "localite": "Chimay",
                "province": "Hainaut",
                "bassin_de_vie_fwb": "Hainaut Sud",
                "courriel": "centreculturelchimay@gmail.com",
                "site_web": "http:\/\/www.centreculturelchimay.com",
                "bce": "412381345",
                "statut_juridique": "asbl",
                "enjeux": [
                    "['habiter la commune",
                    "mobilit\u00e9",
                    "mixit\u00e9s",
                    "jeunes']"
                ]
            }
        },
        {
            "type": "Feature",
            "geometry": {
                "type": "Point",
                "coordinates": [
                    3.2096436405934465,
                    50.7452045
                ]
            },
            "properties": {
                "denomination": "Centre culturel Mouscronnois",
                "rue": "Place Charles De Gaulle, 10",
                "code_postal": "7700",
                "localite": "Mouscron",
                "province": "Hainaut",
                "bassin_de_vie_fwb": "Wallonie picarde",
                "courriel": "billetrie.staquet@mouscron.be",
                "site_web": "http:\/\/www.centrecultureldemouscron.be",
                "bce": "457176539",
                "statut_juridique": "asbl",
                "enjeux": [
                    "['mixit\u00e9s",
                    "environnement",
                    "ruralit\u00e9",
                    "vie associative",
                    "\u00e9mancipation collective']"
                ]
            }
        },
        {
            "type": "Feature",
            "geometry": {
                "type": "Point",
                "coordinates": [
                    5.836425486938933,
                    49.56323635
                ]
            },
            "properties": {
                "denomination": "Centre culturel d'Aubange",
                "rue": "Rue du Centre 17",
                "code_postal": "6791",
                "localite": "Aubange",
                "province": "Luxembourg",
                "bassin_de_vie_fwb": "Luxembourg",
                "courriel": "administration@ccathus.be",
                "site_web": "http:\/\/www.ccathus.be",
                "bce": "443079964",
                "statut_juridique": "asbl",
                "enjeux": [
                    "['mixit\u00e9s",
                    "ruralit\u00e9",
                    "transfrontalier']"
                ]
            }
        },
        {
            "type": "Feature",
            "geometry": {
                "type": "Point",
                "coordinates": [
                    4.693317158826124,
                    50.56276390676525
                ]
            },
            "properties": {
                "denomination": "Centre culturel de Gembloux 'Atrium 57'",
                "rue": "Rue du Moulin 55bis",
                "code_postal": "5030",
                "localite": "Gembloux",
                "province": "Namur",
                "bassin_de_vie_fwb": "Namur",
                "courriel": "administration@atrium57.be",
                "site_web": "https:\/\/atrium57.be\/",
                "bce": "420065626",
                "statut_juridique": "asbl",
                "enjeux": [
                    "['consommation responsable",
                    "mixit\u00e9s",
                    "habiter la commune']"
                ]
            }
        },
        {
            "type": "Feature",
            "geometry": {
                "type": "Point",
                "coordinates": [
                    4.451742324397015,
                    50.612797900000004
                ]
            },
            "properties": {
                "denomination": "Centre culturel de Genappe",
                "rue": "Rue de Bruxelles 14",
                "code_postal": "1470",
                "localite": "Genappe",
                "province": "Brabant wallon",
                "bassin_de_vie_fwb": "Brabant wallon",
                "courriel": "info@le38.be",
                "site_web": "http:\/\/www.ccgenappe.be",
                "bce": "418233019",
                "statut_juridique": "asbl",
                "enjeux": [
                    "['habiter la commune",
                    "mixit\u00e9s']"
                ]
            }
        },
        {
            "type": "Feature",
            "geometry": {
                "type": "Point",
                "coordinates": [
                    5.719997885727505,
                    50.0047876
                ]
            },
            "properties": {
                "denomination": "Centre culturel de Bastogne",
                "rue": "Rue du Sablon 195",
                "code_postal": "6600",
                "localite": "Bastogne",
                "province": "Luxembourg",
                "bassin_de_vie_fwb": "Luxembourg",
                "courriel": "info@centreculturelbastogne.be",
                "site_web": "http:\/\/www.centreculturelbastogne.be",
                "bce": "460595491",
                "statut_juridique": "asbl",
                "enjeux": [
                    "['habiter la commune",
                    "jeunes']"
                ]
            }
        },
        {
            "type": "Feature",
            "geometry": {
                "type": "Point",
                "coordinates": [
                    4.745045673173516,
                    50.1355778
                ]
            },
            "properties": {
                "denomination": "Centre culturel de Doische",
                "rue": "Rue Martin Sandron 124",
                "code_postal": "5680",
                "localite": "Doische",
                "province": "Namur",
                "bassin_de_vie_fwb": "Namur",
                "courriel": "centre.culturel.doische@skynet.be",
                "site_web": "https:\/\/foyercultureldoische.woedpress,com",
                "bce": "418827786",
                "statut_juridique": "asbl",
                "enjeux": [
                    "['patrimoine",
                    "mixit\u00e9s",
                    "ruralit\u00e9",
                    "vie associative",
                    "habiter la commune']"
                ]
            }
        },
        {
            "type": "Feature",
            "geometry": {
                "type": "Point",
                "coordinates": [
                    4.268836011363278,
                    50.651517419066806
                ]
            },
            "properties": {
                "denomination": "Centre de Loisir et d'Information",
                "rue": "Rue de la Montagne 36",
                "code_postal": "1460",
                "localite": "Ittre",
                "province": "Brabant wallon",
                "bassin_de_vie_fwb": "Brabant wallon",
                "courriel": "info@ittreculture.be",
                "site_web": "http:\/\/www.ittreculture.be",
                "bce": "414742009",
                "statut_juridique": "asbl",
                "enjeux": [
                    "['ruralit\u00e9",
                    "mobilit\u00e9",
                    "environnement']"
                ]
            }
        },
        {
            "type": "Feature",
            "geometry": {
                "type": "Point",
                "coordinates": [
                    4.5781848330568735,
                    50.385585199999994
                ]
            },
            "properties": {
                "denomination": "Centre culturel d'Aiseau-Presles",
                "rue": "Place communale 1",
                "code_postal": "6250",
                "localite": "Aiseau-Presles",
                "province": "Hainaut",
                "bassin_de_vie_fwb": "Hainaut Sud",
                "courriel": "ccaiseaupresles@hotmail.com",
                "site_web": "http:\/\/www.ccaiseaupresles.com",
                "bce": "462759977",
                "statut_juridique": "asbl",
                "enjeux": [
                    "['environnement",
                    "habiter la commune']"
                ]
            }
        },
        {
            "type": "Feature",
            "geometry": {
                "type": "Point",
                "coordinates": [
                    5.584462959088576,
                    50.6104811
                ]
            },
            "properties": {
                "denomination": "Centre culturel d'Ourthe et Meuse",
                "rue": "Rue d'Ougr\u00e9e 71",
                "code_postal": "4031",
                "localite": "Angleur",
                "province": "Li\u00e8ge",
                "bassin_de_vie_fwb": "Li\u00e8ge",
                "courriel": "ccom@skynet.be",
                "site_web": "http:\/\/www.centreculturelourtheetmeuse.eu",
                "bce": "453997909",
                "statut_juridique": "asbl",
                "enjeux": [
                    "['mixit\u00e9s",
                    "vie associative",
                    "habiter la commune']"
                ]
            }
        },
        {
            "type": "Feature",
            "geometry": {
                "type": "Point",
                "coordinates": [
                    4.1376362030795555,
                    50.6081561
                ]
            },
            "properties": {
                "denomination": "Centre culturel de Braine-Le-Comte",
                "rue": "Rue de la Station 70",
                "code_postal": "7090",
                "localite": "Braine-le-comte",
                "province": "Hainaut",
                "bassin_de_vie_fwb": "Hainaut Centre",
                "courriel": "ccblc@7090.be",
                "site_web": "http:\/\/www.ccblc.be",
                "bce": "448132476",
                "statut_juridique": "asbl",
                "enjeux": [
                    "['habiter la commune",
                    "\u00e9panouissement individuel']"
                ]
            }
        },
        {
            "type": "Feature",
            "geometry": {
                "type": "Point",
                "coordinates": [
                    3.0018324288985263,
                    50.766687573865205
                ]
            },
            "properties": {
                "denomination": "Centre culturel MJC de Comines-Warneton",
                "rue": "Rue des Arts 22",
                "code_postal": "7780",
                "localite": "Comines-Warneton",
                "province": "Hainaut",
                "bassin_de_vie_fwb": "Wallonie picarde",
                "courriel": "info@cccw.be",
                "site_web": "http:\/\/www.cccw.be",
                "bce": "428756232",
                "statut_juridique": "asbl",
                "enjeux": [
                    "['consommation responsable",
                    "\u00e9panouissement individuel",
                    "jeunes",
                    "transfrontalier",
                    "mixit\u00e9s",
                    "habiter la commune']"
                ]
            }
        },
        {
            "type": "Feature",
            "geometry": {
                "type": "Point",
                "coordinates": [
                    3.85907608807413,
                    50.443561700000004
                ]
            },
            "properties": {
                "denomination": "Maison culturelle de Quaregnon",
                "rue": "Rue Jules Destr\u00e9e 355",
                "code_postal": "7390",
                "localite": "Quaregnon",
                "province": "Hainaut",
                "bassin_de_vie_fwb": "Hainaut Centre",
                "courriel": "bonjour@maisonculturellequaregnon.be",
                "site_web": "http:\/\/www.maisonculturellequaregnon.be",
                "bce": "445561976",
                "statut_juridique": "asbl",
                "enjeux": [
                    "['\u00e9mancipation collective",
                    "patrimoine']"
                ]
            }
        },
        {
            "type": "Feature",
            "geometry": {
                "type": "Point",
                "coordinates": [
                    3.9225332656304195,
                    50.648346500432666
                ]
            },
            "properties": {
                "denomination": "Centre culturel de Silly",
                "rue": "Rue Saint-Pierre 4",
                "code_postal": "7830",
                "localite": "Silly",
                "province": "Hainaut",
                "bassin_de_vie_fwb": "Wallonie picarde",
                "courriel": "info@ccsilly.be",
                "site_web": "http:\/\/www.ccsilly.be",
                "bce": "861386130",
                "statut_juridique": "asbl",
                "enjeux": [
                    "['environnement",
                    "patrimoine",
                    "mixit\u00e9s",
                    "vie associative",
                    "habiter la commune",
                    "\u00e9mancipation collective']"
                ]
            }
        },
        {
            "type": "Feature",
            "geometry": {
                "type": "Point",
                "coordinates": [
                    5.512259237736803,
                    50.67446645
                ]
            },
            "properties": {
                "denomination": "Centre culturel d'Ans",
                "rue": "Place des Anciens Combattants 1",
                "code_postal": "4432",
                "localite": "Ans",
                "province": "Li\u00e8ge",
                "bassin_de_vie_fwb": "Li\u00e8ge",
                "courriel": "centreculturelans@skynet.be",
                "site_web": "http:\/\/www.centreculturelans.be",
                "bce": "433363930",
                "statut_juridique": "asbl",
                "enjeux": [
                    "['mixit\u00e9s",
                    "jeunes",
                    "habiter la commune",
                    "environnement",
                    "m\u00e9dias']"
                ]
            }
        },
        {
            "type": "Feature",
            "geometry": {
                "type": "Point",
                "coordinates": [
                    5.242580509975287,
                    50.38758004648894
                ]
            },
            "properties": {
                "denomination": "Centre culturel d'Havelange",
                "rue": "Rue Hi\u00e9tine 2",
                "code_postal": "5370",
                "localite": "Havelange",
                "province": "Namur",
                "bassin_de_vie_fwb": "Namur",
                "courriel": "info@cchavelange.be",
                "site_web": "https:\/\/www.cchavelange.be\/",
                "bce": "866179316",
                "statut_juridique": "asbl",
                "enjeux": [
                    "['mixit\u00e9s']"
                ]
            }
        },
        {
            "type": "Feature",
            "geometry": {
                "type": "Point",
                "coordinates": [
                    4.4344630424428395,
                    50.253881750000005
                ]
            },
            "properties": {
                "denomination": "Centre culturel de Walcourt",
                "rue": "Rue de la Montagne 3",
                "code_postal": "5650",
                "localite": "Walcourt",
                "province": "Namur",
                "bassin_de_vie_fwb": "Hainaut Sud",
                "courriel": "direction@centreculturelwalcourt.be",
                "site_web": "http:\/\/www.centreculturelwalcourt.be\/",
                "bce": "435242958",
                "statut_juridique": "asbl",
                "enjeux": [
                    "['mixit\u00e9s",
                    "\u00e9mancipation collective",
                    "mixit\u00e9s']"
                ]
            }
        },
        {
            "type": "Feature",
            "geometry": {
                "type": "Point",
                "coordinates": [
                    4.437588855851424,
                    50.84871931669815
                ]
            },
            "properties": {
                "denomination": "Centre culturel de Woluw\u00e9-St-Lambert Wolubilis",
                "rue": "Cour Paul Henry SPAAK 1",
                "code_postal": "1200",
                "localite": "Woluwe-St-Lambert",
                "province": "Bruxelles Capitale",
                "bassin_de_vie_fwb": "Bruxelles",
                "courriel": "info@wolubilis.be",
                "site_web": "http:\/\/www.wolubilis.be",
                "bce": "478220292",
                "statut_juridique": "asbl",
                "enjeux": null
            }
        },
        {
            "type": "Feature",
            "geometry": {
                "type": "Point",
                "coordinates": [
                    4.291936431681958,
                    50.86092965
                ]
            },
            "properties": {
                "denomination": "Centre culturel Berchemois 'Archipel 19'",
                "rue": "Place de l'Eglise 15",
                "code_postal": "1082",
                "localite": "Berchem-Ste-Agathe",
                "province": "Bruxelles Capitale",
                "bassin_de_vie_fwb": "Bruxelles",
                "courriel": "info@archipel19.be",
                "site_web": "http:\/\/www.archipel19.be",
                "bce": "463030389",
                "statut_juridique": "asbl",
                "enjeux": [
                    "['mixit\u00e9s']"
                ]
            }
        },
        {
            "type": "Feature",
            "geometry": {
                "type": "Point",
                "coordinates": [
                    4.733397160356777,
                    50.4349174
                ]
            },
            "properties": {
                "denomination": "Centre culturel de Floreffe",
                "rue": "Chemin priv\u00e9 1",
                "code_postal": "5150",
                "localite": "Floreffe",
                "province": "Namur",
                "bassin_de_vie_fwb": "Namur",
                "courriel": "info@centreculturelfloreffe.be",
                "site_web": "http:\/\/www.centreculturelfloreffe.be",
                "bce": "456776661",
                "statut_juridique": "asbl",
                "enjeux": [
                    "['jeunes",
                    "patrimoine",
                    "habiter la commune",
                    "mixit\u00e9s']"
                ]
            }
        },
        {
            "type": "Feature",
            "geometry": {
                "type": "Point",
                "coordinates": [
                    4.441303709859408,
                    50.411327381605005
                ]
            },
            "properties": {
                "denomination": "Centre culturel de Charleroi 'L'Eden'",
                "rue": "Boulevard Jacques Bertrand 1-3",
                "code_postal": "6000",
                "localite": "Charleroi",
                "province": "Hainaut",
                "bassin_de_vie_fwb": "Hainaut Sud",
                "courriel": "info@eden-charleroi.be",
                "site_web": "http:\/\/www.eden-charleroi.be",
                "bce": "413303835",
                "statut_juridique": "asbl",
                "enjeux": [
                    "['patrimoine",
                    "urbanit\u00e9']"
                ]
            }
        },
        {
            "type": "Feature",
            "geometry": {
                "type": "Point",
                "coordinates": [
                    3.806679651799856,
                    50.5841683
                ]
            },
            "properties": {
                "denomination": "Centre culturel de Chi\u00e8vres-Brugelette\u00a0'l\u2019Envol'",
                "rue": "Rue de Saint-Ghislain 16",
                "code_postal": "7950",
                "localite": "Chievres",
                "province": "Hainaut",
                "bassin_de_vie_fwb": "Wallonie picarde",
                "courriel": "info@cclenvol.be",
                "site_web": "www,cclenvol,be",
                "bce": "750679634",
                "statut_juridique": "asbl",
                "enjeux": [
                    "['ruralit\u00e9",
                    "mobilit\u00e9",
                    "habiter la commune",
                    "patrimoine']"
                ]
            }
        },
        {
            "type": "Feature",
            "geometry": {
                "type": "Point",
                "coordinates": [
                    5.416387031675201,
                    49.696328699999995
                ]
            },
            "properties": {
                "denomination": "R\u00e9seau des Centres culturels de la F\u00e9d\u00e9ration Wallonie-Bruxelles 'ASTRAC'",
                "rue": "Rue du Couvent 4",
                "code_postal": "6810",
                "localite": "Jamoigne",
                "province": "Luxembourg",
                "bassin_de_vie_fwb": "Luxembourg",
                "courriel": "liesbeth@astrac.be",
                "site_web": "http:\/\/www.centreculturels.be",
                "bce": "447235722",
                "statut_juridique": "asbl",
                "enjeux": null
            }
        },
        {
            "type": "Feature",
            "geometry": {
                "type": "Point",
                "coordinates": [
                    4.500108331264496,
                    50.715793149999996
                ]
            },
            "properties": {
                "denomination": "Centre culturel de Rixensart",
                "rue": "Place communale 38",
                "code_postal": "1332",
                "localite": "Rixensart",
                "province": "Brabant wallon",
                "bassin_de_vie_fwb": "Brabant wallon",
                "courriel": "info@ccrixensart.be",
                "site_web": "http:\/\/www.ccrixensart.be",
                "bce": "414929871",
                "statut_juridique": "asbl",
                "enjeux": [
                    "['environnement",
                    "habiter la commune']"
                ]
            }
        },
        {
            "type": "Feature",
            "geometry": {
                "type": "Point",
                "coordinates": [
                    5.2560666903709885,
                    50.69738285784645
                ]
            },
            "properties": {
                "denomination": "Centre culturel de Waremme",
                "rue": "Place de l'Ecole Moyenne 9",
                "code_postal": "4300",
                "localite": "Waremme",
                "province": "Li\u00e8ge",
                "bassin_de_vie_fwb": "Huy Waremme",
                "courriel": "centreculturel@waremmeculture.be",
                "site_web": "http:\/\/www.waremmeculture.be",
                "bce": "417712583",
                "statut_juridique": "asbl",
                "enjeux": [
                    "['mobilit\u00e9",
                    "mixit\u00e9s",
                    "habiter la commune']"
                ]
            }
        },
        {
            "type": "Feature",
            "geometry": {
                "type": "Point",
                "coordinates": [
                    5.2516226,
                    49.8544352
                ]
            },
            "properties": {
                "denomination": "Centre culturel de Bertrix",
                "rue": "Place des Trois Fers 9",
                "code_postal": "6880",
                "localite": "Bertrix",
                "province": "Luxembourg",
                "bassin_de_vie_fwb": "Luxembourg",
                "courriel": "cc.bertrix@belgacom.net",
                "site_web": "http:\/\/www.ccbertrix.be",
                "bce": "409122640",
                "statut_juridique": "asbl",
                "enjeux": [
                    "['mobilit\u00e9",
                    "ruralit\u00e9",
                    "environnement",
                    "habiter la commune",
                    "mixit\u00e9s",
                    "jeunes']"
                ]
            }
        },
        {
            "type": "Feature",
            "geometry": {
                "type": "Point",
                "coordinates": [
                    5.343266183835665,
                    50.128740199999996
                ]
            },
            "properties": {
                "denomination": "Centre culturel de Nassogne",
                "rue": "Rue de Lahaut 3",
                "code_postal": "6950",
                "localite": "Nassogne",
                "province": "Luxembourg",
                "bassin_de_vie_fwb": "Luxembourg",
                "courriel": "info@ccnassogne.be",
                "site_web": "http:\/\/www.ccnassogne.be",
                "bce": "478456557",
                "statut_juridique": "asbl",
                "enjeux": [
                    "['mixit\u00e9s",
                    "patrimoine']"
                ]
            }
        },
        {
            "type": "Feature",
            "geometry": {
                "type": "Point",
                "coordinates": [
                    5.144675625335711,
                    50.62002144748818
                ]
            },
            "properties": {
                "denomination": "Centre culturel de Braives-Burdinne",
                "rue": "Rue Chemin du Via 20",
                "code_postal": "4260",
                "localite": "Braives",
                "province": "Li\u00e8ge",
                "bassin_de_vie_fwb": "Huy Waremme",
                "courriel": "centreculturelbraivesburdinne@gmail.com",
                "site_web": "http:\/\/www.culture-braives-burdinne.be",
                "bce": "461896578",
                "statut_juridique": "asbl",
                "enjeux": [
                    "['mixit\u00e9s']"
                ]
            }
        },
        {
            "type": "Feature",
            "geometry": {
                "type": "Point",
                "coordinates": [
                    4.369534692647192,
                    50.8481363603096
                ]
            },
            "properties": {
                "denomination": "Association des Centres cuturels de la Communaut\u00e9 Fran\u00e7aise de Belgique",
                "rue": "Avenue des Arts 7-8",
                "code_postal": "1210",
                "localite": "Bruxelles",
                "province": "Bruxelles Capitale",
                "bassin_de_vie_fwb": "Bruxelles",
                "courriel": "info@centres-culturels.be",
                "site_web": "http:\/\/www.centres-culturels.be",
                "bce": "418746921",
                "statut_juridique": "asbl",
                "enjeux": [
                    "0"
                ]
            }
        },
        {
            "type": "Feature",
            "geometry": {
                "type": "Point",
                "coordinates": [
                    5.100495156138129,
                    50.29871425
                ]
            },
            "properties": {
                "denomination": "Centre culturel de Ciney",
                "rue": "Place Roi Baudouin 1",
                "code_postal": "5590",
                "localite": "Ciney",
                "province": "Namur",
                "bassin_de_vie_fwb": "Namur",
                "courriel": "culture@ciney.be",
                "site_web": "http:\/\/www.centreculturel.ciney.be",
                "bce": "862045532",
                "statut_juridique": "asbl",
                "enjeux": [
                    "['mixit\u00e9s",
                    "\u00e9mancipation collective']"
                ]
            }
        },
        {
            "type": "Feature",
            "geometry": {
                "type": "Point",
                "coordinates": [
                    5.9316733,
                    50.3932962
                ]
            },
            "properties": {
                "denomination": "Centre culturel de Stavelot-Trois-Ponts",
                "rue": "Cour de l'Abbaye 1",
                "code_postal": "4970",
                "localite": "Stavelot",
                "province": "Li\u00e8ge",
                "bassin_de_vie_fwb": "Verviers",
                "courriel": "info@ccstp.be",
                "site_web": "https:\/\/www.ccstp.be\/",
                "bce": "464190233",
                "statut_juridique": "asbl",
                "enjeux": [
                    "['mixit\u00e9s",
                    "jeunes']"
                ]
            }
        },
        {
            "type": "Feature",
            "geometry": {
                "type": "Point",
                "coordinates": [
                    4.342368397172638,
                    50.80116370646835
                ]
            },
            "properties": {
                "denomination": "Centre culturel d'Uccle",
                "rue": "Rue Rouge 47",
                "code_postal": "1180",
                "localite": "Uccle",
                "province": "Bruxelles Capitale",
                "bassin_de_vie_fwb": "Bruxelles",
                "courriel": "info@ccu.be",
                "site_web": "http:\/\/www.ccu.be",
                "bce": "407593901",
                "statut_juridique": "asbl",
                "enjeux": [
                    "['participation'",
                    "'vie associative']"
                ]
            }
        },
        {
            "type": "Feature",
            "geometry": {
                "type": "Point",
                "coordinates": [
                    3.8935012619439986,
                    50.389385109990236
                ]
            },
            "properties": {
                "denomination": "Centre culturel de Frameries",
                "rue": "Chemin de l'Etang 2",
                "code_postal": "7080",
                "localite": "Frameries",
                "province": "Hainaut",
                "bassin_de_vie_fwb": "Hainaut Centre",
                "courriel": "info@ccframeries.be",
                "site_web": "http:\/\/www.ccframeries.be",
                "bce": "471310528",
                "statut_juridique": "asbl",
                "enjeux": [
                    "['jeunes",
                    "mixit\u00e9s",
                    "patrimoine",
                    "habiter la commune",
                    "consommation responsable']"
                ]
            }
        },
        {
            "type": "Feature",
            "geometry": {
                "type": "Point",
                "coordinates": [
                    3.3948368400909907,
                    50.6049861
                ]
            },
            "properties": {
                "denomination": "WAPI (culture.point - Technicit\u00e9)",
                "rue": "Rue Madame 14",
                "code_postal": "7500",
                "localite": "Tournai",
                "province": "Hainaut",
                "bassin_de_vie_fwb": "Wallonie picarde",
                "courriel": "contact@culturepointwapi.be",
                "site_web": "http:\/\/www.culturepointwapi.be",
                "bce": "424918101",
                "statut_juridique": "asbl",
                "enjeux": [
                    "['habiter la commune",
                    "mixit\u00e9s']"
                ]
            }
        },
        {
            "type": "Feature",
            "geometry": {
                "type": "Point",
                "coordinates": [
                    4.5474393412637255,
                    50.0744461
                ]
            },
            "properties": {
                "denomination": "Centre culturel 'Action Sud'",
                "rue": "Rue Vieille Eglise 10",
                "code_postal": "5670",
                "localite": "Viroinval",
                "province": "Namur",
                "bassin_de_vie_fwb": "Hainaut Sud",
                "courriel": "pierre.gilles@action-sud.be",
                "site_web": "http:\/\/www.action-sud.be",
                "bce": "452392459",
                "statut_juridique": "asbl",
                "enjeux": [
                    "['\u00e9mancipation collective",
                    "mixit\u00e9s']"
                ]
            }
        },
        {
            "type": "Feature",
            "geometry": {
                "type": "Point",
                "coordinates": [
                    3.4485091186122574,
                    50.5661792
                ]
            },
            "properties": {
                "denomination": "Foyer socio-culturel d'Antoing",
                "rue": "Rue du Burg 23",
                "code_postal": "7640",
                "localite": "Antoing",
                "province": "Hainaut",
                "bassin_de_vie_fwb": "Wallonie picarde",
                "courriel": "info@foyerculturelantoing.be",
                "site_web": "http:\/\/www.foyerculturelantoing.be",
                "bce": "418932310",
                "statut_juridique": "asbl",
                "enjeux": [
                    "['mixit\u00e9s",
                    "mixit\u00e9s",
                    "environnement",
                    "consommation responsable",
                    "\u00e9mancipation collective']"
                ]
            }
        },
        {
            "type": "Feature",
            "geometry": {
                "type": "Point",
                "coordinates": [
                    4.553508341864717,
                    50.4275667
                ]
            },
            "properties": {
                "denomination": "Centre culturel de Farciennes",
                "rue": "Grand-Place 59",
                "code_postal": "6240",
                "localite": "Farciennes",
                "province": "Hainaut",
                "bassin_de_vie_fwb": "Hainaut Sud",
                "courriel": "info@centreculturelfarciennes.be",
                "site_web": "http:\/\/www.centreculturelfarciennes.be",
                "bce": "455666606",
                "statut_juridique": "asbl",
                "enjeux": [
                    "['mixit\u00e9s",
                    "habiter la commune']"
                ]
            }
        },
        {
            "type": "Feature",
            "geometry": {
                "type": "Point",
                "coordinates": [
                    5.449568388804199,
                    50.2715537
                ]
            },
            "properties": {
                "denomination": "Centre culturel de Hotton",
                "rue": "Rue des Ecoles 55",
                "code_postal": "6990",
                "localite": "Hotton",
                "province": "Luxembourg",
                "bassin_de_vie_fwb": "Luxembourg",
                "courriel": "centreculturel@hotton.be",
                "site_web": "http:\/\/www.culture.hotton.be",
                "bce": "474826282",
                "statut_juridique": "asbl",
                "enjeux": [
                    "['\u00e9mancipation collective",
                    "mixit\u00e9s",
                    "\u00e9panouissement individuel']"
                ]
            }
        },
        {
            "type": "Feature",
            "geometry": {
                "type": "Point",
                "coordinates": [
                    5.4939752,
                    50.3509271
                ]
            },
            "properties": {
                "denomination": "Centre culturel de Durbuy",
                "rue": "Grand-rue 40A",
                "code_postal": "6940",
                "localite": "Durbuy",
                "province": "Luxembourg",
                "bassin_de_vie_fwb": "Luxembourg",
                "courriel": "info@ccdurbuy.be",
                "site_web": "http:\/\/www.ccdurbuy.be",
                "bce": "447201375",
                "statut_juridique": "asbl",
                "enjeux": [
                    "['mixit\u00e9s",
                    "habiter la commune",
                    "patrimoine",
                    "ruralit\u00e9",
                    "mixit\u00e9s']"
                ]
            }
        },
        {
            "type": "Feature",
            "geometry": {
                "type": "Point",
                "coordinates": [
                    4.395916149158291,
                    50.71606705
                ]
            },
            "properties": {
                "denomination": "Centre culturel de Waterloo 'Espace Bernier'",
                "rue": "Rue Fran\u00e7ois Libert 26",
                "code_postal": "1410",
                "localite": "Waterloo",
                "province": "Brabant wallon",
                "bassin_de_vie_fwb": "Brabant wallon",
                "courriel": "infos@centre-culturel-waterloo.be",
                "site_web": "http:\/\/www.centre-culturel-waterloo.be",
                "bce": "411900602",
                "statut_juridique": "asbl",
                "enjeux": [
                    "['mixit\u00e9s']"
                ]
            }
        }
    ]
}