{
    "type": "FeatureCollection",
    "features": [
        {
            "type": "Feature",
            "geometry": {
                "type": "Point",
                "coordinates": [
                    4.378709296390754,
                    50.83488778936498
                ]
            },
            "properties": {
                "nom_de_l_operateur": "[e]utopia asbl",
                "domaine": "Art dramatique",
                "adresse": "Rue du Sceptre 78",
                "code_postal": "1050",
                "localite": "Ixelles",
                "telephone": null,
                "courriel": "info@utopia2.be",
                "site_web": "http:\/\/www.utopia2.be",
                "statut_juridique": "asbl",
                "province": "Bruxelles-Capitale",
                "bassin_de_vie_fwb": "Bruxelles",
                "bce": "0451.262.113",
                "categorie_principale": "Structure de cr\u00e9ation et artistes",
                "empty": null,
                "type_d_aide": [
                    "Contrat-programme"
                ],
                "duree_du_contrat_annees": "5"
            }
        },
        {
            "type": "Feature",
            "geometry": {
                "type": "Point",
                "coordinates": [
                    5.794218840609226,
                    50.6396818464463
                ]
            },
            "properties": {
                "nom_de_l_operateur": "Al Mizw\u00e8te asbl - Centre Hervien d'Animation Culturelle",
                "domaine": "Musique classique",
                "adresse": "Place de l'Hotel de Ville 18",
                "code_postal": "4650",
                "localite": "Herve",
                "telephone": "087 66 09 07",
                "courriel": "info@chac.be",
                "site_web": "https:\/\/www.chac.be\/",
                "statut_juridique": "asbl",
                "province": "Li\u00e8ge",
                "bassin_de_vie_fwb": "Verviers",
                "bce": "0435.752.110",
                "categorie_principale": "Centre d'Art\/Lieu de diffusion",
                "empty": null,
                "type_d_aide": [
                    "Contrat de services"
                ],
                "duree_du_contrat_annees": "5"
            }
        },
        {
            "type": "Feature",
            "geometry": {
                "type": "Point",
                "coordinates": [
                    4.338310952215331,
                    50.858249476521706
                ]
            },
            "properties": {
                "nom_de_l_operateur": "Chamber Music for Europe",
                "domaine": "Musique classique",
                "adresse": "Rue Mommaerts 10",
                "code_postal": "1080",
                "localite": "Molenbeek-Saint-Jean",
                "telephone": "02 411 52 37",
                "courriel": "info@chambermusiceurope.org",
                "site_web": "https:\/\/www.chambermusiceurope.org\/",
                "statut_juridique": "asbl",
                "province": "Bruxelles-Capitale",
                "bassin_de_vie_fwb": "Bruxelles",
                "bce": "0448.731.896",
                "categorie_principale": "Structure de service",
                "empty": null,
                "type_d_aide": [
                    "Contrat de cr\u00e9ation"
                ],
                "duree_du_contrat_annees": "5"
            }
        },
        {
            "type": "Feature",
            "geometry": {
                "type": "Point",
                "coordinates": [
                    4.9801581540511926,
                    50.68118892426068
                ]
            },
            "properties": {
                "nom_de_l_operateur": "Compagnie Alula",
                "domaine": "Th\u00e9\u00e2tre Jeune Public",
                "adresse": "Rue de Genville 108",
                "code_postal": "1350",
                "localite": "Orp-Jauche",
                "telephone": null,
                "courriel": "contact@alula.be",
                "site_web": "https:\/\/alula.be\/",
                "statut_juridique": "asbl",
                "province": "Brabant wallon",
                "bassin_de_vie_fwb": "Brabant wallon",
                "bce": "0848.416.636",
                "categorie_principale": "Structure de service",
                "empty": null,
                "type_d_aide": [
                    "Contrat de cr\u00e9ation"
                ],
                "duree_du_contrat_annees": "3"
            }
        },
        {
            "type": "Feature",
            "geometry": {
                "type": "Point",
                "coordinates": [
                    4.16077030247016,
                    50.48871880855596
                ]
            },
            "properties": {
                "nom_de_l_operateur": "Compagnie des Mutants",
                "domaine": "Th\u00e9\u00e2tre Jeune Public",
                "adresse": "Rue Andr\u00e9 Renard 27",
                "code_postal": "7110",
                "localite": "Houdeng Goegnies",
                "telephone": "064 22 08 84",
                "courriel": "info@mutants.be",
                "site_web": "https:\/\/mutants.be\/",
                "statut_juridique": "asbl",
                "province": "Hainaut",
                "bassin_de_vie_fwb": "Hainaut Centre",
                "bce": "0428.433.558",
                "categorie_principale": "Structure de cr\u00e9ation et artistes",
                "empty": null,
                "type_d_aide": [
                    "Contrat de cr\u00e9ation"
                ],
                "duree_du_contrat_annees": "5"
            }
        },
        {
            "type": "Feature",
            "geometry": {
                "type": "Point",
                "coordinates": [
                    4.319619223376469,
                    50.80649123183123
                ]
            },
            "properties": {
                "nom_de_l_operateur": "Compagnie Orange sanguine",
                "domaine": "Th\u00e9\u00e2tre Jeune Public",
                "adresse": "Avenue Kersbeek 102 Bte 3",
                "code_postal": "1190",
                "localite": "Forest",
                "telephone": null,
                "courriel": "info@orange-sanguine.be",
                "site_web": "https:\/\/orange-sanguine.be\/",
                "statut_juridique": "asbl",
                "province": "Bruxelles-Capitale",
                "bassin_de_vie_fwb": "Bruxelles",
                "bce": "0465.399.466",
                "categorie_principale": "Structure de cr\u00e9ation et artistes",
                "empty": null,
                "type_d_aide": [
                    "Contrat-programme"
                ],
                "duree_du_contrat_annees": "3"
            }
        },
        {
            "type": "Feature",
            "geometry": {
                "type": "Point",
                "coordinates": [
                    4.537763067521161,
                    50.32532276507658
                ]
            },
            "properties": {
                "nom_de_l_operateur": "Editions Tandem",
                "domaine": "Arts Plastiques",
                "adresse": "Place d\u2019Hymi\u00e9e 42",
                "code_postal": "6820",
                "localite": "Gerpinnes",
                "telephone": null,
                "courriel": "info@editions-tandem.be",
                "site_web": "https:\/\/editions-tandem.be\/",
                "statut_juridique": "asbl",
                "province": "Hainaut",
                "bassin_de_vie_fwb": "Luxembourg",
                "bce": "0414.828.913",
                "categorie_principale": "Editeur",
                "empty": null,
                "type_d_aide": [
                    "Convention"
                ],
                "duree_du_contrat_annees": "4"
            }
        },
        {
            "type": "Feature",
            "geometry": {
                "type": "Point",
                "coordinates": [
                    4.3492216540622515,
                    50.845441409998415
                ]
            },
            "properties": {
                "nom_de_l_operateur": "FACIR - F\u00e9d\u00e9ration des auteurs, compositeurs et interpr\u00e8tes r\u00e9unis",
                "domaine": "Musiques actuelles",
                "adresse": "Rue des Grands Carmes\u00a014 Bte\u00a07",
                "code_postal": "1000",
                "localite": "Bruxelles",
                "telephone": null,
                "courriel": "facir@facir.be",
                "site_web": "http:\/\/facir.be\/",
                "statut_juridique": "asbl",
                "province": "Bruxelles-Capitale",
                "bassin_de_vie_fwb": "Bruxelles",
                "bce": "0521.924.930",
                "categorie_principale": "Structure de service",
                "empty": null,
                "type_d_aide": [
                    "Contrat-programme"
                ],
                "duree_du_contrat_annees": "3"
            }
        },
        {
            "type": "Feature",
            "geometry": {
                "type": "Point",
                "coordinates": [
                    4.342439754062759,
                    50.853418581963844
                ]
            },
            "properties": {
                "nom_de_l_operateur": "Fact asbl",
                "domaine": "Art dramatique",
                "adresse": "Rue de Flandre 183 Bte 4",
                "code_postal": "1000",
                "localite": "Bruxelles",
                "telephone": null,
                "courriel": "factasbl@gmail.com",
                "site_web": "https:\/\/ciefact.com\/",
                "statut_juridique": "asbl",
                "province": "Bruxelles-Capitale",
                "bassin_de_vie_fwb": "Bruxelles",
                "bce": "0546.735.451",
                "categorie_principale": "Structure de cr\u00e9ation et artistes",
                "empty": null,
                "type_d_aide": [
                    "Contrat-programme"
                ],
                "duree_du_contrat_annees": "5"
            }
        },
        {
            "type": "Feature",
            "geometry": {
                "type": "Point",
                "coordinates": [
                    4.3281558387213845,
                    50.85611292772934
                ]
            },
            "properties": {
                "nom_de_l_operateur": "Grand Studio",
                "domaine": "Arts chor\u00e9graphiques",
                "adresse": "Rue de Menin 29",
                "code_postal": "1080",
                "localite": "Molenbeek-Saint-Jean",
                "telephone": null,
                "courriel": "studio@grandstudio.be",
                "site_web": "http:\/\/grandstudio.be\/",
                "statut_juridique": "asbl",
                "province": "Bruxelles-Capitale",
                "bassin_de_vie_fwb": "Bruxelles",
                "bce": "0834.497.433",
                "categorie_principale": "Structure de service",
                "empty": null,
                "type_d_aide": [
                    "Contrat de cr\u00e9ation"
                ],
                "duree_du_contrat_annees": "5"
            }
        },
        {
            "type": "Feature",
            "geometry": {
                "type": "Point",
                "coordinates": [
                    5.579890235307178,
                    50.643333914649766
                ]
            },
            "properties": {
                "nom_de_l_operateur": "JauneOrange",
                "domaine": "Musiques actuelles",
                "adresse": "Quai des Tanneurs 2",
                "code_postal": "4020",
                "localite": "Li\u00e8ge",
                "telephone": null,
                "courriel": null,
                "site_web": "https:\/\/jauneorange.be",
                "statut_juridique": "asbl",
                "province": "Li\u00e8ge",
                "bassin_de_vie_fwb": "Li\u00e8ge",
                "bce": "0475.962.073",
                "categorie_principale": "Structure de service",
                "empty": null,
                "type_d_aide": [
                    "Contrat de diffusion"
                ],
                "duree_du_contrat_annees": "5"
            }
        },
        {
            "type": "Feature",
            "geometry": {
                "type": "Point",
                "coordinates": [
                    4.339517009884296,
                    50.83119967078771
                ]
            },
            "properties": {
                "nom_de_l_operateur": "Komplot",
                "domaine": "Arts Plastiques",
                "adresse": "Chauss\u00e9e de Forest 90",
                "code_postal": "1060",
                "localite": "Saint-Gilles",
                "telephone": null,
                "courriel": "info@kmplt.be",
                "site_web": "https:\/\/www.kmplt.be\/",
                "statut_juridique": "asbl",
                "province": "Bruxelles-Capitale",
                "bassin_de_vie_fwb": "Bruxelles",
                "bce": "0477.689.762",
                "categorie_principale": "Centre d'Art\/Lieu de diffusion",
                "empty": null,
                "type_d_aide": [
                    "Convention"
                ],
                "duree_du_contrat_annees": "4"
            }
        },
        {
            "type": "Feature",
            "geometry": {
                "type": "Point",
                "coordinates": [
                    4.333225225224258,
                    50.8070483498102
                ]
            },
            "properties": {
                "nom_de_l_operateur": "La Compagnie Entre Chiens et Loups",
                "domaine": "Art dramatique",
                "adresse": "Rue Joseph Bens 78 A",
                "code_postal": "1180",
                "localite": "Uccle",
                "telephone": null,
                "courriel": "lacieentrechiensetloups@gmail.com",
                "site_web": "https:\/\/entrechiensetloups.be\/",
                "statut_juridique": "asbl",
                "province": "Bruxelles-Capitale",
                "bassin_de_vie_fwb": "Bruxelles",
                "bce": "0541.340.667",
                "categorie_principale": "Structure de cr\u00e9ation et artistes",
                "empty": null,
                "type_d_aide": [
                    "Contrat-programme"
                ],
                "duree_du_contrat_annees": "5"
            }
        },
        {
            "type": "Feature",
            "geometry": {
                "type": "Point",
                "coordinates": [
                    4.038899067545783,
                    50.69272633313037
                ]
            },
            "properties": {
                "nom_de_l_operateur": "LaSemo",
                "domaine": "Interdisciplinaire",
                "adresse": "Place Pierre Delannoy 50",
                "code_postal": "7850",
                "localite": "Enghien",
                "telephone": "02 888 76 51",
                "courriel": "bienvenue@lasemo.be",
                "site_web": "https:\/\/www.lasemo.be",
                "statut_juridique": "asbl",
                "province": "Hainaut",
                "bassin_de_vie_fwb": "Wallonie picarde",
                "bce": "0525.703.970",
                "categorie_principale": "Festival",
                "empty": null,
                "type_d_aide": [
                    "Contrat-programme"
                ],
                "duree_du_contrat_annees": "5"
            }
        },
        {
            "type": "Feature",
            "geometry": {
                "type": "Point",
                "coordinates": [
                    4.488248638710904,
                    50.70007909406288
                ]
            },
            "properties": {
                "nom_de_l_operateur": "Le Rideau Rouge",
                "domaine": "Musiques actuelles",
                "adresse": "Route de Renipont 70",
                "code_postal": "1380",
                "localite": "Lasne",
                "telephone": "02 653 92 58",
                "courriel": "info@lerideaurouge.be",
                "site_web": "http:\/\/www.lerideaurouge.be\/",
                "statut_juridique": "asbl",
                "province": "Brabant wallon",
                "bassin_de_vie_fwb": "Brabant wallon",
                "bce": "0866.639.372",
                "categorie_principale": "Centre d'Art\/Lieu de diffusion",
                "empty": null,
                "type_d_aide": [
                    "Contrat-programme"
                ],
                "duree_du_contrat_annees": "3"
            }
        },
        {
            "type": "Feature",
            "geometry": {
                "type": "Point",
                "coordinates": [
                    4.3375526233783415,
                    50.834438286838996
                ]
            },
            "properties": {
                "nom_de_l_operateur": "Le Vaisseau",
                "domaine": "Art dramatique",
                "adresse": "Rue de Su\u00e8de 8\u00a0Bte 12",
                "code_postal": "1060",
                "localite": "Saint-Gilles",
                "telephone": null,
                "courriel": "leadrouet.ld@gmail.com",
                "site_web": "https:\/\/vaisseau-leadrouet.com\/",
                "statut_juridique": "asbl",
                "province": "Bruxelles-Capitale",
                "bassin_de_vie_fwb": "Bruxelles",
                "bce": "0837.939.547",
                "categorie_principale": "Structure de cr\u00e9ation et artistes",
                "empty": null,
                "type_d_aide": [
                    "Convention transversale"
                ],
                "duree_du_contrat_annees": "3"
            }
        },
        {
            "type": "Feature",
            "geometry": {
                "type": "Point",
                "coordinates": [
                    5.515502211707558,
                    50.46580584081853
                ]
            },
            "properties": {
                "nom_de_l_operateur": "Li Moh\u00e9 \u00e8 l'Orlodje asbl",
                "domaine": "Musiques actuelles",
                "adresse": "La Rock 17",
                "code_postal": "4160",
                "localite": "Anthisnes",
                "telephone": "04 383 71 24",
                "courriel": "info@anthinoises.com",
                "site_web": "http:\/\/www.anthinoises.com",
                "statut_juridique": "asbl",
                "province": "Li\u00e8ge",
                "bassin_de_vie_fwb": "Huy Waremme",
                "bce": "0467.092.414",
                "categorie_principale": "Festival",
                "empty": null,
                "type_d_aide": [
                    "Convention transversale"
                ],
                "duree_du_contrat_annees": "5"
            }
        },
        {
            "type": "Feature",
            "geometry": {
                "type": "Point",
                "coordinates": [
                    5.576976554048531,
                    50.64104994339609
                ]
            },
            "properties": {
                "nom_de_l_operateur": "Musique en Wallonie",
                "domaine": "Musique classique",
                "adresse": "Quai Roosevelt 1B",
                "code_postal": "4000",
                "localite": "Li\u00e8ge",
                "telephone": "04 366 54 81",
                "courriel": "musiqueenwallonie@uliege.be",
                "site_web": "https:\/\/www.musiwall.uliege.be\/",
                "statut_juridique": "asbl",
                "province": "Li\u00e8ge",
                "bassin_de_vie_fwb": "Li\u00e8ge",
                "bce": "0408.312.293",
                "categorie_principale": "Structure de service",
                "empty": null,
                "type_d_aide": [
                    "Contrat-programme"
                ],
                "duree_du_contrat_annees": "5"
            }
        },
        {
            "type": "Feature",
            "geometry": {
                "type": "Point",
                "coordinates": [
                    4.439164969394311,
                    50.703758200270116
                ]
            },
            "properties": {
                "nom_de_l_operateur": "Musiques et Recherches",
                "domaine": "Musique contemporaine",
                "adresse": "Place de Ransbeck 3",
                "code_postal": "1380",
                "localite": "Ohain",
                "telephone": "02 354 43 68",
                "courriel": "info@musiques-recherches.be",
                "site_web": "https:\/\/www.musiques-recherches.be\/",
                "statut_juridique": "asbl",
                "province": "Brabant wallon",
                "bassin_de_vie_fwb": "Brabant wallon",
                "bce": "0423.551.785",
                "categorie_principale": "Structure de service",
                "empty": null,
                "type_d_aide": [
                    "Contrat-programme"
                ],
                "duree_du_contrat_annees": "5"
            }
        },
        {
            "type": "Feature",
            "geometry": {
                "type": "Point",
                "coordinates": [
                    4.374360952215168,
                    50.85583550998122
                ]
            },
            "properties": {
                "nom_de_l_operateur": "Quai 41 asbl",
                "domaine": "Interdisciplinaire",
                "adresse": "Rue des Coteaux 41",
                "code_postal": "1210",
                "localite": "Saint-Josse-Ten-Noode",
                "telephone": "02 217 88 08",
                "courriel": "info@quai41.be",
                "site_web": "http:\/\/www.quai41.be\/",
                "statut_juridique": "asbl",
                "province": "Bruxelles-Capitale",
                "bassin_de_vie_fwb": "Bruxelles",
                "bce": "0696.622.524",
                "categorie_principale": "Centre d'Art\/Lieu de diffusion",
                "empty": null,
                "type_d_aide": [
                    "Contrat de diffusion"
                ],
                "duree_du_contrat_annees": "3"
            }
        },
        {
            "type": "Feature",
            "geometry": {
                "type": "Point",
                "coordinates": [
                    4.366864338719944,
                    50.83447223866388
                ]
            },
            "properties": {
                "nom_de_l_operateur": "Sounds Live",
                "domaine": "Musiques actuelles",
                "adresse": "Rue de la Tulipe 28",
                "code_postal": "1050",
                "localite": "Ixelles",
                "telephone": null,
                "courriel": "sounds-resist@collectifs.net",
                "site_web": "https:\/\/www.sounds.brussels\/",
                "statut_juridique": "asbl",
                "province": "Bruxelles-Capitale",
                "bassin_de_vie_fwb": "Bruxelles",
                "bce": "0770.403.296",
                "categorie_principale": "Centre d'Art\/Lieu de diffusion",
                "empty": null,
                "type_d_aide": [
                    "Contrat de diffusion"
                ],
                "duree_du_contrat_annees": "3"
            }
        },
        {
            "type": "Feature",
            "geometry": {
                "type": "Point",
                "coordinates": [
                    3.388409438704452,
                    50.60433001357555
                ]
            },
            "properties": {
                "nom_de_l_operateur": "TAMAT - Mus\u00e9e de la Tapisserie et des Arts Textiles de la F\u00e9d\u00e9ration Wallonie-Bruxelles",
                "domaine": "Arts Plastiques",
                "adresse": "Place Reine Astrid 9",
                "code_postal": "7500",
                "localite": "Tournai",
                "telephone": "069 23 42 85",
                "courriel": "info@tamat.be",
                "site_web": "https:\/\/tamat.be\/",
                "statut_juridique": "asbl",
                "province": "Hainaut",
                "bassin_de_vie_fwb": "Wallonie picarde",
                "bce": "0420.914.672",
                "categorie_principale": "Centre d'Art\/Lieu de diffusion",
                "empty": null,
                "type_d_aide": [
                    "Convention"
                ],
                "duree_du_contrat_annees": "4"
            }
        },
        {
            "type": "Feature",
            "geometry": {
                "type": "Point",
                "coordinates": [
                    4.443711954060114,
                    50.81332557293641
                ]
            },
            "properties": {
                "nom_de_l_operateur": "Th\u00e9\u00e2tre de la parole (Maison du conte de Bruxelles)",
                "domaine": "Conte",
                "adresse": "Rue du Rouge-Clo\u00eetre 7 D",
                "code_postal": "1160",
                "localite": "Auderghem",
                "telephone": "02 736 69 50",
                "courriel": "info@theatredelaparole.be",
                "site_web": "https:\/\/www.theatredelaparole.be\/",
                "statut_juridique": "asbl",
                "province": "Bruxelles-Capitale",
                "bassin_de_vie_fwb": "Bruxelles",
                "bce": "0462.540.342",
                "categorie_principale": "Structure de cr\u00e9ation et artistes",
                "empty": null,
                "type_d_aide": [
                    "Contrat de diffusion"
                ],
                "duree_du_contrat_annees": "5"
            }
        },
        {
            "type": "Feature",
            "geometry": {
                "type": "Point",
                "coordinates": [
                    4.898499396364544,
                    50.444362152521165
                ]
            },
            "properties": {
                "nom_de_l_operateur": "Wal'Style",
                "domaine": "Pluridisciplinaire",
                "adresse": "Rue Simone Veil\u00a019",
                "code_postal": "5101",
                "localite": "Erpent",
                "telephone": null,
                "courriel": "info@walstyle.be",
                "site_web": "https:\/\/www.walstyle.be\/",
                "statut_juridique": "asbl",
                "province": "Namur",
                "bassin_de_vie_fwb": "Namur",
                "bce": "0701.998.601",
                "categorie_principale": "F\u00e9d\u00e9ration",
                "empty": null,
                "type_d_aide": [
                    "Contrat de services"
                ],
                "duree_du_contrat_annees": "5"
            }
        },
        {
            "type": "Feature",
            "geometry": {
                "type": "Point",
                "coordinates": [
                    5.3505088963493765,
                    50.21771680830403
                ]
            },
            "properties": {
                "nom_de_l_operateur": "Alv\u00e9ole Th\u00e9\u00e2tre",
                "domaine": "Th\u00e9\u00e2tre Action",
                "adresse": "Route de Bastogne 36D",
                "code_postal": "6900",
                "localite": "Marche-en-Famenne",
                "telephone": null,
                "courriel": "alveole@skynet.be",
                "site_web": "https:\/\/alveoletheatre.be\/",
                "statut_juridique": "asbl",
                "province": "Luxembourg",
                "bassin_de_vie_fwb": "Luxembourg",
                "bce": "0453.489.648",
                "categorie_principale": "Structure de cr\u00e9ation et artistes",
                "empty": null,
                "type_d_aide": [
                    "Contrat de diffusion"
                ],
                "duree_du_contrat_annees": "5"
            }
        },
        {
            "type": "Feature",
            "geometry": {
                "type": "Point",
                "coordinates": [
                    4.374217655955745,
                    50.85099457112498
                ]
            },
            "properties": {
                "nom_de_l_operateur": "Asbl Villa Lobos -XL Productions",
                "domaine": "Arts chor\u00e9graphiques",
                "adresse": "Rue Saint-Josse 49",
                "code_postal": "1210",
                "localite": "Saint-Josse-Ten-Noode",
                "telephone": null,
                "courriel": "xlproduction@hotmail.com",
                "site_web": "https:\/\/mc-villalobos.com\/",
                "statut_juridique": "asbl",
                "province": "Bruxelles-Capitale",
                "bassin_de_vie_fwb": "Bruxelles",
                "bce": "0476.118.362",
                "categorie_principale": "Structure de cr\u00e9ation et artistes",
                "empty": null,
                "type_d_aide": [
                    "Contrat-programme"
                ],
                "duree_du_contrat_annees": "5"
            }
        },
        {
            "type": "Feature",
            "geometry": {
                "type": "Point",
                "coordinates": [
                    4.452786363831301,
                    50.411029024469556
                ]
            },
            "properties": {
                "nom_de_l_operateur": "Charleroi Danse, Centre chor\u00e9graphique de Wallonie-Bruxelles",
                "domaine": "Arts chor\u00e9graphiques",
                "adresse": "Boulevard Mayence 65 Bte C",
                "code_postal": "6000",
                "localite": "Charleroi",
                "telephone": "071 20 56 40",
                "courriel": "contact@charleroi-danse.be",
                "site_web": "https:\/\/charleroi-danse.be\/fr",
                "statut_juridique": "asbl",
                "province": "Hainaut",
                "bassin_de_vie_fwb": "Hainaut Sud",
                "bce": "0430.540.537",
                "categorie_principale": "Centre d'Art\/Lieu de diffusion",
                "empty": null,
                "type_d_aide": [
                    "Contrat-programme"
                ],
                "duree_du_contrat_annees": "5"
            }
        },
        {
            "type": "Feature",
            "geometry": {
                "type": "Point",
                "coordinates": [
                    4.34746549639001,
                    50.824201888055796
                ]
            },
            "properties": {
                "nom_de_l_operateur": "Compagnie ABIS",
                "domaine": "Arts chor\u00e9graphiques",
                "adresse": "Rue de Lombardie 13",
                "code_postal": "1060",
                "localite": "Saint-Gilles",
                "telephone": null,
                "courriel": "info@juliencarlier.be",
                "site_web": "https:\/\/www.juliencarlier.be\/",
                "statut_juridique": "asbl",
                "province": "Bruxelles-Capitale",
                "bassin_de_vie_fwb": "Bruxelles",
                "bce": "0685.727.939",
                "categorie_principale": "Structure de cr\u00e9ation et artistes",
                "empty": null,
                "type_d_aide": [
                    "Contrat de cr\u00e9ation"
                ],
                "duree_du_contrat_annees": "5"
            }
        },
        {
            "type": "Feature",
            "geometry": {
                "type": "Point",
                "coordinates": [
                    5.595911096377852,
                    50.64320954513625
                ]
            },
            "properties": {
                "nom_de_l_operateur": "Compagnie Pop Up asbl",
                "domaine": "Art dramatique",
                "adresse": "Rue de Porto 82",
                "code_postal": "4020",
                "localite": "Li\u00e8ge",
                "telephone": null,
                "courriel": "info@compagniepopup.be",
                "site_web": "https:\/\/compagniepopup.be\/",
                "statut_juridique": "asbl",
                "province": "Li\u00e8ge",
                "bassin_de_vie_fwb": "Li\u00e8ge",
                "bce": "0849.798.390",
                "categorie_principale": "Structure de cr\u00e9ation et artistes",
                "empty": null,
                "type_d_aide": [
                    "Contrat-programme"
                ],
                "duree_du_contrat_annees": "5"
            }
        },
        {
            "type": "Feature",
            "geometry": {
                "type": "Point",
                "coordinates": [
                    4.341725125226095,
                    50.83389728809567
                ]
            },
            "properties": {
                "nom_de_l_operateur": "Contretype",
                "domaine": "Arts Plastiques",
                "adresse": "Cit\u00e9 Fontainas 4 A",
                "code_postal": "1060",
                "localite": "Saint-Gilles",
                "telephone": "02 538 42 20",
                "courriel": "info@contretype.org",
                "site_web": "http:\/\/www.contretype.org",
                "statut_juridique": "asbl",
                "province": "Bruxelles-Capitale",
                "bassin_de_vie_fwb": "Bruxelles",
                "bce": "0418.824.521",
                "categorie_principale": "Centre d'Art\/Lieu de diffusion",
                "empty": null,
                "type_d_aide": [
                    "Convention"
                ],
                "duree_du_contrat_annees": "4"
            }
        },
        {
            "type": "Feature",
            "geometry": {
                "type": "Point",
                "coordinates": [
                    5.485507080974564,
                    49.71740283430953
                ]
            },
            "properties": {
                "nom_de_l_operateur": "Gaume Jazz asbl",
                "domaine": "Musiques actuelles",
                "adresse": "Rue Camille Joset 1C",
                "code_postal": "6730",
                "localite": "Rossignol",
                "telephone": "063 41 22 81",
                "courriel": "info@gaume-jazz.com",
                "site_web": "https:\/\/www.gaume-jazz.com",
                "statut_juridique": "asbl",
                "province": "Luxembourg",
                "bassin_de_vie_fwb": "Luxembourg",
                "bce": "0668.741.457",
                "categorie_principale": "Festival",
                "empty": null,
                "type_d_aide": [
                    "Contrat de services"
                ],
                "duree_du_contrat_annees": "5"
            }
        },
        {
            "type": "Feature",
            "geometry": {
                "type": "Point",
                "coordinates": [
                    5.557180038706911,
                    50.64096547169558
                ]
            },
            "properties": {
                "nom_de_l_operateur": "Homerecords.be",
                "domaine": "Musiques actuelles",
                "adresse": "Rue Patenier 8",
                "code_postal": "4000",
                "localite": "Li\u00e8ge",
                "telephone": "04 226 80 23",
                "courriel": "info@homerecords.be",
                "site_web": "https:\/\/homerecords.be",
                "statut_juridique": "asbl",
                "province": "Li\u00e8ge",
                "bassin_de_vie_fwb": "Li\u00e8ge",
                "bce": "0462.953.581",
                "categorie_principale": "Structure de service",
                "empty": null,
                "type_d_aide": [
                    "Contrat-programme"
                ],
                "duree_du_contrat_annees": "3"
            }
        },
        {
            "type": "Feature",
            "geometry": {
                "type": "Point",
                "coordinates": [
                    4.16077030247016,
                    50.48871880855596
                ]
            },
            "properties": {
                "nom_de_l_operateur": "La Compagnie Maritime",
                "domaine": "Th\u00e9\u00e2tre Action",
                "adresse": "Rue Andr\u00e9 Renard 27",
                "code_postal": "7110",
                "localite": "Houdeng-Goegnies",
                "telephone": "064 67 77 20",
                "courriel": "info@lacompagniemaritime.be",
                "site_web": "https:\/\/www.lacompagniemaritime.be\/",
                "statut_juridique": "asbl",
                "province": "Hainaut",
                "bassin_de_vie_fwb": "Hainaut Centre",
                "bce": "0442.148.269",
                "categorie_principale": "Structure de cr\u00e9ation et artistes",
                "empty": null,
                "type_d_aide": [
                    "Contrat-programme"
                ],
                "duree_du_contrat_annees": "5"
            }
        },
        {
            "type": "Feature",
            "geometry": {
                "type": "Point",
                "coordinates": [
                    4.354605140093108,
                    50.855146539084465
                ]
            },
            "properties": {
                "nom_de_l_operateur": "La COOP asbl\u00a0Tax Shelter For Performing Arts",
                "domaine": "Interdisciplinaire",
                "adresse": "Boulevard Emile Jacqmain 111-115",
                "code_postal": "1000",
                "localite": "Bruxelles",
                "telephone": null,
                "courriel": "coopasbl@gmail.com",
                "site_web": null,
                "statut_juridique": "asbl",
                "province": "Bruxelles-Capitale",
                "bassin_de_vie_fwb": "Bruxelles",
                "bce": "0673.906.708",
                "categorie_principale": "Structure de service",
                "empty": null,
                "type_d_aide": [
                    "Contrat-programme"
                ],
                "duree_du_contrat_annees": "3"
            }
        },
        {
            "type": "Feature",
            "geometry": {
                "type": "Point",
                "coordinates": [
                    4.3610016233781765,
                    50.83227284950734
                ]
            },
            "properties": {
                "nom_de_l_operateur": "Laetitia Van Hove SRL - Five Oh",
                "domaine": "Musiques actuelles",
                "adresse": "Rue du Pr\u00e9sident\u00a051",
                "code_postal": "1050",
                "localite": "Ixelles",
                "telephone": null,
                "courriel": "hello@fiftyfiftysession.be",
                "site_web": "https:\/\/www.fiveoh.be\/",
                "statut_juridique": "srl",
                "province": "Bruxelles-Capitale",
                "bassin_de_vie_fwb": "Bruxelles",
                "bce": "0673.920.861",
                "categorie_principale": "Structure de cr\u00e9ation et artistes",
                "empty": null,
                "type_d_aide": [
                    "Contrat de cr\u00e9ation"
                ],
                "duree_du_contrat_annees": "3"
            }
        },
        {
            "type": "Feature",
            "geometry": {
                "type": "Point",
                "coordinates": [
                    5.570254296377732,
                    50.64098469557573
                ]
            },
            "properties": {
                "nom_de_l_operateur": "Le Forum Li\u00e8ge",
                "domaine": "Interdisciplinaire",
                "adresse": "Rue Pont d'Avroy 12",
                "code_postal": "4000",
                "localite": "Li\u00e8ge",
                "telephone": "04 223 18 18",
                "courriel": null,
                "site_web": "https:\/\/www.leforum.be\/",
                "statut_juridique": "asbl",
                "province": "Li\u00e8ge",
                "bassin_de_vie_fwb": "Li\u00e8ge",
                "bce": "0464.203.495",
                "categorie_principale": "Centre d'Art\/Lieu de diffusion",
                "empty": null,
                "type_d_aide": [
                    "Convention transversale"
                ],
                "duree_du_contrat_annees": "3"
            }
        },
        {
            "type": "Feature",
            "geometry": {
                "type": "Point",
                "coordinates": [
                    4.7598761386933175,
                    50.43806563834371
                ]
            },
            "properties": {
                "nom_de_l_operateur": "Neuf Sept Cinq Trois Un - Cie Scratch",
                "domaine": "Arts forains, du cirque et de la rue",
                "adresse": "Rue Emile Romedene 28",
                "code_postal": "5150",
                "localite": "Floreffe",
                "telephone": null,
                "courriel": "info@ciescratch.eu.",
                "site_web": "https:\/\/ciescratch.eu\/",
                "statut_juridique": "asbl",
                "province": "Namur",
                "bassin_de_vie_fwb": "Namur",
                "bce": "0541.841.901",
                "categorie_principale": "Structure de cr\u00e9ation et artistes",
                "empty": null,
                "type_d_aide": [
                    "Contrat de cr\u00e9ation"
                ],
                "duree_du_contrat_annees": "3"
            }
        },
        {
            "type": "Feature",
            "geometry": {
                "type": "Point",
                "coordinates": [
                    4.855633596365261,
                    50.45554249534698
                ]
            },
            "properties": {
                "nom_de_l_operateur": "Panama -Promotion des associations namuroises actives dans les musiques actuelles",
                "domaine": "Musiques actuelles",
                "adresse": "Avenue Marie D'Artois 1",
                "code_postal": "5000",
                "localite": "Namur",
                "telephone": "081 81 39 00",
                "courriel": "panama@belvedere-namur.be",
                "site_web": "https:\/\/www.belvedere-namur.be",
                "statut_juridique": "asbl",
                "province": "Namur",
                "bassin_de_vie_fwb": "Namur",
                "bce": "0880.469.394",
                "categorie_principale": "Centre d'Art\/Lieu de diffusion",
                "empty": null,
                "type_d_aide": [
                    "Contrat de services"
                ],
                "duree_du_contrat_annees": "5"
            }
        },
        {
            "type": "Feature",
            "geometry": {
                "type": "Point",
                "coordinates": [
                    4.374175738721016,
                    50.85100721033935
                ]
            },
            "properties": {
                "nom_de_l_operateur": "Persona",
                "domaine": "Art dramatique",
                "adresse": "Rue Saint-Josse\u00a049",
                "code_postal": "1210",
                "localite": "Saint-Josse-Ten-Noode",
                "telephone": null,
                "courriel": null,
                "site_web": null,
                "statut_juridique": "asbl",
                "province": "Bruxelles-Capitale",
                "bassin_de_vie_fwb": "Bruxelles",
                "bce": "0776.905.662",
                "categorie_principale": "Structure de cr\u00e9ation et artistes",
                "empty": null,
                "type_d_aide": [
                    "Contrat-programme"
                ],
                "duree_du_contrat_annees": "3"
            }
        },
        {
            "type": "Feature",
            "geometry": {
                "type": "Point",
                "coordinates": [
                    4.978334367503587,
                    50.061435609709065
                ]
            },
            "properties": {
                "nom_de_l_operateur": "Th\u00e9\u00e2tre d'un Jour",
                "domaine": "Arts forains, du cirque et de la rue",
                "adresse": "Rue L\u00e9on Parent 37",
                "code_postal": "5570",
                "localite": "Beauraing",
                "telephone": null,
                "courriel": "theatredunjour@gmail.com",
                "site_web": "http:\/\/www.t1j.be\/",
                "statut_juridique": "asbl",
                "province": "Namur",
                "bassin_de_vie_fwb": "Namur",
                "bce": "0452.946.646",
                "categorie_principale": "Structure de cr\u00e9ation et artistes",
                "empty": null,
                "type_d_aide": [
                    "Contrat de cr\u00e9ation"
                ],
                "duree_du_contrat_annees": "5"
            }
        },
        {
            "type": "Feature",
            "geometry": {
                "type": "Point",
                "coordinates": [
                    4.325460452213059,
                    50.82454035160043
                ]
            },
            "properties": {
                "nom_de_l_operateur": "Wiels - Centre d'art contemporain",
                "domaine": "Arts forains, du cirque et de la rue, Arts plastiques",
                "adresse": "Avenue Van Volxem 354",
                "code_postal": "1190",
                "localite": "Forest",
                "telephone": "02 340 00 53",
                "courriel": "welcome@wiels.org",
                "site_web": "https:\/\/www.wiels.org\/",
                "statut_juridique": "asbl",
                "province": "Bruxelles-Capitale",
                "bassin_de_vie_fwb": "Bruxelles",
                "bce": "0478.422.608",
                "categorie_principale": "Centre d'Art\/Lieu de diffusion",
                "empty": null,
                "type_d_aide": [
                    "Contrat-programme"
                ],
                "duree_du_contrat_annees": "3"
            }
        },
        {
            "type": "Feature",
            "geometry": {
                "type": "Point",
                "coordinates": [
                    4.3485697829440815,
                    50.83108350249135
                ]
            },
            "properties": {
                "nom_de_l_operateur": "Akhtamar Quartet",
                "domaine": "Musique classique",
                "adresse": "Rue de l'H\u00f4tel des Monnaies 68",
                "code_postal": "1060",
                "localite": "Saint-Gilles",
                "telephone": null,
                "courriel": "akhtamarquartet@gmail.com",
                "site_web": "https:\/\/www.akhtamarquartet.com\/",
                "statut_juridique": "asbl",
                "province": "Bruxelles-Capitale",
                "bassin_de_vie_fwb": "Bruxelles",
                "bce": "0763.856.192",
                "categorie_principale": "Structure de cr\u00e9ation et artistes",
                "empty": null,
                "type_d_aide": [
                    "Contrat de diffusion"
                ],
                "duree_du_contrat_annees": "3"
            }
        },
        {
            "type": "Feature",
            "geometry": {
                "type": "Point",
                "coordinates": [
                    4.908747011694096,
                    50.264477971850866
                ]
            },
            "properties": {
                "nom_de_l_operateur": "Asbl Duel Productions",
                "domaine": "Musique classique",
                "adresse": "Avenue Henri Holleboet 3",
                "code_postal": "1080",
                "localite": "Molenbeek-Saint-Jean",
                "telephone": null,
                "courriel": null,
                "site_web": "https:\/\/www.huguesnavez.be\/",
                "statut_juridique": "asbl",
                "province": "Bruxelles-Capitale",
                "bassin_de_vie_fwb": "Bruxelles",
                "bce": "0445.594.838",
                "categorie_principale": "Structure de cr\u00e9ation et artistes",
                "empty": null,
                "type_d_aide": [
                    "Contrat de cr\u00e9ation"
                ],
                "duree_du_contrat_annees": "3"
            }
        },
        {
            "type": "Feature",
            "geometry": {
                "type": "Point",
                "coordinates": [
                    4.603763367742177,
                    50.67082696268741
                ]
            },
            "properties": {
                "nom_de_l_operateur": "Atelier Th\u00e9\u00e2tre Jean Vilar",
                "domaine": "Art dramatique",
                "adresse": "Place de l'Hocaille 6",
                "code_postal": "1348",
                "localite": "Louvain-La-Neuve",
                "telephone": "010 47 07 00",
                "courriel": "info@levilar.be",
                "site_web": "https:\/\/levilar.be\/",
                "statut_juridique": "asbl",
                "province": "Brabant wallon",
                "bassin_de_vie_fwb": "Brabant wallon",
                "bce": "0415.817.719",
                "categorie_principale": "Centre d'Art\/Lieu de diffusion",
                "empty": null,
                "type_d_aide": [
                    "Contrat de services"
                ],
                "duree_du_contrat_annees": "5"
            }
        },
        {
            "type": "Feature",
            "geometry": {
                "type": "Point",
                "coordinates": [
                    5.009091796347294,
                    50.18599869499922
                ]
            },
            "properties": {
                "nom_de_l_operateur": "Compagnie Buissonni\u00e8re",
                "domaine": "Th\u00e9\u00e2tre Action",
                "adresse": "Rue de l'Eglise\u00a033",
                "code_postal": "5560",
                "localite": "Houyet",
                "telephone": "082 22 86 40",
                "courriel": "contact@compagniebuissonniere.be",
                "site_web": "https:\/\/www.compagniebuissonniere.be\/",
                "statut_juridique": "asbl",
                "province": "Namur",
                "bassin_de_vie_fwb": "Namur",
                "bce": "0415.189.791",
                "categorie_principale": "Structure de cr\u00e9ation et artistes",
                "empty": null,
                "type_d_aide": [
                    "Contrat-programme"
                ],
                "duree_du_contrat_annees": "5"
            }
        },
        {
            "type": "Feature",
            "geometry": {
                "type": "Point",
                "coordinates": [
                    4.114088140555319,
                    50.649896912200795
                ]
            },
            "properties": {
                "nom_de_l_operateur": "Compagnie Gare Centrale asbl",
                "domaine": "Th\u00e9\u00e2tre Jeune Public",
                "adresse": "Chemin Saint-Hubert\u00a04",
                "code_postal": "1430",
                "localite": "Rebecq",
                "telephone": null,
                "courriel": "administration@garecentrale.be",
                "site_web": "http:\/\/www.garecentrale.be\/",
                "statut_juridique": "asbl",
                "province": "Brabant wallon",
                "bassin_de_vie_fwb": "Brabant wallon",
                "bce": "0429.795.221",
                "categorie_principale": "Structure de cr\u00e9ation et artistes",
                "empty": null,
                "type_d_aide": [
                    "Contrat-programme"
                ],
                "duree_du_contrat_annees": "5"
            }
        },
        {
            "type": "Feature",
            "geometry": {
                "type": "Point",
                "coordinates": [
                    4.310720423377365,
                    50.82030736573189
                ]
            },
            "properties": {
                "nom_de_l_operateur": "Compagnie Point Z\u00e9ro",
                "domaine": "Art dramatique",
                "adresse": "Rue du Labeur 1",
                "code_postal": "1070",
                "localite": "Anderlecht",
                "telephone": "02 608 74 89",
                "courriel": "info@pointzero.be",
                "site_web": "https:\/\/pointzero.be\/",
                "statut_juridique": "asbl",
                "province": "Bruxelles-Capitale",
                "bassin_de_vie_fwb": "Bruxelles",
                "bce": "0451.178.573",
                "categorie_principale": "Structure de cr\u00e9ation et artistes",
                "empty": null,
                "type_d_aide": [
                    "Contrat de cr\u00e9ation"
                ],
                "duree_du_contrat_annees": "5"
            }
        },
        {
            "type": "Feature",
            "geometry": {
                "type": "Point",
                "coordinates": [
                    5.576504796376016,
                    50.61566223255788
                ]
            },
            "properties": {
                "nom_de_l_operateur": "CRFMW - Centre Henri Pousseur",
                "domaine": "Musique contemporaine",
                "adresse": "Quai Banning 5",
                "code_postal": "4000",
                "localite": "Li\u00e8ge",
                "telephone": "04 223 22 98",
                "courriel": "info@centrehenripousseur.be",
                "site_web": "https:\/\/www.centrehenripousseur.be\/",
                "statut_juridique": "asbl",
                "province": "Li\u00e8ge",
                "bassin_de_vie_fwb": "Li\u00e8ge",
                "bce": "0407.893.710",
                "categorie_principale": "Structure de service",
                "empty": null,
                "type_d_aide": [
                    "Contrat-programme"
                ],
                "duree_du_contrat_annees": "5"
            }
        },
        {
            "type": "Feature",
            "geometry": {
                "type": "Point",
                "coordinates": [
                    4.402751381047987,
                    50.817597239561145
                ]
            },
            "properties": {
                "nom_de_l_operateur": "F\u00e9d\u00e9ration des Jeunesses Musicales Wallonie-Bruxelles",
                "domaine": "Musique classique",
                "adresse": "Boulevard du Triomphe 173",
                "code_postal": "1160",
                "localite": "Auderghem",
                "telephone": "02 207 13 00",
                "courriel": "info@jeunessesmusicales.be",
                "site_web": "https:\/\/jeunessesmusicales.be",
                "statut_juridique": "asbl",
                "province": "Bruxelles-Capitale",
                "bassin_de_vie_fwb": "Bruxelles",
                "bce": "0413.317.196",
                "categorie_principale": "Structure de service",
                "empty": null,
                "type_d_aide": [
                    "Contrat de diffusion"
                ],
                "duree_du_contrat_annees": "5"
            }
        },
        {
            "type": "Feature",
            "geometry": {
                "type": "Point",
                "coordinates": [
                    4.472616371164603,
                    50.67791796961982
                ]
            },
            "properties": {
                "nom_de_l_operateur": "Festival Musical de Lasne",
                "domaine": "Musique classique",
                "adresse": "Avenue H\u00e9raly Mayn\u00e9\u00a09",
                "code_postal": "1380",
                "localite": "Lasne",
                "telephone": "02 319 57 75",
                "courriel": "reservation.festivallasne@gmail.com",
                "site_web": "https:\/\/www.festivaldelasne.be\/",
                "statut_juridique": "asbl",
                "province": "Brabant wallon",
                "bassin_de_vie_fwb": "Brabant wallon",
                "bce": "0471.928.358",
                "categorie_principale": "Festival",
                "empty": null,
                "type_d_aide": [
                    "Contrat de diffusion"
                ],
                "duree_du_contrat_annees": "5"
            }
        },
        {
            "type": "Feature",
            "geometry": {
                "type": "Point",
                "coordinates": [
                    4.801050354038141,
                    50.486343104333116
                ]
            },
            "properties": {
                "nom_de_l_operateur": "F\u00eate des Solidarit\u00e9s asbl",
                "domaine": "Musiques actuelles",
                "adresse": "Avenue d\u2019Ecolys 2 Bte 22",
                "code_postal": "5020",
                "localite": "Namur",
                "telephone": "081 73 43 84",
                "courriel": "info@lessolidarites.be",
                "site_web": "https:\/\/lessolidarites.be\/",
                "statut_juridique": "asbl",
                "province": "Namur",
                "bassin_de_vie_fwb": "Namur",
                "bce": "0511.967.087",
                "categorie_principale": "Festival",
                "empty": null,
                "type_d_aide": [
                    "Contrat de diffusion"
                ],
                "duree_du_contrat_annees": "3"
            }
        },
        {
            "type": "Feature",
            "geometry": {
                "type": "Point",
                "coordinates": [
                    5.220607138674691,
                    50.159112068457354
                ]
            },
            "properties": {
                "nom_de_l_operateur": "FIRR - Festival International du Rire de Rochechort",
                "domaine": "Humour",
                "adresse": "Avenue d\u2019Alost 5",
                "code_postal": "5580",
                "localite": "Rochefort",
                "telephone": "084 22 10 83",
                "courriel": "firinfo@skynet.be",
                "site_web": "https:\/\/www.festival-du-rire.be\/",
                "statut_juridique": "asbl",
                "province": "Namur",
                "bassin_de_vie_fwb": "Namur",
                "bce": "0437.114.068",
                "categorie_principale": "Festival",
                "empty": null,
                "type_d_aide": [
                    "Convention"
                ],
                "duree_du_contrat_annees": "5"
            }
        },
        {
            "type": "Feature",
            "geometry": {
                "type": "Point",
                "coordinates": [
                    4.372255623380232,
                    50.86284269553096
                ]
            },
            "properties": {
                "nom_de_l_operateur": "IFO asbl",
                "domaine": "Art dramatique",
                "adresse": "Chauss\u00e9e de Haecht 251",
                "code_postal": "1030",
                "localite": "Schaerbeek",
                "telephone": null,
                "courriel": "direction@belova-iacobelli.com",
                "site_web": "http:\/\/ifoperator.be\/",
                "statut_juridique": "asbl",
                "province": "Bruxelles-Capitale",
                "bassin_de_vie_fwb": "Bruxelles",
                "bce": "0666.452.554",
                "categorie_principale": "Agence, Promotion et Diffusion",
                "empty": null,
                "type_d_aide": [
                    "Convention"
                ],
                "duree_du_contrat_annees": "5"
            }
        },
        {
            "type": "Feature",
            "geometry": {
                "type": "Point",
                "coordinates": [
                    4.452716811732337,
                    50.83454744224289
                ]
            },
            "properties": {
                "nom_de_l_operateur": "L\u00e0-Haut productions - InAlto",
                "domaine": "Musique classique",
                "adresse": "Avenue de l'H\u00e9lice 14",
                "code_postal": "1150",
                "localite": "Woluwe-Saint-Pierre",
                "telephone": null,
                "courriel": null,
                "site_web": "https:\/\/www.inalto.fr\/",
                "statut_juridique": "asbl",
                "province": "Bruxelles-Capitale",
                "bassin_de_vie_fwb": "Bruxelles",
                "bce": "0544.363.505",
                "categorie_principale": "Structure de cr\u00e9ation et artistes",
                "empty": null,
                "type_d_aide": [
                    "Convention transversale"
                ],
                "duree_du_contrat_annees": "3"
            }
        },
        {
            "type": "Feature",
            "geometry": {
                "type": "Point",
                "coordinates": [
                    5.236348025201379,
                    50.46609849872793
                ]
            },
            "properties": {
                "nom_de_l_operateur": "Latitude 50",
                "domaine": "Arts forains, du cirque et de la rue",
                "adresse": "Place de Grand Marchin 3",
                "code_postal": "4570",
                "localite": "Marchin",
                "telephone": "085 41 37 18",
                "courriel": "info@latitude50.be",
                "site_web": "https:\/\/latitude50.be\/",
                "statut_juridique": "asbl",
                "province": "Li\u00e8ge",
                "bassin_de_vie_fwb": "Huy Waremme",
                "bce": "0890.885.315",
                "categorie_principale": "Centre d'Art\/Lieu de diffusion",
                "empty": null,
                "type_d_aide": [
                    "Contrat de services"
                ],
                "duree_du_contrat_annees": "5"
            }
        },
        {
            "type": "Feature",
            "geometry": {
                "type": "Point",
                "coordinates": [
                    4.443955782868196,
                    50.40693162546592
                ]
            },
            "properties": {
                "nom_de_l_operateur": "Le Vecteur - Orbitale asbl",
                "domaine": "Pluridisciplinaire",
                "adresse": "Rue de Marcinelle 30",
                "code_postal": "6000",
                "localite": "Charleroi",
                "telephone": "071 27 86 78",
                "courriel": "info@vecteur.be",
                "site_web": "https:\/\/www.vecteur.be\/",
                "statut_juridique": "asbl",
                "province": "Hainaut",
                "bassin_de_vie_fwb": "Hainaut Sud",
                "bce": "0463.406.414",
                "categorie_principale": "Centre d'Art\/Lieu de diffusion",
                "empty": null,
                "type_d_aide": [
                    "Contrat de cr\u00e9ation"
                ],
                "duree_du_contrat_annees": "5"
            }
        },
        {
            "type": "Feature",
            "geometry": {
                "type": "Point",
                "coordinates": [
                    4.744889038716085,
                    50.77767772380056
                ]
            },
            "properties": {
                "nom_de_l_operateur": "Les Amis de Tourinnes",
                "domaine": "Pluridisciplinaire",
                "adresse": "Rue de Beauvechain 16",
                "code_postal": "1320",
                "localite": "Tourinnes-la-Grosse",
                "telephone": "010 86 64 04",
                "courriel": "info@tourinnes.be",
                "site_web": "https:\/\/tourinnes.be\/",
                "statut_juridique": "asbl",
                "province": "Brabant wallon",
                "bassin_de_vie_fwb": "Brabant wallon",
                "bce": "0424.070.934",
                "categorie_principale": "Agence, Promotion et Diffusion",
                "empty": null,
                "type_d_aide": [
                    "Contrat de diffusion"
                ],
                "duree_du_contrat_annees": "5"
            }
        },
        {
            "type": "Feature",
            "geometry": {
                "type": "Point",
                "coordinates": [
                    4.37763779639039,
                    50.82960342804615
                ]
            },
            "properties": {
                "nom_de_l_operateur": "Lucilia Caesar",
                "domaine": "Art dramatique",
                "adresse": "Rue de la Brasserie 25",
                "code_postal": "1050",
                "localite": "Ixelles",
                "telephone": null,
                "courriel": "info@luciliacaesar.be",
                "site_web": "https:\/\/www.luciliacaesar.be\/",
                "statut_juridique": "asbl",
                "province": "Bruxelles-Capitale",
                "bassin_de_vie_fwb": "Bruxelles",
                "bce": "0452.010.496",
                "categorie_principale": "Structure de cr\u00e9ation et artistes",
                "empty": null,
                "type_d_aide": [
                    "Convention transversale"
                ],
                "duree_du_contrat_annees": "5"
            }
        },
        {
            "type": "Feature",
            "geometry": {
                "type": "Point",
                "coordinates": [
                    4.420357711723024,
                    50.696524123032454
                ]
            },
            "properties": {
                "nom_de_l_operateur": "Music'Arte",
                "domaine": "Musique classique",
                "adresse": "Chauss\u00e9e de Louvain 191",
                "code_postal": "1410",
                "localite": "Waterloo",
                "telephone": "02 762 45 82",
                "courriel": "info@kheopsensemble.com",
                "site_web": "https:\/\/www.kheopsensemble.com\/",
                "statut_juridique": "asbl",
                "province": "Brabant wallon",
                "bassin_de_vie_fwb": "Brabant wallon",
                "bce": "0472.870.941",
                "categorie_principale": "Structure de cr\u00e9ation et artistes",
                "empty": null,
                "type_d_aide": [
                    "Contrat de diffusion"
                ],
                "duree_du_contrat_annees": "5"
            }
        },
        {
            "type": "Feature",
            "geometry": {
                "type": "Point",
                "coordinates": [
                    4.359838211733396,
                    50.850850937325646
                ]
            },
            "properties": {
                "nom_de_l_operateur": "Nada asbl",
                "domaine": "Musiques actuelles",
                "adresse": "Rue Saint Laurent 36-38",
                "code_postal": "1000",
                "localite": "Bruxelles",
                "telephone": "02 558 58 11",
                "courriel": "info@nadabooking.be",
                "site_web": "https:\/\/www.nadabooking.be",
                "statut_juridique": "asbl",
                "province": "Bruxelles-Capitale",
                "bassin_de_vie_fwb": "Bruxelles",
                "bce": "0441.137.885",
                "categorie_principale": "Structure de service",
                "empty": null,
                "type_d_aide": [
                    "Contrat de services"
                ],
                "duree_du_contrat_annees": "5"
            }
        },
        {
            "type": "Feature",
            "geometry": {
                "type": "Point",
                "coordinates": [
                    4.374360952215168,
                    50.85583550998122
                ]
            },
            "properties": {
                "nom_de_l_operateur": "NimisGroupe Asbl",
                "domaine": "Art dramatique",
                "adresse": "Rue des Coteaux 41",
                "code_postal": "1210",
                "localite": "Saint-Josse-Ten-Noode",
                "telephone": null,
                "courriel": "lenimisgroupe@gmail.com",
                "site_web": "https:\/\/www.nimisgroupe.com\/",
                "statut_juridique": "asbl",
                "province": "Bruxelles-Capitale",
                "bassin_de_vie_fwb": "Bruxelles",
                "bce": "0745.701.851",
                "categorie_principale": "Structure de cr\u00e9ation et artistes",
                "empty": null,
                "type_d_aide": [
                    "Contrat-programme"
                ],
                "duree_du_contrat_annees": "3"
            }
        },
        {
            "type": "Feature",
            "geometry": {
                "type": "Point",
                "coordinates": [
                    4.45348908104866,
                    50.82775085622657
                ]
            },
            "properties": {
                "nom_de_l_operateur": "Pastoo asbl - EventChange",
                "domaine": "Pluridisciplinaire",
                "adresse": "Rue au Bois 365B bte 2",
                "code_postal": "1150",
                "localite": "Woluwe-Saint-Pierre",
                "telephone": "02 888 76 5",
                "courriel": "eventchange@pastoo.be",
                "site_web": "https:\/\/pastoo.be\/",
                "statut_juridique": "asbl",
                "province": "Bruxelles-Capitale",
                "bassin_de_vie_fwb": "Bruxelles",
                "bce": "0521.729.247",
                "categorie_principale": "Agence, Promotion et Diffusion",
                "empty": null,
                "type_d_aide": [
                    "Contrat de cr\u00e9ation"
                ],
                "duree_du_contrat_annees": "5"
            }
        },
        {
            "type": "Feature",
            "geometry": {
                "type": "Point",
                "coordinates": [
                    4.841516923353281,
                    50.46174944943854
                ]
            },
            "properties": {
                "nom_de_l_operateur": "Seriallilith",
                "domaine": "Art dramatique",
                "adresse": "Rue Martine Bourtonbourt 27",
                "code_postal": "5000",
                "localite": "Namur",
                "telephone": "04 342 83 59",
                "courriel": null,
                "site_web": "https:\/\/seriallilith.com\/",
                "statut_juridique": "asbl",
                "province": "Namur",
                "bassin_de_vie_fwb": "Namur",
                "bce": "0472.848.571",
                "categorie_principale": "Structure de cr\u00e9ation et artistes",
                "empty": null,
                "type_d_aide": [
                    "Contrat de services"
                ],
                "duree_du_contrat_annees": "3"
            }
        },
        {
            "type": "Feature",
            "geometry": {
                "type": "Point",
                "coordinates": [
                    4.26383291534159,
                    50.6491228832955
                ]
            },
            "properties": {
                "nom_de_l_operateur": "Th\u00e9\u00e2tre de la Valette",
                "domaine": "Art dramatique",
                "adresse": "Rue Basse 11",
                "code_postal": "1460",
                "localite": "Ittre",
                "telephone": null,
                "courriel": "info@theatrelavalette.be",
                "site_web": "https:\/\/theatrelavalette.be\/",
                "statut_juridique": "asbl",
                "province": "Brabant wallon",
                "bassin_de_vie_fwb": "Brabant wallon",
                "bce": "0851.167.179",
                "categorie_principale": "Centre d'Art\/Lieu de diffusion",
                "empty": null,
                "type_d_aide": [
                    "Contrat-programme"
                ],
                "duree_du_contrat_annees": "3"
            }
        },
        {
            "type": "Feature",
            "geometry": {
                "type": "Point",
                "coordinates": [
                    4.448924038691213,
                    50.40675412864197
                ]
            },
            "properties": {
                "nom_de_l_operateur": "Th\u00e9\u00e2tre de l'Ancre",
                "domaine": "Art dramatique",
                "adresse": "Rue de Montigny 122",
                "code_postal": "6000",
                "localite": "Charleroi",
                "telephone": "071 31 40 79",
                "courriel": "info@ancre.be",
                "site_web": "https:\/\/www.ancre.be\/",
                "statut_juridique": "asbl",
                "province": "Hainaut",
                "bassin_de_vie_fwb": "Hainaut Sud",
                "bce": "0407.724.751",
                "categorie_principale": "Centre d'Art\/Lieu de diffusion",
                "empty": null,
                "type_d_aide": [
                    "Contrat-programme"
                ],
                "duree_du_contrat_annees": "5"
            }
        },
        {
            "type": "Feature",
            "geometry": {
                "type": "Point",
                "coordinates": [
                    4.3320575472926235,
                    50.82519549296916
                ]
            },
            "properties": {
                "nom_de_l_operateur": "Th\u00e9\u00e2tre l'Improviste",
                "domaine": "Art dramatique",
                "adresse": "Rue de Fierlant 120",
                "code_postal": "1190",
                "localite": "Forest",
                "telephone": null,
                "courriel": "info@improviste.be",
                "site_web": "https:\/\/www.improviste.be\/",
                "statut_juridique": "asbl",
                "province": "Bruxelles-Capitale",
                "bassin_de_vie_fwb": "Bruxelles",
                "bce": "0663.973.017",
                "categorie_principale": "Centre d'Art\/Lieu de diffusion",
                "empty": null,
                "type_d_aide": [
                    "Contrat-programme"
                ],
                "duree_du_contrat_annees": "3"
            }
        },
        {
            "type": "Feature",
            "geometry": {
                "type": "Point",
                "coordinates": [
                    4.450021267540179,
                    50.60900412688453
                ]
            },
            "properties": {
                "nom_de_l_operateur": "Tof Th\u00e9\u00e2tre",
                "domaine": "Th\u00e9\u00e2tre Jeune Public",
                "adresse": "Rue de Charleroi 58",
                "code_postal": "1470",
                "localite": "Genappe",
                "telephone": "067 34 14 30",
                "courriel": "info@toftheatre.be",
                "site_web": "http:\/\/toftheatre.be\/",
                "statut_juridique": "asbl",
                "province": "Brabant wallon",
                "bassin_de_vie_fwb": "Brabant wallon",
                "bce": "0432.530.225",
                "categorie_principale": "Structure de cr\u00e9ation et artistes",
                "empty": null,
                "type_d_aide": [
                    "Contrat de cr\u00e9ation"
                ],
                "duree_du_contrat_annees": "5"
            }
        },
        {
            "type": "Feature",
            "geometry": {
                "type": "Point",
                "coordinates": [
                    4.346421082898049,
                    50.85148146769578
                ]
            },
            "properties": {
                "nom_de_l_operateur": "Alternatives Th\u00e9\u00e2trales",
                "domaine": "Interdisciplinaire",
                "adresse": "Rue de Flandre 46",
                "code_postal": "1000",
                "localite": "Bruxelles",
                "telephone": "02 511 78 58",
                "courriel": "info@alternativestheatrales.be",
                "site_web": "https:\/\/www.alternativestheatrales.be\/#",
                "statut_juridique": "asbl",
                "province": "Bruxelles-Capitale",
                "bassin_de_vie_fwb": "Bruxelles",
                "bce": "0420.058.203",
                "categorie_principale": "Structure de service",
                "empty": null,
                "type_d_aide": [
                    "Contrat-programme"
                ],
                "duree_du_contrat_annees": "3"
            }
        },
        {
            "type": "Feature",
            "geometry": {
                "type": "Point",
                "coordinates": [
                    4.361119640567548,
                    50.832259296996554
                ]
            },
            "properties": {
                "nom_de_l_operateur": "Animacy",
                "domaine": "Musiques actuelles",
                "adresse": "Rue du Pr\u00e9sident 51",
                "code_postal": "1050",
                "localite": "Ixelles",
                "telephone": null,
                "courriel": "us@animacy.be",
                "site_web": "http:\/\/animacy.be\/",
                "statut_juridique": "asbl",
                "province": "Bruxelles-Capitale",
                "bassin_de_vie_fwb": "Bruxelles",
                "bce": "0538.983.765",
                "categorie_principale": "Festival",
                "empty": null,
                "type_d_aide": [
                    "Convention"
                ],
                "duree_du_contrat_annees": "5"
            }
        },
        {
            "type": "Feature",
            "geometry": {
                "type": "Point",
                "coordinates": [
                    4.417341382897448,
                    50.842743017050466
                ]
            },
            "properties": {
                "nom_de_l_operateur": "Bulles Production",
                "domaine": "Art dramatique",
                "adresse": "Avenue de Broqueville\u00a0167\u00a0Bte 20",
                "code_postal": "1200",
                "localite": "Woluwe-Saint-Lambert",
                "telephone": "02 724 24 24",
                "courriel": "info@bruxellons.net",
                "site_web": "https:\/\/www.bruxellons.be\/",
                "statut_juridique": "asbl",
                "province": "Bruxelles-Capitale",
                "bassin_de_vie_fwb": "Bruxelles",
                "bce": "0463.940.805",
                "categorie_principale": "Festival",
                "empty": null,
                "type_d_aide": [
                    "Convention"
                ],
                "duree_du_contrat_annees": "5"
            }
        },
        {
            "type": "Feature",
            "geometry": {
                "type": "Point",
                "coordinates": [
                    4.373095798286437,
                    50.89046124624906
                ]
            },
            "properties": {
                "nom_de_l_operateur": "Compagnie Belle de Nuit",
                "domaine": "Art dramatique",
                "adresse": "Avenue des Croix de Feu 13",
                "code_postal": "1020",
                "localite": "Laeken",
                "telephone": null,
                "courriel": "cie-belledenuit@lilo.org",
                "site_web": "https:\/\/www.cie-belledenuit.com\/",
                "statut_juridique": "asbl",
                "province": "Bruxelles-Capitale",
                "bassin_de_vie_fwb": "Bruxelles",
                "bce": "0810.021.066",
                "categorie_principale": "Structure de cr\u00e9ation et artistes",
                "empty": null,
                "type_d_aide": [
                    "Contrat de cr\u00e9ation"
                ],
                "duree_du_contrat_annees": "5"
            }
        },
        {
            "type": "Feature",
            "geometry": {
                "type": "Point",
                "coordinates": [
                    4.863173040543444,
                    50.47335843410303
                ]
            },
            "properties": {
                "nom_de_l_operateur": "Court-Circuit - P\u00f4le Musiques Actuelles Wallonie Bruxelles",
                "domaine": "Musiques actuelles",
                "adresse": "Traverse des muses 15",
                "code_postal": "5000",
                "localite": "Namur",
                "telephone": null,
                "courriel": "info@courtcircuit.be",
                "site_web": "https:\/\/www.court-circuit.be",
                "statut_juridique": "asbl",
                "province": "Namur",
                "bassin_de_vie_fwb": "Namur",
                "bce": "0449.970.231",
                "categorie_principale": "Structure de service",
                "empty": null,
                "type_d_aide": [
                    "Contrat de services"
                ],
                "duree_du_contrat_annees": "5"
            }
        },
        {
            "type": "Feature",
            "geometry": {
                "type": "Point",
                "coordinates": [
                    4.386986228835399,
                    50.867944007232836
                ]
            },
            "properties": {
                "nom_de_l_operateur": "De Facto asbl",
                "domaine": "Art dramatique",
                "adresse": "Rue Guillaume Kennis 5",
                "code_postal": "1030",
                "localite": "Schaerbeek",
                "telephone": null,
                "courriel": "info@cie-defacto.be",
                "site_web": "https:\/\/www.defacto-asbl.be\/",
                "statut_juridique": "asbl",
                "province": "Bruxelles-Capitale",
                "bassin_de_vie_fwb": "Bruxelles",
                "bce": "0876.049.560",
                "categorie_principale": "Structure de cr\u00e9ation et artistes",
                "empty": null,
                "type_d_aide": [
                    "Convention transversale"
                ],
                "duree_du_contrat_annees": "5"
            }
        },
        {
            "type": "Feature",
            "geometry": {
                "type": "Point",
                "coordinates": [
                    4.163997796372754,
                    50.56697672462439
                ]
            },
            "properties": {
                "nom_de_l_operateur": "FARE - Festival des Arts de la Rue d\u2019Ecaussinnes",
                "domaine": "Arts forains, du cirque et de la rue",
                "adresse": "Rue des Fontenelles\u00a014",
                "code_postal": "7190",
                "localite": "Ecaussinnes",
                "telephone": null,
                "courriel": "info@lestailleurs.be",
                "site_web": "https:\/\/www.lestailleurs.be\/",
                "statut_juridique": "asbl",
                "province": "Hainaut",
                "bassin_de_vie_fwb": "Hainaut Centre",
                "bce": "0552.886.241",
                "categorie_principale": "Festival",
                "empty": null,
                "type_d_aide": [
                    "Contrat de services"
                ],
                "duree_du_contrat_annees": "3"
            }
        },
        {
            "type": "Feature",
            "geometry": {
                "type": "Point",
                "coordinates": [
                    5.565618123365408,
                    50.64239934368041
                ]
            },
            "properties": {
                "nom_de_l_operateur": "Festiv@li\u00e8ge asbl",
                "domaine": "Musiques actuelles",
                "adresse": "Boulevard de la Sauveni\u00e8re 118",
                "code_postal": "4000",
                "localite": "Li\u00e8ge",
                "telephone": "04 340 30 80",
                "courriel": "info@lesardentes.be",
                "site_web": "http:\/\/www.jazzaliege.be",
                "statut_juridique": "asbl",
                "province": "Li\u00e8ge",
                "bassin_de_vie_fwb": "Li\u00e8ge",
                "bce": "0878.155.153",
                "categorie_principale": "Centre d'Art\/Lieu de diffusion",
                "empty": null,
                "type_d_aide": [
                    "Contrat de diffusion"
                ],
                "duree_du_contrat_annees": "5"
            }
        },
        {
            "type": "Feature",
            "geometry": {
                "type": "Point",
                "coordinates": [
                    4.3110472540627125,
                    50.851885013435215
                ]
            },
            "properties": {
                "nom_de_l_operateur": "Fragments asbl",
                "domaine": "Arts forains, du cirque et de la rue",
                "adresse": "Square Edmond Machtens\u00a019\u00a0Bte 10",
                "code_postal": "1080",
                "localite": "Molenbeek-Saint-Jean",
                "telephone": null,
                "courriel": "artistic@cirquebarbette.com",
                "site_web": "https:\/\/www.cirquebarbette.com\/",
                "statut_juridique": "asbl",
                "province": "Bruxelles-Capitale",
                "bassin_de_vie_fwb": "Bruxelles",
                "bce": "0478.598.691",
                "categorie_principale": "Structure de cr\u00e9ation et artistes",
                "empty": null,
                "type_d_aide": [
                    "Contrat-programme"
                ],
                "duree_du_contrat_annees": "3"
            }
        },
        {
            "type": "Feature",
            "geometry": {
                "type": "Point",
                "coordinates": [
                    4.341220738718442,
                    50.81278619532243
                ]
            },
            "properties": {
                "nom_de_l_operateur": "Habemus Papam",
                "domaine": "Art dramatique",
                "adresse": "Rue de la Seconde Reine 35",
                "code_postal": "1180",
                "localite": "Uccle",
                "telephone": null,
                "courriel": "diffusion@habemuspapam.be",
                "site_web": "https:\/\/www.habemuspapam.be\/",
                "statut_juridique": "asbl",
                "province": "Bruxelles-Capitale",
                "bassin_de_vie_fwb": "Bruxelles",
                "bce": "0849.757.117",
                "categorie_principale": "Structure de service",
                "empty": null,
                "type_d_aide": [
                    "Convention transversale"
                ],
                "duree_du_contrat_annees": "5"
            }
        },
        {
            "type": "Feature",
            "geometry": {
                "type": "Point",
                "coordinates": [
                    4.351396425225434,
                    50.82414086565857
                ]
            },
            "properties": {
                "nom_de_l_operateur": "HIRSCHKUH asbl",
                "domaine": "Arts chor\u00e9graphiques",
                "adresse": "Chauss\u00e9e de Waterloo 358",
                "code_postal": "1060",
                "localite": "Saint-Gilles",
                "telephone": null,
                "courriel": "info@bloomproject.be",
                "site_web": "http:\/\/www.lesliemannes.com\/",
                "statut_juridique": "asbl",
                "province": "Bruxelles-Capitale",
                "bassin_de_vie_fwb": "Bruxelles",
                "bce": "0843.599.991",
                "categorie_principale": "Structure de cr\u00e9ation et artistes",
                "empty": null,
                "type_d_aide": [
                    "Contrat de services"
                ],
                "duree_du_contrat_annees": "5"
            }
        },
        {
            "type": "Feature",
            "geometry": {
                "type": "Point",
                "coordinates": [
                    4.617746007647343,
                    50.66649967283858
                ]
            },
            "properties": {
                "nom_de_l_operateur": "La Ferme du Bi\u00e9reau, Espace culturel",
                "domaine": "Musiques actuelles",
                "adresse": "Avenue du Jardin Botanique 3",
                "code_postal": "1348",
                "localite": "Louvain-La-Neuve",
                "telephone": "070 22 15 00",
                "courriel": "info@laferme.be",
                "site_web": "https:\/\/laferme.be",
                "statut_juridique": "asbl",
                "province": "Brabant wallon",
                "bassin_de_vie_fwb": "Brabant wallon",
                "bce": "0891.435.047",
                "categorie_principale": "Structure de cr\u00e9ation et artistes",
                "empty": null,
                "type_d_aide": [
                    "Contrat de cr\u00e9ation"
                ],
                "duree_du_contrat_annees": "5"
            }
        },
        {
            "type": "Feature",
            "geometry": {
                "type": "Point",
                "coordinates": [
                    4.347323867555462,
                    50.83673187656089
                ]
            },
            "properties": {
                "nom_de_l_operateur": "La Ligue d Improvisation Belge",
                "domaine": "Art dramatique",
                "adresse": "Rue des Renards 1F",
                "code_postal": "1000",
                "localite": "Bruxelles",
                "telephone": null,
                "courriel": "info@ligueimpro.be",
                "site_web": "https:\/\/ligueimpro.be\/",
                "statut_juridique": "asbl",
                "province": "Bruxelles-Capitale",
                "bassin_de_vie_fwb": "Bruxelles",
                "bce": "0429.867.178",
                "categorie_principale": "Structure de service",
                "empty": null,
                "type_d_aide": [
                    "Convention"
                ],
                "duree_du_contrat_annees": "3"
            }
        },
        {
            "type": "Feature",
            "geometry": {
                "type": "Point",
                "coordinates": [
                    4.34301792804899,
                    50.82906814583792
                ]
            },
            "properties": {
                "nom_de_l_operateur": "La Nombreuse",
                "domaine": "Arts Plastiques",
                "adresse": "Rue du Fort 42",
                "code_postal": "1060",
                "localite": "Saint-Gilles",
                "telephone": null,
                "courriel": "lanombreuse@gmail.com",
                "site_web": "https:\/\/www.instagram.com\/lanombreuse\/",
                "statut_juridique": "asbl",
                "province": "Bruxelles-Capitale",
                "bassin_de_vie_fwb": "Bruxelles",
                "bce": null,
                "categorie_principale": "Centre d'Art\/Lieu de diffusion",
                "empty": null,
                "type_d_aide": [
                    "Convention"
                ],
                "duree_du_contrat_annees": "3"
            }
        },
        {
            "type": "Feature",
            "geometry": {
                "type": "Point",
                "coordinates": [
                    4.348118140567477,
                    50.83110445902937
                ]
            },
            "properties": {
                "nom_de_l_operateur": "La Pierre d'Alun",
                "domaine": "Arts Plastiques",
                "adresse": "Rue H\u00f4tel des Monnaies 81",
                "code_postal": "1060",
                "localite": "Saint-Gilles",
                "telephone": "02 537 65 40",
                "courriel": "lapierredalun@skynet.be",
                "site_web": "http:\/\/www.lapierredalun.be\/",
                "statut_juridique": "asbl",
                "province": "Bruxelles-Capitale",
                "bassin_de_vie_fwb": "Bruxelles",
                "bce": "0423.229.608",
                "categorie_principale": "Editeur",
                "empty": null,
                "type_d_aide": [
                    "Convention"
                ],
                "duree_du_contrat_annees": "3"
            }
        },
        {
            "type": "Feature",
            "geometry": {
                "type": "Point",
                "coordinates": [
                    4.445265881020626,
                    50.40965649515581
                ]
            },
            "properties": {
                "nom_de_l_operateur": "Les Festivals de Wallonie",
                "domaine": "Musique classique",
                "adresse": "Boulevard Audent 24",
                "code_postal": "6000",
                "localite": "Charleroi",
                "telephone": "071 51 78 00",
                "courriel": "info@lesfestivalsdewallonie.be",
                "site_web": "https:\/\/www.lesfestivalsdewallonie.be\/",
                "statut_juridique": "asbl",
                "province": "Hainaut",
                "bassin_de_vie_fwb": "Hainaut Sud",
                "bce": "0408.399.395",
                "categorie_principale": "Festival",
                "empty": null,
                "type_d_aide": [
                    "Contrat-programme"
                ],
                "duree_du_contrat_annees": "5"
            }
        },
        {
            "type": "Feature",
            "geometry": {
                "type": "Point",
                "coordinates": [
                    5.716484409828813,
                    50.00115020323433
                ]
            },
            "properties": {
                "nom_de_l_operateur": "L'Orangerie - Espace d'art contemporain",
                "domaine": "Arts Plastiques",
                "adresse": "Rue Porte Haute 30",
                "code_postal": "6600",
                "localite": "Bastogne",
                "telephone": "061 32 80 17",
                "courriel": "info@lorangerie-bastogne.be",
                "site_web": "https:\/\/lorangerie-bastogne.be\/",
                "statut_juridique": "asbl",
                "province": "Luxembourg",
                "bassin_de_vie_fwb": "Luxembourg",
                "bce": "0833.287.606",
                "categorie_principale": "Centre d'Art\/Lieu de diffusion",
                "empty": null,
                "type_d_aide": [
                    "Convention"
                ],
                "duree_du_contrat_annees": "4"
            }
        },
        {
            "type": "Feature",
            "geometry": {
                "type": "Point",
                "coordinates": [
                    4.442906665679339,
                    50.413755108438146
                ]
            },
            "properties": {
                "nom_de_l_operateur": "Palais des Beaux Arts de Charleroi",
                "domaine": "Interdisciplinaire",
                "adresse": "Place du Man\u00e8ge 1",
                "code_postal": "6000",
                "localite": "Charleroi",
                "telephone": "071 31 44 20",
                "courriel": "info@pba.be",
                "site_web": "https:\/\/www.pba.be\/",
                "statut_juridique": "asbl",
                "province": "Hainaut",
                "bassin_de_vie_fwb": "Hainaut Sud",
                "bce": "0401.573.961",
                "categorie_principale": "Centre d'Art\/Lieu de diffusion",
                "empty": null,
                "type_d_aide": [
                    "NA"
                ],
                "duree_du_contrat_annees": "5"
            }
        },
        {
            "type": "Feature",
            "geometry": {
                "type": "Point",
                "coordinates": [
                    4.371295038719534,
                    50.828983553005656
                ]
            },
            "properties": {
                "nom_de_l_operateur": "Th\u00e9\u00e2tre Marni",
                "domaine": "Interdisciplinaire",
                "adresse": "Rue de Vergnies 25",
                "code_postal": "1050",
                "localite": "Ixelles",
                "telephone": "02 639 09 80",
                "courriel": "info@theatremarni.com",
                "site_web": "https:\/\/theatremarni.com\/",
                "statut_juridique": "asbl",
                "province": "Bruxelles-Capitale",
                "bassin_de_vie_fwb": "Bruxelles",
                "bce": "0465.071.448",
                "categorie_principale": "Centre d'Art\/Lieu de diffusion",
                "empty": null,
                "type_d_aide": [
                    "Contrat-programme"
                ],
                "duree_du_contrat_annees": "5"
            }
        },
        {
            "type": "Feature",
            "geometry": {
                "type": "Point",
                "coordinates": [
                    4.346421082898049,
                    50.85148146769578
                ]
            },
            "properties": {
                "nom_de_l_operateur": "CIFAS - Centre international de Formation en arts du Spectacle",
                "domaine": "Interdisciplinaire",
                "adresse": "Rue de Flandre 46",
                "code_postal": "1000",
                "localite": "Bruxelles",
                "telephone": null,
                "courriel": "cifas@cifas.be",
                "site_web": "https:\/\/cifas.be\/fr\/",
                "statut_juridique": "asbl",
                "province": "Bruxelles-Capitale",
                "bassin_de_vie_fwb": "Bruxelles",
                "bce": "0428.403.270",
                "categorie_principale": "Structure de cr\u00e9ation et artistes",
                "empty": null,
                "type_d_aide": [
                    "Contrat-programme"
                ],
                "duree_du_contrat_annees": "3"
            }
        },
        {
            "type": "Feature",
            "geometry": {
                "type": "Point",
                "coordinates": [
                    4.867814423353487,
                    50.4642669443741
                ]
            },
            "properties": {
                "nom_de_l_operateur": "Compagnie Victor B",
                "domaine": "Art dramatique",
                "adresse": "Place du Th\u00e9\u00e2tre 2",
                "code_postal": "5000",
                "localite": "Namur",
                "telephone": null,
                "courriel": "info@victorb.be",
                "site_web": "http:\/\/victorb.be\/",
                "statut_juridique": "asbl",
                "province": "Namur",
                "bassin_de_vie_fwb": "Namur",
                "bce": "0452.732.553",
                "categorie_principale": "Structure de cr\u00e9ation et artistes",
                "empty": null,
                "type_d_aide": [
                    "Convention transversale"
                ],
                "duree_du_contrat_annees": "5"
            }
        },
        {
            "type": "Feature",
            "geometry": {
                "type": "Point",
                "coordinates": [
                    4.1835520973495,
                    50.4782886245717
                ]
            },
            "properties": {
                "nom_de_l_operateur": "Keramis",
                "domaine": "Arts Plastiques",
                "adresse": "Place des Fours-Bouteilles 1",
                "code_postal": "7100",
                "localite": "La Louvi\u00e8re",
                "telephone": "064 23 60 70",
                "courriel": "info@keramis.be",
                "site_web": "https:\/\/www.keramis.be\/",
                "statut_juridique": "asbl",
                "province": "Hainaut",
                "bassin_de_vie_fwb": "Hainaut Centre",
                "bce": "812152294",
                "categorie_principale": "Centre d'Art\/Lieu de diffusion",
                "empty": null,
                "type_d_aide": [
                    "Convention"
                ],
                "duree_du_contrat_annees": "4"
            }
        },
        {
            "type": "Feature",
            "geometry": {
                "type": "Point",
                "coordinates": [
                    4.352291854064062,
                    50.87262052061178
                ]
            },
            "properties": {
                "nom_de_l_operateur": "Kukaracha asbl",
                "domaine": "Art dramatique",
                "adresse": "Rue de Molenbeek\u00a0180",
                "code_postal": "1020",
                "localite": "Laeken",
                "telephone": null,
                "courriel": "asblwirikuta@gmail.com",
                "site_web": "https:\/\/www.wirikuta.be\/",
                "statut_juridique": "asbl",
                "province": "Bruxelles-Capitale",
                "bassin_de_vie_fwb": "Bruxelles",
                "bce": "0675.373.386",
                "categorie_principale": "Structure de cr\u00e9ation et artistes",
                "empty": null,
                "type_d_aide": [
                    "Contrat-programme"
                ],
                "duree_du_contrat_annees": "3"
            }
        },
        {
            "type": "Feature",
            "geometry": {
                "type": "Point",
                "coordinates": [
                    4.445330254033011,
                    50.40962914545188
                ]
            },
            "properties": {
                "nom_de_l_operateur": "L'ALBA Creative, Maison des Talents Partag\u00e9s",
                "domaine": "Pluridisciplinaire",
                "adresse": "Boulevard Audent 24",
                "code_postal": "6000",
                "localite": "Charleroi",
                "telephone": null,
                "courriel": "contact@alba-charleroi.org",
                "site_web": "http:\/\/alba-charleroi.org\/fr",
                "statut_juridique": "asbl",
                "province": "Hainaut",
                "bassin_de_vie_fwb": "Hainaut Sud",
                "bce": "0685.592.535",
                "categorie_principale": "Structure de service",
                "empty": null,
                "type_d_aide": [
                    "Contrat de diffusion"
                ],
                "duree_du_contrat_annees": "5"
            }
        },
        {
            "type": "Feature",
            "geometry": {
                "type": "Point",
                "coordinates": [
                    4.353814623039905,
                    50.8433517754524
                ]
            },
            "properties": {
                "nom_de_l_operateur": "Les Concerts de Midi asbl",
                "domaine": "Musique classique",
                "adresse": "Rue Lebeau 39",
                "code_postal": "1000",
                "localite": "Bruxelles",
                "telephone": "02 550 13 20",
                "courriel": "info@lunchconcerts-brussels.be",
                "site_web": "https:\/\/www.lunchconcerts-brussels.be\/",
                "statut_juridique": "asbl",
                "province": "Bruxelles-Capitale",
                "bassin_de_vie_fwb": "Bruxelles",
                "bce": "0408.170.654",
                "categorie_principale": "Agence, Promotion et Diffusion",
                "empty": null,
                "type_d_aide": [
                    "Contrat de diffusion"
                ],
                "duree_du_contrat_annees": "3"
            }
        },
        {
            "type": "Feature",
            "geometry": {
                "type": "Point",
                "coordinates": [
                    4.867868067530473,
                    50.46429426252835
                ]
            },
            "properties": {
                "nom_de_l_operateur": "Pool de mat\u00e9riel",
                "domaine": "Interdisciplinaire",
                "adresse": "Place du Th\u00e9\u00e2tre 2",
                "code_postal": "5000",
                "localite": "Namur",
                "telephone": null,
                "courriel": null,
                "site_web": null,
                "statut_juridique": "asbl",
                "province": "Namur",
                "bassin_de_vie_fwb": "Namur",
                "bce": "0478.843.567",
                "categorie_principale": "Structure de service",
                "empty": null,
                "type_d_aide": [
                    "Contrat-programme"
                ],
                "duree_du_contrat_annees": "1"
            }
        },
        {
            "type": "Feature",
            "geometry": {
                "type": "Point",
                "coordinates": [
                    4.857531696366319,
                    50.47115464271397
                ]
            },
            "properties": {
                "nom_de_l_operateur": "Th\u00e9\u00e2tre Jardin Passion",
                "domaine": "Art dramatique",
                "adresse": "Rue Marie-Henriette 39",
                "code_postal": "5000",
                "localite": "Namur",
                "telephone": null,
                "courriel": "info@theatrejardinpassion.be",
                "site_web": "https:\/\/theatrejardinpassion.be\/",
                "statut_juridique": "asbl",
                "province": "Namur",
                "bassin_de_vie_fwb": "Namur",
                "bce": "0454.018.792",
                "categorie_principale": "Centre d'Art\/Lieu de diffusion",
                "empty": null,
                "type_d_aide": [
                    "Contrat-programme"
                ],
                "duree_du_contrat_annees": "5"
            }
        },
        {
            "type": "Feature",
            "geometry": {
                "type": "Point",
                "coordinates": [
                    5.583842396378222,
                    50.64851972392959
                ]
            },
            "properties": {
                "nom_de_l_operateur": "Voix de Femmes asbl",
                "domaine": "Interdisciplinaire",
                "adresse": "Rue Saint-Thomas 32",
                "code_postal": "4000",
                "localite": "Li\u00e8ge",
                "telephone": "04 257 48 14",
                "courriel": "contact@voixdefemmes.org",
                "site_web": "https:\/\/voixdefemmes.org\/",
                "statut_juridique": "asbl",
                "province": "Li\u00e8ge",
                "bassin_de_vie_fwb": "Li\u00e8ge",
                "bce": "0455.612.562",
                "categorie_principale": "Festival",
                "empty": null,
                "type_d_aide": [
                    "Contrat-programme"
                ],
                "duree_du_contrat_annees": "5"
            }
        },
        {
            "type": "Feature",
            "geometry": {
                "type": "Point",
                "coordinates": [
                    4.353771055955257,
                    50.83329580184727
                ]
            },
            "properties": {
                "nom_de_l_operateur": "Ab Joy asbl",
                "domaine": "Arts forains, du cirque et de la rue",
                "adresse": "Rue de Suisse 9",
                "code_postal": "1060",
                "localite": "Saint-Gilles",
                "telephone": null,
                "courriel": "contact@abjoy.be",
                "site_web": "https:\/\/www.abjoy.be\/fr\/",
                "statut_juridique": "asbl",
                "province": "Bruxelles-Capitale",
                "bassin_de_vie_fwb": "Bruxelles",
                "bce": "0886.290.681",
                "categorie_principale": "Agence, Promotion et Diffusion",
                "empty": null,
                "type_d_aide": [
                    "Convention transversale"
                ],
                "duree_du_contrat_annees": "3"
            }
        },
        {
            "type": "Feature",
            "geometry": {
                "type": "Point",
                "coordinates": [
                    5.861914623361565,
                    50.58467309024841
                ]
            },
            "properties": {
                "nom_de_l_operateur": "Cie Ah mon amour",
                "domaine": "Arts forains, du cirque et de la rue",
                "adresse": "Place Vieuxtemps 7",
                "code_postal": "4800",
                "localite": "Verviers",
                "telephone": "087 22 23 10",
                "courriel": "info@cie-ahmonamour.com",
                "site_web": "https:\/\/www.cie-ahmonamour.com\/",
                "statut_juridique": "asbl",
                "province": "Li\u00e8ge",
                "bassin_de_vie_fwb": "Verviers",
                "bce": "0864.002.061",
                "categorie_principale": "Structure de cr\u00e9ation et artistes",
                "empty": null,
                "type_d_aide": [
                    "Contrat-programme"
                ],
                "duree_du_contrat_annees": "5"
            }
        },
        {
            "type": "Feature",
            "geometry": {
                "type": "Point",
                "coordinates": [
                    4.3036150368726345,
                    50.84184131894635
                ]
            },
            "properties": {
                "nom_de_l_operateur": "Compagnie Chaliwat\u00e9",
                "domaine": "Art dramatique",
                "adresse": "Boulevard Prince de Li\u00e8ge 176",
                "code_postal": "1070",
                "localite": "Anderlecht",
                "telephone": null,
                "courriel": "contact@chaliwate.com",
                "site_web": "http:\/\/www.chaliwate.com\/",
                "statut_juridique": "asbl",
                "province": "Bruxelles-Capitale",
                "bassin_de_vie_fwb": "Bruxelles",
                "bce": "0651.911.957",
                "categorie_principale": "Structure de cr\u00e9ation et artistes",
                "empty": null,
                "type_d_aide": [
                    "Contrat de cr\u00e9ation"
                ],
                "duree_du_contrat_annees": "5"
            }
        },
        {
            "type": "Feature",
            "geometry": {
                "type": "Point",
                "coordinates": [
                    5.59645256569587,
                    50.660789396507326
                ]
            },
            "properties": {
                "nom_de_l_operateur": "DeFO asbl",
                "domaine": "Art dramatique",
                "adresse": "Boulevard Ernest Solvay 493",
                "code_postal": "4000",
                "localite": "Li\u00e8ge",
                "telephone": null,
                "courriel": "asbl.defo@gmail.com",
                "site_web": "https:\/\/www.asbldefo.com\/",
                "statut_juridique": "asbl",
                "province": "Li\u00e8ge",
                "bassin_de_vie_fwb": "Li\u00e8ge",
                "bce": "0666.861.835",
                "categorie_principale": "Structure de service",
                "empty": null,
                "type_d_aide": [
                    "Contrat de services"
                ],
                "duree_du_contrat_annees": "3"
            }
        },
        {
            "type": "Feature",
            "geometry": {
                "type": "Point",
                "coordinates": [
                    4.663613425213795,
                    50.65138771145944
                ]
            },
            "properties": {
                "nom_de_l_operateur": "DP Prod",
                "domaine": "Humour",
                "adresse": "Rue Haute\u00a0115",
                "code_postal": "1435",
                "localite": "Mont-Saint-Guibert",
                "telephone": "010 65 69 64",
                "courriel": null,
                "site_web": null,
                "statut_juridique": "srl",
                "province": "Brabant wallon",
                "bassin_de_vie_fwb": "Brabant wallon",
                "bce": "0688.531.833",
                "categorie_principale": "Agence, Promotion et Diffusion",
                "empty": null,
                "type_d_aide": [
                    "Contrat de cr\u00e9ation"
                ],
                "duree_du_contrat_annees": "3"
            }
        },
        {
            "type": "Feature",
            "geometry": {
                "type": "Point",
                "coordinates": [
                    4.605880182879317,
                    50.573014575974604
                ]
            },
            "properties": {
                "nom_de_l_operateur": "Ensemble 21",
                "domaine": "Musique contemporaine",
                "adresse": "Rue des Anciens Combattants 15",
                "code_postal": "1450",
                "localite": "Chastre",
                "telephone": null,
                "courriel": "ensemble21coordination@gmail.com",
                "site_web": "https:\/\/www.ensemble21.be",
                "statut_juridique": "asbl",
                "province": "Brabant wallon",
                "bassin_de_vie_fwb": "Brabant wallon",
                "bce": "0871.998.425",
                "categorie_principale": "Structure de cr\u00e9ation et artistes",
                "empty": null,
                "type_d_aide": [
                    "Contrat de cr\u00e9ation"
                ],
                "duree_du_contrat_annees": "3"
            }
        },
        {
            "type": "Feature",
            "geometry": {
                "type": "Point",
                "coordinates": [
                    4.3591869810493025,
                    50.836837983702644
                ]
            },
            "properties": {
                "nom_de_l_operateur": "Muziekpublique",
                "domaine": "Musiques actuelles",
                "adresse": "Rue des chevaliers 4",
                "code_postal": "1050",
                "localite": "Ixelles",
                "telephone": "02 217 26 00",
                "courriel": "info@muziekpublique.be",
                "site_web": "https:\/\/muziekpublique.be",
                "statut_juridique": "asbl",
                "province": "Bruxelles-Capitale",
                "bassin_de_vie_fwb": "Bruxelles",
                "bce": "0475.962.172",
                "categorie_principale": "Agence, Promotion et Diffusion",
                "empty": null,
                "type_d_aide": [
                    "Contrat de services"
                ],
                "duree_du_contrat_annees": "5"
            }
        },
        {
            "type": "Feature",
            "geometry": {
                "type": "Point",
                "coordinates": [
                    3.365636396373617,
                    50.579714264547746
                ]
            },
            "properties": {
                "nom_de_l_operateur": "On Ere Asbl",
                "domaine": "Musiques actuelles",
                "adresse": "Rue de Willemeau 21",
                "code_postal": "7500",
                "localite": "Tournai",
                "telephone": null,
                "courriel": "Info@lesgensdere.be",
                "site_web": "https:\/\/www.lesgensdere.be\/",
                "statut_juridique": "asbl",
                "province": "Hainaut",
                "bassin_de_vie_fwb": "Wallonie picarde",
                "bce": "0649.986.508",
                "categorie_principale": "Agence, Promotion et Diffusion",
                "empty": null,
                "type_d_aide": [
                    "Convention"
                ],
                "duree_du_contrat_annees": "3"
            }
        },
        {
            "type": "Feature",
            "geometry": {
                "type": "Point",
                "coordinates": [
                    3.923406711719868,
                    50.64996563098815
                ]
            },
            "properties": {
                "nom_de_l_operateur": "Printemps Musical de Silly",
                "domaine": "Musique classique",
                "adresse": "Rue de la Station 6",
                "code_postal": "7830",
                "localite": "Silly",
                "telephone": null,
                "courriel": "info@printempsmusicalsilly.be",
                "site_web": "https:\/\/www.printempsmusicalsilly.be\/",
                "statut_juridique": "asbl",
                "province": "Hainaut",
                "bassin_de_vie_fwb": "Wallonie picarde",
                "bce": "0476.855.760",
                "categorie_principale": "Festival",
                "empty": null,
                "type_d_aide": [
                    "Convention transversale"
                ],
                "duree_du_contrat_annees": "3"
            }
        },
        {
            "type": "Feature",
            "geometry": {
                "type": "Point",
                "coordinates": [
                    4.326797838719854,
                    50.8334705978884
                ]
            },
            "properties": {
                "nom_de_l_operateur": "Aperohit",
                "domaine": "Musiques actuelles",
                "adresse": "Rue Bara 175",
                "code_postal": "1070",
                "localite": "Anderlecht",
                "telephone": "02 560 21 31",
                "courriel": "info@aperohit.com",
                "site_web": "https:\/\/aperohit.com\/",
                "statut_juridique": "asbl",
                "province": "Bruxelles-Capitale",
                "bassin_de_vie_fwb": "Bruxelles",
                "bce": "00849.426.822",
                "categorie_principale": "Structure de cr\u00e9ation et artistes",
                "empty": null,
                "type_d_aide": [
                    "Contrat-programme"
                ],
                "duree_du_contrat_annees": "3"
            }
        },
        {
            "type": "Feature",
            "geometry": {
                "type": "Point",
                "coordinates": [
                    4.339312581049932,
                    50.84630490468856
                ]
            },
            "properties": {
                "nom_de_l_operateur": "Article 27 asbl",
                "domaine": "Pluridisciplinaire",
                "adresse": "Rue de la Senne\u00a081",
                "code_postal": "1000",
                "localite": "Bruxelles",
                "telephone": "02 646 30 28",
                "courriel": "bruxelles@article27.be",
                "site_web": "http:\/\/www.article27.be",
                "statut_juridique": "asbl",
                "province": "Bruxelles-Capitale",
                "bassin_de_vie_fwb": "Bruxelles",
                "bce": "0469.754.271",
                "categorie_principale": "Structure de service",
                "empty": null,
                "type_d_aide": [
                    "Convention"
                ],
                "duree_du_contrat_annees": "5"
            }
        },
        {
            "type": "Feature",
            "geometry": {
                "type": "Point",
                "coordinates": [
                    4.34231512522777,
                    50.85891155758321
                ]
            },
            "properties": {
                "nom_de_l_operateur": "Asbl Aubergine Artist Management",
                "domaine": "Musiques actuelles",
                "adresse": "Rue Adolphe Lavall\u00e9e 39",
                "code_postal": "1080",
                "localite": "Molenbeek-Saint-Jean",
                "telephone": null,
                "courriel": "info@aubergineartistmanagement.com",
                "site_web": "https:\/\/www.aubergineartistmanagement.com\/",
                "statut_juridique": "asbl",
                "province": "Bruxelles-Capitale",
                "bassin_de_vie_fwb": "Bruxelles",
                "bce": "0886.570.694",
                "categorie_principale": "Agence, Promotion et Diffusion",
                "empty": null,
                "type_d_aide": [
                    "Contrat de services"
                ],
                "duree_du_contrat_annees": "3"
            }
        },
        {
            "type": "Feature",
            "geometry": {
                "type": "Point",
                "coordinates": [
                    4.330571784791422,
                    50.86849789961407
                ]
            },
            "properties": {
                "nom_de_l_operateur": "Asbl Culte",
                "domaine": "Musiques actuelles",
                "adresse": "Rue de Moranville 24",
                "code_postal": "1090",
                "localite": "Jette",
                "telephone": null,
                "courriel": "agency@culte.be",
                "site_web": null,
                "statut_juridique": "asbl",
                "province": "Bruxelles-Capitale",
                "bassin_de_vie_fwb": "Bruxelles",
                "bce": "0811.619.586",
                "categorie_principale": "Agence, Promotion et Diffusion",
                "empty": null,
                "type_d_aide": [
                    "Contrat de diffusion"
                ],
                "duree_du_contrat_annees": "5"
            }
        },
        {
            "type": "Feature",
            "geometry": {
                "type": "Point",
                "coordinates": [
                    4.376737638722677,
                    50.87578655041005
                ]
            },
            "properties": {
                "nom_de_l_operateur": "Compagnie Albertine",
                "domaine": "Art dramatique",
                "adresse": "Rue Max Roos 34",
                "code_postal": "1030",
                "localite": "Schaerbeek",
                "telephone": null,
                "courriel": "albertineasbl@gmail.com",
                "site_web": "https:\/\/www.compagniealbertine.be\/",
                "statut_juridique": "asbl",
                "province": "Bruxelles-Capitale",
                "bassin_de_vie_fwb": "Bruxelles",
                "bce": "0465.164.785",
                "categorie_principale": "Structure de cr\u00e9ation et artistes",
                "empty": null,
                "type_d_aide": [
                    "Contrat de cr\u00e9ation"
                ],
                "duree_du_contrat_annees": "3"
            }
        },
        {
            "type": "Feature",
            "geometry": {
                "type": "Point",
                "coordinates": [
                    4.3267326675547295,
                    50.8256380251765
                ]
            },
            "properties": {
                "nom_de_l_operateur": "Compagnie Les \u00c9trangers",
                "domaine": "Art dramatique",
                "adresse": "Avenue Van Volxem\u00a0383",
                "code_postal": "1190",
                "localite": "Forest",
                "telephone": null,
                "courriel": "lesetrangersasbl@gmail.com",
                "site_web": "https:\/\/alorscollectif.wixsite.com\/wbwf\/compagnie-les-trangers",
                "statut_juridique": "asbl",
                "province": "Bruxelles-Capitale",
                "bassin_de_vie_fwb": "Bruxelles",
                "bce": "0838.670.017",
                "categorie_principale": "Structure de cr\u00e9ation et artistes",
                "empty": null,
                "type_d_aide": [
                    "Contrat de cr\u00e9ation"
                ],
                "duree_du_contrat_annees": "3"
            }
        },
        {
            "type": "Feature",
            "geometry": {
                "type": "Point",
                "coordinates": [
                    5.68534028103479,
                    50.621369908363874
                ]
            },
            "properties": {
                "nom_de_l_operateur": "Concerts de Midi de la Ville de Li\u00e8ge",
                "domaine": "Musique classique",
                "adresse": "Rue de Jupille\u00a07",
                "code_postal": "4620",
                "localite": "Fl\u00e9ron",
                "telephone": null,
                "courriel": "pierreuse@gmail.com",
                "site_web": "http:\/\/midiliege.be",
                "statut_juridique": "asbl",
                "province": "Li\u00e8ge",
                "bassin_de_vie_fwb": "Li\u00e8ge",
                "bce": "0410.086.405",
                "categorie_principale": "Centre d'Art\/Lieu de diffusion",
                "empty": null,
                "type_d_aide": [
                    "Contrat-programme"
                ],
                "duree_du_contrat_annees": "5"
            }
        },
        {
            "type": "Feature",
            "geometry": {
                "type": "Point",
                "coordinates": [
                    4.822371854030944,
                    50.37882915110097
                ]
            },
            "properties": {
                "nom_de_l_operateur": "D\u00e9couvrez-vous !",
                "domaine": "Pluridisciplinaire",
                "adresse": "Rue Abb\u00e9 Istasse 1a",
                "code_postal": "5170",
                "localite": "Bois-de-Villers",
                "telephone": null,
                "courriel": "festivaldecouvrezvous@gmail.com",
                "site_web": "https:\/\/www.decouvrez-vous.be\/",
                "statut_juridique": "asbl",
                "province": "Namur",
                "bassin_de_vie_fwb": "Namur",
                "bce": "0689.849.152",
                "categorie_principale": "Festival",
                "empty": null,
                "type_d_aide": [
                    "Convention transversale"
                ],
                "duree_du_contrat_annees": "5"
            }
        },
        {
            "type": "Feature",
            "geometry": {
                "type": "Point",
                "coordinates": [
                    4.908704082928689,
                    50.26439568853434
                ]
            },
            "properties": {
                "nom_de_l_operateur": "D'Jazz",
                "domaine": "Musiques actuelles",
                "adresse": "Rue L\u00e9opold et Victorien Barr\u00e9\u00a035",
                "code_postal": "5500",
                "localite": "Dinant",
                "telephone": null,
                "courriel": "info@dinantjazz.com",
                "site_web": "https:\/\/www.dinantjazz.com\/",
                "statut_juridique": "asbl",
                "province": "Namur",
                "bassin_de_vie_fwb": "Namur",
                "bce": "0649.771.029",
                "categorie_principale": "Festival",
                "empty": null,
                "type_d_aide": [
                    "Contrat-programme"
                ],
                "duree_du_contrat_annees": "5"
            }
        },
        {
            "type": "Feature",
            "geometry": {
                "type": "Point",
                "coordinates": [
                    4.336208969404343,
                    50.852969203216944
                ]
            },
            "properties": {
                "nom_de_l_operateur": "Enthusiast Music",
                "domaine": "Musiques actuelles",
                "adresse": "Rue Ransfort 25",
                "code_postal": "1080",
                "localite": "Molenbeek-Saint-Jean",
                "telephone": null,
                "courriel": "info@enthusiastmusic.com",
                "site_web": "https:\/\/www.enthusiastmusic.com\/",
                "statut_juridique": "asbl",
                "province": "Bruxelles-Capitale",
                "bassin_de_vie_fwb": "Bruxelles",
                "bce": "0743.763.930",
                "categorie_principale": "Agence, Promotion et Diffusion",
                "empty": null,
                "type_d_aide": [
                    "Contrat-programme",
                    "contrat de diffusion"
                ],
                "duree_du_contrat_annees": "3"
            }
        },
        {
            "type": "Feature",
            "geometry": {
                "type": "Point",
                "coordinates": [
                    5.865796281031843,
                    50.57728306239226
                ]
            },
            "properties": {
                "nom_de_l_operateur": "Festival International du Rire de Li\u00e8ge",
                "domaine": "Humour",
                "adresse": "Chauss\u00e9e de Theux 87",
                "code_postal": "4802",
                "localite": "Heusy",
                "telephone": "02 347 64 83",
                "courriel": "info@firl.be",
                "site_web": "https:\/\/www.festivalrireliege.com\/",
                "statut_juridique": null,
                "province": "Li\u00e8ge",
                "bassin_de_vie_fwb": "Verviers",
                "bce": "0823.893.353",
                "categorie_principale": "Festival",
                "empty": null,
                "type_d_aide": [
                    "Contrat de diffusion"
                ],
                "duree_du_contrat_annees": "3"
            }
        },
        {
            "type": "Feature",
            "geometry": {
                "type": "Point",
                "coordinates": [
                    4.676326038698445,
                    50.51443118381383
                ]
            },
            "properties": {
                "nom_de_l_operateur": "Jazz9 asbl",
                "domaine": "Musiques actuelles",
                "adresse": "Rue de l'Usine 9A",
                "code_postal": "5032",
                "localite": "Mazy",
                "telephone": "081 75 11 18",
                "courriel": "hello@jazz9-mazy.org",
                "site_web": "https:\/\/jazz9-mazy.org",
                "statut_juridique": "asbl",
                "province": "Namur",
                "bassin_de_vie_fwb": "Namur",
                "bce": "0870.942.115",
                "categorie_principale": "Structure de cr\u00e9ation et artistes",
                "empty": null,
                "type_d_aide": [
                    "Convention"
                ],
                "duree_du_contrat_annees": "5"
            }
        },
        {
            "type": "Feature",
            "geometry": {
                "type": "Point",
                "coordinates": [
                    4.352291854064062,
                    50.87262052061178
                ]
            },
            "properties": {
                "nom_de_l_operateur": "La Brute",
                "domaine": "Art dramatique",
                "adresse": "Rue de Molenbeek 180",
                "code_postal": "1020",
                "localite": "Laeken",
                "telephone": null,
                "courriel": "labruteasbl@gmail.com",
                "site_web": "https:\/\/www.wirikuta.be\/la-brute\/",
                "statut_juridique": "asbl",
                "province": "Bruxelles-Capitale",
                "bassin_de_vie_fwb": "Bruxelles",
                "bce": "0635.863.605",
                "categorie_principale": "Structure de cr\u00e9ation et artistes",
                "empty": null,
                "type_d_aide": [
                    "Convention"
                ],
                "duree_du_contrat_annees": "3"
            }
        },
        {
            "type": "Feature",
            "geometry": {
                "type": "Point",
                "coordinates": [
                    4.1140130387075375,
                    50.649930925673324
                ]
            },
            "properties": {
                "nom_de_l_operateur": "La Compagnie du Vendredi",
                "domaine": "Art dramatique",
                "adresse": "Chemin Saint-Hubert 4",
                "code_postal": "1430",
                "localite": "Rebecq",
                "telephone": null,
                "courriel": "info@compagnieduvendredi.be",
                "site_web": "https:\/\/www.compagnieduvendredi.be\/",
                "statut_juridique": "asbl",
                "province": "Brabant wallon",
                "bassin_de_vie_fwb": "Brabant wallon",
                "bce": "0501.910.563",
                "categorie_principale": "Structure de cr\u00e9ation et artistes",
                "empty": null,
                "type_d_aide": [
                    "Contrat-programme"
                ],
                "duree_du_contrat_annees": "5"
            }
        },
        {
            "type": "Feature",
            "geometry": {
                "type": "Point",
                "coordinates": [
                    4.348838078077874,
                    50.84157414056526
                ]
            },
            "properties": {
                "nom_de_l_operateur": "Les Brigittines asbl",
                "domaine": "Arts chor\u00e9graphiques",
                "adresse": "Place Akarova 1",
                "code_postal": "1000",
                "localite": "Bruxelles",
                "telephone": "02 213 86 10",
                "courriel": "info@brigittines.be",
                "site_web": "https:\/\/www.brigittines.be\/",
                "statut_juridique": "asbl",
                "province": "Bruxelles-Capitale",
                "bassin_de_vie_fwb": "Bruxelles",
                "bce": "0461.140.275",
                "categorie_principale": "Structure de cr\u00e9ation et artistes",
                "empty": null,
                "type_d_aide": [
                    "Convention"
                ],
                "duree_du_contrat_annees": "5"
            }
        },
        {
            "type": "Feature",
            "geometry": {
                "type": "Point",
                "coordinates": [
                    4.369427287712871,
                    50.8601655270711
                ]
            },
            "properties": {
                "nom_de_l_operateur": "Les Halles de Schaerbeek asbl",
                "domaine": "Interdisciplinaire",
                "adresse": "Rue de la Constitution 20",
                "code_postal": "1030",
                "localite": "Schaerbeek",
                "telephone": "02 227 59 60",
                "courriel": "info@halles.be",
                "site_web": "https:\/\/www.halles.be\/",
                "statut_juridique": "asbl",
                "province": "Bruxelles-Capitale",
                "bassin_de_vie_fwb": "Bruxelles",
                "bce": "0417.581.139",
                "categorie_principale": "Centre d'Art\/Lieu de diffusion",
                "empty": null,
                "type_d_aide": [
                    "Contrat-programme"
                ],
                "duree_du_contrat_annees": "5"
            }
        },
        {
            "type": "Feature",
            "geometry": {
                "type": "Point",
                "coordinates": [
                    4.348504881051599,
                    50.87115543718664
                ]
            },
            "properties": {
                "nom_de_l_operateur": "Les Muffatti",
                "domaine": "Musique classique",
                "adresse": "Rue Dieudonn\u00e9 Lef\u00e8vre 4",
                "code_postal": "1020",
                "localite": "Bruxelles",
                "telephone": null,
                "courriel": "info@lesmuffatti.be",
                "site_web": "https:\/\/www.lesmuffatti.be\/",
                "statut_juridique": "asbl",
                "province": "Bruxelles-Capitale",
                "bassin_de_vie_fwb": "Bruxelles",
                "bce": "0464.123.422",
                "categorie_principale": "Structure de cr\u00e9ation et artistes",
                "empty": null,
                "type_d_aide": [
                    "Contrat de cr\u00e9ation"
                ],
                "duree_du_contrat_annees": "5"
            }
        },
        {
            "type": "Feature",
            "geometry": {
                "type": "Point",
                "coordinates": [
                    5.579557767542755,
                    50.647366542352785
                ]
            },
            "properties": {
                "nom_de_l_operateur": "Les Drapiers",
                "domaine": "Arts Plastiques",
                "adresse": "Rue Hors-Ch\u00e2teau 68",
                "code_postal": "4000",
                "localite": "Li\u00e8ge",
                "telephone": "04 222 37 53",
                "courriel": "bonjour@lesdrapiers.be",
                "site_web": "https:\/\/www.lesdrapiers.be\/",
                "statut_juridique": "asbl",
                "province": "Li\u00e8ge",
                "bassin_de_vie_fwb": "Li\u00e8ge",
                "bce": "0425.999.056",
                "categorie_principale": "Centre d'Art\/Lieu de diffusion",
                "empty": null,
                "type_d_aide": [
                    "Convention"
                ],
                "duree_du_contrat_annees": "4"
            }
        },
        {
            "type": "Feature",
            "geometry": {
                "type": "Point",
                "coordinates": [
                    4.351509952214962,
                    50.85268130426197
                ]
            },
            "properties": {
                "nom_de_l_operateur": "m&ART-madewithheART",
                "domaine": "Pluridisciplinaire",
                "adresse": "Rue des Hirondelles 17",
                "code_postal": "1000",
                "localite": "Bruxelles",
                "telephone": null,
                "courriel": "madewithheart.ca@gmail.com",
                "site_web": "https:\/\/www.madewithheartasbl.com\/",
                "statut_juridique": "asbl",
                "province": "Bruxelles-Capitale",
                "bassin_de_vie_fwb": "Bruxelles",
                "bce": "0645.805.610",
                "categorie_principale": "Structure de cr\u00e9ation et artistes",
                "empty": null,
                "type_d_aide": [
                    "Contrat-programme"
                ],
                "duree_du_contrat_annees": "5"
            }
        },
        {
            "type": "Feature",
            "geometry": {
                "type": "Point",
                "coordinates": [
                    4.329752138718397,
                    50.81163333979976
                ]
            },
            "properties": {
                "nom_de_l_operateur": "Niels asbl-Compagnie Olga de Soto",
                "domaine": "Arts chor\u00e9graphiques",
                "adresse": "Avenue Ulysse 4 bte 7",
                "code_postal": "1190",
                "localite": "Forest",
                "telephone": null,
                "courriel": "productionniels@gmail.com",
                "site_web": "https:\/\/www.olgadesoto.com\/",
                "statut_juridique": "asbl",
                "province": "Bruxelles-Capitale",
                "bassin_de_vie_fwb": "Bruxelles",
                "bce": "0450.991.008",
                "categorie_principale": "Structure de cr\u00e9ation et artistes",
                "empty": null,
                "type_d_aide": [
                    "Contrat de cr\u00e9ation"
                ],
                "duree_du_contrat_annees": "3"
            }
        },
        {
            "type": "Feature",
            "geometry": {
                "type": "Point",
                "coordinates": [
                    5.570100494530096,
                    50.643423859139325
                ]
            },
            "properties": {
                "nom_de_l_operateur": "ORW - Op\u00e9ra Royal de Wallonie",
                "domaine": "Musique classique",
                "adresse": "Rue des Dominicains 1",
                "code_postal": "4000",
                "localite": "Li\u00e8ge",
                "telephone": "04 221 47 22",
                "courriel": "info@operaliege.be",
                "site_web": "https:\/\/www.operaliege.be\/",
                "statut_juridique": "asbl",
                "province": "Li\u00e8ge",
                "bassin_de_vie_fwb": "Li\u00e8ge",
                "bce": "0426.262.540",
                "categorie_principale": "Centre d'Art\/Lieu de diffusion",
                "empty": null,
                "type_d_aide": [
                    "Contrat de cr\u00e9ation"
                ],
                "duree_du_contrat_annees": "5"
            }
        },
        {
            "type": "Feature",
            "geometry": {
                "type": "Point",
                "coordinates": [
                    4.367170925224865,
                    50.81605937991254
                ]
            },
            "properties": {
                "nom_de_l_operateur": "Plagiarama Gallery",
                "domaine": "Arts Plastiques",
                "adresse": "Rivoli Building C24-Chauss\u00e9e de Waterloo 690",
                "code_postal": "1180",
                "localite": "Uccle",
                "telephone": null,
                "courriel": "plagiarama@gmail.com",
                "site_web": "http:\/\/plagiarama.com\/",
                "statut_juridique": "asbl",
                "province": "Bruxelles-Capitale",
                "bassin_de_vie_fwb": "Bruxelles",
                "bce": "0507.817.071",
                "categorie_principale": "Centre d'Art\/Lieu de diffusion",
                "empty": null,
                "type_d_aide": [
                    "Convention"
                ],
                "duree_du_contrat_annees": "4"
            }
        },
        {
            "type": "Feature",
            "geometry": {
                "type": "Point",
                "coordinates": [
                    4.359474538719875,
                    50.8340120439527
                ]
            },
            "properties": {
                "nom_de_l_operateur": "RAC - R\u00e9seau des Arts Chor\u00e9graphiques",
                "domaine": "Arts chor\u00e9graphiques",
                "adresse": "Rue du Prince Royal 87",
                "code_postal": "1050",
                "localite": "Ixelles",
                "telephone": null,
                "courriel": "info@larac.be",
                "site_web": "https:\/\/larac.be\/",
                "statut_juridique": "asbl",
                "province": "Bruxelles-Capitale",
                "bassin_de_vie_fwb": "Bruxelles",
                "bce": "0478.456.062",
                "categorie_principale": "F\u00e9d\u00e9ration",
                "empty": null,
                "type_d_aide": [
                    "Contrat de cr\u00e9ation"
                ],
                "duree_du_contrat_annees": "5"
            }
        },
        {
            "type": "Feature",
            "geometry": {
                "type": "Point",
                "coordinates": [
                    4.328669011733203,
                    50.84772717417805
                ]
            },
            "properties": {
                "nom_de_l_operateur": "Recyclart asbl",
                "domaine": "Pluridisciplinaire",
                "adresse": "Rue de Manchester\u00a013-15",
                "code_postal": "1080",
                "localite": "Molenbeek-Saint-Jean",
                "telephone": "02 502 57 34",
                "courriel": "info@recyclart.be",
                "site_web": "https:\/\/recyclart.be\/",
                "statut_juridique": "asbl",
                "province": "Bruxelles-Capitale",
                "bassin_de_vie_fwb": "Bruxelles",
                "bce": "0462.375.838",
                "categorie_principale": "Centre d'Art\/Lieu de diffusion",
                "empty": null,
                "type_d_aide": [
                    "Convention"
                ],
                "duree_du_contrat_annees": "5"
            }
        },
        {
            "type": "Feature",
            "geometry": {
                "type": "Point",
                "coordinates": [
                    4.367449396390879,
                    50.83657840622355
                ]
            },
            "properties": {
                "nom_de_l_operateur": "Scherzi Musicali",
                "domaine": "Musique classique",
                "adresse": "Chauss\u00e9e de Wavre 122",
                "code_postal": "1050",
                "localite": "Ixelles",
                "telephone": null,
                "courriel": null,
                "site_web": "https:\/\/www.scherzimusicali.be\/",
                "statut_juridique": "asbl",
                "province": "Bruxelles-Capitale",
                "bassin_de_vie_fwb": "Bruxelles",
                "bce": "0873.644.851",
                "categorie_principale": "Structure de cr\u00e9ation et artistes",
                "empty": null,
                "type_d_aide": [
                    "Contrat de cr\u00e9ation"
                ],
                "duree_du_contrat_annees": "5"
            }
        },
        {
            "type": "Feature",
            "geometry": {
                "type": "Point",
                "coordinates": [
                    4.443145338691532,
                    50.41154497764563
                ]
            },
            "properties": {
                "nom_de_l_operateur": "The\u00e2tre de La Guimbarde",
                "domaine": "Th\u00e9\u00e2tre Jeune Public",
                "adresse": "Rue des Gardes 2 bte 013",
                "code_postal": "6000",
                "localite": "Charleroi",
                "telephone": "071 15 81 52",
                "courriel": "contact@laguimbarde.be",
                "site_web": "https:\/\/laguimbarde.be\/",
                "statut_juridique": "asbl",
                "province": "Hainaut",
                "bassin_de_vie_fwb": "Hainaut Sud",
                "bce": "0414.748.541",
                "categorie_principale": "Structure de cr\u00e9ation et artistes",
                "empty": null,
                "type_d_aide": [
                    "Contrat-programme"
                ],
                "duree_du_contrat_annees": "5"
            }
        },
        {
            "type": "Feature",
            "geometry": {
                "type": "Point",
                "coordinates": [
                    4.794487354057066,
                    50.7681949117701
                ]
            },
            "properties": {
                "nom_de_l_operateur": "Th\u00e9\u00e2tre des Quatre Mains",
                "domaine": "Th\u00e9\u00e2tre Jeune Public",
                "adresse": "Rue Longue 152",
                "code_postal": "1320",
                "localite": "Beauvechain",
                "telephone": "010 86 07 31",
                "courriel": "infos@4mains.be",
                "site_web": "https:\/\/theatre4mains.be\/",
                "statut_juridique": "asbl",
                "province": "Brabant wallon",
                "bassin_de_vie_fwb": "Brabant wallon",
                "bce": "0425.433.288",
                "categorie_principale": "Structure de cr\u00e9ation et artistes",
                "empty": null,
                "type_d_aide": [
                    "Contrat-programme"
                ],
                "duree_du_contrat_annees": "5"
            }
        },
        {
            "type": "Feature",
            "geometry": {
                "type": "Point",
                "coordinates": [
                    4.336772954061239,
                    50.830435078834256
                ]
            },
            "properties": {
                "nom_de_l_operateur": "Th\u00e9\u00e2tre et R\u00e9conciliation",
                "domaine": "Th\u00e9\u00e2tre Action",
                "adresse": "Rue Th\u00e9odore Verhaegen 158",
                "code_postal": "1060",
                "localite": "Saint-Gilles",
                "telephone": null,
                "courriel": "info@theatrereconciliation.org",
                "site_web": "https:\/\/www.theatrereconciliation.org\/",
                "statut_juridique": "asbl",
                "province": "Bruxelles-Capitale",
                "bassin_de_vie_fwb": "Bruxelles",
                "bce": "0454.298.015",
                "categorie_principale": "Structure de service",
                "empty": null,
                "type_d_aide": [
                    "Contrat-programme"
                ],
                "duree_du_contrat_annees": "5"
            }
        },
        {
            "type": "Feature",
            "geometry": {
                "type": "Point",
                "coordinates": [
                    4.365692211733071,
                    50.84588163455205
                ]
            },
            "properties": {
                "nom_de_l_operateur": "Th\u00e9\u00e2tre Royal du Parc",
                "domaine": "Art dramatique",
                "adresse": "Rue de la Loi 3",
                "code_postal": "1000",
                "localite": "Bruxelles",
                "telephone": "02 505 30 40",
                "courriel": "info@theatreduparc.be",
                "site_web": "https:\/\/www.theatreduparc.be\/",
                "statut_juridique": "Fondation d'utilit\u00e9 publique",
                "province": "Bruxelles-Capitale",
                "bassin_de_vie_fwb": "Bruxelles",
                "bce": "0416.242.539",
                "categorie_principale": "Centre d'Art\/Lieu de diffusion",
                "empty": null,
                "type_d_aide": [
                    "Contrat-programme"
                ],
                "duree_du_contrat_annees": "5"
            }
        },
        {
            "type": "Feature",
            "geometry": {
                "type": "Point",
                "coordinates": [
                    5.565703954048588,
                    50.64241295124358
                ]
            },
            "properties": {
                "nom_de_l_operateur": "Wagon Torpille asbl",
                "domaine": "Musiques actuelles",
                "adresse": "Boulevard de la Sauveni\u00e8re 118",
                "code_postal": "4000",
                "localite": "Li\u00e8ge",
                "telephone": null,
                "courriel": "info@omconcerts.be",
                "site_web": "https:\/\/omconcerts.be\/",
                "statut_juridique": "asbl",
                "province": "Li\u00e8ge",
                "bassin_de_vie_fwb": "Li\u00e8ge",
                "bce": "0793.897.092",
                "categorie_principale": "Centre d'Art\/Lieu de diffusion",
                "empty": null,
                "type_d_aide": [
                    "Contrat de services"
                ],
                "duree_du_contrat_annees": "3"
            }
        },
        {
            "type": "Feature",
            "geometry": {
                "type": "Point",
                "coordinates": [
                    4.321727738717502,
                    50.79879785639122
                ]
            },
            "properties": {
                "nom_de_l_operateur": "What's up asbl",
                "domaine": "Art dramatique",
                "adresse": "Rue du Merlo 37",
                "code_postal": "1180",
                "localite": "Uccle",
                "telephone": null,
                "courriel": "compagniewhatsup@gmail.com",
                "site_web": "https:\/\/www.compagniewhatsup.com\/",
                "statut_juridique": "asbl",
                "province": "Bruxelles-Capitale",
                "bassin_de_vie_fwb": "Bruxelles",
                "bce": "0823.232.763",
                "categorie_principale": "Structure de cr\u00e9ation et artistes",
                "empty": null,
                "type_d_aide": [
                    "Contrat de diffusion",
                    "convention"
                ],
                "duree_du_contrat_annees": "5"
            }
        },
        {
            "type": "Feature",
            "geometry": {
                "type": "Point",
                "coordinates": [
                    5.787478996368516,
                    50.503717448637495
                ]
            },
            "properties": {
                "nom_de_l_operateur": "Cie Arts & Couleurs",
                "domaine": "Th\u00e9\u00e2tre Jeune Public",
                "adresse": "Becco Village 30",
                "code_postal": "4910",
                "localite": "Theux",
                "telephone": null,
                "courriel": "info@artsetcouleurs.be",
                "site_web": "https:\/\/www.artsetcouleurs.be\/",
                "statut_juridique": "asbl",
                "province": "Li\u00e8ge",
                "bassin_de_vie_fwb": "Verviers",
                "bce": "0457.872.464",
                "categorie_principale": "Structure de cr\u00e9ation et artistes",
                "empty": null,
                "type_d_aide": [
                    "Contrat de cr\u00e9ation"
                ],
                "duree_du_contrat_annees": "5"
            }
        },
        {
            "type": "Feature",
            "geometry": {
                "type": "Point",
                "coordinates": [
                    4.582222825219399,
                    50.734587713520334
                ]
            },
            "properties": {
                "nom_de_l_operateur": "Del Diffusion",
                "domaine": "Art dramatique",
                "adresse": "Avenue V\u00e9sale 20",
                "code_postal": "1300",
                "localite": "Wavre",
                "telephone": "071 82 09 78",
                "courriel": "infos@deldiffusion.be",
                "site_web": "https:\/\/deldiffusion.be\/",
                "statut_juridique": "scrl",
                "province": "Brabant wallon",
                "bassin_de_vie_fwb": "Brabant wallon",
                "bce": "0432.058.487",
                "categorie_principale": "Agence, Promotion et Diffusion",
                "empty": null,
                "type_d_aide": [
                    "Contrat de diffusion"
                ],
                "duree_du_contrat_annees": "3"
            }
        },
        {
            "type": "Feature",
            "geometry": {
                "type": "Point",
                "coordinates": [
                    5.586174982884139,
                    50.64477235445353
                ]
            },
            "properties": {
                "nom_de_l_operateur": "Festival du Jeune th\u00e9\u00e2tre de Li\u00e8ge",
                "domaine": "Art dramatique",
                "adresse": "Rue Ransonnet 2",
                "code_postal": "4020",
                "localite": "Li\u00e8ge",
                "telephone": "04 343 42 47",
                "courriel": "info@festivaldeliege.be",
                "site_web": "https:\/\/www.festivaldeliege.be",
                "statut_juridique": "asbl",
                "province": "Li\u00e8ge",
                "bassin_de_vie_fwb": "Li\u00e8ge",
                "bce": "0419.304.274",
                "categorie_principale": "Festival",
                "empty": null,
                "type_d_aide": [
                    "Contrat de diffusion"
                ],
                "duree_du_contrat_annees": "5"
            }
        },
        {
            "type": "Feature",
            "geometry": {
                "type": "Point",
                "coordinates": [
                    4.51114175405412,
                    50.72448390966652
                ]
            },
            "properties": {
                "nom_de_l_operateur": "Kastafior",
                "domaine": "Musique contemporaine",
                "adresse": "Avenue Gevaert 260",
                "code_postal": "1332",
                "localite": "Genval",
                "telephone": "02 646 19 82",
                "courriel": "info@cypres-records.com",
                "site_web": "https:\/\/labelcypres.com\/",
                "statut_juridique": "sprl",
                "province": "Brabant wallon",
                "bassin_de_vie_fwb": "Brabant wallon",
                "bce": "0872.018.518",
                "categorie_principale": "Structure de service",
                "empty": null,
                "type_d_aide": [
                    "Convention"
                ],
                "duree_du_contrat_annees": "5"
            }
        },
        {
            "type": "Feature",
            "geometry": {
                "type": "Point",
                "coordinates": [
                    5.565661038706998,
                    50.64241295124358
                ]
            },
            "properties": {
                "nom_de_l_operateur": "Les Ardentes",
                "domaine": "Musiques actuelles",
                "adresse": "Boulevard de la Sauveni\u00e8re\u00a0118",
                "code_postal": "4000",
                "localite": "Li\u00e8ge",
                "telephone": "04 340 30 80",
                "courriel": "info@lesardentes.be",
                "site_web": "https:\/\/lesardentes.be\/",
                "statut_juridique": "sa",
                "province": "Li\u00e8ge",
                "bassin_de_vie_fwb": "Li\u00e8ge",
                "bce": "0806.356.347",
                "categorie_principale": "Festival",
                "empty": null,
                "type_d_aide": [
                    "Contrat-programme"
                ],
                "duree_du_contrat_annees": "5"
            }
        },
        {
            "type": "Feature",
            "geometry": {
                "type": "Point",
                "coordinates": [
                    5.577370023365625,
                    50.645382325371244
                ]
            },
            "properties": {
                "nom_de_l_operateur": "Les Brasseurs-art contemporain",
                "domaine": "Arts Plastiques",
                "adresse": "Rue du Pont 26-28",
                "code_postal": "4000",
                "localite": "Li\u00e8ge",
                "telephone": "04 221 41 91",
                "courriel": null,
                "site_web": "http:\/\/www.lesbrasseurs.org\/",
                "statut_juridique": "asbl",
                "province": "Li\u00e8ge",
                "bassin_de_vie_fwb": "Li\u00e8ge",
                "bce": "0451.613.291",
                "categorie_principale": "Centre d'Art\/Lieu de diffusion",
                "empty": null,
                "type_d_aide": [
                    "Convention"
                ],
                "duree_du_contrat_annees": "4"
            }
        },
        {
            "type": "Feature",
            "geometry": {
                "type": "Point",
                "coordinates": [
                    5.8176009963138995,
                    49.68313855548507
                ]
            },
            "properties": {
                "nom_de_l_operateur": "Losange asbl",
                "domaine": "Musiques actuelles",
                "adresse": "Rue Paul Reuter 13",
                "code_postal": "6700",
                "localite": "Arlon",
                "telephone": "063 45 60 84",
                "courriel": "info@losange.net",
                "site_web": "http:\/\/www.losange.net",
                "statut_juridique": "asbl",
                "province": "Luxembourg",
                "bassin_de_vie_fwb": "Luxembourg",
                "bce": "0453.980.883",
                "categorie_principale": "Centre d'Art\/Lieu de diffusion",
                "empty": null,
                "type_d_aide": [
                    "Contrat-programme"
                ],
                "duree_du_contrat_annees": "5"
            }
        },
        {
            "type": "Feature",
            "geometry": {
                "type": "Point",
                "coordinates": [
                    5.581578438707311,
                    50.6466911477861
                ]
            },
            "properties": {
                "nom_de_l_operateur": "Maison du Jazz de Li\u00e8ge et de la Communaut\u00e9 Fran\u00e7aise",
                "domaine": "Musiques actuelles",
                "adresse": "Rue sur les Foulons 11",
                "code_postal": "4000",
                "localite": "Li\u00e8ge",
                "telephone": "04 221 10 11",
                "courriel": "jazz@skynet.be",
                "site_web": "http:\/\/www.maisondujazz.be\/",
                "statut_juridique": "asbl",
                "province": "Li\u00e8ge",
                "bassin_de_vie_fwb": "Li\u00e8ge",
                "bce": "0458.811.384",
                "categorie_principale": "Structure de service",
                "empty": null,
                "type_d_aide": [
                    "Convention transversale"
                ],
                "duree_du_contrat_annees": "3"
            }
        },
        {
            "type": "Feature",
            "geometry": {
                "type": "Point",
                "coordinates": [
                    4.36735965221279,
                    50.820425187342025
                ]
            },
            "properties": {
                "nom_de_l_operateur": "Moquette Production",
                "domaine": "Th\u00e9\u00e2tre Jeune Public",
                "adresse": "Rue Van Eyck 11B",
                "code_postal": "1050",
                "localite": "Ixelles",
                "telephone": null,
                "courriel": "moquetteproduction@gmail.com",
                "site_web": "https:\/\/www.moquetteprod.be\/",
                "statut_juridique": "asbl",
                "province": "Bruxelles-Capitale",
                "bassin_de_vie_fwb": "Bruxelles",
                "bce": "0669.658.207",
                "categorie_principale": "Structure de cr\u00e9ation et artistes",
                "empty": null,
                "type_d_aide": [
                    "Contrat-programme"
                ],
                "duree_du_contrat_annees": "3"
            }
        },
        {
            "type": "Feature",
            "geometry": {
                "type": "Point",
                "coordinates": [
                    4.364678367554797,
                    50.82722984262128
                ]
            },
            "properties": {
                "nom_de_l_operateur": "Mots & Merveilles asbl",
                "domaine": "Conte",
                "adresse": "Avenue Louise 200",
                "code_postal": "1050",
                "localite": "Ixelles",
                "telephone": null,
                "courriel": "info@conteenbalade.be",
                "site_web": "https:\/\/www.conteenbalade.be\/",
                "statut_juridique": "asbl",
                "province": "Bruxelles-Capitale",
                "bassin_de_vie_fwb": "Bruxelles",
                "bce": "0860.531.936",
                "categorie_principale": "Structure de service",
                "empty": null,
                "type_d_aide": [
                    "Convention"
                ],
                "duree_du_contrat_annees": "5"
            }
        },
        {
            "type": "Feature",
            "geometry": {
                "type": "Point",
                "coordinates": [
                    5.493256094500515,
                    50.201132118666315
                ]
            },
            "properties": {
                "nom_de_l_operateur": "Musique Baroque en Famenne-Ardenne",
                "domaine": "Musique classique",
                "adresse": "Rue Saint-Brice 10",
                "code_postal": "6897",
                "localite": "Hodister",
                "telephone": "084\u00a022 18 87",
                "courriel": "info@mubafa.be                            baudouincockx@gmail.com",
                "site_web": "https:\/\/www.mubafa.be\/",
                "statut_juridique": "asbl",
                "province": "Luxembourg",
                "bassin_de_vie_fwb": "Luxembourg",
                "bce": "0501.948.472",
                "categorie_principale": "Festival",
                "empty": null,
                "type_d_aide": [
                    "Contrat de services"
                ],
                "duree_du_contrat_annees": "5"
            }
        },
        {
            "type": "Feature",
            "geometry": {
                "type": "Point",
                "coordinates": [
                    4.36627939454507,
                    50.86639581110127
                ]
            },
            "properties": {
                "nom_de_l_operateur": "Pan ! (La compagnie)",
                "domaine": "Th\u00e9\u00e2tre Jeune Public",
                "adresse": "Rue des Palais 153",
                "code_postal": "1030",
                "localite": "Schaerbeek",
                "telephone": null,
                "courriel": "info@panlacompagnie.be",
                "site_web": "https:\/\/panlacompagnie.be\/",
                "statut_juridique": "asbl",
                "province": "Bruxelles-Capitale",
                "bassin_de_vie_fwb": "Bruxelles",
                "bce": "0877.963.529",
                "categorie_principale": "Structure de cr\u00e9ation et artistes",
                "empty": null,
                "type_d_aide": [
                    "Contrat-programme"
                ],
                "duree_du_contrat_annees": "1"
            }
        },
        {
            "type": "Feature",
            "geometry": {
                "type": "Point",
                "coordinates": [
                    5.170499194517243,
                    50.45151569943094
                ]
            },
            "properties": {
                "nom_de_l_operateur": "Quatre-Cent-Septante",
                "domaine": "Musiques actuelles",
                "adresse": "Rue du Village 5",
                "code_postal": "5352",
                "localite": "Ohey",
                "telephone": null,
                "courriel": "info@bluebirdfestival.be",
                "site_web": "https:\/\/www.bluebirdfestival.be\/",
                "statut_juridique": "asbl",
                "province": "Namur",
                "bassin_de_vie_fwb": "Namur",
                "bce": "0667.807.386",
                "categorie_principale": "Festival",
                "empty": null,
                "type_d_aide": [
                    "Contrat de cr\u00e9ation"
                ],
                "duree_du_contrat_annees": "3"
            }
        },
        {
            "type": "Feature",
            "geometry": {
                "type": "Point",
                "coordinates": [
                    4.324555838719805,
                    50.83284289530216
                ]
            },
            "properties": {
                "nom_de_l_operateur": "Th\u00e9\u00e2tre des Chardons",
                "domaine": "Th\u00e9\u00e2tre Jeune Public",
                "adresse": "Rue Docteur Kuborn 31 Bte 19",
                "code_postal": "1070",
                "localite": "Anderlecht",
                "telephone": null,
                "courriel": "theatredeschardons@gmail.com",
                "site_web": "http:\/\/www.leschardons.be\/",
                "statut_juridique": "asbl",
                "province": "Bruxelles-Capitale",
                "bassin_de_vie_fwb": "Bruxelles",
                "bce": "0836.534.829",
                "categorie_principale": "Structure de cr\u00e9ation et artistes",
                "empty": null,
                "type_d_aide": [
                    "Contrat-programme"
                ],
                "duree_du_contrat_annees": "3"
            }
        },
        {
            "type": "Feature",
            "geometry": {
                "type": "Point",
                "coordinates": [
                    4.38317325406303,
                    50.85677928036453
                ]
            },
            "properties": {
                "nom_de_l_operateur": "What the fun",
                "domaine": "Humour",
                "adresse": "Avenue Dailly\u00a090A",
                "code_postal": "1030",
                "localite": "Schaerbeek",
                "telephone": null,
                "courriel": "info@whatthefun.be",
                "site_web": "https:\/\/www.whatthefun.be\/",
                "statut_juridique": "asbl",
                "province": "Bruxelles-Capitale",
                "bassin_de_vie_fwb": "Bruxelles",
                "bce": "0700.582.302",
                "categorie_principale": "Structure de cr\u00e9ation et artistes",
                "empty": null,
                "type_d_aide": [
                    "Contrat-programme"
                ],
                "duree_du_contrat_annees": "3"
            }
        },
        {
            "type": "Feature",
            "geometry": {
                "type": "Point",
                "coordinates": [
                    3.9056296080255235,
                    50.66784557451093
                ]
            },
            "properties": {
                "nom_de_l_operateur": "Zerk asbl",
                "domaine": "Th\u00e9\u00e2tre Jeune Public",
                "adresse": "Grand Chemin 38",
                "code_postal": "7830",
                "localite": "Silly",
                "telephone": "02 539 41 48",
                "courriel": "contact@zerk.be",
                "site_web": "https:\/\/test.zerk.be\/",
                "statut_juridique": "asbl",
                "province": "Hainaut",
                "bassin_de_vie_fwb": "Wallonie picarde",
                "bce": "0463.969.608",
                "categorie_principale": "Structure de cr\u00e9ation et artistes",
                "empty": null,
                "type_d_aide": [
                    "Contrat-programme"
                ],
                "duree_du_contrat_annees": "3"
            }
        },
        {
            "type": "Feature",
            "geometry": {
                "type": "Point",
                "coordinates": [
                    4.356158996390814,
                    50.83594013779475
                ]
            },
            "properties": {
                "nom_de_l_operateur": "Ars Musica",
                "domaine": "Musique contemporaine",
                "adresse": "Galerie de la Porte Louise 203 bte 1",
                "code_postal": "1050",
                "localite": "Ixelles",
                "telephone": "02 219 26 60",
                "courriel": "info@arsmusica.be",
                "site_web": "https:\/\/www.arsmusica.be\/",
                "statut_juridique": "asbl",
                "province": "Bruxelles-Capitale",
                "bassin_de_vie_fwb": "Bruxelles",
                "bce": "0435.039.753",
                "categorie_principale": "Festival",
                "empty": null,
                "type_d_aide": [
                    "Contrat-programme"
                ],
                "duree_du_contrat_annees": "5"
            }
        },
        {
            "type": "Feature",
            "geometry": {
                "type": "Point",
                "coordinates": [
                    4.377989167557387,
                    50.864975444373755
                ]
            },
            "properties": {
                "nom_de_l_operateur": "Atelier du Trap\u00e8ze",
                "domaine": "Arts forains, du cirque et de la rue",
                "adresse": "Place de Houffalize\u00a024  Bte\u00a010",
                "code_postal": "1030",
                "localite": "Schaerbeek",
                "telephone": "02 304 42 87",
                "courriel": "contact@atelier-trapeze.be",
                "site_web": "https:\/\/atelier-trapeze.be\/",
                "statut_juridique": "asbl",
                "province": "Bruxelles-Capitale",
                "bassin_de_vie_fwb": "Bruxelles",
                "bce": "0443.446.386",
                "categorie_principale": "Structure de cr\u00e9ation et artistes",
                "empty": null,
                "type_d_aide": [
                    "Contrat-programme"
                ],
                "duree_du_contrat_annees": "3"
            }
        },
        {
            "type": "Feature",
            "geometry": {
                "type": "Point",
                "coordinates": [
                    3.943495638694088,
                    50.449658231481365
                ]
            },
            "properties": {
                "nom_de_l_operateur": "Barbiana",
                "domaine": "Th\u00e9\u00e2tre Action",
                "adresse": "Rue Adolphe P\u00e9cher 1",
                "code_postal": "7000",
                "localite": "Mons",
                "telephone": null,
                "courriel": "compagniebarbiana@skynet.be",
                "site_web": "https:\/\/www.barbiana.net\/",
                "statut_juridique": "asbl",
                "province": "Hainaut",
                "bassin_de_vie_fwb": "Hainaut Centre",
                "bce": "0435.041.139",
                "categorie_principale": "Structure de cr\u00e9ation et artistes",
                "empty": null,
                "type_d_aide": [
                    "Contrat de diffusion"
                ],
                "duree_du_contrat_annees": "5"
            }
        },
        {
            "type": "Feature",
            "geometry": {
                "type": "Point",
                "coordinates": [
                    4.446315196362683,
                    50.41678328178717
                ]
            },
            "properties": {
                "nom_de_l_operateur": "BPS22, Mus\u00e9e d'art de la Province de Hainaut",
                "domaine": "Arts Plastiques",
                "adresse": "Boulevard Ernest Solvay 22",
                "code_postal": "6000",
                "localite": "Charleroi",
                "telephone": "071 27 29 71",
                "courriel": "info@bps22.be",
                "site_web": "https:\/\/www.bps22.be\/",
                "statut_juridique": "asbl",
                "province": "Hainaut",
                "bassin_de_vie_fwb": "Hainaut Sud",
                "bce": "0409.750.962",
                "categorie_principale": "Centre d'Art\/Lieu de diffusion",
                "empty": null,
                "type_d_aide": [
                    "Convention"
                ],
                "duree_du_contrat_annees": "4"
            }
        },
        {
            "type": "Feature",
            "geometry": {
                "type": "Point",
                "coordinates": [
                    4.345758196391008,
                    50.839095026583735
                ]
            },
            "properties": {
                "nom_de_l_operateur": "Cie Mossoux-Bont\u00e9",
                "domaine": "Arts chor\u00e9graphiques",
                "adresse": "Rue des Tanneurs 87",
                "code_postal": "1000",
                "localite": "Bruxelles",
                "telephone": null,
                "courriel": "administration@mossoux-bonte.be",
                "site_web": "https:\/\/www.mossoux-bonte.be\/fr\/",
                "statut_juridique": "asbl",
                "province": "Bruxelles-Capitale",
                "bassin_de_vie_fwb": "Bruxelles",
                "bce": "0459.269.957",
                "categorie_principale": "Structure de cr\u00e9ation et artistes",
                "empty": null,
                "type_d_aide": [
                    "Contrat de cr\u00e9ation"
                ],
                "duree_du_contrat_annees": "5"
            }
        },
        {
            "type": "Feature",
            "geometry": {
                "type": "Point",
                "coordinates": [
                    4.392059238724402,
                    50.90062513206461
                ]
            },
            "properties": {
                "nom_de_l_operateur": "Collectif 1984",
                "domaine": "Th\u00e9\u00e2tre Action",
                "adresse": "Petit Chemin Vert 120",
                "code_postal": "1120",
                "localite": "Neder-Over-Heembeek",
                "telephone": "02 262 08 84",
                "courriel": "info@collectif1984.com",
                "site_web": "https:\/\/www.collectif1984.net\/",
                "statut_juridique": "asbl",
                "province": "Bruxelles-Capitale",
                "bassin_de_vie_fwb": "Bruxelles",
                "bce": "0420.654.851",
                "categorie_principale": "Structure de cr\u00e9ation et artistes",
                "empty": null,
                "type_d_aide": null,
                "duree_du_contrat_annees": "5"
            }
        },
        {
            "type": "Feature",
            "geometry": {
                "type": "Point",
                "coordinates": [
                    4.450836552198647,
                    50.61012762395814
                ]
            },
            "properties": {
                "nom_de_l_operateur": "Compagnie 3637",
                "domaine": "Th\u00e9\u00e2tre Jeune Public",
                "adresse": "Rue de Charleroi 17",
                "code_postal": "1470",
                "localite": "Genappe",
                "telephone": null,
                "courriel": "marie@compagnie3637.be",
                "site_web": "http:\/\/www.compagnie3637.be\/",
                "statut_juridique": "asbl",
                "province": "Brabant wallon",
                "bassin_de_vie_fwb": "Brabant wallon",
                "bce": "0807.233.604",
                "categorie_principale": "Structure de cr\u00e9ation et artistes",
                "empty": null,
                "type_d_aide": [
                    "Contrat-programme"
                ],
                "duree_du_contrat_annees": "5"
            }
        },
        {
            "type": "Feature",
            "geometry": {
                "type": "Point",
                "coordinates": [
                    4.237164781024966,
                    50.474361149149175
                ]
            },
            "properties": {
                "nom_de_l_operateur": "Compagnie du Campus",
                "domaine": "Th\u00e9\u00e2tre Action",
                "adresse": "Place de la Hestre 19",
                "code_postal": "7170",
                "localite": "La Hestre",
                "telephone": "064 28 50 47",
                "courriel": "info@compagnieducamus.be",
                "site_web": "http:\/\/www.compagnieducampus.com\/",
                "statut_juridique": "asbl",
                "province": "Hainaut",
                "bassin_de_vie_fwb": "Hainaut Centre",
                "bce": "0409.395.824",
                "categorie_principale": "Structure de cr\u00e9ation et artistes",
                "empty": null,
                "type_d_aide": [
                    "Contrat-programme"
                ],
                "duree_du_contrat_annees": "5"
            }
        },
        {
            "type": "Feature",
            "geometry": {
                "type": "Point",
                "coordinates": [
                    5.899071252191434,
                    50.50242550046899
                ]
            },
            "properties": {
                "nom_de_l_operateur": "Ensemble Hopper",
                "domaine": "Musique contemporaine",
                "adresse": "Chemin sur les Brieux 12",
                "code_postal": "4845",
                "localite": "Jalhay",
                "telephone": null,
                "courriel": "ensemble.hopper@gmail.com",
                "site_web": "https:\/\/ensemblehopper.be\/",
                "statut_juridique": "asbl",
                "province": "Li\u00e8ge",
                "bassin_de_vie_fwb": "Verviers",
                "bce": "0651.623.135",
                "categorie_principale": "Structure de cr\u00e9ation et artistes",
                "empty": null,
                "type_d_aide": [
                    "Contrat de services"
                ],
                "duree_du_contrat_annees": "3"
            }
        },
        {
            "type": "Feature",
            "geometry": {
                "type": "Point",
                "coordinates": [
                    4.421706225224635,
                    50.81231995487926
                ]
            },
            "properties": {
                "nom_de_l_operateur": "FBPH - F\u00e9d\u00e9ration Belge des Professionnels de l'Humour",
                "domaine": "Humour",
                "adresse": "Avenue Gustave Demey 100",
                "code_postal": "1160",
                "localite": "Auderghem",
                "telephone": null,
                "courriel": "info@fbph.be",
                "site_web": "https:\/\/www.fbph.be\/",
                "statut_juridique": null,
                "province": "Bruxelles-Capitale",
                "bassin_de_vie_fwb": "Bruxelles",
                "bce": "0759.658.171",
                "categorie_principale": "F\u00e9d\u00e9ration",
                "empty": null,
                "type_d_aide": [
                    "Contrat de services"
                ],
                "duree_du_contrat_annees": "3"
            }
        },
        {
            "type": "Feature",
            "geometry": {
                "type": "Point",
                "coordinates": [
                    4.909753381010661,
                    50.26093328453166
                ]
            },
            "properties": {
                "nom_de_l_operateur": "Festival de l'Et\u00e9 Mosan",
                "domaine": "Musique classique",
                "adresse": "Avenue Colonel Cadoux 8",
                "code_postal": "5500",
                "localite": "Dinant",
                "telephone": "082 22 59 24",
                "courriel": "etemosan@skynet.be",
                "site_web": "https:\/\/www.etemosan.be",
                "statut_juridique": "asbl",
                "province": "Namur",
                "bassin_de_vie_fwb": "Namur",
                "bce": "0417.260.346",
                "categorie_principale": "Festival",
                "empty": null,
                "type_d_aide": [
                    "Contrat-programme"
                ],
                "duree_du_contrat_annees": "5"
            }
        },
        {
            "type": "Feature",
            "geometry": {
                "type": "Point",
                "coordinates": [
                    4.352387923378234,
                    50.832641619666475
                ]
            },
            "properties": {
                "nom_de_l_operateur": "FrancoFaune",
                "domaine": "Musiques actuelles",
                "adresse": "Rue d\u2019Ecosse 30",
                "code_postal": "1060",
                "localite": "Saint-Gilles",
                "telephone": null,
                "courriel": "info@francofaune.be",
                "site_web": "https:\/\/www.francofaune.be",
                "statut_juridique": "asbl",
                "province": "Bruxelles-Capitale",
                "bassin_de_vie_fwb": "Bruxelles",
                "bce": "0461.047.631",
                "categorie_principale": "Festival",
                "empty": null,
                "type_d_aide": [
                    "Contrat de services"
                ],
                "duree_du_contrat_annees": "5"
            }
        },
        {
            "type": "Feature",
            "geometry": {
                "type": "Point",
                "coordinates": [
                    4.377516998284792,
                    50.82962809926295
                ]
            },
            "properties": {
                "nom_de_l_operateur": "Gilbert & Stock asbl",
                "domaine": "Interdisciplinaire",
                "adresse": "Rue de la Brasserie 27",
                "code_postal": "1050",
                "localite": "Ixelles",
                "telephone": null,
                "courriel": null,
                "site_web": "https:\/\/www.gilbert-stock.com\/",
                "statut_juridique": "asbl",
                "province": "Bruxelles-Capitale",
                "bassin_de_vie_fwb": "Bruxelles",
                "bce": "0663.987.764",
                "categorie_principale": "Structure de cr\u00e9ation et artistes",
                "empty": null,
                "type_d_aide": [
                    "Contrat-programme"
                ],
                "duree_du_contrat_annees": "5"
            }
        },
        {
            "type": "Feature",
            "geometry": {
                "type": "Point",
                "coordinates": [
                    4.340478638716763,
                    50.787262458830334
                ]
            },
            "properties": {
                "nom_de_l_operateur": "La Berlue",
                "domaine": "Th\u00e9\u00e2tre Jeune Public",
                "adresse": "Chemin du Puits 13",
                "code_postal": "1180",
                "localite": "Uccle",
                "telephone": null,
                "courriel": "info@laberlue.be",
                "site_web": "https:\/\/laberlue.be\/",
                "statut_juridique": "asbl",
                "province": "Bruxelles-Capitale",
                "bassin_de_vie_fwb": "Bruxelles",
                "bce": "0897.270.091",
                "categorie_principale": "Structure de cr\u00e9ation et artistes",
                "empty": null,
                "type_d_aide": [
                    "Contrat de services"
                ],
                "duree_du_contrat_annees": "5"
            }
        },
        {
            "type": "Feature",
            "geometry": {
                "type": "Point",
                "coordinates": [
                    4.440217138691319,
                    50.4089459725098
                ]
            },
            "properties": {
                "nom_de_l_operateur": "La Maison du Conte de Charleroi",
                "domaine": "Conte",
                "adresse": "Boulevard Joseph Tirou 53",
                "code_postal": "6000",
                "localite": "Charleroi",
                "telephone": null,
                "courriel": "maisonducontecharleroi@gmail.com",
                "site_web": "https:\/\/www.contecharleroi.be\/",
                "statut_juridique": "asbl",
                "province": "Hainaut",
                "bassin_de_vie_fwb": "Hainaut Sud",
                "bce": "0848.460.582",
                "categorie_principale": "Structure de cr\u00e9ation et artistes",
                "empty": null,
                "type_d_aide": [
                    "Contrat de diffusion"
                ],
                "duree_du_contrat_annees": "3"
            }
        },
        {
            "type": "Feature",
            "geometry": {
                "type": "Point",
                "coordinates": [
                    4.3656809838434985,
                    50.828727635387445
                ]
            },
            "properties": {
                "nom_de_l_operateur": "La Loge",
                "domaine": "Arts Plastiques",
                "adresse": "Rue de l\u2019Ermitage 86",
                "code_postal": "1050",
                "localite": "Ixelles",
                "telephone": "02 644 42 48",
                "courriel": "info@la-loge.be",
                "site_web": "https:\/\/www.la-loge.be\/",
                "statut_juridique": "asbl",
                "province": "Bruxelles-Capitale",
                "bassin_de_vie_fwb": "Bruxelles",
                "bce": null,
                "categorie_principale": "Centre d'Art\/Lieu de diffusion",
                "empty": null,
                "type_d_aide": [
                    "Convention"
                ],
                "duree_du_contrat_annees": "3"
            }
        },
        {
            "type": "Feature",
            "geometry": {
                "type": "Point",
                "coordinates": [
                    4.80660853870997,
                    50.68627991528201
                ]
            },
            "properties": {
                "nom_de_l_operateur": "Le Coup de Pouce asbl",
                "domaine": "Musiques actuelles",
                "adresse": "Chemin de la Carri\u00e8re aux pav\u00e9s 16A",
                "code_postal": "1315",
                "localite": "Incourt",
                "telephone": null,
                "courriel": "lecoupdepouce@skynet.be",
                "site_web": "https:\/\/www.facebook.com\/p\/Le-Coup-de-Pouce-asbl-100064595506204\/",
                "statut_juridique": "asbl",
                "province": "Brabant wallon",
                "bassin_de_vie_fwb": "Brabant wallon",
                "bce": "0462.373.858",
                "categorie_principale": "Structure de service",
                "empty": null,
                "type_d_aide": [
                    "Contrat de diffusion"
                ],
                "duree_du_contrat_annees": "3"
            }
        },
        {
            "type": "Feature",
            "geometry": {
                "type": "Point",
                "coordinates": [
                    4.450010538704783,
                    50.60900412688453
                ]
            },
            "properties": {
                "nom_de_l_operateur": "Le Monty",
                "domaine": "Pluridisciplinaire",
                "adresse": "Rue de Charleroi 58",
                "code_postal": "1470",
                "localite": "Genappe",
                "telephone": null,
                "courriel": "info@lemonty.be",
                "site_web": "https:\/\/lemonty.be\/",
                "statut_juridique": "asbl",
                "province": "Brabant wallon",
                "bassin_de_vie_fwb": "Brabant wallon",
                "bce": "0677.876.184",
                "categorie_principale": "Centre d'Art\/Lieu de diffusion",
                "empty": null,
                "type_d_aide": [
                    "Contrat de cr\u00e9ation"
                ],
                "duree_du_contrat_annees": "5"
            }
        },
        {
            "type": "Feature",
            "geometry": {
                "type": "Point",
                "coordinates": [
                    5.805929365630583,
                    49.680833738599986
                ]
            },
            "properties": {
                "nom_de_l_operateur": "Les Aralunaires",
                "domaine": "Musiques actuelles",
                "adresse": "Rue Z\u00e9nobe Gramme 2",
                "code_postal": "6700",
                "localite": "Arlon",
                "telephone": "063 456 084",
                "courriel": "festival.aralunaires@gmail.com",
                "site_web": "https:\/\/www.aralunaires.be",
                "statut_juridique": "asbl",
                "province": "Luxembourg",
                "bassin_de_vie_fwb": "Luxembourg",
                "bce": "0863.422.833",
                "categorie_principale": "Festival",
                "empty": null,
                "type_d_aide": [
                    "Contrat-programme"
                ],
                "duree_du_contrat_annees": "5"
            }
        },
        {
            "type": "Feature",
            "geometry": {
                "type": "Point",
                "coordinates": [
                    5.349301423897336,
                    50.232663578589154
                ]
            },
            "properties": {
                "nom_de_l_operateur": "MCFA - Culture et Vie en Marche",
                "domaine": "Art dramatique",
                "adresse": "Chauss\u00e9e de l'Ourthe 74",
                "code_postal": "6900",
                "localite": "Marche-en-Famenne",
                "telephone": "084 31 46 89",
                "courriel": "info@mcfa.be\u00a0|",
                "site_web": "https:\/\/www.mcfa.be\/",
                "statut_juridique": "asbl",
                "province": "Luxembourg",
                "bassin_de_vie_fwb": "Luxembourg",
                "bce": "0424.534.752",
                "categorie_principale": "Centre d'Art\/Lieu de diffusion",
                "empty": null,
                "type_d_aide": [
                    "Contrat-programme"
                ],
                "duree_du_contrat_annees": "5"
            }
        },
        {
            "type": "Feature",
            "geometry": {
                "type": "Point",
                "coordinates": [
                    4.367763496390357,
                    50.829245359176035
                ]
            },
            "properties": {
                "nom_de_l_operateur": "Shanti Shanti asbl",
                "domaine": "Art dramatique",
                "adresse": "Rue de l'Ermitage 32",
                "code_postal": "1050",
                "localite": "Ixelles",
                "telephone": null,
                "courriel": "asblshantishanti@gmail.com",
                "site_web": "https:\/\/www.shantishantiasbl.be\/",
                "statut_juridique": "asbl",
                "province": "Bruxelles-Capitale",
                "bassin_de_vie_fwb": "Bruxelles",
                "bce": "0817.791.162",
                "categorie_principale": "Structure de cr\u00e9ation et artistes",
                "empty": null,
                "type_d_aide": [
                    "Contrat de diffusion"
                ],
                "duree_du_contrat_annees": "5"
            }
        },
        {
            "type": "Feature",
            "geometry": {
                "type": "Point",
                "coordinates": [
                    4.396162754062699,
                    50.85210168617092
                ]
            },
            "properties": {
                "nom_de_l_operateur": "Spectacles d'aujourd'hui - Th\u00e9\u00e2tre Le 140",
                "domaine": "Interdisciplinaire",
                "adresse": "Avenue Eug\u00e8ne Plasky 140",
                "code_postal": "1030",
                "localite": "Schaerbeek",
                "telephone": "02 733 97 08",
                "courriel": "tickets@le140.be",
                "site_web": "https:\/\/www.le140.be\/",
                "statut_juridique": "asbl",
                "province": "Bruxelles-Capitale",
                "bassin_de_vie_fwb": "Bruxelles",
                "bce": "0413.206.142",
                "categorie_principale": "Structure de cr\u00e9ation et artistes",
                "empty": null,
                "type_d_aide": [
                    "Convention"
                ],
                "duree_du_contrat_annees": "5"
            }
        },
        {
            "type": "Feature",
            "geometry": {
                "type": "Point",
                "coordinates": [
                    4.35106538104998,
                    50.847102905656
                ]
            },
            "properties": {
                "nom_de_l_operateur": "The Music Village",
                "domaine": "Musiques actuelles",
                "adresse": "Rue des Pierres 50",
                "code_postal": "1000",
                "localite": "Bruxelles",
                "telephone": null,
                "courriel": "booking@themusicvillage.com",
                "site_web": "http:\/\/www.themusicvillage.com",
                "statut_juridique": "asbl",
                "province": "Bruxelles-Capitale",
                "bassin_de_vie_fwb": "Bruxelles",
                "bce": "0472.920.728",
                "categorie_principale": "Centre d'Art\/Lieu de diffusion",
                "empty": null,
                "type_d_aide": [
                    "Contrat de diffusion"
                ],
                "duree_du_contrat_annees": "3"
            }
        },
        {
            "type": "Feature",
            "geometry": {
                "type": "Point",
                "coordinates": [
                    5.565918781036041,
                    50.63986544648273
                ]
            },
            "properties": {
                "nom_de_l_operateur": "Th\u00e9\u00e2tre Arlequin",
                "domaine": "Art dramatique",
                "adresse": "Rue Rutxhiel 3",
                "code_postal": "4000",
                "localite": "Li\u00e8ge",
                "telephone": "04 222 15 43",
                "courriel": "info@theatrearlequin.be",
                "site_web": "https:\/\/www.theatrearlequin.be\/",
                "statut_juridique": "asbl",
                "province": "Li\u00e8ge",
                "bassin_de_vie_fwb": "Li\u00e8ge",
                "bce": "0415.451.097",
                "categorie_principale": "Centre d'Art\/Lieu de diffusion",
                "empty": null,
                "type_d_aide": [
                    "Contrat de diffusion"
                ],
                "duree_du_contrat_annees": "3"
            }
        },
        {
            "type": "Feature",
            "geometry": {
                "type": "Point",
                "coordinates": [
                    4.389458881050298,
                    50.85202907257456
                ]
            },
            "properties": {
                "nom_de_l_operateur": "Th\u00e9\u00e2tre de la Balsamine",
                "domaine": "Art dramatique",
                "adresse": "Avenue F\u00e9lix Marchal 1",
                "code_postal": "1030",
                "localite": "Schaerbeek",
                "telephone": "02 732 96 18",
                "courriel": "info@balsamine.be",
                "site_web": "https:\/\/balsamine.be\/",
                "statut_juridique": "asbl",
                "province": "Bruxelles-Capitale",
                "bassin_de_vie_fwb": "Bruxelles",
                "bce": "0414.436.359",
                "categorie_principale": "Structure de cr\u00e9ation et artistes",
                "empty": null,
                "type_d_aide": [
                    "Contrat-programme"
                ],
                "duree_du_contrat_annees": "5"
            }
        },
        {
            "type": "Feature",
            "geometry": {
                "type": "Point",
                "coordinates": [
                    3.814531709859811,
                    50.46601337480348
                ]
            },
            "properties": {
                "nom_de_l_operateur": "Th\u00e9\u00e2tre du Copion",
                "domaine": "Th\u00e9\u00e2tre Action",
                "adresse": "Rue Olivier Lhoir 8",
                "code_postal": "7333",
                "localite": "Saint-Ghislain",
                "telephone": "065 64 35 31",
                "courriel": "theatreducopion@gmail.com",
                "site_web": "https:\/\/www.theatreducopion.be\/",
                "statut_juridique": "asbl",
                "province": "Hainaut",
                "bassin_de_vie_fwb": "Hainaut Centre",
                "bce": "0430.881.918",
                "categorie_principale": "Structure de cr\u00e9ation et artistes",
                "empty": null,
                "type_d_aide": [
                    "Contrat-programme"
                ],
                "duree_du_contrat_annees": "5"
            }
        },
        {
            "type": "Feature",
            "geometry": {
                "type": "Point",
                "coordinates": [
                    4.313365623378488,
                    50.83660121393387
                ]
            },
            "properties": {
                "nom_de_l_operateur": "Vlek asbl",
                "domaine": "Musiques actuelles",
                "adresse": "Rue de Douvres 68",
                "code_postal": "1070",
                "localite": "Anderlecht",
                "telephone": null,
                "courriel": null,
                "site_web": null,
                "statut_juridique": "asbl",
                "province": "Bruxelles-Capitale",
                "bassin_de_vie_fwb": "Bruxelles",
                "bce": "0844.082.320",
                "categorie_principale": "Structure de service",
                "empty": null,
                "type_d_aide": [
                    "Contrat-programme"
                ],
                "duree_du_contrat_annees": "3"
            }
        },
        {
            "type": "Feature",
            "geometry": {
                "type": "Point",
                "coordinates": [
                    3.79226786569304,
                    50.61894383698385
                ]
            },
            "properties": {
                "nom_de_l_operateur": "Walrus Productions",
                "domaine": "Arts forains, du cirque et de la rue",
                "adresse": "Chemin de Scamps 158",
                "code_postal": "7800",
                "localite": "Ath",
                "telephone": null,
                "courriel": "info@walrus.eu",
                "site_web": "https:\/\/www.walrus.eu\/",
                "statut_juridique": "asbl",
                "province": "Hainaut",
                "bassin_de_vie_fwb": "Wallonie picarde",
                "bce": "0446.494.067",
                "categorie_principale": "Agence, Promotion et Diffusion",
                "empty": null,
                "type_d_aide": [
                    "Convention transversale"
                ],
                "duree_du_contrat_annees": "3"
            }
        },
        {
            "type": "Feature",
            "geometry": {
                "type": "Point",
                "coordinates": [
                    4.346810038720925,
                    50.849013726821056
                ]
            },
            "properties": {
                "nom_de_l_operateur": "Zoo asbl",
                "domaine": "Arts chor\u00e9graphiques",
                "adresse": "Rue des Chartreux 15-17",
                "code_postal": "1000",
                "localite": "Bruxelles",
                "telephone": "02 502 57 84",
                "courriel": null,
                "site_web": "https:\/\/zoo-thomashauert.be\/",
                "statut_juridique": "asbl",
                "province": "Bruxelles-Capitale",
                "bassin_de_vie_fwb": "Bruxelles",
                "bce": "0462.794.423",
                "categorie_principale": "Structure de cr\u00e9ation et artistes",
                "empty": null,
                "type_d_aide": [
                    "Contrat-programme"
                ],
                "duree_du_contrat_annees": "5"
            }
        },
        {
            "type": "Feature",
            "geometry": {
                "type": "Point",
                "coordinates": [
                    4.348023696391808,
                    50.850506064897424
                ]
            },
            "properties": {
                "nom_de_l_operateur": "Bruxelles Mus\u00e9es Expositions",
                "domaine": "Arts Plastiques",
                "adresse": "Place Sainte-Catherine 45",
                "code_postal": "1000",
                "localite": "Bruxelles",
                "telephone": "02 279 64 52",
                "courriel": "info@centrale.brussels",
                "site_web": "https:\/\/centrale.brussels\/",
                "statut_juridique": "asbl",
                "province": "Bruxelles-Capitale",
                "bassin_de_vie_fwb": "Bruxelles",
                "bce": "0460.976.365",
                "categorie_principale": "Centre d'Art\/Lieu de diffusion",
                "empty": null,
                "type_d_aide": [
                    "Convention"
                ],
                "duree_du_contrat_annees": "4"
            }
        },
        {
            "type": "Feature",
            "geometry": {
                "type": "Point",
                "coordinates": [
                    4.870184925201426,
                    50.466907696624524
                ]
            },
            "properties": {
                "nom_de_l_operateur": "Cavema - Centre d'Art Vocal et de Musique Ancienne",
                "domaine": "Musique classique",
                "adresse": "Rue Rogier 82",
                "code_postal": "5000",
                "localite": "Namur",
                "telephone": "081 71 15 00",
                "courriel": "secretariat@cavema.be",
                "site_web": "https:\/\/cavema.be",
                "statut_juridique": "asbl",
                "province": "Namur",
                "bassin_de_vie_fwb": "Namur",
                "bce": "0430.945.066",
                "categorie_principale": "Structure de cr\u00e9ation et artistes",
                "empty": null,
                "type_d_aide": [
                    "Contrat de services"
                ],
                "duree_du_contrat_annees": "5"
            }
        },
        {
            "type": "Feature",
            "geometry": {
                "type": "Point",
                "coordinates": [
                    4.39483638289527,
                    50.809795121283095
                ]
            },
            "properties": {
                "nom_de_l_operateur": "Compagnie Biloxi 48",
                "domaine": "Art dramatique",
                "adresse": "Rue du Relais\u00a0105",
                "code_postal": "1050",
                "localite": "Ixelles",
                "telephone": null,
                "courriel": "info@biloxi48.be",
                "site_web": "https:\/\/biloxi48.be\/",
                "statut_juridique": null,
                "province": "Bruxelles-Capitale",
                "bassin_de_vie_fwb": "Bruxelles",
                "bce": "0433.478.251",
                "categorie_principale": "Structure de cr\u00e9ation et artistes",
                "empty": null,
                "type_d_aide": [
                    "Contrat-programme"
                ],
                "duree_du_contrat_annees": "5"
            }
        },
        {
            "type": "Feature",
            "geometry": {
                "type": "Point",
                "coordinates": [
                    4.3268661288353965,
                    50.8579906643286
                ]
            },
            "properties": {
                "nom_de_l_operateur": "Compagnie Still Life",
                "domaine": "Art dramatique",
                "adresse": "Rue Fran\u00e7ois Hellinckx\u00a023",
                "code_postal": "1081",
                "localite": "Koekelberg",
                "telephone": null,
                "courriel": "hello@still-life.be",
                "site_web": "https:\/\/still-life.be\/",
                "statut_juridique": null,
                "province": "Bruxelles-Capitale",
                "bassin_de_vie_fwb": "Bruxelles",
                "bce": "0668.902.102",
                "categorie_principale": "Structure de cr\u00e9ation et artistes",
                "empty": null,
                "type_d_aide": [
                    "Contrat de cr\u00e9ation"
                ],
                "duree_du_contrat_annees": "5"
            }
        },
        {
            "type": "Feature",
            "geometry": {
                "type": "Point",
                "coordinates": [
                    4.310741881048159,
                    50.82027347576264
                ]
            },
            "properties": {
                "nom_de_l_operateur": "Dame de Pic - Cie Karine Ponties",
                "domaine": "Arts chor\u00e9graphiques",
                "adresse": "Rue du Labeur 1",
                "code_postal": "1070",
                "localite": "Anderlecht",
                "telephone": null,
                "courriel": "info@damedepic.be",
                "site_web": "http:\/\/damedepic.be\/fr\/",
                "statut_juridique": "asbl",
                "province": "Bruxelles-Capitale",
                "bassin_de_vie_fwb": "Bruxelles",
                "bce": "0465.264.854",
                "categorie_principale": "Structure de cr\u00e9ation et artistes",
                "empty": null,
                "type_d_aide": [
                    "Contrat-programme"
                ],
                "duree_du_contrat_annees": "5"
            }
        },
        {
            "type": "Feature",
            "geometry": {
                "type": "Point",
                "coordinates": [
                    4.113478738695286,
                    50.46728857038374
                ]
            },
            "properties": {
                "nom_de_l_operateur": "\u00c9kla - Centre sc\u00e9nique de Wallonie pour l'enfance et la jeunesse",
                "domaine": "Th\u00e9\u00e2tre Jeune Public",
                "adresse": "Rue Saint-Julien 30 A",
                "code_postal": "7110",
                "localite": "Str\u00e9py-Bracquegnies",
                "telephone": "064 66 57 07",
                "courriel": "info@eklapourtous.be",
                "site_web": "http:\/\/www.eklapourtous.be\/",
                "statut_juridique": "asbl",
                "province": "Hainaut",
                "bassin_de_vie_fwb": "Hainaut Centre",
                "bce": "0423.438.949",
                "categorie_principale": "Centre d'Art\/Lieu de diffusion",
                "empty": null,
                "type_d_aide": [
                    "Contrat-programme",
                    "convention"
                ],
                "duree_du_contrat_annees": "5"
            }
        },
        {
            "type": "Feature",
            "geometry": {
                "type": "Point",
                "coordinates": [
                    5.586174982884139,
                    50.64477235445353
                ]
            },
            "properties": {
                "nom_de_l_operateur": "En Compagnie du Sud",
                "domaine": "Art dramatique",
                "adresse": "Rue Ransonnet 2",
                "code_postal": "4020",
                "localite": "Li\u00e8ge",
                "telephone": null,
                "courriel": "encompagniedusud@gmail.com",
                "site_web": "https:\/\/www.encompagniedusud.com\/",
                "statut_juridique": "asbl",
                "province": "Li\u00e8ge",
                "bassin_de_vie_fwb": "Li\u00e8ge",
                "bce": "0540.585.552",
                "categorie_principale": "Structure de cr\u00e9ation et artistes",
                "empty": null,
                "type_d_aide": [
                    "Contrat de cr\u00e9ation"
                ],
                "duree_du_contrat_annees": "5"
            }
        },
        {
            "type": "Feature",
            "geometry": {
                "type": "Point",
                "coordinates": [
                    4.376536025227187,
                    50.85032979183135
                ]
            },
            "properties": {
                "nom_de_l_operateur": "La Compagnie des Nouveaux Disparus",
                "domaine": "Pluridisciplinaire",
                "adresse": "Rue de Liedekerke 9",
                "code_postal": "1210",
                "localite": "Saint-Josse-Ten-Noode",
                "telephone": "02 219 11 98",
                "courriel": "info@lesnouveauxdisparus.com",
                "site_web": "https:\/\/www.lesnouveauxdisparus.be\/",
                "statut_juridique": "asbl",
                "province": "Bruxelles-Capitale",
                "bassin_de_vie_fwb": "Bruxelles",
                "bce": "0456.569.397",
                "categorie_principale": "Structure de cr\u00e9ation et artistes",
                "empty": null,
                "type_d_aide": [
                    "Contrat de cr\u00e9ation"
                ],
                "duree_du_contrat_annees": "5"
            }
        },
        {
            "type": "Feature",
            "geometry": {
                "type": "Point",
                "coordinates": [
                    4.866591780482109,
                    50.720958419618285
                ]
            },
            "properties": {
                "nom_de_l_operateur": "Les Baladins du Miroir",
                "domaine": "Art dramatique",
                "adresse": "Rue de Stampia 36",
                "code_postal": "1370",
                "localite": "Jodoigne",
                "telephone": "010 88 83 29",
                "courriel": "info@lesbaladins.be",
                "site_web": "https:\/\/lesbaladinsdumiroir.be\/",
                "statut_juridique": "asbl",
                "province": "Brabant wallon",
                "bassin_de_vie_fwb": "Brabant wallon",
                "bce": "0423.527.536",
                "categorie_principale": "Structure de cr\u00e9ation et artistes",
                "empty": null,
                "type_d_aide": [
                    "Convention"
                ],
                "duree_du_contrat_annees": "5"
            }
        },
        {
            "type": "Feature",
            "geometry": {
                "type": "Point",
                "coordinates": [
                    3.402762681033974,
                    50.60903932679288
                ]
            },
            "properties": {
                "nom_de_l_operateur": "Les Rencontres Inattendues asbl",
                "domaine": "Pluridisciplinaire",
                "adresse": "Boulevard des Combattants 84",
                "code_postal": "7500",
                "localite": "Tournai",
                "telephone": "069 25 30 80",
                "courriel": "rencontres@lesinattendues.be",
                "site_web": "https:\/\/lesinattendues.be\/",
                "statut_juridique": "asbl",
                "province": "Hainaut",
                "bassin_de_vie_fwb": "Wallonie picarde",
                "bce": "0632.517.895",
                "categorie_principale": "Structure de cr\u00e9ation et artistes",
                "empty": null,
                "type_d_aide": [
                    "Convention transversale"
                ],
                "duree_du_contrat_annees": "5"
            }
        },
        {
            "type": "Feature",
            "geometry": {
                "type": "Point",
                "coordinates": [
                    4.36793882337845,
                    50.83648236039855
                ]
            },
            "properties": {
                "nom_de_l_operateur": "L'L",
                "domaine": "Interdisciplinaire",
                "adresse": "Chauss\u00e9e de Wavre 132",
                "code_postal": "1050",
                "localite": "Ixelles",
                "telephone": "02 512 49 69",
                "courriel": "contact@llrecherche.be",
                "site_web": "https:\/\/www.llrecherche.be",
                "statut_juridique": "asbl",
                "province": "Bruxelles-Capitale",
                "bassin_de_vie_fwb": "Bruxelles",
                "bce": "0443.087.486",
                "categorie_principale": "Structure de service",
                "empty": null,
                "type_d_aide": [
                    "Contrat de cr\u00e9ation"
                ],
                "duree_du_contrat_annees": "5"
            }
        },
        {
            "type": "Feature",
            "geometry": {
                "type": "Point",
                "coordinates": [
                    4.348547796393188,
                    50.87112158413449
                ]
            },
            "properties": {
                "nom_de_l_operateur": "OSK - Orchestre Sturm Und Klang",
                "domaine": "Musique contemporaine",
                "adresse": "Rue Dieudonn\u00e9 Lef\u00e8vre 4",
                "code_postal": "1020",
                "localite": "Laeken",
                "telephone": null,
                "courriel": "info@sturmundklang.be",
                "site_web": "http:\/\/www.sturmundklang.be\/",
                "statut_juridique": "asbl",
                "province": "Bruxelles-Capitale",
                "bassin_de_vie_fwb": "Bruxelles",
                "bce": "0864.602.867",
                "categorie_principale": "Festival",
                "empty": null,
                "type_d_aide": [
                    "Contrat de services"
                ],
                "duree_du_contrat_annees": "3"
            }
        },
        {
            "type": "Feature",
            "geometry": {
                "type": "Point",
                "coordinates": [
                    4.421899681048001,
                    50.817446704723736
                ]
            },
            "properties": {
                "nom_de_l_operateur": "Ruda asbl",
                "domaine": "Arts chor\u00e9graphiques",
                "adresse": "Chauss\u00e9e de Wavre 1540",
                "code_postal": "1160",
                "localite": "Auderghem",
                "telephone": "02 412 35 23",
                "courriel": "compagnie@ayelenparolin.be",
                "site_web": "https:\/\/ayelenparolin.be\/",
                "statut_juridique": "asbl",
                "province": "Bruxelles-Capitale",
                "bassin_de_vie_fwb": "Bruxelles",
                "bce": "0840.919.625",
                "categorie_principale": "Structure de cr\u00e9ation et artistes",
                "empty": null,
                "type_d_aide": [
                    "Contrat de services"
                ],
                "duree_du_contrat_annees": "5"
            }
        },
        {
            "type": "Feature",
            "geometry": {
                "type": "Point",
                "coordinates": [
                    4.318382354059223,
                    50.80056250812652
                ]
            },
            "properties": {
                "nom_de_l_operateur": "Source Plurielle",
                "domaine": "Conte",
                "adresse": "Chauss\u00e9e de Neerstalle 340",
                "code_postal": "1190",
                "localite": "Forest",
                "telephone": null,
                "courriel": "info@sourceplurielle.be",
                "site_web": "https:\/\/www.facebook.com\/sourceplurielle\/?locale=fr_FR",
                "statut_juridique": "asbl",
                "province": "Bruxelles-Capitale",
                "bassin_de_vie_fwb": "Bruxelles",
                "bce": "0692.739.950",
                "categorie_principale": "Structure de cr\u00e9ation et artistes",
                "empty": null,
                "type_d_aide": [
                    "Contrat-programme"
                ],
                "duree_du_contrat_annees": "3"
            }
        },
        {
            "type": "Feature",
            "geometry": {
                "type": "Point",
                "coordinates": [
                    4.371249638718433,
                    50.81251433775415
                ]
            },
            "properties": {
                "nom_de_l_operateur": "Th\u00e9\u00e2tre de Poche",
                "domaine": "Art dramatique",
                "adresse": "Chemin du Gymnase 1 A",
                "code_postal": "1000",
                "localite": "Bruxelles",
                "telephone": "02 647 27 26",
                "courriel": "reservation@poche.be",
                "site_web": "https:\/\/poche.be\/",
                "statut_juridique": "asbl",
                "province": "Bruxelles-Capitale",
                "bassin_de_vie_fwb": "Bruxelles",
                "bce": "0411.599.209",
                "categorie_principale": "Structure de cr\u00e9ation et artistes",
                "empty": null,
                "type_d_aide": [
                    "Contrat de cr\u00e9ation"
                ],
                "duree_du_contrat_annees": "5"
            }
        },
        {
            "type": "Feature",
            "geometry": {
                "type": "Point",
                "coordinates": [
                    5.400380781009764,
                    50.247032149906815
                ]
            },
            "properties": {
                "nom_de_l_operateur": "Th\u00e9\u00e2tre des Travaux et des Jours",
                "domaine": "Th\u00e9\u00e2tre Action",
                "adresse": "Vieille route de Marenne 4",
                "code_postal": "6990",
                "localite": "Bourdon",
                "telephone": "084 86 00 54",
                "courriel": "theatredestravauxetdesjours@theatretj.be",
                "site_web": "https:\/\/theatretj.be\/",
                "statut_juridique": "asbl",
                "province": "Luxembourg",
                "bassin_de_vie_fwb": "Luxembourg",
                "bce": "0420.559.039",
                "categorie_principale": "Structure de cr\u00e9ation et artistes",
                "empty": null,
                "type_d_aide": [
                    "Contrat-programme"
                ],
                "duree_du_contrat_annees": "5"
            }
        },
        {
            "type": "Feature",
            "geometry": {
                "type": "Point",
                "coordinates": [
                    4.370671971164602,
                    50.85972778712254
                ]
            },
            "properties": {
                "nom_de_l_operateur": "Th\u00e9\u00e2tre Royal de Toone",
                "domaine": "Pluridisciplinaire",
                "adresse": "Chauss\u00e9e de Haecht\u00a0151",
                "code_postal": "1030",
                "localite": "Schaerbeek",
                "telephone": "02 511 71 37",
                "courriel": "woltje@skynet.be",
                "site_web": "http:\/\/www.toone.be\/",
                "statut_juridique": "asbl",
                "province": "Bruxelles-Capitale",
                "bassin_de_vie_fwb": "Bruxelles",
                "bce": "0406.495.029",
                "categorie_principale": "Centre d'Art\/Lieu de diffusion",
                "empty": null,
                "type_d_aide": [
                    "Contrat-programme"
                ],
                "duree_du_contrat_annees": "5"
            }
        },
        {
            "type": "Feature",
            "geometry": {
                "type": "Point",
                "coordinates": [
                    4.325776568246948,
                    50.824503287311224
                ]
            },
            "properties": {
                "nom_de_l_operateur": "Wiels",
                "domaine": "Arts Plastiques",
                "adresse": "Avenue Van Volxem 354",
                "code_postal": "1190",
                "localite": "Forest",
                "telephone": "02 340 00 53",
                "courriel": "welcome@wiels.org",
                "site_web": "https:\/\/www.wiels.org\/fr",
                "statut_juridique": "asbl",
                "province": "Bruxelles-Capitale",
                "bassin_de_vie_fwb": "Bruxelles",
                "bce": null,
                "categorie_principale": "Centre d'Art\/Lieu de diffusion",
                "empty": null,
                "type_d_aide": [
                    "Convention"
                ],
                "duree_du_contrat_annees": "4"
            }
        },
        {
            "type": "Feature",
            "geometry": {
                "type": "Point",
                "coordinates": [
                    5.559506467542607,
                    50.64493486765308
                ]
            },
            "properties": {
                "nom_de_l_operateur": "Adoc Compagnie",
                "domaine": "Art dramatique",
                "adresse": "Rue Hullos 32",
                "code_postal": "4000",
                "localite": "Li\u00e8ge",
                "telephone": null,
                "courriel": "adoc.compagnie@gmail.com",
                "site_web": "https:\/\/adoc-compagnie.be\/",
                "statut_juridique": "asbl",
                "province": "Li\u00e8ge",
                "bassin_de_vie_fwb": "Li\u00e8ge",
                "bce": "0743.521.826",
                "categorie_principale": "Structure de cr\u00e9ation et artistes",
                "empty": null,
                "type_d_aide": [
                    "Contrat-programme"
                ],
                "duree_du_contrat_annees": "5"
            }
        },
        {
            "type": "Feature",
            "geometry": {
                "type": "Point",
                "coordinates": [
                    4.327305152210308,
                    50.783762637654235
                ]
            },
            "properties": {
                "nom_de_l_operateur": "Aires Libres",
                "domaine": "Arts forains, du cirque et de la rue",
                "adresse": "Chauss\u00e9e d'Alsemberg 1299",
                "code_postal": "1180",
                "localite": "Uccle",
                "telephone": null,
                "courriel": "info@aireslibres.be",
                "site_web": "https:\/\/aireslibres.be\/",
                "statut_juridique": "asbl",
                "province": "Bruxelles-Capitale",
                "bassin_de_vie_fwb": "Bruxelles",
                "bce": "0472.748.405",
                "categorie_principale": "F\u00e9d\u00e9ration",
                "empty": null,
                "type_d_aide": [
                    "Contrat de cr\u00e9ation"
                ],
                "duree_du_contrat_annees": "5"
            }
        },
        {
            "type": "Feature",
            "geometry": {
                "type": "Point",
                "coordinates": [
                    5.547869223367734,
                    50.67638974010854
                ]
            },
            "properties": {
                "nom_de_l_operateur": "Asbl Art-i",
                "domaine": "Musiques actuelles",
                "adresse": "Clos Reine Astrid 73",
                "code_postal": "4020",
                "localite": "Li\u00e8ge",
                "telephone": null,
                "courriel": "info@art-i.be",
                "site_web": "https:\/\/www.art-i.be\/",
                "statut_juridique": "asbl",
                "province": "Li\u00e8ge",
                "bassin_de_vie_fwb": "Li\u00e8ge",
                "bce": "0666.405.044",
                "categorie_principale": "Agence, Promotion et Diffusion",
                "empty": null,
                "type_d_aide": [
                    "Contrat-programme"
                ],
                "duree_du_contrat_annees": "3"
            }
        },
        {
            "type": "Feature",
            "geometry": {
                "type": "Point",
                "coordinates": [
                    4.380577138721007,
                    50.850741043330494
                ]
            },
            "properties": {
                "nom_de_l_operateur": "Asbl Hypnote Records",
                "domaine": "Musiques actuelles",
                "adresse": "\u200bChauss\u00e9e de Louvain 193A-195",
                "code_postal": "1210",
                "localite": "Saint-Josse-Ten-Noode",
                "telephone": null,
                "courriel": "info@hypnoterecords.com",
                "site_web": "https:\/\/www.hypnoterecords.com\/",
                "statut_juridique": "asbl",
                "province": "Bruxelles-Capitale",
                "bassin_de_vie_fwb": "Bruxelles",
                "bce": "0665.758.312",
                "categorie_principale": "Agence, Promotion et Diffusion",
                "empty": null,
                "type_d_aide": [
                    "Contrat de services"
                ],
                "duree_du_contrat_annees": "3"
            }
        },
        {
            "type": "Feature",
            "geometry": {
                "type": "Point",
                "coordinates": [
                    3.002397294538399,
                    50.76733889969994
                ]
            },
            "properties": {
                "nom_de_l_operateur": "Asbl Open Music",
                "domaine": "Musiques actuelles",
                "adresse": "Rue du Faubourg 1",
                "code_postal": "7780",
                "localite": "Comines",
                "telephone": null,
                "courriel": "openmusic.comines@gmail.com",
                "site_web": "https:\/\/www.openmusicjazzclub.be\/",
                "statut_juridique": "asbl",
                "province": "Hainaut",
                "bassin_de_vie_fwb": "Wallonie picarde",
                "bce": "0445.979.769",
                "categorie_principale": "Centre d'Art\/Lieu de diffusion",
                "empty": null,
                "type_d_aide": [
                    "Contrat de diffusion"
                ],
                "duree_du_contrat_annees": "5"
            }
        },
        {
            "type": "Feature",
            "geometry": {
                "type": "Point",
                "coordinates": [
                    4.916047681010429,
                    50.2575242994414
                ]
            },
            "properties": {
                "nom_de_l_operateur": "Association internationale Adolphe Sax",
                "domaine": "Pluridisciplinaire",
                "adresse": "Rue Grande 37",
                "code_postal": "5500",
                "localite": "Dinant",
                "telephone": "082 40 48 68",
                "courriel": "info@sax-dinant.be",
                "site_web": "https:\/\/sax.dinant.be\/",
                "statut_juridique": "asbl",
                "province": "Namur",
                "bassin_de_vie_fwb": "Namur",
                "bce": "0451.973.478",
                "categorie_principale": "Structure de service",
                "empty": null,
                "type_d_aide": [
                    "Contrat-programme"
                ],
                "duree_du_contrat_annees": "5"
            }
        },
        {
            "type": "Feature",
            "geometry": {
                "type": "Point",
                "coordinates": [
                    5.599409496313308,
                    49.67352564708638
                ]
            },
            "properties": {
                "nom_de_l_operateur": "CALB - Centre d'art contemporain du Luxembourg belge",
                "domaine": "Arts Plastiques",
                "adresse": "Rue du Moulin 35",
                "code_postal": "6740",
                "localite": "Etalle",
                "telephone": "063 22 99 85",
                "courriel": "bureau@caclb.be",
                "site_web": "https:\/\/www.caclb.be\/fr",
                "statut_juridique": "asbl",
                "province": "Luxembourg",
                "bassin_de_vie_fwb": "Luxembourg",
                "bce": "0431.776.296",
                "categorie_principale": "Centre d'Art\/Lieu de diffusion",
                "empty": null,
                "type_d_aide": [
                    "Convention"
                ],
                "duree_du_contrat_annees": "4"
            }
        },
        {
            "type": "Feature",
            "geometry": {
                "type": "Point",
                "coordinates": [
                    4.414405581048512,
                    50.82549046213243
                ]
            },
            "properties": {
                "nom_de_l_operateur": "Com\u00e9die Royale Claude Volter",
                "domaine": "Art dramatique",
                "adresse": "Avenue des Fr\u00e8res Legrain 98",
                "code_postal": "1150",
                "localite": "Woluwe-Saint-Pierre",
                "telephone": "02 762 09 63",
                "courriel": "secretariat@comedievolter.be",
                "site_web": "http:\/\/www.comedievolter.be\/",
                "statut_juridique": "asbl",
                "province": "Bruxelles-Capitale",
                "bassin_de_vie_fwb": "Bruxelles",
                "bce": "0411.117.573",
                "categorie_principale": "Structure de cr\u00e9ation et artistes",
                "empty": null,
                "type_d_aide": [
                    "Contrat-programme"
                ],
                "duree_du_contrat_annees": "5"
            }
        },
        {
            "type": "Feature",
            "geometry": {
                "type": "Point",
                "coordinates": [
                    4.374207925227208,
                    50.850986889732184
                ]
            },
            "properties": {
                "nom_de_l_operateur": "Inti Th\u00e9\u00e2tre",
                "domaine": "Th\u00e9\u00e2tre Jeune Public",
                "adresse": "Rue Saint-Josse 49",
                "code_postal": "1210",
                "localite": "Saint-Josse-Ten-Noode",
                "telephone": null,
                "courriel": "info@intitheatre.be",
                "site_web": "https:\/\/intitheatre.be\/",
                "statut_juridique": "asbl",
                "province": "Bruxelles-Capitale",
                "bassin_de_vie_fwb": "Bruxelles",
                "bce": "0870.605.187",
                "categorie_principale": "Structure de cr\u00e9ation et artistes",
                "empty": null,
                "type_d_aide": [
                    "Convention"
                ],
                "duree_du_contrat_annees": "5"
            }
        },
        {
            "type": "Feature",
            "geometry": {
                "type": "Point",
                "coordinates": [
                    4.347399509885997,
                    50.856375772516486
                ]
            },
            "properties": {
                "nom_de_l_operateur": "Kunstenfestivaldesarts",
                "domaine": "Art dramatique",
                "adresse": "Quai du Commerce 18",
                "code_postal": "1000",
                "localite": "Bruxelles",
                "telephone": "02 219\u00a007 07",
                "courriel": "info@kfda.be",
                "site_web": "https:\/\/kfda.be\/",
                "statut_juridique": "asbl",
                "province": "Bruxelles-Capitale",
                "bassin_de_vie_fwb": "Bruxelles",
                "bce": "0446.277.303",
                "categorie_principale": "Festival",
                "empty": null,
                "type_d_aide": [
                    "Contrat de diffusion"
                ],
                "duree_du_contrat_annees": "5"
            }
        },
        {
            "type": "Feature",
            "geometry": {
                "type": "Point",
                "coordinates": [
                    4.410823567554284,
                    50.81903436623214
                ]
            },
            "properties": {
                "nom_de_l_operateur": "Label Zik",
                "domaine": "Musiques actuelles",
                "adresse": "Rue des Paysagistes\u00a041",
                "code_postal": "1160",
                "localite": "Auderghem",
                "telephone": null,
                "courriel": "info@kidzik.be",
                "site_web": "http:\/\/kidzik.be\/",
                "statut_juridique": "asbl",
                "province": "Bruxelles-Capitale",
                "bassin_de_vie_fwb": "Bruxelles",
                "bce": "0567.574.021",
                "categorie_principale": "Festival",
                "empty": null,
                "type_d_aide": [
                    "Contrat de cr\u00e9ation"
                ],
                "duree_du_contrat_annees": "5"
            }
        },
        {
            "type": "Feature",
            "geometry": {
                "type": "Point",
                "coordinates": [
                    4.353706696392145,
                    50.85569206621071
                ]
            },
            "properties": {
                "nom_de_l_operateur": "Outhere",
                "domaine": "Musique classique",
                "adresse": "Rue de l'\u00e9pargne 29",
                "code_postal": "1000",
                "localite": "Bruxelles",
                "telephone": "02 373 82 00",
                "courriel": "info@outhere-music.com",
                "site_web": "https:\/\/outhere-music.com",
                "statut_juridique": "sa",
                "province": "Bruxelles-Capitale",
                "bassin_de_vie_fwb": "Bruxelles",
                "bce": "0462.962.489",
                "categorie_principale": "Agence, Promotion et Diffusion",
                "empty": null,
                "type_d_aide": [
                    "Convention"
                ],
                "duree_du_contrat_annees": "5"
            }
        },
        {
            "type": "Feature",
            "geometry": {
                "type": "Point",
                "coordinates": [
                    3.9260099387075216,
                    50.65029042995362
                ]
            },
            "properties": {
                "nom_de_l_operateur": "Silly concerts-Le Salon",
                "domaine": "Musiques actuelles",
                "adresse": "Rue Ville Basse 19",
                "code_postal": "7830",
                "localite": "Silly",
                "telephone": "0474 03 57 26",
                "courriel": "contact@lesalonsilly.com",
                "site_web": "https:\/\/www.facebook.com\/lesalonsilly\/",
                "statut_juridique": "asbl",
                "province": "Hainaut",
                "bassin_de_vie_fwb": "Wallonie picarde",
                "bce": "0471.326.067",
                "categorie_principale": "Centre d'Art\/Lieu de diffusion",
                "empty": null,
                "type_d_aide": [
                    "Contrat de services"
                ],
                "duree_du_contrat_annees": "3"
            }
        },
        {
            "type": "Feature",
            "geometry": {
                "type": "Point",
                "coordinates": [
                    4.184916425201999,
                    50.47505400344873
                ]
            },
            "properties": {
                "nom_de_l_operateur": "Central, Centre culturel r\u00e9gional du Centre",
                "domaine": "Art dramatique",
                "adresse": "Place Jules Mansart 17",
                "code_postal": "7100",
                "localite": "La Louvi\u00e8re",
                "telephone": "064 21 51 21",
                "courriel": "info@cestcentral.be",
                "site_web": "https:\/\/www.cestcentral.be\/",
                "statut_juridique": "asbl",
                "province": "Hainaut",
                "bassin_de_vie_fwb": "Hainaut Centre",
                "bce": "0418.527.977",
                "categorie_principale": "Centre d'Art\/Lieu de diffusion",
                "empty": null,
                "type_d_aide": [
                    "Convention"
                ],
                "duree_du_contrat_annees": "5"
            }
        },
        {
            "type": "Feature",
            "geometry": {
                "type": "Point",
                "coordinates": [
                    5.6024297233643585,
                    50.62681456837701
                ]
            },
            "properties": {
                "nom_de_l_operateur": "Collectif du Lion asbl",
                "domaine": "Musiques actuelles",
                "adresse": "Rue Belleflamme 49 bte J",
                "code_postal": "4030",
                "localite": "Grivegn\u00e9e",
                "telephone": null,
                "courriel": "collectifdulion@gmail.com",
                "site_web": "https:\/\/www.collectifdulion.com",
                "statut_juridique": "asbl",
                "province": "Li\u00e8ge",
                "bassin_de_vie_fwb": "Li\u00e8ge",
                "bce": "0439.041.893",
                "categorie_principale": "Structure de service",
                "empty": null,
                "type_d_aide": [
                    "Contrat-programme"
                ],
                "duree_du_contrat_annees": "5"
            }
        },
        {
            "type": "Feature",
            "geometry": {
                "type": "Point",
                "coordinates": [
                    4.397371854062083,
                    50.8428191663352
                ]
            },
            "properties": {
                "nom_de_l_operateur": "Compagnie des Paroles - Des id\u00e9es plein la t\u00eate, des paroles plein la bouche",
                "domaine": "Conte",
                "adresse": "Rue G\u00e9rard\u00a040",
                "code_postal": "1040",
                "localite": "Etterbeek",
                "telephone": null,
                "courriel": "info@compagniedesparoles.be",
                "site_web": "https:\/\/compagniedesparoles.be\/",
                "statut_juridique": "asbl",
                "province": "Bruxelles-Capitale",
                "bassin_de_vie_fwb": "Bruxelles",
                "bce": "0472.941.811",
                "categorie_principale": "Structure de cr\u00e9ation et artistes",
                "empty": null,
                "type_d_aide": [
                    "Contrat-programme"
                ],
                "duree_du_contrat_annees": "3"
            }
        },
        {
            "type": "Feature",
            "geometry": {
                "type": "Point",
                "coordinates": [
                    4.339990052213771,
                    50.83518916434109
                ]
            },
            "properties": {
                "nom_de_l_operateur": "Droit Dans Le Mur",
                "domaine": "Art dramatique",
                "adresse": "Rue d'Angleterre\u00a039",
                "code_postal": "1060",
                "localite": "Saint-Gilles",
                "telephone": null,
                "courriel": "production@droitdanslemur.be",
                "site_web": "https:\/\/droitdanslemur.be\/",
                "statut_juridique": "asbl",
                "province": "Bruxelles-Capitale",
                "bassin_de_vie_fwb": "Bruxelles",
                "bce": "0607.944.926",
                "categorie_principale": "Structure de cr\u00e9ation et artistes",
                "empty": null,
                "type_d_aide": [
                    "Contrat-programme"
                ],
                "duree_du_contrat_annees": "5"
            }
        },
        {
            "type": "Feature",
            "geometry": {
                "type": "Point",
                "coordinates": [
                    5.584918725213755,
                    50.65022253551474
                ]
            },
            "properties": {
                "nom_de_l_operateur": "Esp\u00e8ces de ...",
                "domaine": "Th\u00e9\u00e2tre Action",
                "adresse": "Rue Jonruelle 13",
                "code_postal": "4000",
                "localite": "Li\u00e8ge",
                "telephone": "04 227 86 75",
                "courriel": "info@cie-especesde.be",
                "site_web": "https:\/\/www.cie-especesde.be\/",
                "statut_juridique": "asbl",
                "province": "Li\u00e8ge",
                "bassin_de_vie_fwb": "Li\u00e8ge",
                "bce": "0477.099.448",
                "categorie_principale": "Structure de cr\u00e9ation et artistes",
                "empty": null,
                "type_d_aide": [
                    "Convention"
                ],
                "duree_du_contrat_annees": "5"
            }
        },
        {
            "type": "Feature",
            "geometry": {
                "type": "Point",
                "coordinates": [
                    5.31187209631504,
                    49.69968013733825
                ]
            },
            "properties": {
                "nom_de_l_operateur": "F\u00eate des Artistes et Artisans de Chassepierre asbl",
                "domaine": "Arts forains, du cirque et de la rue",
                "adresse": "Rue Sainte-Anne 1b",
                "code_postal": "6820",
                "localite": "Florenville",
                "telephone": "061 31 45 68",
                "courriel": "info@chassepierre.be",
                "site_web": "https:\/\/www.chassepierre.be\/fr",
                "statut_juridique": "asbl",
                "province": "Luxembourg",
                "bassin_de_vie_fwb": "Luxembourg",
                "bce": "0432.510.429",
                "categorie_principale": "Festival",
                "empty": null,
                "type_d_aide": [
                    "Contrat de diffusion"
                ],
                "duree_du_contrat_annees": "5"
            }
        },
        {
            "type": "Feature",
            "geometry": {
                "type": "Point",
                "coordinates": [
                    5.9018517810126,
                    50.29002777458248
                ]
            },
            "properties": {
                "nom_de_l_operateur": "La \"S\" Grand Atelier",
                "domaine": "Arts Plastiques",
                "adresse": "Place des Chasseurs Ardennais 31",
                "code_postal": "6690",
                "localite": "Vielsalm",
                "telephone": "080 29 25 76",
                "courriel": "lasgrandatelier@gmail.com",
                "site_web": "http:\/\/lasgrandatelier.be\/",
                "statut_juridique": "asbl",
                "province": "Luxembourg",
                "bassin_de_vie_fwb": "Luxembourg",
                "bce": "0832.117.072",
                "categorie_principale": "Centre d'Art\/Lieu de diffusion",
                "empty": null,
                "type_d_aide": [
                    "Convention"
                ],
                "duree_du_contrat_annees": "4"
            }
        },
        {
            "type": "Feature",
            "geometry": {
                "type": "Point",
                "coordinates": [
                    4.3840776423292045,
                    50.852605332938545
                ]
            },
            "properties": {
                "nom_de_l_operateur": "La Horde Furtive",
                "domaine": "Art dramatique",
                "adresse": "Rue Artan\u00a0144 \u00a0Bte\u00a04",
                "code_postal": "1030",
                "localite": "Schaerbeek",
                "telephone": null,
                "courriel": "lahordefurtive@gmail.com",
                "site_web": "https:\/\/lahordefurtive.be\/",
                "statut_juridique": "asbl",
                "province": "Bruxelles-Capitale",
                "bassin_de_vie_fwb": "Bruxelles",
                "bce": "0683.984.810",
                "categorie_principale": "Structure de cr\u00e9ation et artistes",
                "empty": null,
                "type_d_aide": [
                    "Contrat de cr\u00e9ation"
                ],
                "duree_du_contrat_annees": "3"
            }
        },
        {
            "type": "Feature",
            "geometry": {
                "type": "Point",
                "coordinates": [
                    4.366374681050516,
                    50.85481113151014
                ]
            },
            "properties": {
                "nom_de_l_operateur": "Le Botanique asbl",
                "domaine": "Musiques actuelles",
                "adresse": "Rue Royale 236",
                "code_postal": "1210",
                "localite": "Saint-Josse-Ten-Noode",
                "telephone": "02 218 37 32",
                "courriel": "info@botanique.be",
                "site_web": "https:\/\/botanique.be",
                "statut_juridique": "asbl",
                "province": "Bruxelles-Capitale",
                "bassin_de_vie_fwb": "Bruxelles",
                "bce": "0425.406.861",
                "categorie_principale": "Centre d'Art\/Lieu de diffusion",
                "empty": null,
                "type_d_aide": [
                    "Contrat-programme"
                ],
                "duree_du_contrat_annees": "5"
            }
        },
        {
            "type": "Feature",
            "geometry": {
                "type": "Point",
                "coordinates": [
                    3.837511867528543,
                    50.4350550456272
                ]
            },
            "properties": {
                "nom_de_l_operateur": "MAC's",
                "domaine": "Arts Plastiques",
                "adresse": "Rue Sainte-Louise 82",
                "code_postal": "7301",
                "localite": "Hornu",
                "telephone": "065 65 21 21",
                "courriel": "info.macs@grand-hornu.be",
                "site_web": "https:\/\/www.mac-s.be\/",
                "statut_juridique": "asbl",
                "province": "Hainaut",
                "bassin_de_vie_fwb": "Hainaut Centre",
                "bce": "0458.458.226",
                "categorie_principale": "Centre d'Art\/Lieu de diffusion",
                "empty": null,
                "type_d_aide": [
                    "Contrat-Programme"
                ],
                "duree_du_contrat_annees": "5"
            }
        },
        {
            "type": "Feature",
            "geometry": {
                "type": "Point",
                "coordinates": [
                    5.399711909845152,
                    50.24701373262728
                ]
            },
            "properties": {
                "nom_de_l_operateur": "Miroir Vagabond asbl",
                "domaine": "Interdisciplinaire",
                "adresse": "Vieille Route de Marenne 2",
                "code_postal": "6990",
                "localite": "Hotton",
                "telephone": "084 31 19 46",
                "courriel": "bureau@miroirvagabond.be",
                "site_web": "https:\/\/miroirvagabond.be\/",
                "statut_juridique": "asbl",
                "province": "Luxembourg",
                "bassin_de_vie_fwb": "Luxembourg",
                "bce": "0456.157.148",
                "categorie_principale": "Festival",
                "empty": null,
                "type_d_aide": [
                    "Contrat de services"
                ],
                "duree_du_contrat_annees": "5"
            }
        },
        {
            "type": "Feature",
            "geometry": {
                "type": "Point",
                "coordinates": [
                    5.593666668522203,
                    50.65404241164966
                ]
            },
            "properties": {
                "nom_de_l_operateur": "Open View",
                "domaine": "Arts Plastiques",
                "adresse": "Rue Vivegnis 375",
                "code_postal": "4000",
                "localite": "Li\u00e8ge",
                "telephone": null,
                "courriel": null,
                "site_web": null,
                "statut_juridique": null,
                "province": "Li\u00e8ge",
                "bassin_de_vie_fwb": "Li\u00e8ge",
                "bce": null,
                "categorie_principale": "Editeur",
                "empty": null,
                "type_d_aide": [
                    "Convention"
                ],
                "duree_du_contrat_annees": "4"
            }
        },
        {
            "type": "Feature",
            "geometry": {
                "type": "Point",
                "coordinates": [
                    4.350716181048191,
                    50.8204083433946
                ]
            },
            "properties": {
                "nom_de_l_operateur": "Opus 3 asbl-Festival Midis Minimes",
                "domaine": "Musique classique",
                "adresse": "Square Larousse\u00a016",
                "code_postal": "1190",
                "localite": "Forest",
                "telephone": "02 511 25 82",
                "courriel": "info@midis-minimes.be",
                "site_web": "https:\/\/midis-minimes.be\/",
                "statut_juridique": "asbl",
                "province": "Bruxelles-Capitale",
                "bassin_de_vie_fwb": "Bruxelles",
                "bce": "0428.556.787",
                "categorie_principale": "Festival",
                "empty": null,
                "type_d_aide": [
                    "Contrat-programme"
                ],
                "duree_du_contrat_annees": "5"
            }
        },
        {
            "type": "Feature",
            "geometry": {
                "type": "Point",
                "coordinates": [
                    3.6893007386994077,
                    50.52925917481467
                ]
            },
            "properties": {
                "nom_de_l_operateur": "Passeurs de R\u00eaves",
                "domaine": "Interdisciplinaire",
                "adresse": "Rue Joseph Wauters 162",
                "code_postal": "7972",
                "localite": "Beloeil",
                "telephone": null,
                "courriel": null,
                "site_web": "https:\/\/www.passeursdereves.be\/",
                "statut_juridique": "asbl",
                "province": "Hainaut",
                "bassin_de_vie_fwb": "Wallonie picarde",
                "bce": "0468.941.055",
                "categorie_principale": "Structure de cr\u00e9ation et artistes",
                "empty": null,
                "type_d_aide": [
                    "Convention transversale"
                ],
                "duree_du_contrat_annees": "3"
            }
        },
        {
            "type": "Feature",
            "geometry": {
                "type": "Point",
                "coordinates": [
                    4.3522834117319125,
                    50.82844876905274
                ]
            },
            "properties": {
                "nom_de_l_operateur": "Quatuor Alfama",
                "domaine": "Musique classique",
                "adresse": "Rue de Neufch\u00e2tel\u00a070",
                "code_postal": "1060",
                "localite": "Saint-Gilles",
                "telephone": "02 537 85 91",
                "courriel": "mlk@arts-scene.be",
                "site_web": "http:\/\/quatuoralfama.com\/",
                "statut_juridique": "asbl",
                "province": "Bruxelles-Capitale",
                "bassin_de_vie_fwb": "Bruxelles",
                "bce": "0886.916.233",
                "categorie_principale": "Structure de cr\u00e9ation et artistes",
                "empty": null,
                "type_d_aide": [
                    "Convention transversale"
                ],
                "duree_du_contrat_annees": "5"
            }
        },
        {
            "type": "Feature",
            "geometry": {
                "type": "Point",
                "coordinates": [
                    5.579895596377866,
                    50.64341893357044
                ]
            },
            "properties": {
                "nom_de_l_operateur": "Studio des Vari\u00e9t\u00e9s Wallonie-Bruxelles",
                "domaine": "Musiques actuelles",
                "adresse": "Quai des Tanneurs 2",
                "code_postal": "4020",
                "localite": "Li\u00e8ge",
                "telephone": null,
                "courriel": "info@studiodesvarietes.be",
                "site_web": "https:\/\/www.studiodesvarietes.be",
                "statut_juridique": "asbl",
                "province": "Li\u00e8ge",
                "bassin_de_vie_fwb": "Li\u00e8ge",
                "bce": "0471.986.756",
                "categorie_principale": "Structure de service",
                "empty": null,
                "type_d_aide": [
                    "Contrat de services"
                ],
                "duree_du_contrat_annees": "5"
            }
        },
        {
            "type": "Feature",
            "geometry": {
                "type": "Point",
                "coordinates": [
                    4.38408836755656,
                    50.85262223786712
                ]
            },
            "properties": {
                "nom_de_l_operateur": "Tomas et Co",
                "domaine": "Interdisciplinaire",
                "adresse": "Rue Artan 144 Bte 4",
                "code_postal": "1030",
                "localite": "Schaerbeek",
                "telephone": "02 647 07 20",
                "courriel": "info@tomassenko.be",
                "site_web": "https:\/\/www.tomassenko.be\/",
                "statut_juridique": "asbl",
                "province": "Bruxelles-Capitale",
                "bassin_de_vie_fwb": "Bruxelles",
                "bce": "0459.120.596",
                "categorie_principale": "Structure de cr\u00e9ation et artistes",
                "empty": null,
                "type_d_aide": [
                    "Contrat de diffusion"
                ],
                "duree_du_contrat_annees": "3"
            }
        },
        {
            "type": "Feature",
            "geometry": {
                "type": "Point",
                "coordinates": [
                    4.342745440566202,
                    50.81203101808533
                ]
            },
            "properties": {
                "nom_de_l_operateur": "Collectif Fabula",
                "domaine": "Interdisciplinaire",
                "adresse": "Rue de Boetendael 96",
                "code_postal": "1180",
                "localite": "Uccle",
                "telephone": null,
                "courriel": "collectifabula@gmail.com",
                "site_web": "https:\/\/collectifabula.com",
                "statut_juridique": "asbl",
                "province": "Bruxelles-Capitale",
                "bassin_de_vie_fwb": "Bruxelles",
                "bce": "0896.469.248",
                "categorie_principale": "Structure de cr\u00e9ation et artistes",
                "empty": null,
                "type_d_aide": [
                    "Contrat de cr\u00e9ation"
                ],
                "duree_du_contrat_annees": "5"
            }
        },
        {
            "type": "Feature",
            "geometry": {
                "type": "Point",
                "coordinates": [
                    5.590115523366131,
                    50.65264632709194
                ]
            },
            "properties": {
                "nom_de_l_operateur": "Compagnie Pi 3,1415 - Collectif Mensuel",
                "domaine": "Art dramatique",
                "adresse": "Place Vivegnis 36",
                "code_postal": "4000",
                "localite": "Li\u00e8ge",
                "telephone": null,
                "courriel": "info@collectifmensuel.be",
                "site_web": "https:\/\/www.collectifmensuel.be\/",
                "statut_juridique": "asbl",
                "province": "Li\u00e8ge",
                "bassin_de_vie_fwb": "Li\u00e8ge",
                "bce": "0465.002.657",
                "categorie_principale": "Structure de cr\u00e9ation et artistes",
                "empty": null,
                "type_d_aide": [
                    "Contrat-programme"
                ],
                "duree_du_contrat_annees": "5"
            }
        },
        {
            "type": "Feature",
            "geometry": {
                "type": "Point",
                "coordinates": [
                    4.348200038720551,
                    50.84375606519515
                ]
            },
            "properties": {
                "nom_de_l_operateur": "Espace Magh - Centre Culturel Maghrebin",
                "domaine": "Pluridisciplinaire",
                "adresse": "Rue du Poin\u00e7on 17",
                "code_postal": "1000",
                "localite": "Bruxelles",
                "telephone": "02 274 05 10",
                "courriel": "info@espacemagh.be",
                "site_web": "https:\/\/www.espacemagh.be\/",
                "statut_juridique": "asbl",
                "province": "Bruxelles-Capitale",
                "bassin_de_vie_fwb": "Bruxelles",
                "bce": "0870.899.058",
                "categorie_principale": "Centre d'Art\/Lieu de diffusion",
                "empty": null,
                "type_d_aide": [
                    "Contrat-programme"
                ],
                "duree_du_contrat_annees": "5"
            }
        },
        {
            "type": "Feature",
            "geometry": {
                "type": "Point",
                "coordinates": [
                    4.354036554062066,
                    50.84261396784831
                ]
            },
            "properties": {
                "nom_de_l_operateur": "Forum de la cr\u00e9ation musicale",
                "domaine": "Musique contemporaine",
                "adresse": "Rue Lebeau 39",
                "code_postal": "1000",
                "localite": "Bruxelles",
                "telephone": "02 550 13 35",
                "courriel": "info@creationmusicale.be",
                "site_web": "https:\/\/creationmusicale.be\/",
                "statut_juridique": "asbl",
                "province": "Bruxelles-Capitale",
                "bassin_de_vie_fwb": "Bruxelles",
                "bce": "0478.165.161",
                "categorie_principale": "Structure de service",
                "empty": null,
                "type_d_aide": [
                    "Contrat de cr\u00e9ation"
                ],
                "duree_du_contrat_annees": "3"
            }
        },
        {
            "type": "Feature",
            "geometry": {
                "type": "Point",
                "coordinates": [
                    4.860769438695019,
                    50.46348658684105
                ]
            },
            "properties": {
                "nom_de_l_operateur": "Kikk - Dogstudio",
                "domaine": "Arts Plastiques",
                "adresse": "Rue Joseph Saintraint 10",
                "code_postal": "5000",
                "localite": "Namur",
                "telephone": "081 22 63 03",
                "courriel": "info@kikk.be",
                "site_web": "https:\/\/www.kikk.be\/",
                "statut_juridique": "sprl",
                "province": "Namur",
                "bassin_de_vie_fwb": "Namur",
                "bce": "0880.511.263",
                "categorie_principale": "Festival",
                "empty": null,
                "type_d_aide": [
                    "Convention"
                ],
                "duree_du_contrat_annees": "4"
            }
        },
        {
            "type": "Feature",
            "geometry": {
                "type": "Point",
                "coordinates": [
                    4.260655038710485,
                    50.693976716437575
                ]
            },
            "properties": {
                "nom_de_l_operateur": "La Cetra d\u2019Orfeo c\/o L\u2019Art de Divertir asbl",
                "domaine": "Musique classique",
                "adresse": "Rue Mathias 28",
                "code_postal": "1440",
                "localite": "Braine-Le-Ch\u00e2teau",
                "telephone": "02 366 30 57",
                "courriel": "manager@lacetra.com",
                "site_web": "https:\/\/www.lacetra.com\/",
                "statut_juridique": "asbl",
                "province": "Brabant wallon",
                "bassin_de_vie_fwb": "Brabant wallon",
                "bce": "0457.976.689",
                "categorie_principale": "Structure de cr\u00e9ation et artistes",
                "empty": null,
                "type_d_aide": [
                    "Contrat-programme"
                ],
                "duree_du_contrat_annees": "5"
            }
        },
        {
            "type": "Feature",
            "geometry": {
                "type": "Point",
                "coordinates": [
                    4.860979796364199,
                    50.43942996637574
                ]
            },
            "properties": {
                "nom_de_l_operateur": "La Compagnie des Bonimenteurs",
                "domaine": "Arts forains, du cirque et de la rue",
                "adresse": "Avenue de la Pairelle 63",
                "code_postal": "5000",
                "localite": "Namur",
                "telephone": "081 83 53 43",
                "courriel": "info@lesbonimenteurs.be",
                "site_web": "https:\/\/www.lesbonimenteurs.be\/",
                "statut_juridique": "asbl",
                "province": "Namur",
                "bassin_de_vie_fwb": "Namur",
                "bce": "0474.913.285",
                "categorie_principale": "Structure de cr\u00e9ation et artistes",
                "empty": null,
                "type_d_aide": [
                    "Convention transversale"
                ],
                "duree_du_contrat_annees": "5"
            }
        },
        {
            "type": "Feature",
            "geometry": {
                "type": "Point",
                "coordinates": [
                    4.335080168248409,
                    50.85169374056284
                ]
            },
            "properties": {
                "nom_de_l_operateur": "La FAP",
                "domaine": "Arts Plastiques",
                "adresse": "Rue Ransfort 59",
                "code_postal": "1080",
                "localite": "Molenbeek-Saint-Jean",
                "telephone": null,
                "courriel": "info@lafap.be",
                "site_web": "www.lafap.be",
                "statut_juridique": "asbl",
                "province": "Bruxelles-Capitale",
                "bassin_de_vie_fwb": "Bruxelles",
                "bce": null,
                "categorie_principale": "F\u00e9d\u00e9ration professionnelle",
                "empty": null,
                "type_d_aide": [
                    "Convention"
                ],
                "duree_du_contrat_annees": "3"
            }
        },
        {
            "type": "Feature",
            "geometry": {
                "type": "Point",
                "coordinates": [
                    5.065347409862946,
                    50.513296631053485
                ]
            },
            "properties": {
                "nom_de_l_operateur": "Pom-Pom Th\u00e9\u00e2tre",
                "domaine": "Arts forains, du cirque et de la rue",
                "adresse": "Rue de l'Eglise Saint Remy\u00a041",
                "code_postal": "5300",
                "localite": "Andenne",
                "telephone": null,
                "courriel": "info@missterre.be",
                "site_web": "https:\/\/missterre.be\/",
                "statut_juridique": "asbl",
                "province": "Namur",
                "bassin_de_vie_fwb": "Namur",
                "bce": "0456.918.104",
                "categorie_principale": "Centre d'Art\/Lieu de diffusion",
                "empty": null,
                "type_d_aide": null,
                "duree_du_contrat_annees": "5"
            }
        },
        {
            "type": "Feature",
            "geometry": {
                "type": "Point",
                "coordinates": [
                    5.590115523366131,
                    50.65264632709194
                ]
            },
            "properties": {
                "nom_de_l_operateur": "R\u00e9sidences-Ateliers Vivegnis International (RAVI)",
                "domaine": "Arts Plastiques",
                "adresse": "Place Vivegnis 36",
                "code_postal": "4000",
                "localite": "Li\u00e8ge",
                "telephone": "04 221 91 88",
                "courriel": null,
                "site_web": "http:\/\/www.ravi-liege.eu\/",
                "statut_juridique": "Service public",
                "province": "Li\u00e8ge",
                "bassin_de_vie_fwb": "Li\u00e8ge",
                "bce": null,
                "categorie_principale": "Centre d'Art\/Lieu de diffusion",
                "empty": null,
                "type_d_aide": [
                    "Convention"
                ],
                "duree_du_contrat_annees": "4"
            }
        },
        {
            "type": "Feature",
            "geometry": {
                "type": "Point",
                "coordinates": [
                    4.341448508035724,
                    50.81956456821154
                ]
            },
            "properties": {
                "nom_de_l_operateur": "Rien de Special asbl",
                "domaine": "Art dramatique",
                "adresse": "Chauss\u00e9e d'Alsemberg 244",
                "code_postal": "1190",
                "localite": "Forest",
                "telephone": null,
                "courriel": "riendespecialasbl@gmail.com",
                "site_web": "https:\/\/www.riendespecial.be\/",
                "statut_juridique": "asbl",
                "province": "Bruxelles-Capitale",
                "bassin_de_vie_fwb": "Bruxelles",
                "bce": "0846.586.702",
                "categorie_principale": "Structure de cr\u00e9ation et artistes",
                "empty": null,
                "type_d_aide": [
                    "Contrat-programme"
                ],
                "duree_du_contrat_annees": "5"
            }
        },
        {
            "type": "Feature",
            "geometry": {
                "type": "Point",
                "coordinates": [
                    5.836478038635226,
                    49.563343229963806
                ]
            },
            "properties": {
                "nom_de_l_operateur": "Th\u00e9\u00e2tre sans accent",
                "domaine": "Th\u00e9\u00e2tre Action",
                "adresse": "Rue du Centre 17",
                "code_postal": "6791",
                "localite": "Aubange",
                "telephone": null,
                "courriel": "info@theatresansaccent.be",
                "site_web": "https:\/\/www.theatresansaccent.be\/",
                "statut_juridique": "asbl",
                "province": "Luxembourg",
                "bassin_de_vie_fwb": "Luxembourg",
                "bce": "0452.941.696",
                "categorie_principale": "Structure de cr\u00e9ation et artistes",
                "empty": null,
                "type_d_aide": [
                    "Contrat-programme"
                ],
                "duree_du_contrat_annees": "5"
            }
        },
        {
            "type": "Feature",
            "geometry": {
                "type": "Point",
                "coordinates": [
                    4.8078707963654805,
                    50.458679787646155
                ]
            },
            "properties": {
                "nom_de_l_operateur": "Th\u00e9\u00e2tre Zygomars",
                "domaine": "Th\u00e9\u00e2tre Jeune Public",
                "adresse": "Rue Emile Vandervelde 6 C",
                "code_postal": "5020",
                "localite": "Flawinne",
                "telephone": "081 22 91 71",
                "courriel": "promotion@theatredeszygomars.be",
                "site_web": "https:\/\/www.theatredeszygomars.be\/",
                "statut_juridique": "asbl",
                "province": "Namur",
                "bassin_de_vie_fwb": "Namur",
                "bce": "0415.334.105",
                "categorie_principale": "Structure de cr\u00e9ation et artistes",
                "empty": null,
                "type_d_aide": [
                    "Contrat-programme"
                ],
                "duree_du_contrat_annees": "5"
            }
        },
        {
            "type": "Feature",
            "geometry": {
                "type": "Point",
                "coordinates": [
                    3.9514750675292505,
                    50.44608781510379
                ]
            },
            "properties": {
                "nom_de_l_operateur": "Centre des Arts Sc\u00e9niques",
                "domaine": "Art dramatique",
                "adresse": "Boulevard Albert-Elisabeth 83",
                "code_postal": "7000",
                "localite": "Mons",
                "telephone": null,
                "courriel": "rencontres@arts-sceniques.be",
                "site_web": "https:\/\/arts-sceniques.be\/",
                "statut_juridique": "asbl",
                "province": "Hainaut",
                "bassin_de_vie_fwb": "Hainaut Centre",
                "bce": "0464.405.514",
                "categorie_principale": "Structure de service",
                "empty": null,
                "type_d_aide": [
                    "Contrat-programme"
                ],
                "duree_du_contrat_annees": "5"
            }
        },
        {
            "type": "Feature",
            "geometry": {
                "type": "Point",
                "coordinates": [
                    4.370558669445403,
                    50.67476015986218
                ]
            },
            "properties": {
                "nom_de_l_operateur": "Cie Anton Lachky",
                "domaine": "Arts chor\u00e9graphiques",
                "adresse": "Avenue des Pinsons 8",
                "code_postal": "1420",
                "localite": "Braine-l'Alleud",
                "telephone": null,
                "courriel": "antonlachkycompany@gmail.com",
                "site_web": "http:\/\/www.antonlachkycompany.com\/",
                "statut_juridique": "asbl",
                "province": "Brabant wallon",
                "bassin_de_vie_fwb": "Brabant wallon",
                "bce": "0719.559.361",
                "categorie_principale": "Structure de cr\u00e9ation et artistes",
                "empty": null,
                "type_d_aide": [
                    "Contrat de cr\u00e9ation"
                ],
                "duree_du_contrat_annees": "5"
            }
        },
        {
            "type": "Feature",
            "geometry": {
                "type": "Point",
                "coordinates": [
                    4.237250611708146,
                    50.47438163339277
                ]
            },
            "properties": {
                "nom_de_l_operateur": "FTA - F\u00e9d\u00e9ration du th\u00e9\u00e2tre Action",
                "domaine": "Th\u00e9\u00e2tre Action",
                "adresse": "Place de La Hestre 19",
                "code_postal": "7170",
                "localite": "La Hestre",
                "telephone": null,
                "courriel": "coordination.fta@gmail.com",
                "site_web": "https:\/\/www.federationtheatreaction.be\/",
                "statut_juridique": "asbl",
                "province": null,
                "bassin_de_vie_fwb": "Hainaut Centre",
                "bce": "0417.699.915",
                "categorie_principale": "F\u00e9d\u00e9ration",
                "empty": null,
                "type_d_aide": [
                    "Convention transversale"
                ],
                "duree_du_contrat_annees": "5"
            }
        },
        {
            "type": "Feature",
            "geometry": {
                "type": "Point",
                "coordinates": [
                    4.346421082898049,
                    50.85148146769578
                ]
            },
            "properties": {
                "nom_de_l_operateur": "La Charge du Rhinoc\u00e9ros",
                "domaine": "Art dramatique",
                "adresse": "Rue de Flandre 46",
                "code_postal": "1000",
                "localite": "Bruxelles",
                "telephone": null,
                "courriel": "administration@chargedurhinoceros.be",
                "site_web": "https:\/\/chargedurhinoceros.be\/",
                "statut_juridique": "asbl",
                "province": "Bruxelles-Capitale",
                "bassin_de_vie_fwb": "Bruxelles",
                "bce": "0863.780.446",
                "categorie_principale": "Structure de service",
                "empty": null,
                "type_d_aide": [
                    "Convention"
                ],
                "duree_du_contrat_annees": "5"
            }
        },
        {
            "type": "Feature",
            "geometry": {
                "type": "Point",
                "coordinates": [
                    4.847500181039275,
                    50.6879487267378
                ]
            },
            "properties": {
                "nom_de_l_operateur": "La compagnie Tempo d'Eole",
                "domaine": "Arts forains, du cirque et de la rue",
                "adresse": "Rue Haute\u00a017 C",
                "code_postal": "1370",
                "localite": "Jodoigne",
                "telephone": null,
                "courriel": "tempodeole@gmail.com",
                "site_web": "https:\/\/tempodeole.wordpress.com\/",
                "statut_juridique": "asbl",
                "province": "Brabant wallon",
                "bassin_de_vie_fwb": "Brabant wallon",
                "bce": "0823.641.846",
                "categorie_principale": "Structure de cr\u00e9ation et artistes",
                "empty": null,
                "type_d_aide": [
                    "Contrat de services"
                ],
                "duree_du_contrat_annees": "5"
            }
        },
        {
            "type": "Feature",
            "geometry": {
                "type": "Point",
                "coordinates": [
                    5.441288836855255,
                    50.58310874385343
                ]
            },
            "properties": {
                "nom_de_l_operateur": "La Ch\u00e2taigneraie",
                "domaine": "Arts Plastiques",
                "adresse": "Chauss\u00e9e de Ramioul 19",
                "code_postal": "4400",
                "localite": "Flemalle",
                "telephone": "04 275 33 30",
                "courriel": "chataigneraie@cwac.be",
                "site_web": "https:\/\/cwac.be\/",
                "statut_juridique": "asbl",
                "province": "Li\u00e8ge",
                "bassin_de_vie_fwb": "Li\u00e8ge",
                "bce": "0429.731.279",
                "categorie_principale": "Centre d'Art\/Lieu de diffusion",
                "empty": null,
                "type_d_aide": [
                    "Convention"
                ],
                "duree_du_contrat_annees": "4"
            }
        },
        {
            "type": "Feature",
            "geometry": {
                "type": "Point",
                "coordinates": [
                    4.535535012266947,
                    50.46635554545925
                ]
            },
            "properties": {
                "nom_de_l_operateur": "La Ferme de Martinrou",
                "domaine": "Art dramatique",
                "adresse": "Chauss\u00e9e de Charleroi 615",
                "code_postal": "6220",
                "localite": "Fleurus",
                "telephone": "071 81 63 32",
                "courriel": "info@martinrou.be",
                "site_web": "https:\/\/martinrou.be\/",
                "statut_juridique": "asbl",
                "province": "Hainaut",
                "bassin_de_vie_fwb": "Hainaut Sud",
                "bce": "0422.259.806",
                "categorie_principale": "Centre d'Art\/Lieu de diffusion",
                "empty": null,
                "type_d_aide": [
                    "Contrat-programme"
                ],
                "duree_du_contrat_annees": "5"
            }
        },
        {
            "type": "Feature",
            "geometry": {
                "type": "Point",
                "coordinates": [
                    4.3494016387195,
                    50.82841456182929
                ]
            },
            "properties": {
                "nom_de_l_operateur": "Le Non Dit \/ Cie M\u00e9lancolie Motte",
                "domaine": "Conte",
                "adresse": "Rue du Mont Blanc 15 Bte C",
                "code_postal": "1060",
                "localite": "Saint-Gilles",
                "telephone": null,
                "courriel": "info@melancolie.org",
                "site_web": "https:\/\/www.melancolie.org\/",
                "statut_juridique": "asbl",
                "province": "Bruxelles-Capitale",
                "bassin_de_vie_fwb": "Bruxelles",
                "bce": "0463.553.892",
                "categorie_principale": "Structure de cr\u00e9ation et artistes",
                "empty": null,
                "type_d_aide": [
                    "Contrat de diffusion"
                ],
                "duree_du_contrat_annees": "3"
            }
        },
        {
            "type": "Feature",
            "geometry": {
                "type": "Point",
                "coordinates": [
                    5.81887209630902,
                    49.608965331414126
                ]
            },
            "properties": {
                "nom_de_l_operateur": "Le Palais du Rire",
                "domaine": "Humour",
                "adresse": "Rue Belle-Vue 30",
                "code_postal": "6780",
                "localite": "Messancy",
                "telephone": null,
                "courriel": "palaisdurire.arlon@gmail.com",
                "site_web": "https:\/\/palaisdurire.be\/",
                "statut_juridique": "asbl",
                "province": null,
                "bassin_de_vie_fwb": "Luxembourg",
                "bce": "0730.899.453",
                "categorie_principale": "Structure de cr\u00e9ation et artistes",
                "empty": null,
                "type_d_aide": [
                    "Contrat de services"
                ],
                "duree_du_contrat_annees": "3"
            }
        },
        {
            "type": "Feature",
            "geometry": {
                "type": "Point",
                "coordinates": [
                    5.485818480962069,
                    49.52784700164182
                ]
            },
            "properties": {
                "nom_de_l_operateur": "Le Pied en Coulisses",
                "domaine": "Arts forains, du cirque et de la rue",
                "adresse": "Route d\u2019Harnoncourt 10",
                "code_postal": "6767",
                "localite": "Rouvroy",
                "telephone": "063 57 13 84",
                "courriel": "info@piedencoulisses.be",
                "site_web": "https:\/\/www.piedencoulisses.be\/",
                "statut_juridique": "asbl",
                "province": null,
                "bassin_de_vie_fwb": "Luxembourg",
                "bce": "0648.572.583",
                "categorie_principale": "Structure de service",
                "empty": null,
                "type_d_aide": [
                    "Contrat-programme"
                ],
                "duree_du_contrat_annees": "3"
            }
        },
        {
            "type": "Feature",
            "geometry": {
                "type": "Point",
                "coordinates": [
                    4.34301529639364,
                    50.87777034683651
                ]
            },
            "properties": {
                "nom_de_l_operateur": "Les Faiseurs de r\u00e9alit\u00e9",
                "domaine": "Art dramatique",
                "adresse": "Rue Breesch 31",
                "code_postal": "1020",
                "localite": "Laeken",
                "telephone": null,
                "courriel": "lesfaiseursderealites@gmail.com",
                "site_web": "https:\/\/www.lesfaiseursderealites.com\/",
                "statut_juridique": "asbl",
                "province": "Bruxelles-Capitale",
                "bassin_de_vie_fwb": "Bruxelles",
                "bce": "0607.858.715",
                "categorie_principale": "Structure de cr\u00e9ation et artistes",
                "empty": null,
                "type_d_aide": [
                    "Contrat-programme"
                ],
                "duree_du_contrat_annees": "3"
            }
        },
        {
            "type": "Feature",
            "geometry": {
                "type": "Point",
                "coordinates": [
                    4.357407028852281,
                    50.83706579972507
                ]
            },
            "properties": {
                "nom_de_l_operateur": "Mazal asbl",
                "domaine": "Humour",
                "adresse": "Galerie de la Toison d'Or 396-398",
                "code_postal": "1050",
                "localite": "Ixelles",
                "telephone": "02 510 05 10",
                "courriel": "info@ttotheatre.be",
                "site_web": "http:\/\/www.ttotheatre.com",
                "statut_juridique": "asbl",
                "province": "Bruxelles-Capitale",
                "bassin_de_vie_fwb": "Bruxelles",
                "bce": "0455.636.714",
                "categorie_principale": "Centre d'Art\/Lieu de diffusion",
                "empty": null,
                "type_d_aide": [
                    "Contrat-programme"
                ],
                "duree_du_contrat_annees": "5"
            }
        },
        {
            "type": "Feature",
            "geometry": {
                "type": "Point",
                "coordinates": [
                    4.867857338695076,
                    50.46432158066683
                ]
            },
            "properties": {
                "nom_de_l_operateur": "Philharmonique de Namur",
                "domaine": "Musique classique",
                "adresse": "Place du Th\u00e9\u00e2tre 2",
                "code_postal": "5000",
                "localite": "Namur",
                "telephone": null,
                "courriel": "info@laphilharmonique.be",
                "site_web": "https:\/\/laphilharmonique.be\/",
                "statut_juridique": "asbl",
                "province": "Namur",
                "bassin_de_vie_fwb": "Namur",
                "bce": "0440.775.225",
                "categorie_principale": "Festival",
                "empty": null,
                "type_d_aide": [
                    "Contrat-programme"
                ],
                "duree_du_contrat_annees": "5"
            }
        },
        {
            "type": "Feature",
            "geometry": {
                "type": "Point",
                "coordinates": [
                    4.346421082898049,
                    50.85148146769578
                ]
            },
            "properties": {
                "nom_de_l_operateur": "RAB - R\u00e9seau des Arts \u00e0 Bruxelles",
                "domaine": "Pluridisciplinaire",
                "adresse": "Rue de Flandre 46",
                "code_postal": "1000",
                "localite": "Bruxelles",
                "telephone": null,
                "courriel": "info@rabbko.be",
                "site_web": "https:\/\/rabbko.be\/fr\/",
                "statut_juridique": "asbl",
                "province": "Bruxelles-Capitale",
                "bassin_de_vie_fwb": "Bruxelles",
                "bce": "0894.581.906",
                "categorie_principale": "Structure de service",
                "empty": null,
                "type_d_aide": [
                    "Contrat de services"
                ],
                "duree_du_contrat_annees": "5"
            }
        },
        {
            "type": "Feature",
            "geometry": {
                "type": "Point",
                "coordinates": [
                    4.371994054062413,
                    50.847518041488094
                ]
            },
            "properties": {
                "nom_de_l_operateur": "Raoul Collectif",
                "domaine": "Art dramatique",
                "adresse": "Rue du Marteau 32",
                "code_postal": "1210",
                "localite": "Saint-Josse-Ten-Noode",
                "telephone": null,
                "courriel": "raoulcollectif@gmail.com",
                "site_web": "https:\/\/www.raoulcollectif.be\/",
                "statut_juridique": "asbl",
                "province": "Bruxelles-Capitale",
                "bassin_de_vie_fwb": "Bruxelles",
                "bce": "0817.021.793",
                "categorie_principale": "Structure de cr\u00e9ation et artistes",
                "empty": null,
                "type_d_aide": [
                    "Contrat de cr\u00e9ation"
                ],
                "duree_du_contrat_annees": "3"
            }
        },
        {
            "type": "Feature",
            "geometry": {
                "type": "Point",
                "coordinates": [
                    4.3265126233774485,
                    50.82087695211294
                ]
            },
            "properties": {
                "nom_de_l_operateur": "Sequenza",
                "domaine": "Th\u00e9\u00e2tre Jeune Public",
                "adresse": "Boulevard Guillaume Van Haelen 20",
                "code_postal": "1190",
                "localite": "Forest",
                "telephone": null,
                "courriel": "sequenza@live.be",
                "site_web": "https:\/\/sequenzacie.wixsite.com\/spectacle",
                "statut_juridique": "asbl",
                "province": "Bruxelles-Capitale",
                "bassin_de_vie_fwb": "Bruxelles",
                "bce": "0464 734 324",
                "categorie_principale": "Structure de cr\u00e9ation et artistes",
                "empty": null,
                "type_d_aide": [
                    "Contrat de cr\u00e9ation"
                ],
                "duree_du_contrat_annees": "3"
            }
        },
        {
            "type": "Feature",
            "geometry": {
                "type": "Point",
                "coordinates": [
                    5.552962654048896,
                    50.646888840788776
                ]
            },
            "properties": {
                "nom_de_l_operateur": "Spray can arts",
                "domaine": "Pluridisciplinaire",
                "adresse": "Rue en Bois 6",
                "code_postal": "4000",
                "localite": "Li\u00e8ge",
                "telephone": null,
                "courriel": "sca.asbl@gmail.com",
                "site_web": "https:\/\/www.spraycanartsasbl.be\/",
                "statut_juridique": "asbl",
                "province": "Li\u00e8ge",
                "bassin_de_vie_fwb": "Li\u00e8ge",
                "bce": "0864.775.883",
                "categorie_principale": "Centre d'Art\/Lieu de diffusion",
                "empty": null,
                "type_d_aide": [
                    "Contrat-programme"
                ],
                "duree_du_contrat_annees": "5"
            }
        },
        {
            "type": "Feature",
            "geometry": {
                "type": "Point",
                "coordinates": [
                    4.3695788117336525,
                    50.85432879449941
                ]
            },
            "properties": {
                "nom_de_l_operateur": "Th\u00e9\u00e2tre de la Vie",
                "domaine": "Art dramatique",
                "adresse": "Rue Traversi\u00e8re 45",
                "code_postal": "1210",
                "localite": "Saint-Josse-Ten-Noode",
                "telephone": "02 219 11 86",
                "courriel": "coordination.artistique@theatredelavie.be",
                "site_web": "https:\/\/www.theatredelavie.be\/",
                "statut_juridique": "asbl",
                "province": "Bruxelles-Capitale",
                "bassin_de_vie_fwb": "Bruxelles",
                "bce": "0411.587.034",
                "categorie_principale": "Centre d'Art\/Lieu de diffusion",
                "empty": null,
                "type_d_aide": [
                    "Contrat-programme"
                ],
                "duree_du_contrat_annees": "5"
            }
        },
        {
            "type": "Feature",
            "geometry": {
                "type": "Point",
                "coordinates": [
                    4.386310011730676,
                    50.8103232250247
                ]
            },
            "properties": {
                "nom_de_l_operateur": "Th\u00e9\u00e2tre L'Anneau",
                "domaine": "Th\u00e9\u00e2tre Jeune Public",
                "adresse": "Avenue du Pesage 2",
                "code_postal": "1050",
                "localite": "Ixelles",
                "telephone": "02 461 28 86",
                "courriel": "anneautheatre@gmail.com",
                "site_web": "http:\/\/www.anneautheatre.be\/",
                "statut_juridique": "asbl",
                "province": "Bruxelles-Capitale",
                "bassin_de_vie_fwb": "Bruxelles",
                "bce": "0459.124.655",
                "categorie_principale": "Structure de cr\u00e9ation et artistes",
                "empty": null,
                "type_d_aide": [
                    "Contrat-programme"
                ],
                "duree_du_contrat_annees": "5"
            }
        },
        {
            "type": "Feature",
            "geometry": {
                "type": "Point",
                "coordinates": [
                    4.761281281038728,
                    50.680296844472814
                ]
            },
            "properties": {
                "nom_de_l_operateur": "Travers Emotion",
                "domaine": "Pluridisciplinaire",
                "adresse": "Rue Alphonse Robert 70",
                "code_postal": "1315",
                "localite": "Incourt",
                "telephone": null,
                "courriel": "Jules@travers.be",
                "site_web": "https:\/\/www.travers.be\/",
                "statut_juridique": "asbl",
                "province": "Brabant wallon",
                "bassin_de_vie_fwb": "Brabant wallon",
                "bce": "0806.300.028",
                "categorie_principale": "Centre d'Art\/Lieu de diffusion",
                "empty": null,
                "type_d_aide": [
                    "Contrat de services"
                ],
                "duree_du_contrat_annees": "5"
            }
        },
        {
            "type": "Feature",
            "geometry": {
                "type": "Point",
                "coordinates": [
                    3.379557582881525,
                    50.60539314544716
                ]
            },
            "properties": {
                "nom_de_l_operateur": "La piste aux Espoirs asbl",
                "domaine": "Arts forains, du cirque et de la rue",
                "adresse": "Boulevard des Fr\u00e8res Rimbaut 2",
                "code_postal": "7500",
                "localite": "Tournai",
                "telephone": null,
                "courriel": "info@lapisteauxespoirs.com",
                "site_web": "http:\/\/www.lapisteauxespoirs.com\/",
                "statut_juridique": "asbl",
                "province": "Hainaut",
                "bassin_de_vie_fwb": "Wallonie picarde",
                "bce": "0479.631.643",
                "categorie_principale": "Festival",
                "empty": null,
                "type_d_aide": [
                    "Contrat-programme"
                ],
                "duree_du_contrat_annees": "5"
            }
        },
        {
            "type": "Feature",
            "geometry": {
                "type": "Point",
                "coordinates": [
                    4.33832914056753,
                    50.832139144760305
                ]
            },
            "properties": {
                "nom_de_l_operateur": "Mister B.",
                "domaine": "Musiques actuelles",
                "adresse": "Rue Coenraets 72",
                "code_postal": "1060",
                "localite": "Saint-Gilles",
                "telephone": null,
                "courriel": null,
                "site_web": null,
                "statut_juridique": "asbl",
                "province": "Bruxelles-Capitale",
                "bassin_de_vie_fwb": "Bruxelles",
                "bce": "0664.799.396",
                "categorie_principale": "Structure de service",
                "empty": null,
                "type_d_aide": [
                    "Convention transversale"
                ],
                "duree_du_contrat_annees": "3"
            }
        },
        {
            "type": "Feature",
            "geometry": {
                "type": "Point",
                "coordinates": [
                    5.567884096377913,
                    50.64402280715855
                ]
            },
            "properties": {
                "nom_de_l_operateur": "MNEMA asbl",
                "domaine": "Pluridisciplinaire",
                "adresse": "Boulevard de la Sauveni\u00e8re 33 -35",
                "code_postal": "4000",
                "localite": "Li\u00e8ge",
                "telephone": "04 230 70 53",
                "courriel": "info@mnema.be",
                "site_web": "http:\/\/www.mnema.be\/",
                "statut_juridique": "asbl",
                "province": "Li\u00e8ge",
                "bassin_de_vie_fwb": "Li\u00e8ge",
                "bce": "0874.701.953",
                "categorie_principale": "Centre d'Art\/Lieu de diffusion",
                "empty": null,
                "type_d_aide": [
                    "Contrat-programme"
                ],
                "duree_du_contrat_annees": "5"
            }
        },
        {
            "type": "Feature",
            "geometry": {
                "type": "Point",
                "coordinates": [
                    4.3441943252272255,
                    50.85129698874155
                ]
            },
            "properties": {
                "nom_de_l_operateur": "MAD - Home of Creators",
                "domaine": "Arts Plastiques",
                "adresse": "Place du Nouveau March\u00e9 aux Grains 10",
                "code_postal": "1000",
                "localite": "Bruxelles",
                "telephone": "02 880\u00a0\u00a085 62",
                "courriel": "contact@mad.brussels",
                "site_web": "https:\/\/mad.brussels\/",
                "statut_juridique": "asbl",
                "province": "Bruxelles-Capitale",
                "bassin_de_vie_fwb": "Bruxelles",
                "bce": "0831.792.420",
                "categorie_principale": "Centre d'Art\/Lieu de diffusion",
                "empty": null,
                "type_d_aide": [
                    "Convention"
                ],
                "duree_du_contrat_annees": "4"
            }
        },
        {
            "type": "Feature",
            "geometry": {
                "type": "Point",
                "coordinates": [
                    4.353706696392145,
                    50.85569206621071
                ]
            },
            "properties": {
                "nom_de_l_operateur": "Musica Luminis",
                "domaine": "Musique classique",
                "adresse": "Rue de l\u2019\u00e9pargne 29",
                "code_postal": "1000",
                "localite": "Bruxelles",
                "telephone": "081 45 10 48",
                "courriel": "info@voxluminis.com",
                "site_web": "https:\/\/www.voxluminis.com\/",
                "statut_juridique": "asbl",
                "province": "Bruxelles-Capitale",
                "bassin_de_vie_fwb": "Bruxelles",
                "bce": "0810.405.009",
                "categorie_principale": "Structure de cr\u00e9ation et artistes",
                "empty": null,
                "type_d_aide": null,
                "duree_du_contrat_annees": "5"
            }
        },
        {
            "type": "Feature",
            "geometry": {
                "type": "Point",
                "coordinates": [
                    5.5594967963755995,
                    50.60973380792854
                ]
            },
            "properties": {
                "nom_de_l_operateur": "Nectar asbl",
                "domaine": "Musiques actuelles",
                "adresse": "Rue Ernest Solvay 2",
                "code_postal": "4000",
                "localite": "Li\u00e8ge",
                "telephone": null,
                "courriel": "nectarasbl@gmail.com",
                "site_web": "https:\/\/www.facebook.com\/nectarkultur",
                "statut_juridique": "asbl",
                "province": "Li\u00e8ge",
                "bassin_de_vie_fwb": "Li\u00e8ge",
                "bce": "0503.786.920",
                "categorie_principale": "Structure de cr\u00e9ation et artistes",
                "empty": null,
                "type_d_aide": [
                    "Contrat-programme"
                ],
                "duree_du_contrat_annees": "3"
            }
        },
        {
            "type": "Feature",
            "geometry": {
                "type": "Point",
                "coordinates": [
                    4.354812968530312,
                    50.82936011901927
                ]
            },
            "properties": {
                "nom_de_l_operateur": "SB34",
                "domaine": "Arts Plastiques",
                "adresse": "Rue Saint Bernard 34",
                "code_postal": "1060",
                "localite": "Saint-Gilles",
                "telephone": null,
                "courriel": "info@sb34.org",
                "site_web": "https:\/\/sb34.org\/",
                "statut_juridique": "asbl",
                "province": "Bruxelles-Capitale",
                "bassin_de_vie_fwb": "Bruxelles",
                "bce": null,
                "categorie_principale": "Centre d'Art\/Lieu de diffusion",
                "empty": null,
                "type_d_aide": [
                    "Convention"
                ],
                "duree_du_contrat_annees": "3"
            }
        },
        {
            "type": "Feature",
            "geometry": {
                "type": "Point",
                "coordinates": [
                    4.326699481048591,
                    50.82681712106871
                ]
            },
            "properties": {
                "nom_de_l_operateur": "SMOG",
                "domaine": "Musique contemporaine",
                "adresse": "Avenue Van Volxem 380",
                "code_postal": "1190",
                "localite": "Forest",
                "telephone": null,
                "courriel": "info@smogmusic.org",
                "site_web": "http:\/\/www.smogmusic.org\/",
                "statut_juridique": "asbl",
                "province": "Bruxelles-Capitale",
                "bassin_de_vie_fwb": "Bruxelles",
                "bce": "0638.776.969",
                "categorie_principale": "Agence, Promotion et Diffusion",
                "empty": null,
                "type_d_aide": [
                    "Contrat-programme"
                ],
                "duree_du_contrat_annees": "3"
            }
        },
        {
            "type": "Feature",
            "geometry": {
                "type": "Point",
                "coordinates": [
                    4.376539667556476,
                    50.85154771242827
                ]
            },
            "properties": {
                "nom_de_l_operateur": "Th\u00e9\u00e2tre Le Public",
                "domaine": "Art dramatique",
                "adresse": "Rue Braemt 64-70",
                "code_postal": "1210",
                "localite": "Saint-Josse-Ten-Noode",
                "telephone": "02 724 24 44",
                "courriel": "contact@theatrelepublic.be",
                "site_web": "https:\/\/www.theatrelepublic.be\/",
                "statut_juridique": "asbl",
                "province": "Bruxelles-Capitale",
                "bassin_de_vie_fwb": "Bruxelles",
                "bce": "0452.893.889",
                "categorie_principale": "Structure de cr\u00e9ation et artistes",
                "empty": null,
                "type_d_aide": [
                    "Contrat-programme"
                ],
                "duree_du_contrat_annees": "5"
            }
        },
        {
            "type": "Feature",
            "geometry": {
                "type": "Point",
                "coordinates": [
                    4.6366889233523105,
                    50.446793416820675
                ]
            },
            "properties": {
                "nom_de_l_operateur": "Une Petite Compagnie",
                "domaine": "Th\u00e9\u00e2tre Action",
                "adresse": "Grand'Place 28",
                "code_postal": "5060",
                "localite": "Sambreville",
                "telephone": null,
                "courriel": "info@unepetitecompagnie.be",
                "site_web": "https:\/\/unepetitecompagnie.be\/",
                "statut_juridique": "asbl",
                "province": "Namur",
                "bassin_de_vie_fwb": "Namur",
                "bce": "0451.790.168",
                "categorie_principale": "Structure de cr\u00e9ation et artistes",
                "empty": null,
                "type_d_aide": [
                    "Contrat-programme"
                ],
                "duree_du_contrat_annees": "5"
            }
        },
        {
            "type": "Feature",
            "geometry": {
                "type": "Point",
                "coordinates": [
                    4.341445738719612,
                    50.829727297780934
                ]
            },
            "properties": {
                "nom_de_l_operateur": "Wooshing Machine",
                "domaine": "Arts chor\u00e9graphiques",
                "adresse": "Rue de Lisbonne 30",
                "code_postal": "1060",
                "localite": "Saint-Gilles",
                "telephone": null,
                "courriel": "wooshingmachine@gmail.com",
                "site_web": "http:\/\/www.wooshingmachine.com\/",
                "statut_juridique": "asbl",
                "province": "Bruxelles-Capitale",
                "bassin_de_vie_fwb": "Bruxelles",
                "bce": "0468.072.609",
                "categorie_principale": "Structure de cr\u00e9ation et artistes",
                "empty": null,
                "type_d_aide": [
                    "Contrat de cr\u00e9ation"
                ],
                "duree_du_contrat_annees": "5"
            }
        },
        {
            "type": "Feature",
            "geometry": {
                "type": "Point",
                "coordinates": [
                    4.360086025227299,
                    50.852021533246095
                ]
            },
            "properties": {
                "nom_de_l_operateur": "La Montagne Magique",
                "domaine": "Th\u00e9\u00e2tre Jeune Public",
                "adresse": "Rue du Marais 57",
                "code_postal": "1000",
                "localite": "Bruxelles",
                "telephone": "02 210 15 90",
                "courriel": "info@montagnemagique.be",
                "site_web": "https:\/\/lamontagnemagique.be\/",
                "statut_juridique": "asbl",
                "province": "Bruxelles-Capitale",
                "bassin_de_vie_fwb": "Bruxelles",
                "bce": "0456.795.863",
                "categorie_principale": "Centre d'Art\/Lieu de diffusion",
                "empty": null,
                "type_d_aide": [
                    "Convention"
                ],
                "duree_du_contrat_annees": "5"
            }
        },
        {
            "type": "Feature",
            "geometry": {
                "type": "Point",
                "coordinates": [
                    4.4060424540316205,
                    50.38882018493685
                ]
            },
            "properties": {
                "nom_de_l_operateur": "Les Amis de l'Ac\u00e9d\u00e9mie de Mont-sur-Marchienne",
                "domaine": "Musique classique",
                "adresse": "Rue Adolphe Max 13",
                "code_postal": "6032",
                "localite": "Mont-sur-Marchienne",
                "telephone": "071 43 07 81",
                "courriel": "academie.musique.msm@gmail.com",
                "site_web": "https:\/\/www.academie-msm.com\/",
                "statut_juridique": "asbl",
                "province": "Hainaut",
                "bassin_de_vie_fwb": "Hainaut Sud",
                "bce": "0410.300.793",
                "categorie_principale": "Structure de cr\u00e9ation et artistes",
                "empty": null,
                "type_d_aide": [
                    "Convention transversale"
                ],
                "duree_du_contrat_annees": "5"
            }
        },
        {
            "type": "Feature",
            "geometry": {
                "type": "Point",
                "coordinates": [
                    4.3463887540623345,
                    50.84704455059053
                ]
            },
            "properties": {
                "nom_de_l_operateur": "Les Riches-Claires",
                "domaine": "Art dramatique",
                "adresse": "Rue des Riches-Claires 24",
                "code_postal": "1000",
                "localite": "Bruxelles",
                "telephone": "02 548 25 80",
                "courriel": "info@lesrichesclaires.be",
                "site_web": "https:\/\/lesrichesclaires.be\/",
                "statut_juridique": "asbl",
                "province": "Bruxelles-Capitale",
                "bassin_de_vie_fwb": "Bruxelles",
                "bce": "0460.971.021",
                "categorie_principale": "Centre d'Art\/Lieu de diffusion",
                "empty": null,
                "type_d_aide": [
                    "Contrat-programme"
                ],
                "duree_du_contrat_annees": "5"
            }
        },
        {
            "type": "Feature",
            "geometry": {
                "type": "Point",
                "coordinates": [
                    4.323695967552069,
                    50.7867009436778
                ]
            },
            "properties": {
                "nom_de_l_operateur": "Mademoiselle Jeanne",
                "domaine": "Interdisciplinaire",
                "adresse": "Chauss\u00e9e de Drogenbos 171",
                "code_postal": "1180",
                "localite": "Uccle",
                "telephone": "02 377 93 00",
                "courriel": null,
                "site_web": "https:\/\/www.mademoisellejeanne.be\/",
                "statut_juridique": "asbl",
                "province": "Bruxelles-Capitale",
                "bassin_de_vie_fwb": "Bruxelles",
                "bce": "0465.560.408",
                "categorie_principale": "Agence, Promotion et Diffusion",
                "empty": null,
                "type_d_aide": [
                    "Contrat de cr\u00e9ation"
                ],
                "duree_du_contrat_annees": "5"
            }
        },
        {
            "type": "Feature",
            "geometry": {
                "type": "Point",
                "coordinates": [
                    4.336693584658409,
                    50.82703580604326
                ]
            },
            "properties": {
                "nom_de_l_operateur": "Modo Grosso",
                "domaine": "Arts forains, du cirque et de la rue",
                "adresse": "Rue Egide Walscharts 41",
                "code_postal": "1060",
                "localite": "Saint-Gilles",
                "telephone": null,
                "courriel": "contact@modogrosso.be",
                "site_web": "https:\/\/modogrosso.be\/",
                "statut_juridique": "asbl",
                "province": "Bruxelles-Capitale",
                "bassin_de_vie_fwb": "Bruxelles",
                "bce": "0672.879.496",
                "categorie_principale": "Structure de cr\u00e9ation et artistes",
                "empty": null,
                "type_d_aide": [
                    "Contrat-programme"
                ],
                "duree_du_contrat_annees": "5"
            }
        },
        {
            "type": "Feature",
            "geometry": {
                "type": "Point",
                "coordinates": [
                    5.23557052966966,
                    50.466340463145904
                ]
            },
            "properties": {
                "nom_de_l_operateur": "OYOU - Centre Culturel de Marchin",
                "domaine": "Arts Plastiques",
                "adresse": "Grand-Marchin  4",
                "code_postal": "4570",
                "localite": "Marchin",
                "telephone": "085 41 35 38",
                "courriel": "direction@oyou.be",
                "site_web": "https:\/\/www.oyou.be\/",
                "statut_juridique": "asbl",
                "province": "Li\u00e8ge",
                "bassin_de_vie_fwb": "Huy Waremme",
                "bce": "0428.413.762",
                "categorie_principale": "Centre d'Art\/Lieu de diffusion",
                "empty": null,
                "type_d_aide": [
                    "Convention"
                ],
                "duree_du_contrat_annees": "4"
            }
        },
        {
            "type": "Feature",
            "geometry": {
                "type": "Point",
                "coordinates": [
                    4.341977567556895,
                    50.85762668779481
                ]
            },
            "properties": {
                "nom_de_l_operateur": "Ras El Hanout",
                "domaine": "Art dramatique",
                "adresse": "Rue du Ruisseau 17-19",
                "code_postal": "1080",
                "localite": "Molenbeek-Saint-Jean",
                "telephone": "02 256 76 80",
                "courriel": "info@ras-el-hanout.be",
                "site_web": "https:\/\/ras-el-hanout.be\/",
                "statut_juridique": "asbl",
                "province": "Bruxelles-Capitale",
                "bassin_de_vie_fwb": "Bruxelles",
                "bce": "0823.548.608",
                "categorie_principale": "Structure de cr\u00e9ation et artistes",
                "empty": null,
                "type_d_aide": [
                    "Convention transversale"
                ],
                "duree_du_contrat_annees": "3"
            }
        },
        {
            "type": "Feature",
            "geometry": {
                "type": "Point",
                "coordinates": [
                    4.345704552214021,
                    50.83908825131931
                ]
            },
            "properties": {
                "nom_de_l_operateur": "Tant\u2019amati",
                "domaine": "Arts chor\u00e9graphiques",
                "adresse": "Rue des Tanneurs 87",
                "code_postal": "1000",
                "localite": "Bruxelles",
                "telephone": null,
                "courriel": "Tantamati.asbl@gmail.com",
                "site_web": "https:\/\/www.erikazueneli.com\/la-compagnie\/",
                "statut_juridique": "asbl",
                "province": "Bruxelles-Capitale",
                "bassin_de_vie_fwb": "Bruxelles",
                "bce": "0898.985.211",
                "categorie_principale": "Structure de cr\u00e9ation et artistes",
                "empty": null,
                "type_d_aide": [
                    "Contrat de diffusion"
                ],
                "duree_du_contrat_annees": "3"
            }
        },
        {
            "type": "Feature",
            "geometry": {
                "type": "Point",
                "coordinates": [
                    4.449967623363193,
                    50.60899731826751
                ]
            },
            "properties": {
                "nom_de_l_operateur": "Une Compagnie",
                "domaine": "Th\u00e9\u00e2tre Jeune Public",
                "adresse": "Rue de Charleroi 58",
                "code_postal": "1470",
                "localite": "Genappe",
                "telephone": null,
                "courriel": "administration@unecompagnie.be",
                "site_web": "http:\/\/www.unecompagnie.be\/",
                "statut_juridique": "asbl",
                "province": "Brabant wallon",
                "bassin_de_vie_fwb": "Brabant wallon",
                "bce": "0459.258.673",
                "categorie_principale": "Structure de cr\u00e9ation et artistes",
                "empty": null,
                "type_d_aide": [
                    "Contrat-programme"
                ],
                "duree_du_contrat_annees": "5"
            }
        },
        {
            "type": "Feature",
            "geometry": {
                "type": "Point",
                "coordinates": [
                    4.4200939540600235,
                    50.81208083082167
                ]
            },
            "properties": {
                "nom_de_l_operateur": "Zig Zag - Festival Couleur Caf\u00e9",
                "domaine": "Musiques actuelles",
                "adresse": "Avenue Ernest Claes 4",
                "code_postal": "1160",
                "localite": "Auderghem",
                "telephone": "02 672 49 12",
                "courriel": "festival@couleurcafe.org",
                "site_web": "https:\/\/www.couleurcafe.be",
                "statut_juridique": "asbl",
                "province": "Bruxelles-Capitale",
                "bassin_de_vie_fwb": "Bruxelles",
                "bce": "0433.818.246",
                "categorie_principale": "Festival",
                "empty": null,
                "type_d_aide": [
                    "Convention transversale"
                ],
                "duree_du_contrat_annees": "5"
            }
        },
        {
            "type": "Feature",
            "geometry": {
                "type": "Point",
                "coordinates": [
                    5.641255269437395,
                    50.3812932761369
                ]
            },
            "properties": {
                "nom_de_l_operateur": "Asbl Bucolique",
                "domaine": "Musiques actuelles",
                "adresse": "Rue du Burnontige 9",
                "code_postal": "4190",
                "localite": "Ferri\u00e8res",
                "telephone": null,
                "courriel": "info@bucolique.be",
                "site_web": "https:\/\/www.bucolique.be\/",
                "statut_juridique": "asbl",
                "province": "Li\u00e8ge",
                "bassin_de_vie_fwb": "Huy Waremme",
                "bce": "0476.913.366",
                "categorie_principale": "Festival",
                "empty": null,
                "type_d_aide": [
                    "Contrat de services"
                ],
                "duree_du_contrat_annees": "5"
            }
        },
        {
            "type": "Feature",
            "geometry": {
                "type": "Point",
                "coordinates": [
                    4.668271782941945,
                    50.75315292216009
                ]
            },
            "properties": {
                "nom_de_l_operateur": "Asbl Fragan",
                "domaine": "Musiques actuelles",
                "adresse": "Rue de Florival\u00a036",
                "code_postal": "1390",
                "localite": "Grez-Doiceau",
                "telephone": null,
                "courriel": "prod@fragan.be",
                "site_web": "https:\/\/www.fragan.be\/",
                "statut_juridique": "asbl",
                "province": "Brabant wallon",
                "bassin_de_vie_fwb": "Brabant wallon",
                "bce": "0476.675.816",
                "categorie_principale": "Structure de service",
                "empty": null,
                "type_d_aide": [
                    "Contrat de services"
                ],
                "duree_du_contrat_annees": "5"
            }
        },
        {
            "type": "Feature",
            "geometry": {
                "type": "Point",
                "coordinates": [
                    4.344640779200746,
                    50.825194517507036
                ]
            },
            "properties": {
                "nom_de_l_operateur": "Asbl Zig Zag World",
                "domaine": "Musiques actuelles",
                "adresse": "Place Maurice Van Meenen 2",
                "code_postal": "1060",
                "localite": "Saint-Gilles",
                "telephone": "02 537 25 25",
                "courriel": "info@zigzagworld.be",
                "site_web": "https:\/\/www.zigzagworld.be\/",
                "statut_juridique": "asbl",
                "province": "Bruxelles-Capitale",
                "bassin_de_vie_fwb": "Bruxelles",
                "bce": "0460.830.667",
                "categorie_principale": "Agence, Promotion et Diffusion",
                "empty": null,
                "type_d_aide": [
                    "Contrat de services"
                ],
                "duree_du_contrat_annees": "3"
            }
        },
        {
            "type": "Feature",
            "geometry": {
                "type": "Point",
                "coordinates": [
                    3.95180183869406,
                    50.448792648332535
                ]
            },
            "properties": {
                "nom_de_l_operateur": "Be Craft (World Crafts Council-Belgique francophone)",
                "domaine": "Arts Plastiques",
                "adresse": "Rue de la Trouille 17 bte 2",
                "code_postal": "7000",
                "localite": "Mons",
                "telephone": "065 84 64 67",
                "courriel": "info@becraft.org",
                "site_web": "https:\/\/www.becraft.org\/",
                "statut_juridique": "asbl",
                "province": "Hainaut",
                "bassin_de_vie_fwb": "Hainaut Centre",
                "bce": "0422.599.306",
                "categorie_principale": "Centre d'Art\/Lieu de diffusion",
                "empty": null,
                "type_d_aide": [
                    "Convention"
                ],
                "duree_du_contrat_annees": "4"
            }
        },
        {
            "type": "Feature",
            "geometry": {
                "type": "Point",
                "coordinates": [
                    5.566095981036219,
                    50.64276664641861
                ]
            },
            "properties": {
                "nom_de_l_operateur": "D\u2019Une Certaine Gaiet\u00e9 asbl",
                "domaine": "Pluridisciplinaire",
                "adresse": "Boulevard de la Sauveni\u00e8re 97",
                "code_postal": "4000",
                "localite": "Li\u00e8ge",
                "telephone": "04 222 12 46",
                "courriel": "info@d1cg.org",
                "site_web": "https:\/\/www.d1cg.org\/",
                "statut_juridique": "asbl",
                "province": "Li\u00e8ge",
                "bassin_de_vie_fwb": "Li\u00e8ge",
                "bce": "0466.640.571",
                "categorie_principale": "Agence, Promotion et Diffusion",
                "empty": null,
                "type_d_aide": [
                    "Convention"
                ],
                "duree_du_contrat_annees": "5"
            }
        },
        {
            "type": "Feature",
            "geometry": {
                "type": "Point",
                "coordinates": [
                    4.353961452214284,
                    50.842654616348625
                ]
            },
            "properties": {
                "nom_de_l_operateur": "FeBeMe- F\u00e9d\u00e9ration Belge de Musique Electroacoustique",
                "domaine": "Musique contemporaine",
                "adresse": "Rue Lebeau 39",
                "code_postal": "1000",
                "localite": "Bruxelles",
                "telephone": null,
                "courriel": "info@febeme-befem.be",
                "site_web": "https:\/\/febeme-befem.be",
                "statut_juridique": "asbl",
                "province": "Bruxelles-Capitale",
                "bassin_de_vie_fwb": "Bruxelles",
                "bce": "0672.668.076",
                "categorie_principale": "Structure de service",
                "empty": null,
                "type_d_aide": [
                    "Contrat-programme"
                ],
                "duree_du_contrat_annees": "3"
            }
        },
        {
            "type": "Feature",
            "geometry": {
                "type": "Point",
                "coordinates": [
                    4.389868296390292,
                    50.82839635347663
                ]
            },
            "properties": {
                "nom_de_l_operateur": "Future Art Movement",
                "domaine": "Pluridisciplinaire",
                "adresse": "Rue Jacqueline Harpaman 2 Bte 8",
                "code_postal": "1040",
                "localite": "Etterbeek",
                "telephone": null,
                "courriel": "asblfam@gmail.com",
                "site_web": "https:\/\/futureartmovement.com\/",
                "statut_juridique": "asbl",
                "province": "Bruxelles-Capitale",
                "bassin_de_vie_fwb": "Bruxelles",
                "bce": "0600.976.168",
                "categorie_principale": "Structure de cr\u00e9ation et artistes",
                "empty": null,
                "type_d_aide": [
                    "Contrat de services"
                ],
                "duree_du_contrat_annees": "5"
            }
        },
        {
            "type": "Feature",
            "geometry": {
                "type": "Point",
                "coordinates": [
                    4.368705925228412,
                    50.868448449859926
                ]
            },
            "properties": {
                "nom_de_l_operateur": "Garage29",
                "domaine": "Arts chor\u00e9graphiques",
                "adresse": "Rue de Moerkerke 29",
                "code_postal": "1030",
                "localite": "Schaerbeek",
                "telephone": null,
                "courriel": "contact@garage29-offestival.be",
                "site_web": "http:\/\/www.garage29-offestival.be\/",
                "statut_juridique": "asbl",
                "province": "Bruxelles-Capitale",
                "bassin_de_vie_fwb": "Bruxelles",
                "bce": "0843.453.305",
                "categorie_principale": "Structure de cr\u00e9ation et artistes",
                "empty": null,
                "type_d_aide": [
                    "Contrat-programme"
                ],
                "duree_du_contrat_annees": "3"
            }
        },
        {
            "type": "Feature",
            "geometry": {
                "type": "Point",
                "coordinates": [
                    4.95952155409085,
                    50.16610370230736
                ]
            },
            "properties": {
                "nom_de_l_operateur": "La Compagnie des Six Faux Nez",
                "domaine": "Arts forains, du cirque et de la rue",
                "adresse": "Rue Haute 4A",
                "code_postal": "5560",
                "localite": "Mesnil-\u00c9glise",
                "telephone": null,
                "courriel": "ciesixfauxnez@gmail.com",
                "site_web": "http:\/\/www.sixfauxnez.net\/",
                "statut_juridique": "asbl",
                "province": "Namur",
                "bassin_de_vie_fwb": "Namur",
                "bce": "0454.127.670",
                "categorie_principale": "Structure de cr\u00e9ation et artistes",
                "empty": null,
                "type_d_aide": [
                    "Contrat-programme"
                ],
                "duree_du_contrat_annees": "5"
            }
        },
        {
            "type": "Feature",
            "geometry": {
                "type": "Point",
                "coordinates": [
                    4.367456211731367,
                    50.820425187342025
                ]
            },
            "properties": {
                "nom_de_l_operateur": "Le Bocal",
                "domaine": "Interdisciplinaire",
                "adresse": "Rue Van Eyck 11",
                "code_postal": "1050",
                "localite": "Ixelles",
                "telephone": null,
                "courriel": "lebocal.asbl@gmail.com",
                "site_web": "https:\/\/www.facebook.com\/lebocalasbl\/?locale=fr_FR",
                "statut_juridique": "asbl",
                "province": "Bruxelles-Capitale",
                "bassin_de_vie_fwb": "Bruxelles",
                "bce": "0668.904.278",
                "categorie_principale": "Structure de cr\u00e9ation et artistes",
                "empty": null,
                "type_d_aide": [
                    "Contrat de cr\u00e9ation"
                ],
                "duree_du_contrat_annees": "5"
            }
        },
        {
            "type": "Feature",
            "geometry": {
                "type": "Point",
                "coordinates": [
                    4.380577138721007,
                    50.850741043330494
                ]
            },
            "properties": {
                "nom_de_l_operateur": "Les Lundis d'Hortense",
                "domaine": "Musiques actuelles",
                "adresse": "Chauss\u00e9e de Louvain, 193A-195",
                "code_postal": "1210",
                "localite": "Saint-Josse-Ten-Noode",
                "telephone": "02 219 58 51",
                "courriel": "info@leslundisdhortense.be",
                "site_web": "https:\/\/www.leslundisdhortense.be",
                "statut_juridique": "asbl",
                "province": "Bruxelles-Capitale",
                "bassin_de_vie_fwb": "Bruxelles",
                "bce": "0416.266.194",
                "categorie_principale": "Structure de service",
                "empty": null,
                "type_d_aide": [
                    "Contrat de cr\u00e9ation"
                ],
                "duree_du_contrat_annees": "5"
            }
        },
        {
            "type": "Feature",
            "geometry": {
                "type": "Point",
                "coordinates": [
                    4.348702896390344,
                    50.8288371908084
                ]
            },
            "properties": {
                "nom_de_l_operateur": "Les Rencontres saint-gilloises",
                "domaine": "Pluridisciplinaire",
                "adresse": "Rue de Parme 69",
                "code_postal": "1060",
                "localite": "Saint-Gilles",
                "telephone": "02 534 56 05",
                "courriel": "culture.1060@stgilles.brussels",
                "site_web": "http:\/\/stgillesculture.irisnet.be",
                "statut_juridique": "asbl",
                "province": "Bruxelles-Capitale",
                "bassin_de_vie_fwb": "Bruxelles",
                "bce": "0439.152.553",
                "categorie_principale": "Agence, Promotion et Diffusion",
                "empty": null,
                "type_d_aide": [
                    "Contrat-programme"
                ],
                "duree_du_contrat_annees": "5"
            }
        },
        {
            "type": "Feature",
            "geometry": {
                "type": "Point",
                "coordinates": [
                    4.8180111479468115,
                    50.655663992176656
                ]
            },
            "properties": {
                "nom_de_l_operateur": "Les Royales Marionnettes",
                "domaine": "Arts forains, du cirque et de la rue",
                "adresse": "Rue de Long Pr\u00e9 23",
                "code_postal": "1360",
                "localite": "Thorembais Les B\u00e9guines",
                "telephone": "010 81 48 78",
                "courriel": "info@lesroyalesmarionnettes.be",
                "site_web": "https:\/\/www.lesroyalesmarionnettes.be\/",
                "statut_juridique": "asbl",
                "province": "Brabant wallon",
                "bassin_de_vie_fwb": "Brabant wallon",
                "bce": "0422.021.759",
                "categorie_principale": "Structure de cr\u00e9ation et artistes",
                "empty": null,
                "type_d_aide": [
                    "Contrat de cr\u00e9ation"
                ],
                "duree_du_contrat_annees": "5"
            }
        },
        {
            "type": "Feature",
            "geometry": {
                "type": "Point",
                "coordinates": [
                    4.384948094541809,
                    50.817759739089475
                ]
            },
            "properties": {
                "nom_de_l_operateur": "LIVE Diffusion",
                "domaine": "Interdisciplinaire",
                "adresse": "Place de la Petite Suisse\u00a011",
                "code_postal": "1050",
                "localite": "Ixelles",
                "telephone": null,
                "courriel": "diffusion@live.be",
                "site_web": "https:\/\/livediffusion.com\/",
                "statut_juridique": "asbl",
                "province": "Bruxelles-Capitale",
                "bassin_de_vie_fwb": "Bruxelles",
                "bce": "0720.965.762",
                "categorie_principale": "Agence, Promotion et Diffusion",
                "empty": null,
                "type_d_aide": [
                    "Contrat-programme"
                ],
                "duree_du_contrat_annees": "3"
            }
        },
        {
            "type": "Feature",
            "geometry": {
                "type": "Point",
                "coordinates": [
                    3.3890094098692662,
                    50.60756418370875
                ]
            },
            "properties": {
                "nom_de_l_operateur": "M\u00e9katronik Th\u00e9\u00e2tre (Croquemitaine)",
                "domaine": "Th\u00e9\u00e2tre Action",
                "adresse": "Rue du Cur\u00e9 Notre-Dame 20 Bte 2",
                "code_postal": "7500",
                "localite": "Tournai",
                "telephone": "069 84 79 85",
                "courriel": "mekatroniktheatre@gmail.com",
                "site_web": "https:\/\/www.mekatroniktheatre.org\/",
                "statut_juridique": "asbl",
                "province": "Hainaut",
                "bassin_de_vie_fwb": "Wallonie picarde",
                "bce": "0416.339.341",
                "categorie_principale": "Structure de cr\u00e9ation et artistes",
                "empty": null,
                "type_d_aide": [
                    "Contrat de services"
                ],
                "duree_du_contrat_annees": "5"
            }
        },
        {
            "type": "Feature",
            "geometry": {
                "type": "Point",
                "coordinates": [
                    5.874491311709092,
                    50.488784095870336
                ]
            },
            "properties": {
                "nom_de_l_operateur": "Musique \u00e0 Spa",
                "domaine": "Musique classique",
                "adresse": "Rue de la Sauveni\u00e8re 84",
                "code_postal": "4900",
                "localite": "Spa",
                "telephone": null,
                "courriel": "info@automnemusical.com",
                "site_web": "https:\/\/automnemusical.com\/",
                "statut_juridique": "asbl",
                "province": "Li\u00e8ge",
                "bassin_de_vie_fwb": "Verviers",
                "bce": "0431.799.458",
                "categorie_principale": "Festival",
                "empty": null,
                "type_d_aide": [
                    "Contrat de diffusion"
                ],
                "duree_du_contrat_annees": "5"
            }
        },
        {
            "type": "Feature",
            "geometry": {
                "type": "Point",
                "coordinates": [
                    4.424792538720513,
                    50.84286096621391
                ]
            },
            "properties": {
                "nom_de_l_operateur": "Popi Jones asbl",
                "domaine": "Art dramatique",
                "adresse": "Tomberg 133",
                "code_postal": "1200",
                "localite": "Woluwe-Saint-Lambert",
                "telephone": null,
                "courriel": "popijonesasbl@gmail.com",
                "site_web": "https:\/\/www.popijones.be\/",
                "statut_juridique": "asbl",
                "province": "Bruxelles-Capitale",
                "bassin_de_vie_fwb": "Bruxelles",
                "bce": "0568.677.445",
                "categorie_principale": "Structure de cr\u00e9ation et artistes",
                "empty": null,
                "type_d_aide": [
                    "Contrat de diffusion"
                ],
                "duree_du_contrat_annees": "5"
            }
        },
        {
            "type": "Feature",
            "geometry": {
                "type": "Point",
                "coordinates": [
                    4.369538181051095,
                    50.863686177445935
                ]
            },
            "properties": {
                "nom_de_l_operateur": "Th\u00e9\u00e2tre Oc\u00e9an Nord",
                "domaine": "Art dramatique",
                "adresse": "Rue Vandeweyer 63",
                "code_postal": "1030",
                "localite": "Schaerbeek",
                "telephone": "02 242 96 89",
                "courriel": "info@oceannord.org",
                "site_web": "https:\/\/www.oceannord.org\/",
                "statut_juridique": "asbl",
                "province": "Bruxelles-Capitale",
                "bassin_de_vie_fwb": "Bruxelles",
                "bce": "0423.630.177",
                "categorie_principale": "Centre d'Art\/Lieu de diffusion",
                "empty": null,
                "type_d_aide": [
                    "Convention transversale"
                ],
                "duree_du_contrat_annees": "5"
            }
        },
        {
            "type": "Feature",
            "geometry": {
                "type": "Point",
                "coordinates": [
                    4.3786663810491655,
                    50.83488778936498
                ]
            },
            "properties": {
                "nom_de_l_operateur": "Th\u00e9\u00e2tre Varia",
                "domaine": "Art dramatique",
                "adresse": "Rue du Sceptre 78",
                "code_postal": "1050",
                "localite": "Ixelles",
                "telephone": "02 640 35 50",
                "courriel": "info@varia.be",
                "site_web": "https:\/\/varia.be\/",
                "statut_juridique": "asbl",
                "province": "Bruxelles-Capitale",
                "bassin_de_vie_fwb": "Bruxelles",
                "bce": "0422.367.197",
                "categorie_principale": "Centre d'Art\/Lieu de diffusion",
                "empty": null,
                "type_d_aide": [
                    "Contrat-programme"
                ],
                "duree_du_contrat_annees": "5"
            }
        },
        {
            "type": "Feature",
            "geometry": {
                "type": "Point",
                "coordinates": [
                    4.371994054062413,
                    50.84740965670752
                ]
            },
            "properties": {
                "nom_de_l_operateur": "Zoo Th\u00e9\u00e2tre",
                "domaine": "Art dramatique",
                "adresse": "Rue du Marteau 32",
                "code_postal": "1210",
                "localite": "Saint-Josse-Ten-Noode",
                "telephone": null,
                "courriel": "production@zootheatre.be",
                "site_web": "https:\/\/www.zootheatre.be\/",
                "statut_juridique": "asbl",
                "province": "Bruxelles-Capitale",
                "bassin_de_vie_fwb": "Bruxelles",
                "bce": "0471.524.027",
                "categorie_principale": "Structure de cr\u00e9ation et artistes",
                "empty": null,
                "type_d_aide": null,
                "duree_du_contrat_annees": "5"
            }
        },
        {
            "type": "Feature",
            "geometry": {
                "type": "Point",
                "coordinates": [
                    4.2357615675309495,
                    50.47148915582433
                ]
            },
            "properties": {
                "nom_de_l_operateur": "Atelier du Livre",
                "domaine": "Arts Plastiques",
                "adresse": "Chauss\u00e9e de Mariemont 100",
                "code_postal": "7140",
                "localite": "Morlanwelz",
                "telephone": null,
                "courriel": "atelierdulivre@musee-mariemont.be",
                "site_web": "http:\/\/www.musee-mariemont.be",
                "statut_juridique": "asbl",
                "province": "Hainaut",
                "bassin_de_vie_fwb": "Hainaut Centre",
                "bce": "0445.088.755",
                "categorie_principale": "Centre d'Art\/Lieu de diffusion",
                "empty": null,
                "type_d_aide": [
                    "Convention"
                ],
                "duree_du_contrat_annees": "4"
            }
        },
        {
            "type": "Feature",
            "geometry": {
                "type": "Point",
                "coordinates": [
                    4.414389196382966,
                    50.719180854329544
                ]
            },
            "properties": {
                "nom_de_l_operateur": "Chapelle Musicale Reine Elisabeth",
                "domaine": "Musique classique",
                "adresse": "Chauss\u00e9e de Tervuren 445",
                "code_postal": "1410",
                "localite": "Waterloo",
                "telephone": "02 352 01 10",
                "courriel": "info@cmre.be",
                "site_web": "https:\/\/musicchapel.org\/fr\/",
                "statut_juridique": "asbl",
                "province": "Brabant wallon",
                "bassin_de_vie_fwb": "Brabant wallon",
                "bce": "0459.245.906",
                "categorie_principale": "Festival",
                "empty": null,
                "type_d_aide": [
                    "Contrat-programme"
                ],
                "duree_du_contrat_annees": "5"
            }
        },
        {
            "type": "Feature",
            "geometry": {
                "type": "Point",
                "coordinates": [
                    5.2033359098432195,
                    50.21794870287888
                ]
            },
            "properties": {
                "nom_de_l_operateur": "Cie Renard Noire",
                "domaine": "Conte",
                "adresse": "Thier du longhier 2",
                "code_postal": "5580",
                "localite": "Rochefort",
                "telephone": null,
                "courriel": "info@renardnoire.be",
                "site_web": "https:\/\/renardnoire.be\/",
                "statut_juridique": "asbl",
                "province": "Namur",
                "bassin_de_vie_fwb": "Namur",
                "bce": "0689.561.815",
                "categorie_principale": "Structure de cr\u00e9ation et artistes",
                "empty": null,
                "type_d_aide": [
                    "Contrat-programme"
                ],
                "duree_du_contrat_annees": "3"
            }
        },
        {
            "type": "Feature",
            "geometry": {
                "type": "Point",
                "coordinates": [
                    5.596484752202062,
                    50.660755390897
                ]
            },
            "properties": {
                "nom_de_l_operateur": "Jacques Pelzer Jazz Club",
                "domaine": "Musiques actuelles",
                "adresse": "Boulevard Ernest Solvay 493",
                "code_postal": "4000",
                "localite": "Li\u00e8ge",
                "telephone": null,
                "courriel": "jacquespelzerjazzclub.asbl@gmail.com",
                "site_web": "http:\/\/www.jacquespelzerjazzclub.com",
                "statut_juridique": "asbl",
                "province": "Li\u00e8ge",
                "bassin_de_vie_fwb": "Li\u00e8ge",
                "bce": "0870.002.205",
                "categorie_principale": "Centre d'Art\/Lieu de diffusion",
                "empty": null,
                "type_d_aide": [
                    "Contrat de services"
                ],
                "duree_du_contrat_annees": "3"
            }
        },
        {
            "type": "Feature",
            "geometry": {
                "type": "Point",
                "coordinates": [
                    5.646692866176083,
                    50.46157252728093
                ]
            },
            "properties": {
                "nom_de_l_operateur": "Kin Porte Le Projet Asbl",
                "domaine": "Musiques actuelles",
                "adresse": "Route de Hoyemont 2",
                "code_postal": "4920",
                "localite": "Aywaille",
                "telephone": "04 384 55 44",
                "courriel": "info@fgood.be",
                "site_web": "https:\/\/www.feelgood-festival.be\/",
                "statut_juridique": "asbl",
                "province": "Li\u00e8ge",
                "bassin_de_vie_fwb": "Li\u00e8ge",
                "bce": "0564.947.497",
                "categorie_principale": "Agence, Promotion et Diffusion",
                "empty": null,
                "type_d_aide": [
                    "Convention"
                ],
                "duree_du_contrat_annees": "3"
            }
        },
        {
            "type": "Feature",
            "geometry": {
                "type": "Point",
                "coordinates": [
                    4.346421082898049,
                    50.85148146769578
                ]
            },
            "properties": {
                "nom_de_l_operateur": "La Bellone",
                "domaine": "Interdisciplinaire",
                "adresse": "Rue de Flandre 46",
                "code_postal": "1000",
                "localite": "Bruxelles",
                "telephone": "02 513 33 33",
                "courriel": "info@bellone.be",
                "site_web": "https:\/\/www.bellone.be",
                "statut_juridique": "asbl",
                "province": "Bruxelles-Capitale",
                "bassin_de_vie_fwb": "Bruxelles",
                "bce": "0424.271.664",
                "categorie_principale": "Structure de service",
                "empty": null,
                "type_d_aide": [
                    "Contrat-programme"
                ],
                "duree_du_contrat_annees": "5"
            }
        },
        {
            "type": "Feature",
            "geometry": {
                "type": "Point",
                "coordinates": [
                    4.383826738719267,
                    50.82436101992672
                ]
            },
            "properties": {
                "nom_de_l_operateur": "La Brique",
                "domaine": "Musiques actuelles",
                "adresse": "Rue Augustin Delporte 28",
                "code_postal": "1050",
                "localite": "Ixelles",
                "telephone": null,
                "courriel": "info@la-brique.be",
                "site_web": "https:\/\/la-brique.be\/",
                "statut_juridique": "asbl",
                "province": "Bruxelles-Capitale",
                "bassin_de_vie_fwb": "Bruxelles",
                "bce": "0549.788.278",
                "categorie_principale": "Structure de cr\u00e9ation et artistes",
                "empty": null,
                "type_d_aide": [
                    "Contrat de cr\u00e9ation"
                ],
                "duree_du_contrat_annees": "5"
            }
        },
        {
            "type": "Feature",
            "geometry": {
                "type": "Point",
                "coordinates": [
                    4.42390829639148,
                    50.84557208663769
                ]
            },
            "properties": {
                "nom_de_l_operateur": "Listen Asbl",
                "domaine": "Musiques actuelles",
                "adresse": "Rue Dries 165",
                "code_postal": "1200",
                "localite": "Woluwe-Saint-Lambert",
                "telephone": null,
                "courriel": "info@listenfestival.be",
                "site_web": "https:\/\/listenfestival.be\/",
                "statut_juridique": "asbl",
                "province": "Bruxelles-Capitale",
                "bassin_de_vie_fwb": "Bruxelles",
                "bce": "0633.504.426",
                "categorie_principale": "Festival",
                "empty": null,
                "type_d_aide": [
                    "Contrat de services"
                ],
                "duree_du_contrat_annees": "3"
            }
        },
        {
            "type": "Feature",
            "geometry": {
                "type": "Point",
                "coordinates": [
                    4.352495211732207,
                    50.832648395866855
                ]
            },
            "properties": {
                "nom_de_l_operateur": "Maison po\u00e8me",
                "domaine": "Pluridisciplinaire",
                "adresse": "Rue d\u2019\u00c9cosse 30",
                "code_postal": "1060",
                "localite": "Saint-Gilles",
                "telephone": "02 503 02 18",
                "courriel": "info@maisonpoeme.be",
                "site_web": "https:\/\/maisonpoeme.be\/",
                "statut_juridique": "asbl",
                "province": "Bruxelles-Capitale",
                "bassin_de_vie_fwb": "Bruxelles",
                "bce": "0440.783.737",
                "categorie_principale": "Centre d'Art\/Lieu de diffusion",
                "empty": null,
                "type_d_aide": [
                    "Contrat-programme"
                ],
                "duree_du_contrat_annees": "5"
            }
        },
        {
            "type": "Feature",
            "geometry": {
                "type": "Point",
                "coordinates": [
                    4.865497682871241,
                    50.45162989910118
                ]
            },
            "properties": {
                "nom_de_l_operateur": "Not a Joke",
                "domaine": "Humour",
                "adresse": "Rue de Coppin 174",
                "code_postal": "5100",
                "localite": "Jambes",
                "telephone": null,
                "courriel": null,
                "site_web": null,
                "statut_juridique": "asbl",
                "province": "Namur",
                "bassin_de_vie_fwb": "Namur",
                "bce": "0782.533.246",
                "categorie_principale": "Agence, Promotion et Diffusion",
                "empty": null,
                "type_d_aide": [
                    "Contrat-programme"
                ],
                "duree_du_contrat_annees": "3"
            }
        },
        {
            "type": "Feature",
            "geometry": {
                "type": "Point",
                "coordinates": [
                    4.344443938719722,
                    50.831290452644744
                ]
            },
            "properties": {
                "nom_de_l_operateur": "Solarium",
                "domaine": "Art dramatique",
                "adresse": "Chauss\u00e9e de Waterloo\u00a041",
                "code_postal": "1060",
                "localite": "Saint-Gilles",
                "telephone": null,
                "courriel": null,
                "site_web": "https:\/\/www.aurorefattier.com\/",
                "statut_juridique": "asbl",
                "province": "Bruxelles-Capitale",
                "bassin_de_vie_fwb": "Bruxelles",
                "bce": "0887.152.397",
                "categorie_principale": "Structure de cr\u00e9ation et artistes",
                "empty": null,
                "type_d_aide": [
                    "Contrat de diffusion"
                ],
                "duree_du_contrat_annees": "5"
            }
        },
        {
            "type": "Feature",
            "geometry": {
                "type": "Point",
                "coordinates": [
                    4.337549138721757,
                    50.86163331169569
                ]
            },
            "properties": {
                "nom_de_l_operateur": "Sowarex",
                "domaine": "Musiques actuelles",
                "adresse": "Boulevard L\u00e9opold II 153",
                "code_postal": "1080",
                "localite": "Molenbeek-Saint-Jean",
                "telephone": "02 538 90 01",
                "courriel": "info@igloorecords.be",
                "site_web": "https:\/\/www.igloorecords.be",
                "statut_juridique": "asbl",
                "province": "Bruxelles-Capitale",
                "bassin_de_vie_fwb": "Bruxelles",
                "bce": "0422.519.528",
                "categorie_principale": "Structure de service",
                "empty": null,
                "type_d_aide": [
                    "Contrat-programme"
                ],
                "duree_du_contrat_annees": "5"
            }
        },
        {
            "type": "Feature",
            "geometry": {
                "type": "Point",
                "coordinates": [
                    4.380257525228999,
                    50.8773324477272
                ]
            },
            "properties": {
                "nom_de_l_operateur": "Th\u00e9\u00e2tre de la Chute",
                "domaine": "Art dramatique",
                "adresse": "Avenue Huart Hamoir\u00a01 Bte 28",
                "code_postal": "1030",
                "localite": "Schaerbeek",
                "telephone": null,
                "courriel": "info@letheatredelachute.be",
                "site_web": "https:\/\/letheatredelachute.be\/",
                "statut_juridique": "asbl",
                "province": "Bruxelles-Capitale",
                "bassin_de_vie_fwb": "Bruxelles",
                "bce": "0525.781.768",
                "categorie_principale": "Structure de cr\u00e9ation et artistes",
                "empty": null,
                "type_d_aide": [
                    "Contrat-programme"
                ],
                "duree_du_contrat_annees": "5"
            }
        },
        {
            "type": "Feature",
            "geometry": {
                "type": "Point",
                "coordinates": [
                    4.3551317540628895,
                    50.85488975829218
                ]
            },
            "properties": {
                "nom_de_l_operateur": "Th\u00e9\u00e2tre National Wallonie-Bruxelles",
                "domaine": "Art dramatique",
                "adresse": "Boulevard Emile Jacqmain 111-115",
                "code_postal": "1000",
                "localite": "Bruxelles",
                "telephone": "02 203 41 55",
                "courriel": "info@theatrenational.be",
                "site_web": "https:\/\/www.theatrenational.be",
                "statut_juridique": "Fondation d'utilit\u00e9 publique",
                "province": "Bruxelles-Capitale",
                "bassin_de_vie_fwb": "Bruxelles",
                "bce": "0406.582.626",
                "categorie_principale": "Centre d'Art\/Lieu de diffusion",
                "empty": null,
                "type_d_aide": [
                    "Contrat-programme"
                ],
                "duree_du_contrat_annees": "5"
            }
        },
        {
            "type": "Feature",
            "geometry": {
                "type": "Point",
                "coordinates": [
                    3.392688322654346,
                    50.613791915799055
                ]
            },
            "properties": {
                "nom_de_l_operateur": "Tournai Jazz Ev\u00e9nement (Tournai Jazz Festival)",
                "domaine": "Musiques actuelles",
                "adresse": "Boulevard des Nerviens 40",
                "code_postal": "7500",
                "localite": "Tournai",
                "telephone": null,
                "courriel": "contact@tournaijazz.be",
                "site_web": "https:\/\/www.tournaijazz.be",
                "statut_juridique": "asbl",
                "province": "Hainaut",
                "bassin_de_vie_fwb": "Wallonie picarde",
                "bce": "0836.785.346",
                "categorie_principale": "Festival",
                "empty": null,
                "type_d_aide": [
                    "Convention transversale"
                ],
                "duree_du_contrat_annees": "3"
            }
        },
        {
            "type": "Feature",
            "geometry": {
                "type": "Point",
                "coordinates": [
                    4.333851354060872,
                    50.82462955130257
                ]
            },
            "properties": {
                "nom_de_l_operateur": "Venedig Meer",
                "domaine": "Art dramatique",
                "adresse": "Avenue Wielemans Ceuppens 176 Bte 12",
                "code_postal": "1190",
                "localite": "Forest",
                "telephone": "02 608 27 59",
                "courriel": "venedigmeer.adm@gmail.com",
                "site_web": "https:\/\/www.venedigmeer.com\/",
                "statut_juridique": "asbl",
                "province": "Bruxelles-Capitale",
                "bassin_de_vie_fwb": "Bruxelles",
                "bce": "0646.874.291",
                "categorie_principale": "Structure de cr\u00e9ation et artistes",
                "empty": null,
                "type_d_aide": [
                    "Convention transversale"
                ],
                "duree_du_contrat_annees": "5"
            }
        },
        {
            "type": "Feature",
            "geometry": {
                "type": "Point",
                "coordinates": [
                    4.345193781049641,
                    50.842099518732084
                ]
            },
            "properties": {
                "nom_de_l_operateur": "Artara",
                "domaine": "Art dramatique",
                "adresse": "Avenue de Stalingrad 18",
                "code_postal": "1000",
                "localite": "Bruxelles",
                "telephone": null,
                "courriel": "info@fransbrood.com",
                "site_web": "https:\/\/www.artara.be\/",
                "statut_juridique": "asbl",
                "province": "Bruxelles-Capitale",
                "bassin_de_vie_fwb": "Bruxelles",
                "bce": "0874.710.861",
                "categorie_principale": "Structure de cr\u00e9ation et artistes",
                "empty": null,
                "type_d_aide": [
                    "Convention"
                ],
                "duree_du_contrat_annees": "5"
            }
        },
        {
            "type": "Feature",
            "geometry": {
                "type": "Point",
                "coordinates": [
                    4.342789482894488,
                    50.79863783227808
                ]
            },
            "properties": {
                "nom_de_l_operateur": "Astragales asbl",
                "domaine": "Arts chor\u00e9graphiques",
                "adresse": "Avenue Wolvendael 63",
                "code_postal": "1180",
                "localite": "Uccle",
                "telephone": null,
                "courriel": "info@astragales.be",
                "site_web": "https:\/\/www.astragales.be",
                "statut_juridique": "asbl",
                "province": "Bruxelles-Capitale",
                "bassin_de_vie_fwb": "Bruxelles",
                "bce": "0441.399.686",
                "categorie_principale": "Structure de cr\u00e9ation et artistes",
                "empty": null,
                "type_d_aide": [
                    "Contrat-programme"
                ],
                "duree_du_contrat_annees": "1"
            }
        },
        {
            "type": "Feature",
            "geometry": {
                "type": "Point",
                "coordinates": [
                    4.42386212522632,
                    50.837522655183314
                ]
            },
            "properties": {
                "nom_de_l_operateur": "Collectif Libertalia Asbl",
                "domaine": "Th\u00e9\u00e2tre Action",
                "adresse": "Rue Fran\u00e7ois Gay\u00a0168",
                "code_postal": "1150",
                "localite": "Woluwe-Saint-Pierre",
                "telephone": "02 850 52 37",
                "courriel": "collectif.libertalia@gmail.com",
                "site_web": "https:\/\/www.collectif-libertalia.be\/",
                "statut_juridique": "asbl",
                "province": "Bruxelles-Capitale",
                "bassin_de_vie_fwb": "Bruxelles",
                "bce": "0823.742.905",
                "categorie_principale": "Structure de cr\u00e9ation et artistes",
                "empty": null,
                "type_d_aide": [
                    "Contrat de cr\u00e9ation"
                ],
                "duree_du_contrat_annees": "5"
            }
        },
        {
            "type": "Feature",
            "geometry": {
                "type": "Point",
                "coordinates": [
                    5.5974757540493325,
                    50.65341751557647
                ]
            },
            "properties": {
                "nom_de_l_operateur": "La Chaufferie - Acte I",
                "domaine": "Interdisciplinaire",
                "adresse": "Rue Jean-Baptiste Cools 14",
                "code_postal": "4000",
                "localite": "Li\u00e8ge",
                "telephone": null,
                "courriel": "contact@lachaufferie-acte1.be",
                "site_web": "https:\/\/www.lachaufferie-acte1.be\/",
                "statut_juridique": "asbl",
                "province": "Li\u00e8ge",
                "bassin_de_vie_fwb": "Li\u00e8ge",
                "bce": "0538.694.646",
                "categorie_principale": "Structure de service",
                "empty": null,
                "type_d_aide": [
                    "Contrat-programme"
                ],
                "duree_du_contrat_annees": "5"
            }
        },
        {
            "type": "Feature",
            "geometry": {
                "type": "Point",
                "coordinates": [
                    4.320833454059458,
                    50.80398817717548
                ]
            },
            "properties": {
                "nom_de_l_operateur": "La Chouette Diffusion",
                "domaine": "Interdisciplinaire",
                "adresse": "Avenue Stuart Merrill 68",
                "code_postal": "1190",
                "localite": "Forest",
                "telephone": null,
                "courriel": "lachouettediffusion@gmail.com",
                "site_web": "https:\/\/lachouettediffusion.com\/",
                "statut_juridique": "asbl",
                "province": "Bruxelles-Capitale",
                "bassin_de_vie_fwb": "Bruxelles",
                "bce": "0841 149 554",
                "categorie_principale": "Structure de service",
                "empty": null,
                "type_d_aide": [
                    "Contrat de cr\u00e9ation"
                ],
                "duree_du_contrat_annees": "5"
            }
        },
        {
            "type": "Feature",
            "geometry": {
                "type": "Point",
                "coordinates": [
                    4.335123927073627,
                    50.83031001987287
                ]
            },
            "properties": {
                "nom_de_l_operateur": "Lezarts Urbains",
                "domaine": "Pluridisciplinaire",
                "adresse": "Rue \u00c9mile F\u00e9ron 153",
                "code_postal": "1060",
                "localite": "Saint-Gilles",
                "telephone": null,
                "courriel": "info@lezarts-urbains.be",
                "site_web": "https:\/\/www.lezarts-urbains.be\/",
                "statut_juridique": "asbl",
                "province": "Bruxelles-Capitale",
                "bassin_de_vie_fwb": "Bruxelles",
                "bce": "0417.483.941",
                "categorie_principale": "Structure de cr\u00e9ation et artistes",
                "empty": null,
                "type_d_aide": [
                    "Contrat de diffusion"
                ],
                "duree_du_contrat_annees": "5"
            }
        },
        {
            "type": "Feature",
            "geometry": {
                "type": "Point",
                "coordinates": [
                    4.6121712117245774,
                    50.72006224483372
                ]
            },
            "properties": {
                "nom_de_l_operateur": "Mes Id\u00e9es Fixes diffusion",
                "domaine": "Th\u00e9\u00e2tre Jeune Public",
                "adresse": "Rue Adelin Colon 10",
                "code_postal": "1300",
                "localite": "Wavre",
                "telephone": null,
                "courriel": "pierre@ideesfixes.be",
                "site_web": "https:\/\/www.ideesfixes.be\/",
                "statut_juridique": "asbl",
                "province": "Brabant wallon",
                "bassin_de_vie_fwb": "Brabant wallon",
                "bce": "0777.763.123",
                "categorie_principale": "Agence, Promotion et Diffusion",
                "empty": null,
                "type_d_aide": [
                    "Contrat de diffusion"
                ],
                "duree_du_contrat_annees": "3"
            }
        },
        {
            "type": "Feature",
            "geometry": {
                "type": "Point",
                "coordinates": [
                    4.37579052522807,
                    50.86355449092478
                ]
            },
            "properties": {
                "nom_de_l_operateur": "Nyash",
                "domaine": "Arts chor\u00e9graphiques",
                "adresse": "Avenue Louis Bertrand 43",
                "code_postal": "1030",
                "localite": "Schaerbeek",
                "telephone": null,
                "courriel": "info@nyash.be",
                "site_web": "http:\/\/www.carolinecornelis.be\/",
                "statut_juridique": "asbl",
                "province": "Bruxelles-Capitale",
                "bassin_de_vie_fwb": "Bruxelles",
                "bce": "0876.269.987",
                "categorie_principale": "Structure de cr\u00e9ation et artistes",
                "empty": null,
                "type_d_aide": [
                    "Contrat de diffusion"
                ],
                "duree_du_contrat_annees": "5"
            }
        },
        {
            "type": "Feature",
            "geometry": {
                "type": "Point",
                "coordinates": [
                    3.9521071672502033,
                    50.45501864684741
                ]
            },
            "properties": {
                "nom_de_l_operateur": "Orchestre Royal de Chambre de Wallonie - ORCW",
                "domaine": "Musique classique",
                "adresse": "Jardin du Ma\u00efeur - H\u00f4tel de Ville - Grand Place 22",
                "code_postal": "7000",
                "localite": "Mons",
                "telephone": "065 84 70 44",
                "courriel": "infos@orcw.be",
                "site_web": "https:\/\/www.orcw.be\/",
                "statut_juridique": "asbl",
                "province": "Hainaut",
                "bassin_de_vie_fwb": "Hainaut Centre",
                "bce": "0410.995.037",
                "categorie_principale": "Structure de cr\u00e9ation et artistes",
                "empty": null,
                "type_d_aide": [
                    "Contrat-programme"
                ],
                "duree_du_contrat_annees": "5"
            }
        },
        {
            "type": "Feature",
            "geometry": {
                "type": "Point",
                "coordinates": [
                    4.3684127387222285,
                    50.868835406924866
                ]
            },
            "properties": {
                "nom_de_l_operateur": "SceneOff asbl",
                "domaine": "Musiques actuelles",
                "adresse": "Rue Vanderlinden 67",
                "code_postal": "1030",
                "localite": "Schaerbeek",
                "telephone": null,
                "courriel": "info@sceneoff.com",
                "site_web": "https:\/\/sceneoff.com\/",
                "statut_juridique": "asbl",
                "province": "Bruxelles-Capitale",
                "bassin_de_vie_fwb": "Bruxelles",
                "bce": "0507.784.013",
                "categorie_principale": "Agence, Promotion et Diffusion",
                "empty": null,
                "type_d_aide": [
                    "Contrat de cr\u00e9ation"
                ],
                "duree_du_contrat_annees": "3"
            }
        },
        {
            "type": "Feature",
            "geometry": {
                "type": "Point",
                "coordinates": [
                    4.3542758810498565,
                    50.8451857570678
                ]
            },
            "properties": {
                "nom_de_l_operateur": "Skinfama asbl",
                "domaine": "Musiques actuelles",
                "adresse": "Rue Duquesnoy 14",
                "code_postal": "1000",
                "localite": "Bruxelles",
                "telephone": "02 248 20 85",
                "courriel": "info@skinfama.com",
                "site_web": "https:\/\/skinfama.com\/",
                "statut_juridique": "asbl",
                "province": "Bruxelles-Capitale",
                "bassin_de_vie_fwb": "Bruxelles",
                "bce": "0888.344.212",
                "categorie_principale": "Structure de service",
                "empty": null,
                "type_d_aide": [
                    "Contrat de diffusion"
                ],
                "duree_du_contrat_annees": "5"
            }
        },
        {
            "type": "Feature",
            "geometry": {
                "type": "Point",
                "coordinates": [
                    4.3767584387212874,
                    50.854807485518634
                ]
            },
            "properties": {
                "nom_de_l_operateur": "Sub Rosa",
                "domaine": "Musique contemporaine",
                "adresse": "Rue Vonck 66",
                "code_postal": "1030",
                "localite": "Schaerbeek",
                "telephone": null,
                "courriel": null,
                "site_web": "https:\/\/subrosalabel.bandcamp.com\/music",
                "statut_juridique": "asbl",
                "province": "Bruxelles-Capitale",
                "bassin_de_vie_fwb": "Bruxelles",
                "bce": "0425.858.308",
                "categorie_principale": "Agence, Promotion et Diffusion",
                "empty": null,
                "type_d_aide": [
                    "Contrat-programme"
                ],
                "duree_du_contrat_annees": "3"
            }
        },
        {
            "type": "Feature",
            "geometry": {
                "type": "Point",
                "coordinates": [
                    4.349146481048815,
                    50.830006690743346
                ]
            },
            "properties": {
                "nom_de_l_operateur": "Th\u00e9\u00e2tre CreaNova",
                "domaine": "Art dramatique",
                "adresse": "Rue de la Victoire 96",
                "code_postal": "1060",
                "localite": "Saint-Gilles",
                "telephone": null,
                "courriel": "adm@theatrecreanova.be",
                "site_web": "https:\/\/www.theatrecreanova.be\/",
                "statut_juridique": "asbl",
                "province": "Bruxelles-Capitale",
                "bassin_de_vie_fwb": "Bruxelles",
                "bce": "0675.453.758",
                "categorie_principale": "Structure de cr\u00e9ation et artistes",
                "empty": null,
                "type_d_aide": [
                    "Contrat-programme"
                ],
                "duree_du_contrat_annees": "3"
            }
        },
        {
            "type": "Feature",
            "geometry": {
                "type": "Point",
                "coordinates": [
                    5.5055775828799804,
                    50.58301463175496
                ]
            },
            "properties": {
                "nom_de_l_operateur": "Th\u00e9\u00e2tre de la Communaut\u00e9",
                "domaine": "Th\u00e9\u00e2tre Action",
                "adresse": "Avenue du Progr\u00e8s 15",
                "code_postal": "4100",
                "localite": "Seraing",
                "telephone": "04 336 23 32",
                "courriel": "info@theatredelacommunaute.be",
                "site_web": "https:\/\/theatredelacommunaute.be\/",
                "statut_juridique": "asbl",
                "province": "Li\u00e8ge",
                "bassin_de_vie_fwb": "Li\u00e8ge",
                "bce": "0402.363.324",
                "categorie_principale": "Structure de cr\u00e9ation et artistes",
                "empty": null,
                "type_d_aide": [
                    "Contrat-programme"
                ],
                "duree_du_contrat_annees": "5"
            }
        },
        {
            "type": "Feature",
            "geometry": {
                "type": "Point",
                "coordinates": [
                    4.746188908013181,
                    50.483625594062985
                ]
            },
            "properties": {
                "nom_de_l_operateur": "Vivre en fol Cie",
                "domaine": "Interdisciplinaire",
                "adresse": "Rue Sainte-Wivinne\u00a08",
                "code_postal": "5020",
                "localite": "Namur",
                "telephone": null,
                "courriel": "info@vivre-en-fol.com",
                "site_web": "https:\/\/www.vivre-en-fol.com\/",
                "statut_juridique": "asbl",
                "province": "Namur",
                "bassin_de_vie_fwb": "Namur",
                "bce": "0635.521.630",
                "categorie_principale": "Structure de cr\u00e9ation et artistes",
                "empty": null,
                "type_d_aide": [
                    "Contrat de services"
                ],
                "duree_du_contrat_annees": "3"
            }
        },
        {
            "type": "Feature",
            "geometry": {
                "type": "Point",
                "coordinates": [
                    4.384942469405577,
                    50.87129173669177
                ]
            },
            "properties": {
                "nom_de_l_operateur": "Boite \u00e0 clous",
                "domaine": "Arts forains, du cirque et de la rue",
                "adresse": "Rue Docteur Elie Lambotte 28",
                "code_postal": "1030",
                "localite": "Schaerbeek",
                "telephone": null,
                "courriel": "boiteaclous@gmail.com",
                "site_web": "https:\/\/boiteaclous.be\/",
                "statut_juridique": "asbl",
                "province": "Bruxelles-Capitale",
                "bassin_de_vie_fwb": "Bruxelles",
                "bce": "0465.005.627",
                "categorie_principale": "Structure de cr\u00e9ation et artistes",
                "empty": null,
                "type_d_aide": [
                    "Convention"
                ],
                "duree_du_contrat_annees": "3"
            }
        },
        {
            "type": "Feature",
            "geometry": {
                "type": "Point",
                "coordinates": [
                    5.340907640494538,
                    49.73783951567073
                ]
            },
            "properties": {
                "nom_de_l_operateur": "Chiny Cit\u00e9 des Contes",
                "domaine": "Conte",
                "adresse": "Rue de Lorr\u00e8ne 3",
                "code_postal": "6810",
                "localite": "Chiny",
                "telephone": "061 32 07 56",
                "courriel": "chiny@conte.be",
                "site_web": "https:\/\/www.conte.be\/",
                "statut_juridique": "asbl",
                "province": "Luxembourg",
                "bassin_de_vie_fwb": "Luxembourg",
                "bce": "0851.159.360",
                "categorie_principale": "Structure de service",
                "empty": null,
                "type_d_aide": [
                    "Convention"
                ],
                "duree_du_contrat_annees": "5"
            }
        },
        {
            "type": "Feature",
            "geometry": {
                "type": "Point",
                "coordinates": [
                    4.369859909885367,
                    50.84697155084484
                ]
            },
            "properties": {
                "nom_de_l_operateur": "CFA - Centre du Film sur l'Art",
                "domaine": "Arts Plastiques",
                "adresse": "Avenue des Arts 19F",
                "code_postal": "1000",
                "localite": "Bruxelles",
                "telephone": "02 217 28 92",
                "courriel": "cfa@scarlet.be",
                "site_web": "https:\/\/www.centredufilmsurlart.com\/",
                "statut_juridique": "asbl",
                "province": "Bruxelles-Capitale",
                "bassin_de_vie_fwb": "Bruxelles",
                "bce": "0420.278.333",
                "categorie_principale": "Centre d'Art\/Lieu de diffusion",
                "empty": null,
                "type_d_aide": [
                    "Convention"
                ],
                "duree_du_contrat_annees": "4"
            }
        },
        {
            "type": "Feature",
            "geometry": {
                "type": "Point",
                "coordinates": [
                    4.382354138721429,
                    50.85694631649311
                ]
            },
            "properties": {
                "nom_de_l_operateur": "Compagnie MAPS",
                "domaine": "Art dramatique",
                "adresse": "Avenue Dailly 79",
                "code_postal": "1030",
                "localite": "Schaerbeek",
                "telephone": null,
                "courriel": "compagnie.maps@gmail.com",
                "site_web": "https:\/\/compagniemaps.com\/",
                "statut_juridique": "asbl",
                "province": "Bruxelles-Capitale",
                "bassin_de_vie_fwb": "Bruxelles",
                "bce": "0845.883.055",
                "categorie_principale": "Structure de cr\u00e9ation et artistes",
                "empty": null,
                "type_d_aide": [
                    "Contrat de cr\u00e9ation"
                ],
                "duree_du_contrat_annees": "3"
            }
        },
        {
            "type": "Feature",
            "geometry": {
                "type": "Point",
                "coordinates": [
                    4.346421082898049,
                    50.85148146769578
                ]
            },
            "properties": {
                "nom_de_l_operateur": "Contredanse asbl",
                "domaine": "Arts chor\u00e9graphiques",
                "adresse": "Rue de Flandre 46",
                "code_postal": "1000",
                "localite": "Bruxelles",
                "telephone": "02 550 13 00",
                "courriel": "communication@contredanse.org",
                "site_web": "https:\/\/contredanse.org\/",
                "statut_juridique": "asbl",
                "province": "Bruxelles-Capitale",
                "bassin_de_vie_fwb": "Bruxelles",
                "bce": "0428.677.543",
                "categorie_principale": "Structure de service",
                "empty": null,
                "type_d_aide": [
                    "Convention"
                ],
                "duree_du_contrat_annees": "5"
            }
        },
        {
            "type": "Feature",
            "geometry": {
                "type": "Point",
                "coordinates": [
                    4.351548325225832,
                    50.83034300878508
                ]
            },
            "properties": {
                "nom_de_l_operateur": "Ecarlate La Cie",
                "domaine": "Art dramatique",
                "adresse": "Rue du Bordeaux 9",
                "code_postal": "1060",
                "localite": "Saint-Gilles",
                "telephone": null,
                "courriel": "ecarlateidentities@gmail.com",
                "site_web": "https:\/\/ecarlatelacie.be\/",
                "statut_juridique": "asbl",
                "province": "Bruxelles-Capitale",
                "bassin_de_vie_fwb": "Bruxelles",
                "bce": "0820.351.071",
                "categorie_principale": "Structure de cr\u00e9ation et artistes",
                "empty": null,
                "type_d_aide": [
                    "Convention"
                ],
                "duree_du_contrat_annees": "3"
            }
        },
        {
            "type": "Feature",
            "geometry": {
                "type": "Point",
                "coordinates": [
                    4.67110651483495,
                    50.333933796485525
                ]
            },
            "properties": {
                "nom_de_l_operateur": "Fonds F\u00e9licien Rops",
                "domaine": "Arts Plastiques",
                "adresse": "Rue de Thoz\u00e9e 12",
                "code_postal": "5640",
                "localite": "Mettet",
                "telephone": "071 72 72 62",
                "courriel": "info@fondsrops.org",
                "site_web": "http:\/\/www.fondsrops.org\/",
                "statut_juridique": "asbl",
                "province": "Namur",
                "bassin_de_vie_fwb": "Namur",
                "bce": "0452.155.404",
                "categorie_principale": "Centre d'Art\/Lieu de diffusion",
                "empty": null,
                "type_d_aide": [
                    "Convention"
                ],
                "duree_du_contrat_annees": "4"
            }
        },
        {
            "type": "Feature",
            "geometry": {
                "type": "Point",
                "coordinates": [
                    3.8770088466419033,
                    50.40999741703564
                ]
            },
            "properties": {
                "nom_de_l_operateur": "La Fabrique de Th\u00e9\u00e2tre - Service Provincial des Arts de la Sc\u00e8ne",
                "domaine": "Interdisciplinaire",
                "adresse": "Rue de l'Industrie 128",
                "code_postal": "7080",
                "localite": "Frameries",
                "telephone": "065 61 34 60",
                "courriel": "bonjour@fabrique-theatre.be",
                "site_web": "https:\/\/www.lafabrique.be\/",
                "statut_juridique": "asbl",
                "province": "Hainaut",
                "bassin_de_vie_fwb": "Hainaut Centre",
                "bce": "0409.759.870",
                "categorie_principale": "Structure de service",
                "empty": null,
                "type_d_aide": [
                    "NA"
                ],
                "duree_du_contrat_annees": "5"
            }
        },
        {
            "type": "Feature",
            "geometry": {
                "type": "Point",
                "coordinates": [
                    4.347646181049748,
                    50.84408134077689
                ]
            },
            "properties": {
                "nom_de_l_operateur": "La Part de l'\u0153il",
                "domaine": "Arts Plastiques",
                "adresse": "Rue du Midi 144",
                "code_postal": "1000",
                "localite": "Bruxelles",
                "telephone": "02 514 18 41",
                "courriel": "info@lapartdeloeil.be",
                "site_web": "http:\/\/www.lapartdeloeil.be\/",
                "statut_juridique": "asbl",
                "province": "Bruxelles-Capitale",
                "bassin_de_vie_fwb": "Bruxelles",
                "bce": "0441.637.337",
                "categorie_principale": "Editeur",
                "empty": null,
                "type_d_aide": [
                    "Convention"
                ],
                "duree_du_contrat_annees": "4"
            }
        },
        {
            "type": "Feature",
            "geometry": {
                "type": "Point",
                "coordinates": [
                    4.382364581048629,
                    50.82741151899807
                ]
            },
            "properties": {
                "nom_de_l_operateur": "L'Acteur et l'Ecrit - Cie Frederic Dussenne",
                "domaine": "Art dramatique",
                "adresse": "Avenue de la Couronne 216",
                "code_postal": "1050",
                "localite": "Ixelles",
                "telephone": null,
                "courriel": "production.acteur.ecrit@gmail.com",
                "site_web": "https:\/\/www.acteur-ecrit.com\/",
                "statut_juridique": "asbl",
                "province": "Bruxelles-Capitale",
                "bassin_de_vie_fwb": "Bruxelles",
                "bce": "0479.930.462",
                "categorie_principale": "Structure de cr\u00e9ation et artistes",
                "empty": null,
                "type_d_aide": [
                    "Contrat de services"
                ],
                "duree_du_contrat_annees": "5"
            }
        },
        {
            "type": "Feature",
            "geometry": {
                "type": "Point",
                "coordinates": [
                    5.58176070987173,
                    50.64428584554937
                ]
            },
            "properties": {
                "nom_de_l_operateur": "L'An Vert",
                "domaine": "Musiques actuelles",
                "adresse": "Rue Mathieu Polain 4",
                "code_postal": "4020",
                "localite": "Li\u00e8ge",
                "telephone": "04 342 12 00",
                "courriel": "anvertinfo@gmail.com",
                "site_web": "https:\/\/lanvert.be",
                "statut_juridique": "asbl",
                "province": "Li\u00e8ge",
                "bassin_de_vie_fwb": "Li\u00e8ge",
                "bce": "0478.431.120",
                "categorie_principale": "Centre d'Art\/Lieu de diffusion",
                "empty": null,
                "type_d_aide": [
                    "Contrat-programme"
                ],
                "duree_du_contrat_annees": "5"
            }
        },
        {
            "type": "Feature",
            "geometry": {
                "type": "Point",
                "coordinates": [
                    4.385407638718922,
                    50.81981444272428
                ]
            },
            "properties": {
                "nom_de_l_operateur": "L'Envers du Th\u00e9\u00e2tre - Cie Micha\u00ebl Delaunoy",
                "domaine": "Art dramatique",
                "adresse": "Rue Emile Banning 12",
                "code_postal": "1050",
                "localite": "Ixelles",
                "telephone": "02 649 49 09",
                "courriel": null,
                "site_web": null,
                "statut_juridique": "asbl",
                "province": "Bruxelles-Capitale",
                "bassin_de_vie_fwb": "Bruxelles",
                "bce": "0472.925.577",
                "categorie_principale": "Structure de cr\u00e9ation et artistes",
                "empty": null,
                "type_d_aide": [
                    "Contrat de diffusion"
                ],
                "duree_du_contrat_annees": "5"
            }
        },
        {
            "type": "Feature",
            "geometry": {
                "type": "Point",
                "coordinates": [
                    3.379450294527551,
                    50.60517525249198
                ]
            },
            "properties": {
                "nom_de_l_operateur": "Maison de la Culture de Tournai",
                "domaine": "Art dramatique",
                "adresse": "Avenue des Fr\u00e8res Rimbaut 2",
                "code_postal": "7500",
                "localite": "Tournai",
                "telephone": "069 25 30 80",
                "courriel": "billetterie@maisonculturetournai.com",
                "site_web": "https:\/\/www.maisonculturetournai.com\/",
                "statut_juridique": "asbl",
                "province": "Hainaut",
                "bassin_de_vie_fwb": "Wallonie picarde",
                "bce": "0410.784.805",
                "categorie_principale": "Centre d'Art\/Lieu de diffusion",
                "empty": null,
                "type_d_aide": [
                    "Contrat de services"
                ],
                "duree_du_contrat_annees": "5"
            }
        },
        {
            "type": "Feature",
            "geometry": {
                "type": "Point",
                "coordinates": [
                    4.3413059675575285,
                    50.867107724579135
                ]
            },
            "properties": {
                "nom_de_l_operateur": "ATPS - Association de Technicien\u00b7ne\u00b7s. Professionnel\u00b7le\u00b7s du Spectacle",
                "domaine": "Interdisciplinaire",
                "adresse": "Rue de l\u2019Escaut 60",
                "code_postal": "1080",
                "localite": "Molenbeek-Saint-Jean",
                "telephone": null,
                "courriel": "lucie@atps.be",
                "site_web": "https:\/\/www.atps.be\/",
                "statut_juridique": "asbl",
                "province": "Bruxelles-Capitale",
                "bassin_de_vie_fwb": "Bruxelles",
                "bce": "0445.589.195",
                "categorie_principale": "F\u00e9d\u00e9ration",
                "empty": null,
                "type_d_aide": [
                    "Contrat-programme"
                ],
                "duree_du_contrat_annees": "3"
            }
        },
        {
            "type": "Feature",
            "geometry": {
                "type": "Point",
                "coordinates": [
                    4.35016148465841,
                    50.85021828101861
                ]
            },
            "properties": {
                "nom_de_l_operateur": "Bruf\u00eate asbl",
                "domaine": "Arts forains, du cirque et de la rue",
                "adresse": "Rue des Halles 4",
                "code_postal": "1000",
                "localite": "Bruxelles",
                "telephone": "02 279 64 20",
                "courriel": "Culture@brucity.be",
                "site_web": "https:\/\/brufete.brussels\/",
                "statut_juridique": "asbl",
                "province": "Bruxelles-Capitale",
                "bassin_de_vie_fwb": "Bruxelles",
                "bce": "0443.265.452",
                "categorie_principale": "Structure de service",
                "empty": null,
                "type_d_aide": [
                    "Contrat-programme",
                    "convention"
                ],
                "duree_du_contrat_annees": "3"
            }
        },
        {
            "type": "Feature",
            "geometry": {
                "type": "Point",
                "coordinates": [
                    4.185055996366509,
                    50.47416353402278
                ]
            },
            "properties": {
                "nom_de_l_operateur": "Centre de la Gravure et de l'Image imprim\u00e9e de la Communaut\u00e9 fran\u00e7aise",
                "domaine": "Arts Plastiques",
                "adresse": "Rue des Amours 10",
                "code_postal": "7100",
                "localite": "La Louvi\u00e8re",
                "telephone": "064 27 87 27",
                "courriel": "accueil@centredelagravure.be",
                "site_web": "https:\/\/www.centredelagravure.be\/",
                "statut_juridique": "asbl",
                "province": "Hainaut",
                "bassin_de_vie_fwb": "Hainaut Centre",
                "bce": "0424.779.331",
                "categorie_principale": "Centre d'Art\/Lieu de diffusion",
                "empty": null,
                "type_d_aide": [
                    "Convention"
                ],
                "duree_du_contrat_annees": "3"
            }
        },
        {
            "type": "Feature",
            "geometry": {
                "type": "Point",
                "coordinates": [
                    4.383367685987733,
                    50.83510953796639
                ]
            },
            "properties": {
                "nom_de_l_operateur": "Cocoricoeur asbl",
                "domaine": "Pluridisciplinaire",
                "adresse": "Rue de Theux 1",
                "code_postal": "1040",
                "localite": "Etterbeek",
                "telephone": "02 779 26 05",
                "courriel": "g3a@brukmer.be",
                "site_web": "https:\/\/g3a.org\/",
                "statut_juridique": "asbl",
                "province": "Bruxelles-Capitale",
                "bassin_de_vie_fwb": "Bruxelles",
                "bce": "0821.494.780",
                "categorie_principale": "Agence, Promotion et Diffusion",
                "empty": null,
                "type_d_aide": [
                    "Contrat de diffusion"
                ],
                "duree_du_contrat_annees": "5"
            }
        },
        {
            "type": "Feature",
            "geometry": {
                "type": "Point",
                "coordinates": [
                    4.382407496390218,
                    50.82737085721946
                ]
            },
            "properties": {
                "nom_de_l_operateur": "Cocq\u2019Arts Festival",
                "domaine": "Interdisciplinaire",
                "adresse": "Avenue de la Couronne\u00a0216",
                "code_postal": "1050",
                "localite": "Ixelles",
                "telephone": null,
                "courriel": "cocqarts@gmail.com",
                "site_web": "http:\/\/www.cocqarts.be\/",
                "statut_juridique": "asbl",
                "province": "Bruxelles-Capitale",
                "bassin_de_vie_fwb": "Bruxelles",
                "bce": "0715.612.649",
                "categorie_principale": "Festival",
                "empty": null,
                "type_d_aide": [
                    "Contrat-programme"
                ],
                "duree_du_contrat_annees": "3"
            }
        },
        {
            "type": "Feature",
            "geometry": {
                "type": "Point",
                "coordinates": [
                    4.341263654060032,
                    50.812772637154346
                ]
            },
            "properties": {
                "nom_de_l_operateur": "Compagnie Gazon-N\u00e8ve asbl",
                "domaine": "Art dramatique",
                "adresse": "Rue de la Seconde Reine\u00a035",
                "code_postal": "1180",
                "localite": "Uccle",
                "telephone": null,
                "courriel": "gazonneve@gmail.com",
                "site_web": "https:\/\/gazon-neve.be\/la-compagnie",
                "statut_juridique": "asbl",
                "province": "Bruxelles-Capitale",
                "bassin_de_vie_fwb": "Bruxelles",
                "bce": "0704.724.794",
                "categorie_principale": "Structure de cr\u00e9ation et artistes",
                "empty": null,
                "type_d_aide": [
                    "Contrat de cr\u00e9ation"
                ],
                "duree_du_contrat_annees": "5"
            }
        },
        {
            "type": "Feature",
            "geometry": {
                "type": "Point",
                "coordinates": [
                    3.837479681022351,
                    50.43506871314179
                ]
            },
            "properties": {
                "nom_de_l_operateur": "CID - Grand Hornu",
                "domaine": "Arts Plastiques",
                "adresse": "Rue Sainte-Louise 82",
                "code_postal": "7301",
                "localite": "Hornu",
                "telephone": "065 65 21 21",
                "courriel": "info@grand-hornu.be",
                "site_web": "https:\/\/www.cid-grand-hornu.be\/",
                "statut_juridique": "asbl",
                "province": "Hainaut",
                "bassin_de_vie_fwb": "Hainaut Centre",
                "bce": "0458.458.226",
                "categorie_principale": "Centre d'Art\/Lieu de diffusion",
                "empty": null,
                "type_d_aide": [
                    "Convention"
                ],
                "duree_du_contrat_annees": "4"
            }
        },
        {
            "type": "Feature",
            "geometry": {
                "type": "Point",
                "coordinates": [
                    4.369224054060286,
                    50.81691935554807
                ]
            },
            "properties": {
                "nom_de_l_operateur": "Crammed Discs sprl",
                "domaine": "Musiques actuelles",
                "adresse": "Rue G\u00e9n\u00e9ral Patton 43",
                "code_postal": "1050",
                "localite": "Ixelles",
                "telephone": "02 640 79 14",
                "courriel": "crammed@crammed.be",
                "site_web": "http:\/\/www.crammed.be\/",
                "statut_juridique": "sprl",
                "province": "Bruxelles-Capitale",
                "bassin_de_vie_fwb": "Bruxelles",
                "bce": "0421.484.794",
                "categorie_principale": "Structure de service",
                "empty": null,
                "type_d_aide": [
                    "Contrat-programme"
                ],
                "duree_du_contrat_annees": "3"
            }
        },
        {
            "type": "Feature",
            "geometry": {
                "type": "Point",
                "coordinates": [
                    4.465275696391338,
                    50.84382536832284
                ]
            },
            "properties": {
                "nom_de_l_operateur": "Doble Mandoble asbl",
                "domaine": "Arts forains, du cirque et de la rue",
                "adresse": "Dr\u00e8ve du Bonheur 14",
                "code_postal": "1150",
                "localite": "Woluwe-Saint-Pierre",
                "telephone": null,
                "courriel": "doblemandoble@gmail.com",
                "site_web": "https:\/\/www.doblemandoble.com\/",
                "statut_juridique": "asbl",
                "province": "Bruxelles-Capitale",
                "bassin_de_vie_fwb": "Bruxelles",
                "bce": "0898.212.872",
                "categorie_principale": "Structure de cr\u00e9ation et artistes",
                "empty": null,
                "type_d_aide": [
                    "Contrat de cr\u00e9ation"
                ],
                "duree_du_contrat_annees": "5"
            }
        },
        {
            "type": "Feature",
            "geometry": {
                "type": "Point",
                "coordinates": [
                    5.586174982884139,
                    50.64477235445353
                ]
            },
            "properties": {
                "nom_de_l_operateur": "Factory asbl",
                "domaine": "Art dramatique",
                "adresse": "Rue Ransonnet 2",
                "code_postal": "4020",
                "localite": "Li\u00e8ge",
                "telephone": null,
                "courriel": "plateforme.factory@gmail.com",
                "site_web": "https:\/\/www.factoryfestival.be\/",
                "statut_juridique": "asbl",
                "province": "Li\u00e8ge",
                "bassin_de_vie_fwb": "Li\u00e8ge",
                "bce": "0695 447 933",
                "categorie_principale": "Structure de service",
                "empty": null,
                "type_d_aide": [
                    "Contrat de diffusion"
                ],
                "duree_du_contrat_annees": "5"
            }
        },
        {
            "type": "Feature",
            "geometry": {
                "type": "Point",
                "coordinates": [
                    4.326754923378264,
                    50.833429941387514
                ]
            },
            "properties": {
                "nom_de_l_operateur": "FREAKSVILLE Publishing",
                "domaine": "Musiques actuelles",
                "adresse": "Rue Bara 175",
                "code_postal": "1070",
                "localite": "Anderlecht",
                "telephone": "02 560 21 17",
                "courriel": "info@freaksvillepublishing.com",
                "site_web": "https:\/\/freaksvillepublishing.com\/",
                "statut_juridique": "srl",
                "province": "Bruxelles-Capitale",
                "bassin_de_vie_fwb": "Bruxelles",
                "bce": "0540.553.185",
                "categorie_principale": "Structure de service",
                "empty": null,
                "type_d_aide": [
                    "Convention"
                ],
                "duree_du_contrat_annees": "5"
            }
        },
        {
            "type": "Feature",
            "geometry": {
                "type": "Point",
                "coordinates": [
                    4.363561052213566,
                    50.83218267350662
                ]
            },
            "properties": {
                "nom_de_l_operateur": "Get Down \u2013 Dancers Management",
                "domaine": "Arts chor\u00e9graphiques",
                "adresse": "Rue de l\u2019Arbre B\u00e9nit 73",
                "code_postal": "1050",
                "localite": "Ixelles",
                "telephone": null,
                "courriel": "info@get-down.be",
                "site_web": "https:\/\/get-down.be\/",
                "statut_juridique": "asbl",
                "province": "Bruxelles-Capitale",
                "bassin_de_vie_fwb": "Bruxelles",
                "bce": "0761.966.771",
                "categorie_principale": "Structure de service",
                "empty": null,
                "type_d_aide": [
                    "Contrat-programme"
                ],
                "duree_du_contrat_annees": "3"
            }
        },
        {
            "type": "Feature",
            "geometry": {
                "type": "Point",
                "coordinates": [
                    4.359626723378958,
                    50.843735612895586
                ]
            },
            "properties": {
                "nom_de_l_operateur": "Jeunesse et Arts plastiques",
                "domaine": "Arts Plastiques",
                "adresse": "Rue Ravenstein 23",
                "code_postal": "1000",
                "localite": "Bruxelles",
                "telephone": "02 507 82 25",
                "courriel": "info@jap.be",
                "site_web": "http:\/\/www.jap.be\/",
                "statut_juridique": "asbl",
                "province": "Bruxelles-Capitale",
                "bassin_de_vie_fwb": "Bruxelles",
                "bce": "0407.200.159",
                "categorie_principale": "Centre d'Art\/Lieu de diffusion",
                "empty": null,
                "type_d_aide": [
                    "Convention"
                ],
                "duree_du_contrat_annees": "4"
            }
        },
        {
            "type": "Feature",
            "geometry": {
                "type": "Point",
                "coordinates": [
                    4.867556696383367,
                    50.725519623144976
                ]
            },
            "properties": {
                "nom_de_l_operateur": "La Maison du Conte et de la Litt\u00e9rature du Brabant-Wallon",
                "domaine": "Conte",
                "adresse": "Grand Place 1",
                "code_postal": "1370",
                "localite": "Jodoigne",
                "telephone": "010 81 41 47",
                "courriel": "info@conteetlitterature.be",
                "site_web": "https:\/\/conteetlitterature.be\/",
                "statut_juridique": "asbl",
                "province": "Brabant wallon",
                "bassin_de_vie_fwb": "Brabant wallon",
                "bce": "0466.018.781",
                "categorie_principale": "Structure de cr\u00e9ation et artistes",
                "empty": null,
                "type_d_aide": [
                    "Contrat-programme"
                ],
                "duree_du_contrat_annees": "3"
            }
        },
        {
            "type": "Feature",
            "geometry": {
                "type": "Point",
                "coordinates": [
                    4.336719309884252,
                    50.830407972741504
                ]
            },
            "properties": {
                "nom_de_l_operateur": "La Tricoterie",
                "domaine": "Interdisciplinaire",
                "adresse": "Rue Th\u00e9odore Verhaegen 158",
                "code_postal": "1060",
                "localite": "Saint-Gilles",
                "telephone": "02 537 96 69",
                "courriel": "reservations@tricoterie.be",
                "site_web": "https:\/\/www.tricoterie.be\/",
                "statut_juridique": "asbl",
                "province": "Bruxelles-Capitale",
                "bassin_de_vie_fwb": "Bruxelles",
                "bce": "0849.734.747",
                "categorie_principale": "Centre d'Art\/Lieu de diffusion",
                "empty": null,
                "type_d_aide": [
                    "Contrat de diffusion"
                ],
                "duree_du_contrat_annees": "3"
            }
        },
        {
            "type": "Feature",
            "geometry": {
                "type": "Point",
                "coordinates": [
                    4.382072065709057,
                    50.85719191522647
                ]
            },
            "properties": {
                "nom_de_l_operateur": "Le Bor\u00e9al",
                "domaine": "Art dramatique",
                "adresse": "Avenue Dailly 69",
                "code_postal": "1030",
                "localite": "Schaerbeek",
                "telephone": null,
                "courriel": null,
                "site_web": "https:\/\/www.leboreal.be\/",
                "statut_juridique": "asbl",
                "province": "Bruxelles-Capitale",
                "bassin_de_vie_fwb": "Bruxelles",
                "bce": "0534.778.915",
                "categorie_principale": "Structure de cr\u00e9ation et artistes",
                "empty": null,
                "type_d_aide": [
                    "Contrat-programme"
                ],
                "duree_du_contrat_annees": "3"
            }
        },
        {
            "type": "Feature",
            "geometry": {
                "type": "Point",
                "coordinates": [
                    5.505442867538431,
                    50.583002156593636
                ]
            },
            "properties": {
                "nom_de_l_operateur": "Les Ateliers de la Colline",
                "domaine": "Th\u00e9\u00e2tre Jeune Public",
                "adresse": "Avenue du Progr\u00e8s 17",
                "code_postal": "4100",
                "localite": "Seraing",
                "telephone": "04 336 27 06",
                "courriel": "info@ateliersdelacolline.be",
                "site_web": "https:\/\/ateliersdelacolline.be\/",
                "statut_juridique": "asbl",
                "province": "Li\u00e8ge",
                "bassin_de_vie_fwb": "Li\u00e8ge",
                "bce": "0423.527.140",
                "categorie_principale": "Structure de cr\u00e9ation et artistes",
                "empty": null,
                "type_d_aide": [
                    "Contrat-programme"
                ],
                "duree_du_contrat_annees": "5"
            }
        },
        {
            "type": "Feature",
            "geometry": {
                "type": "Point",
                "coordinates": [
                    5.235302128835398,
                    50.52195205616704
                ]
            },
            "properties": {
                "nom_de_l_operateur": "Les Nocturnales",
                "domaine": "Interdisciplinaire",
                "adresse": "Rue sur Meuse 2",
                "code_postal": "4500",
                "localite": "Huy",
                "telephone": null,
                "courriel": "info@nocturnales.be",
                "site_web": "https:\/\/nocturnales.be\/",
                "statut_juridique": "asbl",
                "province": "Li\u00e8ge",
                "bassin_de_vie_fwb": "Huy Waremme",
                "bce": "0822.282.757",
                "categorie_principale": "Structure de cr\u00e9ation et artistes",
                "empty": null,
                "type_d_aide": [
                    "Contrat-programme"
                ],
                "duree_du_contrat_annees": "3"
            }
        },
        {
            "type": "Feature",
            "geometry": {
                "type": "Point",
                "coordinates": [
                    4.340586881049245,
                    50.83660726001771
                ]
            },
            "properties": {
                "nom_de_l_operateur": "Les Souffleuses de Chaos",
                "domaine": "Art dramatique",
                "adresse": "Rue de M\u00e9rode 13",
                "code_postal": "1060",
                "localite": "Saint-Gilles",
                "telephone": null,
                "courriel": "souffleusesdechaos@gmail.com",
                "site_web": "http:\/\/lessouffleusesdechaos.com\/",
                "statut_juridique": "asbl",
                "province": "Bruxelles-Capitale",
                "bassin_de_vie_fwb": "Bruxelles",
                "bce": "0547.908.953",
                "categorie_principale": "Structure de cr\u00e9ation et artistes",
                "empty": null,
                "type_d_aide": [
                    "Contrat de cr\u00e9ation"
                ],
                "duree_du_contrat_annees": "3"
            }
        },
        {
            "type": "Feature",
            "geometry": {
                "type": "Point",
                "coordinates": [
                    5.603649423365169,
                    50.63825606828492
                ]
            },
            "properties": {
                "nom_de_l_operateur": "Li\u00e8ge City Breakers asbl",
                "domaine": "Pluridisciplinaire",
                "adresse": "Rue Simon Burnet 10",
                "code_postal": "4020",
                "localite": "Li\u00e8ge",
                "telephone": null,
                "courriel": "info@liegecitybreakers.be",
                "site_web": "https:\/\/www.liegecitybreakers.be\/",
                "statut_juridique": "asbl",
                "province": "Li\u00e8ge",
                "bassin_de_vie_fwb": "Li\u00e8ge",
                "bce": "0811.567.623",
                "categorie_principale": "Structure de service",
                "empty": null,
                "type_d_aide": [
                    "Contrat de cr\u00e9ation"
                ],
                "duree_du_contrat_annees": "5"
            }
        },
        {
            "type": "Feature",
            "geometry": {
                "type": "Point",
                "coordinates": [
                    3.955823454036288,
                    50.45854874873591
                ]
            },
            "properties": {
                "nom_de_l_operateur": "Mars, Mons Arts de la Sc\u00e8ne (Le Man\u00e8ge Mons)",
                "domaine": "Interdisciplinaire",
                "adresse": "Rue de Nimy 106",
                "code_postal": "7000",
                "localite": "Mons",
                "telephone": "065 39 98 00",
                "courriel": "public@surmars.be",
                "site_web": "https:\/\/surmars.be\/",
                "statut_juridique": "asbl",
                "province": "Hainaut",
                "bassin_de_vie_fwb": "Hainaut Centre",
                "bce": "0477.704.016",
                "categorie_principale": "Centre d'Art\/Lieu de diffusion",
                "empty": null,
                "type_d_aide": [
                    "Contrat-programme"
                ],
                "duree_du_contrat_annees": "5"
            }
        },
        {
            "type": "Feature",
            "geometry": {
                "type": "Point",
                "coordinates": [
                    5.583028338706864,
                    50.64028773306867
                ]
            },
            "properties": {
                "nom_de_l_operateur": "Micro Festival",
                "domaine": "Musiques actuelles",
                "adresse": "Rue Roture 13",
                "code_postal": "4020",
                "localite": "Li\u00e8ge",
                "telephone": null,
                "courriel": "info@microfestival.be",
                "site_web": "https:\/\/microfestival.be\/",
                "statut_juridique": "asbl",
                "province": "Li\u00e8ge",
                "bassin_de_vie_fwb": "Li\u00e8ge",
                "bce": "0690.918.132",
                "categorie_principale": "Festival",
                "empty": null,
                "type_d_aide": [
                    "Contrat-programme"
                ],
                "duree_du_contrat_annees": "3"
            }
        },
        {
            "type": "Feature",
            "geometry": {
                "type": "Point",
                "coordinates": [
                    4.337142809881544,
                    50.79021223056586
                ]
            },
            "properties": {
                "nom_de_l_operateur": "MoDul",
                "domaine": "Interdisciplinaire",
                "adresse": "Avenue Groelstveld\u00a039",
                "code_postal": "1180",
                "localite": "Uccle",
                "telephone": null,
                "courriel": "info@modulable.be",
                "site_web": "https:\/\/www.modulable.be\/",
                "statut_juridique": "asbl",
                "province": "Bruxelles-Capitale",
                "bassin_de_vie_fwb": "Bruxelles",
                "bce": "0644.861.344",
                "categorie_principale": "Structure de cr\u00e9ation et artistes",
                "empty": null,
                "type_d_aide": [
                    "Contrat de cr\u00e9ation"
                ],
                "duree_du_contrat_annees": "5"
            }
        },
        {
            "type": "Feature",
            "geometry": {
                "type": "Point",
                "coordinates": [
                    4.354904398284673,
                    50.82478377183935
                ]
            },
            "properties": {
                "nom_de_l_operateur": "Racagnac Productions",
                "domaine": "Th\u00e9\u00e2tre Jeune Public",
                "adresse": "Rue Am\u00e9ricaine 8",
                "code_postal": "1060",
                "localite": "Saint-Gilles",
                "telephone": null,
                "courriel": "Info@racagnac.be",
                "site_web": "https:\/\/www.racagnac.be\/",
                "statut_juridique": "asbl",
                "province": "Bruxelles-Capitale",
                "bassin_de_vie_fwb": "Bruxelles",
                "bce": "0824.868.994",
                "categorie_principale": "Structure de cr\u00e9ation et artistes",
                "empty": null,
                "type_d_aide": [
                    "Contrat de cr\u00e9ation"
                ],
                "duree_du_contrat_annees": "3"
            }
        },
        {
            "type": "Feature",
            "geometry": {
                "type": "Point",
                "coordinates": [
                    4.337585811779386,
                    50.83442504281633
                ]
            },
            "properties": {
                "nom_de_l_operateur": "TALAATA\/AMA - Arts Management Agency",
                "domaine": "Arts chor\u00e9graphiques",
                "adresse": "Rue de Su\u00e8de 8 Bte 12",
                "code_postal": "1060",
                "localite": "Saint-Gilles",
                "telephone": null,
                "courriel": "ama@amabrussels.org",
                "site_web": "https:\/\/amabrussels.org\/",
                "statut_juridique": "asbl",
                "province": "Bruxelles-Capitale",
                "bassin_de_vie_fwb": "Bruxelles",
                "bce": "0808.264.079",
                "categorie_principale": "Structure de cr\u00e9ation et artistes",
                "empty": null,
                "type_d_aide": [
                    "Contrat-programme",
                    "convention"
                ],
                "duree_du_contrat_annees": "5"
            }
        },
        {
            "type": "Feature",
            "geometry": {
                "type": "Point",
                "coordinates": [
                    5.574762238706893,
                    50.64083714395046
                ]
            },
            "properties": {
                "nom_de_l_operateur": "Th\u00e9\u00e2tre de Li\u00e8ge",
                "domaine": "Art dramatique",
                "adresse": "Place du Vingt Ao\u00fbt 16",
                "code_postal": "4000",
                "localite": "Li\u00e8ge",
                "telephone": "04 344 71 60",
                "courriel": "billetterie@theatredeliege.be",
                "site_web": "https:\/\/theatredeliege.be\/",
                "statut_juridique": "asbl",
                "province": "Li\u00e8ge",
                "bassin_de_vie_fwb": "Li\u00e8ge",
                "bce": "0425.098.342",
                "categorie_principale": "Centre d'Art\/Lieu de diffusion",
                "empty": null,
                "type_d_aide": [
                    "Contrat-programme"
                ],
                "duree_du_contrat_annees": "5"
            }
        },
        {
            "type": "Feature",
            "geometry": {
                "type": "Point",
                "coordinates": [
                    4.867857338695076,
                    50.46432158066683
                ]
            },
            "properties": {
                "nom_de_l_operateur": "Th\u00e9\u00e2tre de Namur - Centre Culturel R\u00e9gional de Namur",
                "domaine": "Art dramatique",
                "adresse": "Place du Th\u00e9\u00e2tre 2",
                "code_postal": "5000",
                "localite": "Namur",
                "telephone": "081 22 60 26",
                "courriel": "info@theatredenamur.be",
                "site_web": "https:\/\/www.tccnamur.be\/",
                "statut_juridique": "asbl",
                "province": "Namur",
                "bassin_de_vie_fwb": "Namur",
                "bce": "0422.467.959",
                "categorie_principale": "Centre d'Art\/Lieu de diffusion",
                "empty": null,
                "type_d_aide": [
                    "Contrat-programme"
                ],
                "duree_du_contrat_annees": "5"
            }
        },
        {
            "type": "Feature",
            "geometry": {
                "type": "Point",
                "coordinates": [
                    4.345875567555631,
                    50.83933067646476
                ]
            },
            "properties": {
                "nom_de_l_operateur": "Th\u00e9\u00e2tre Les Tanneurs",
                "domaine": "Art dramatique",
                "adresse": "Rue des Tanneurs 75-77",
                "code_postal": "1000",
                "localite": "Bruxelles",
                "telephone": "02 502 37 43",
                "courriel": "info@lestanneurs.be; reservation@lestanneurs.be",
                "site_web": "https:\/\/lestanneurs.be\/",
                "statut_juridique": "asbl",
                "province": "Bruxelles-Capitale",
                "bassin_de_vie_fwb": "Bruxelles",
                "bce": "0465.072.141",
                "categorie_principale": "Centre d'Art\/Lieu de diffusion",
                "empty": null,
                "type_d_aide": [
                    "Contrat de diffusion"
                ],
                "duree_du_contrat_annees": "5"
            }
        },
        {
            "type": "Feature",
            "geometry": {
                "type": "Point",
                "coordinates": [
                    5.554840222841335,
                    50.64341592644677
                ]
            },
            "properties": {
                "nom_de_l_operateur": "Zetetique Th\u00e9\u00e2tre",
                "domaine": "Th\u00e9\u00e2tre Jeune Public",
                "adresse": "Rue Wiertz 38 Bte 11",
                "code_postal": "4000",
                "localite": "Li\u00e8ge",
                "telephone": "04 262 77 88",
                "courriel": "zetetiquetheatre@gmail.com",
                "site_web": "https:\/\/www.zetetiquetheatre.be\/",
                "statut_juridique": "asbl",
                "province": "Li\u00e8ge",
                "bassin_de_vie_fwb": "Li\u00e8ge",
                "bce": "0432.531.413",
                "categorie_principale": "Structure de cr\u00e9ation et artistes",
                "empty": null,
                "type_d_aide": [
                    "Contrat-programme"
                ],
                "duree_du_contrat_annees": "5"
            }
        },
        {
            "type": "Feature",
            "geometry": {
                "type": "Point",
                "coordinates": [
                    4.326169723377496,
                    50.82211071546997
                ]
            },
            "properties": {
                "nom_de_l_operateur": "Catfish Cr\u00e9ations",
                "domaine": "Art dramatique",
                "adresse": "Avenue Van Volxem\u00a0271 Bte A",
                "code_postal": "1190",
                "localite": "Forest",
                "telephone": null,
                "courriel": "info@cat-fish.org",
                "site_web": "https:\/\/cat-fish.org\/",
                "statut_juridique": "asbl",
                "province": "Bruxelles-Capitale",
                "bassin_de_vie_fwb": "Bruxelles",
                "bce": "0793.857.797",
                "categorie_principale": "Structure de cr\u00e9ation et artistes",
                "empty": null,
                "type_d_aide": [
                    "Contrat-programme"
                ],
                "duree_du_contrat_annees": "5"
            }
        },
        {
            "type": "Feature",
            "geometry": {
                "type": "Point",
                "coordinates": [
                    6.024825481021594,
                    50.42434200723509
                ]
            },
            "properties": {
                "nom_de_l_operateur": "Asbl Odessa Maison d'Artistes",
                "domaine": "Musiques actuelles",
                "adresse": "Rue des Arsilliers 31",
                "code_postal": "4960",
                "localite": "Malmedy",
                "telephone": null,
                "courriel": "music@odessamusic.be",
                "site_web": "http:\/\/www.odessamusic.be\/",
                "statut_juridique": "asbl",
                "province": "Li\u00e8ge",
                "bassin_de_vie_fwb": "Verviers",
                "bce": "0819.816.878",
                "categorie_principale": "Agence, Promotion et Diffusion",
                "empty": null,
                "type_d_aide": [
                    "Contrat de diffusion"
                ],
                "duree_du_contrat_annees": "3"
            }
        },
        {
            "type": "Feature",
            "geometry": {
                "type": "Point",
                "coordinates": [
                    4.431380523376796,
                    50.811559539971164
                ]
            },
            "properties": {
                "nom_de_l_operateur": "Cie du Chien qui Tousse",
                "domaine": "Th\u00e9\u00e2tre Jeune Public",
                "adresse": "Rue du Moulin \u00e0 papier 12",
                "code_postal": "1160",
                "localite": "Auderghem",
                "telephone": null,
                "courriel": "mail@chienquitousse.be",
                "site_web": "http:\/\/www.chienquitousse.be",
                "statut_juridique": "asbl",
                "province": "Bruxelles-Capitale",
                "bassin_de_vie_fwb": "Bruxelles",
                "bce": "0473.791.451",
                "categorie_principale": "Structure de cr\u00e9ation et artistes",
                "empty": null,
                "type_d_aide": [
                    "Contrat-programme"
                ],
                "duree_du_contrat_annees": "3"
            }
        },
        {
            "type": "Feature",
            "geometry": {
                "type": "Point",
                "coordinates": [
                    4.3271677558240595,
                    50.783753374457824
                ]
            },
            "properties": {
                "nom_de_l_operateur": "Collectif Curieux -Hajim\u00e9",
                "domaine": "Arts forains, du cirque et de la rue",
                "adresse": "Chauss\u00e9e d\u2019Alsemberg 1299",
                "code_postal": "1180",
                "localite": "Uccle",
                "telephone": null,
                "courriel": "contact@collectifcurieux.be",
                "site_web": "https:\/\/collectifcurieux.be\/",
                "statut_juridique": "asbl",
                "province": "Bruxelles-Capitale",
                "bassin_de_vie_fwb": "Bruxelles",
                "bce": "0890.419.121",
                "categorie_principale": "Structure de cr\u00e9ation et artistes",
                "empty": null,
                "type_d_aide": [
                    "Contrat de cr\u00e9ation"
                ],
                "duree_du_contrat_annees": "1"
            }
        },
        {
            "type": "Feature",
            "geometry": {
                "type": "Point",
                "coordinates": [
                    4.371620582896801,
                    50.8329731140742
                ]
            },
            "properties": {
                "nom_de_l_operateur": "Compagnie Tumbleweed",
                "domaine": "Arts chor\u00e9graphiques",
                "adresse": "Rue sans souci 99",
                "code_postal": "1050",
                "localite": "Ixelles",
                "telephone": null,
                "courriel": "administration@cietumbleweed.com",
                "site_web": "https:\/\/cietumbleweed.com\/",
                "statut_juridique": "asbl",
                "province": "Bruxelles-Capitale",
                "bassin_de_vie_fwb": "Bruxelles",
                "bce": "0779.343.926",
                "categorie_principale": "Structure de cr\u00e9ation et artistes",
                "empty": null,
                "type_d_aide": [
                    "Contrat-programme"
                ],
                "duree_du_contrat_annees": "3"
            }
        },
        {
            "type": "Feature",
            "geometry": {
                "type": "Point",
                "coordinates": [
                    4.354058011732861,
                    50.84264106685244
                ]
            },
            "properties": {
                "nom_de_l_operateur": "Conseil de la Musique",
                "domaine": "Musiques actuelles",
                "adresse": "Rue Lebeau 39",
                "code_postal": "1000",
                "localite": "Bruxelles",
                "telephone": "02 550 13 20",
                "courriel": "info@conseildelamusique.be",
                "site_web": "https:\/\/www.conseildelamusique.be",
                "statut_juridique": "asbl",
                "province": "Bruxelles-Capitale",
                "bassin_de_vie_fwb": "Bruxelles",
                "bce": "0421.724.920",
                "categorie_principale": "Structure de service",
                "empty": null,
                "type_d_aide": [
                    "Contrat-programme"
                ],
                "duree_du_contrat_annees": "5"
            }
        },
        {
            "type": "Feature",
            "geometry": {
                "type": "Point",
                "coordinates": [
                    4.376750196389835,
                    50.82104228537165
                ]
            },
            "properties": {
                "nom_de_l_operateur": "CTEJ - Chambre des Th\u00e9\u00e2tres pour l'Enfance et la Jeunesse",
                "domaine": "Th\u00e9\u00e2tre Jeune Public",
                "adresse": "Avenue de l'Hippodrome 122",
                "code_postal": "1050",
                "localite": "Ixelles",
                "telephone": "02 643 78 80",
                "courriel": "info@ctej.be",
                "site_web": "https:\/\/ctej.be\/",
                "statut_juridique": "asbl",
                "province": "Bruxelles-Capitale",
                "bassin_de_vie_fwb": "Bruxelles",
                "bce": "0416.971.722",
                "categorie_principale": "F\u00e9d\u00e9ration",
                "empty": null,
                "type_d_aide": [
                    "Convention transversale"
                ],
                "duree_du_contrat_annees": "5"
            }
        },
        {
            "type": "Feature",
            "geometry": {
                "type": "Point",
                "coordinates": [
                    4.38129688104989,
                    50.84600235709175
                ]
            },
            "properties": {
                "nom_de_l_operateur": "De Capes et De Mots",
                "domaine": "Conte",
                "adresse": "Rue Charles Martel\u00a053",
                "code_postal": "1000",
                "localite": "Bruxelles",
                "telephone": null,
                "courriel": "capesmots@gmail.com",
                "site_web": "https:\/\/decapesetdemots.com\/",
                "statut_juridique": "asbl",
                "province": "Bruxelles-Capitale",
                "bassin_de_vie_fwb": "Bruxelles",
                "bce": "0553.462.895",
                "categorie_principale": "Structure de cr\u00e9ation et artistes",
                "empty": null,
                "type_d_aide": [
                    "Contrat-programme"
                ],
                "duree_du_contrat_annees": "3"
            }
        },
        {
            "type": "Feature",
            "geometry": {
                "type": "Point",
                "coordinates": [
                    5.445676682863331,
                    50.334126138116076
                ]
            },
            "properties": {
                "nom_de_l_operateur": "Durbuy Rock Festival",
                "domaine": "Musiques actuelles",
                "adresse": "Rue Saint-Monon 33",
                "code_postal": "6940",
                "localite": "Durbuy",
                "telephone": null,
                "courriel": "info@durbuyrock.be",
                "site_web": "http:\/\/www.durbuyrock.be\/",
                "statut_juridique": "asbl",
                "province": "Luxembourg",
                "bassin_de_vie_fwb": "Luxembourg",
                "bce": "0870.391.787",
                "categorie_principale": "Festival",
                "empty": null,
                "type_d_aide": [
                    "Contrat de cr\u00e9ation"
                ],
                "duree_du_contrat_annees": "3"
            }
        },
        {
            "type": "Feature",
            "geometry": {
                "type": "Point",
                "coordinates": [
                    4.345930638720249,
                    50.83932252800959
                ]
            },
            "properties": {
                "nom_de_l_operateur": "gar\u00e7ongar\u00e7on",
                "domaine": "Art dramatique",
                "adresse": "Rue des Tanneurs\u00a077",
                "code_postal": "1000",
                "localite": "Bruxelles",
                "telephone": null,
                "courriel": "garcongarconasbl@gmail.com",
                "site_web": "http:\/\/garon-garon-dmwx.squarespace.com\/",
                "statut_juridique": "asbl",
                "province": "Bruxelles-Capitale",
                "bassin_de_vie_fwb": "Bruxelles",
                "bce": "0501.909.771",
                "categorie_principale": "Structure de cr\u00e9ation et artistes",
                "empty": null,
                "type_d_aide": [
                    "Contrat-programme"
                ],
                "duree_du_contrat_annees": "5"
            }
        },
        {
            "type": "Feature",
            "geometry": {
                "type": "Point",
                "coordinates": [
                    4.368485042329205,
                    50.852951025144634
                ]
            },
            "properties": {
                "nom_de_l_operateur": "KOSMO\/ kosmocompany",
                "domaine": "Art dramatique",
                "adresse": "Place Quetelet 1 Bte 14",
                "code_postal": "1210",
                "localite": "Saint-Josse-Ten-Noode",
                "telephone": null,
                "courriel": "info@kosmocompany.net",
                "site_web": "https:\/\/kosmocompany.net\/",
                "statut_juridique": "asbl",
                "province": "Bruxelles-Capitale",
                "bassin_de_vie_fwb": "Bruxelles",
                "bce": "0849.088.807",
                "categorie_principale": "Structure de cr\u00e9ation et artistes",
                "empty": null,
                "type_d_aide": [
                    "Contrat de cr\u00e9ation"
                ],
                "duree_du_contrat_annees": "5"
            }
        },
        {
            "type": "Feature",
            "geometry": {
                "type": "Point",
                "coordinates": [
                    5.7941973810360174,
                    50.63976348861679
                ]
            },
            "properties": {
                "nom_de_l_operateur": "La Sc\u00e8ne du Bocage asbl",
                "domaine": "Arts forains, du cirque et de la rue",
                "adresse": "Place de l\u2019H\u00f4tel de Ville 18",
                "code_postal": "4650",
                "localite": "Herve",
                "telephone": "087 66 09 07",
                "courriel": "scenedubocage@chac.be",
                "site_web": "https:\/\/www.facebook.com\/people\/La-Sc%C3%A8ne-du-Bocage\/100063499383801\/",
                "statut_juridique": "asbl",
                "province": "Li\u00e8ge",
                "bassin_de_vie_fwb": "Verviers",
                "bce": "0454.079.170",
                "categorie_principale": "Structure de cr\u00e9ation et artistes",
                "empty": null,
                "type_d_aide": [
                    "Contrat de diffusion"
                ],
                "duree_du_contrat_annees": "5"
            }
        },
        {
            "type": "Feature",
            "geometry": {
                "type": "Point",
                "coordinates": [
                    4.369785211732389,
                    50.835418460376374
                ]
            },
            "properties": {
                "nom_de_l_operateur": "Le Rideau de Bruxelles",
                "domaine": "Art dramatique",
                "adresse": "Rue Goffart 7A",
                "code_postal": "1050",
                "localite": "Ixelles",
                "telephone": "02 737 16 01",
                "courriel": "contact@lerideau.brussels",
                "site_web": "https:\/\/lerideau.brussels\/",
                "statut_juridique": "asbl",
                "province": "Bruxelles-Capitale",
                "bassin_de_vie_fwb": "Bruxelles",
                "bce": "0415.122.782",
                "categorie_principale": "Structure de cr\u00e9ation et artistes",
                "empty": null,
                "type_d_aide": [
                    "Contrat de diffusion"
                ],
                "duree_du_contrat_annees": "5"
            }
        },
        {
            "type": "Feature",
            "geometry": {
                "type": "Point",
                "coordinates": [
                    4.436041823377074,
                    50.8158202873964
                ]
            },
            "properties": {
                "nom_de_l_operateur": "Les Gens de bonne compagnie",
                "domaine": "Art dramatique",
                "adresse": "Avenue Walckiers 76",
                "code_postal": "1160",
                "localite": "Auderghem",
                "telephone": null,
                "courriel": "lesgensdebonnecompagnie@gmail.com",
                "site_web": "https:\/\/lesgensdebonnecompagnie.be\/",
                "statut_juridique": "asbl",
                "province": "Bruxelles-Capitale",
                "bassin_de_vie_fwb": "Bruxelles",
                "bce": "0472.152.052",
                "categorie_principale": "Structure de cr\u00e9ation et artistes",
                "empty": null,
                "type_d_aide": [
                    "Contrat-programme"
                ],
                "duree_du_contrat_annees": "5"
            }
        },
        {
            "type": "Feature",
            "geometry": {
                "type": "Point",
                "coordinates": [
                    4.32795761173178,
                    50.826760221267
                ]
            },
            "properties": {
                "nom_de_l_operateur": "Loop-s",
                "domaine": "Pluridisciplinaire",
                "adresse": "Rue Alfred Orban\u00a011",
                "code_postal": "1190",
                "localite": "Forest",
                "telephone": null,
                "courriel": null,
                "site_web": null,
                "statut_juridique": "asbl",
                "province": "Bruxelles-Capitale",
                "bassin_de_vie_fwb": "Bruxelles",
                "bce": "0628.932.756",
                "categorie_principale": "Structure de cr\u00e9ation et artistes",
                "empty": null,
                "type_d_aide": [
                    "Convention"
                ],
                "duree_du_contrat_annees": "5"
            }
        },
        {
            "type": "Feature",
            "geometry": {
                "type": "Point",
                "coordinates": [
                    4.401143596362037,
                    50.40687200124639
                ]
            },
            "properties": {
                "nom_de_l_operateur": "Marchienne Babel",
                "domaine": "Pluridisciplinaire",
                "adresse": "Rue de l'Abattoir 12 bte 3",
                "code_postal": "6030",
                "localite": "Marchienne-au-Pont",
                "telephone": null,
                "courriel": "marchienne.babel@gmail.com",
                "site_web": "https:\/\/www.facebook.com\/groups\/marchienne.babel\/?locale=fr_FR",
                "statut_juridique": "asbl",
                "province": "Hainaut",
                "bassin_de_vie_fwb": "Hainaut Sud",
                "bce": "0843.729.259",
                "categorie_principale": "Centre d'Art\/Lieu de diffusion",
                "empty": null,
                "type_d_aide": [
                    "Contrat-programme"
                ],
                "duree_du_contrat_annees": "5"
            }
        },
        {
            "type": "Feature",
            "geometry": {
                "type": "Point",
                "coordinates": [
                    5.856582596367196,
                    50.484152818374476
                ]
            },
            "properties": {
                "nom_de_l_operateur": "Ricercar Consort",
                "domaine": "Musique classique",
                "adresse": "Avenue du Professeur Henrijean 63",
                "code_postal": "4900",
                "localite": "Spa",
                "telephone": null,
                "courriel": "bu@ricercarconsort.com",
                "site_web": "https:\/\/www.ricercarconsort.com\/",
                "statut_juridique": "asbl",
                "province": "Li\u00e8ge",
                "bassin_de_vie_fwb": "Verviers",
                "bce": "0453.402.348",
                "categorie_principale": "Structure de cr\u00e9ation et artistes",
                "empty": null,
                "type_d_aide": [
                    "Contrat-programme"
                ],
                "duree_du_contrat_annees": "5"
            }
        },
        {
            "type": "Feature",
            "geometry": {
                "type": "Point",
                "coordinates": [
                    4.338130538718583,
                    50.815146531642064
                ]
            },
            "properties": {
                "nom_de_l_operateur": "S.C. Artedon",
                "domaine": "Musiques actuelles",
                "adresse": "Avenue Oscar Van Goidtsnoven\u00a045 B",
                "code_postal": "1180",
                "localite": "Uccle",
                "telephone": null,
                "courriel": null,
                "site_web": null,
                "statut_juridique": "scrl",
                "province": "Bruxelles-Capitale",
                "bassin_de_vie_fwb": "Bruxelles",
                "bce": "0430.205.193",
                "categorie_principale": "Structure de service",
                "empty": null,
                "type_d_aide": [
                    "Convention"
                ],
                "duree_du_contrat_annees": "5"
            }
        },
        {
            "type": "Feature",
            "geometry": {
                "type": "Point",
                "coordinates": [
                    3.923342338707484,
                    50.649911209460505
                ]
            },
            "properties": {
                "nom_de_l_operateur": "Th\u00e9\u00e2tre au Vert",
                "domaine": "Art dramatique",
                "adresse": "Rue de la Station 6",
                "code_postal": "7830",
                "localite": "Silly",
                "telephone": "068 65 96 26",
                "courriel": "reservations@theatreauvert.be",
                "site_web": "https:\/\/www.theatreauvert.be\/",
                "statut_juridique": "asbl",
                "province": "Hainaut",
                "bassin_de_vie_fwb": "Wallonie picarde",
                "bce": "0477.360.853",
                "categorie_principale": "Festival",
                "empty": null,
                "type_d_aide": [
                    "Contrat de cr\u00e9ation"
                ],
                "duree_du_contrat_annees": "5"
            }
        },
        {
            "type": "Feature",
            "geometry": {
                "type": "Point",
                "coordinates": [
                    5.2136708675352885,
                    50.53647378185376
                ]
            },
            "properties": {
                "nom_de_l_operateur": "Th\u00e9\u00e2tre Epique - Cie Lorent Wanson",
                "domaine": "Art dramatique",
                "adresse": "Rue Georges Smal 15",
                "code_postal": "4520",
                "localite": "Wanze",
                "telephone": null,
                "courriel": "info@theatreepique.com",
                "site_web": "https:\/\/theatreepique.com\/",
                "statut_juridique": "asbl",
                "province": "Li\u00e8ge",
                "bassin_de_vie_fwb": "Li\u00e8ge",
                "bce": "0435.338.077",
                "categorie_principale": "Structure de cr\u00e9ation et artistes",
                "empty": null,
                "type_d_aide": [
                    "Contrat-programme"
                ],
                "duree_du_contrat_annees": "3"
            }
        },
        {
            "type": "Feature",
            "geometry": {
                "type": "Point",
                "coordinates": [
                    4.150474442329205,
                    50.4697038184677
                ]
            },
            "properties": {
                "nom_de_l_operateur": "Transcultures asbl",
                "domaine": "Pluridisciplinaire",
                "adresse": "Rue Saint-Patrice 2b",
                "code_postal": "7110",
                "localite": "Houdeng-Aimeries",
                "telephone": "064 55 59 93",
                "courriel": "contact@transcultures.be",
                "site_web": "http:\/\/transcultures.be\/",
                "statut_juridique": "asbl",
                "province": "Hainaut",
                "bassin_de_vie_fwb": "Hainaut Centre",
                "bce": "0457.792.092",
                "categorie_principale": "Centre d'Art\/Lieu de diffusion",
                "empty": null,
                "type_d_aide": [
                    "Convention transversale"
                ],
                "duree_du_contrat_annees": "5"
            }
        },
        {
            "type": "Feature",
            "geometry": {
                "type": "Point",
                "coordinates": [
                    4.321748738721281,
                    50.85522308443229
                ]
            },
            "properties": {
                "nom_de_l_operateur": "UP \u2013 Circus & Performing Arts (Espace Catastrophe)",
                "domaine": "Arts forains, du cirque et de la rue",
                "adresse": "Rue Osseghem 50",
                "code_postal": "1080",
                "localite": "Molenbeek-Saint-Jean",
                "telephone": "02 538 12 02",
                "courriel": "info@upupup.be",
                "site_web": "https:\/\/upupup.be\/",
                "statut_juridique": "asbl",
                "province": "Bruxelles-Capitale",
                "bassin_de_vie_fwb": "Bruxelles",
                "bce": "0451.475.018",
                "categorie_principale": "Centre d'Art\/Lieu de diffusion",
                "empty": null,
                "type_d_aide": [
                    "Contrat-programme"
                ],
                "duree_du_contrat_annees": "5"
            }
        },
        {
            "type": "Feature",
            "geometry": {
                "type": "Point",
                "coordinates": [
                    4.364484138722374,
                    50.871300354222235
                ]
            },
            "properties": {
                "nom_de_l_operateur": "Zinneke asbl",
                "domaine": "Pluridisciplinaire",
                "adresse": "Place Masui 13",
                "code_postal": "1000",
                "localite": "Bruxelles",
                "telephone": "02 214 20 07",
                "courriel": "info@zinneke.org",
                "site_web": "https:\/\/www.zinneke.org\/",
                "statut_juridique": "asbl",
                "province": "Bruxelles-Capitale",
                "bassin_de_vie_fwb": "Bruxelles",
                "bce": "0471.529.470",
                "categorie_principale": "Festival",
                "empty": null,
                "type_d_aide": [
                    "Contrat-programme"
                ],
                "duree_du_contrat_annees": "5"
            }
        },
        {
            "type": "Feature",
            "geometry": {
                "type": "Point",
                "coordinates": [
                    5.6010358810369425,
                    50.653256911583334
                ]
            },
            "properties": {
                "nom_de_l_operateur": "Ars\u00e9nic",
                "domaine": "Interdisciplinaire",
                "adresse": "Rue Saint-L\u00e9onard 427",
                "code_postal": "4000",
                "localite": "Li\u00e8ge",
                "telephone": "04 344 01 77",
                "courriel": "info@arsenic2.org",
                "site_web": "https:\/\/www.arsenic2.org",
                "statut_juridique": "asbl",
                "province": "Li\u00e8ge",
                "bassin_de_vie_fwb": "Li\u00e8ge",
                "bce": "0464.815.783",
                "categorie_principale": "Structure de cr\u00e9ation et artistes",
                "empty": null,
                "type_d_aide": [
                    "Convention transversale"
                ],
                "duree_du_contrat_annees": "5"
            }
        },
        {
            "type": "Feature",
            "geometry": {
                "type": "Point",
                "coordinates": [
                    4.352381667555285,
                    50.83390149222868
                ]
            },
            "properties": {
                "nom_de_l_operateur": "Asbl Blankollectif",
                "domaine": "Musiques actuelles",
                "adresse": "Rue Bosquet 71",
                "code_postal": "1060",
                "localite": "Saint-Gilles",
                "telephone": null,
                "courriel": "info@blankollectif.be",
                "site_web": null,
                "statut_juridique": "asbl",
                "province": "Bruxelles-Capitale",
                "bassin_de_vie_fwb": "Bruxelles",
                "bce": "0872.117.793",
                "categorie_principale": "Structure de cr\u00e9ation et artistes",
                "empty": null,
                "type_d_aide": [
                    "Contrat de diffusion"
                ],
                "duree_du_contrat_annees": "3"
            }
        },
        {
            "type": "Feature",
            "geometry": {
                "type": "Point",
                "coordinates": [
                    4.341856465708824,
                    50.85357244740152
                ]
            },
            "properties": {
                "nom_de_l_operateur": "Asbl Zoart",
                "domaine": "Musiques actuelles",
                "adresse": "Boulevard de Nieuport 1",
                "code_postal": "1000",
                "localite": "Bruxelles",
                "telephone": "02 218 32 02",
                "courriel": "zoartmusic@zoartmusic.com",
                "site_web": "https:\/\/www.zoartmusic.com\/",
                "statut_juridique": "asbl",
                "province": "Bruxelles-Capitale",
                "bassin_de_vie_fwb": "Bruxelles",
                "bce": "0820.241.205",
                "categorie_principale": "Structure de cr\u00e9ation et artistes",
                "empty": null,
                "type_d_aide": [
                    "Convention transversale"
                ],
                "duree_du_contrat_annees": "3"
            }
        },
        {
            "type": "Feature",
            "geometry": {
                "type": "Point",
                "coordinates": [
                    4.370707826202569,
                    50.85970168959657
                ]
            },
            "properties": {
                "nom_de_l_operateur": "Arts et culture 1030",
                "domaine": "Arts Plastiques",
                "adresse": "Chauss\u00e9e de Haecht 147",
                "code_postal": "1030",
                "localite": "Schaerbeek",
                "telephone": "02 240 34 99",
                "courriel": "info@lamaisondesarts.be",
                "site_web": "https:\/\/lamaisondesarts.be\/",
                "statut_juridique": "asbl",
                "province": "Bruxelles-Capitale",
                "bassin_de_vie_fwb": "Bruxelles",
                "bce": "0207.367.687",
                "categorie_principale": "Centre d'Art\/Lieu de diffusion",
                "empty": null,
                "type_d_aide": [
                    "Convention"
                ],
                "duree_du_contrat_annees": "3"
            }
        },
        {
            "type": "Feature",
            "geometry": {
                "type": "Point",
                "coordinates": [
                    5.573188138707729,
                    50.653269411550674
                ]
            },
            "properties": {
                "nom_de_l_operateur": "Blueback asbl",
                "domaine": "Interdisciplinaire",
                "adresse": "Montagne Sainte-Walburge 253",
                "code_postal": "4000",
                "localite": "Li\u00e8ge",
                "telephone": null,
                "courriel": null,
                "site_web": "http:\/\/www.blueback.be\/",
                "statut_juridique": "asbl",
                "province": "Li\u00e8ge",
                "bassin_de_vie_fwb": "Li\u00e8ge",
                "bce": "0556.688.641",
                "categorie_principale": "Structure de cr\u00e9ation et artistes",
                "empty": null,
                "type_d_aide": [
                    "Contrat de cr\u00e9ation"
                ],
                "duree_du_contrat_annees": "3"
            }
        },
        {
            "type": "Feature",
            "geometry": {
                "type": "Point",
                "coordinates": [
                    4.402661481048454,
                    50.824212839941545
                ]
            },
            "properties": {
                "nom_de_l_operateur": "F\u00e9d\u00e9ration de conteurs professionnels",
                "domaine": "Conte",
                "adresse": "Place de l\u2019Amiti\u00e9 6",
                "code_postal": "1160",
                "localite": "Auderghem",
                "telephone": null,
                "courriel": "federationdesconteurs@gmail.com",
                "site_web": "https:\/\/conteurs.be",
                "statut_juridique": "asbl",
                "province": "Bruxelles-Capitale",
                "bassin_de_vie_fwb": "Bruxelles",
                "bce": "0865.815.961",
                "categorie_principale": "Structure de service",
                "empty": null,
                "type_d_aide": [
                    "Contrat-programme"
                ],
                "duree_du_contrat_annees": "5"
            }
        },
        {
            "type": "Feature",
            "geometry": {
                "type": "Point",
                "coordinates": [
                    4.371975794544143,
                    50.85230689205456
                ]
            },
            "properties": {
                "nom_de_l_operateur": "Focus cie",
                "domaine": "Art dramatique",
                "adresse": "Rue Van Bemmel\u00a06",
                "code_postal": "1210",
                "localite": "Saint-Josse-Ten-Noode",
                "telephone": null,
                "courriel": "contact@focuscie.be",
                "site_web": "https:\/\/focuscie.be\/",
                "statut_juridique": "asbl",
                "province": "Bruxelles-Capitale",
                "bassin_de_vie_fwb": "Bruxelles",
                "bce": "0684.556.714",
                "categorie_principale": "Structure de cr\u00e9ation et artistes",
                "empty": null,
                "type_d_aide": [
                    "Convention"
                ],
                "duree_du_contrat_annees": "5"
            }
        },
        {
            "type": "Feature",
            "geometry": {
                "type": "Point",
                "coordinates": [
                    5.570700138705964,
                    50.62700275241955
                ]
            },
            "properties": {
                "nom_de_l_operateur": "FluxNews",
                "domaine": "Arts Plastiques",
                "adresse": "Rue du Paradis 60",
                "code_postal": "4000",
                "localite": "Li\u00e8ge",
                "telephone": "04 253 24 65",
                "courriel": "flux-news@skynet.be",
                "site_web": "https:\/\/fluxnews.be\/",
                "statut_juridique": "asbl",
                "province": "Li\u00e8ge",
                "bassin_de_vie_fwb": "Li\u00e8ge",
                "bce": "0434.387.477",
                "categorie_principale": "Editeur",
                "empty": null,
                "type_d_aide": [
                    "Convention"
                ],
                "duree_du_contrat_annees": "4"
            }
        },
        {
            "type": "Feature",
            "geometry": {
                "type": "Point",
                "coordinates": [
                    4.319631081051062,
                    50.86330709391238
                ]
            },
            "properties": {
                "nom_de_l_operateur": "Halolalune Production",
                "domaine": "Pluridisciplinaire",
                "adresse": "Avenue de l'Ind\u00e9pendance belge 85",
                "code_postal": "1081",
                "localite": "Koekelberg",
                "telephone": null,
                "courriel": "info@lasemaineduson.be",
                "site_web": "https:\/\/www.halolalune.be",
                "statut_juridique": "asbl",
                "province": "Bruxelles-Capitale",
                "bassin_de_vie_fwb": "Bruxelles",
                "bce": "0859.813.245",
                "categorie_principale": "Festival",
                "empty": null,
                "type_d_aide": [
                    "Contrat-programme"
                ],
                "duree_du_contrat_annees": "5"
            }
        },
        {
            "type": "Feature",
            "geometry": {
                "type": "Point",
                "coordinates": [
                    4.3270612098847785,
                    50.83840620685852
                ]
            },
            "properties": {
                "nom_de_l_operateur": "Fr\u00e9on",
                "domaine": "Arts Plastiques",
                "adresse": "Rue de l\u2019Instruction 51",
                "code_postal": "1070",
                "localite": "Anderlecht",
                "telephone": "02 310 01 48",
                "courriel": "contact@fremok.org",
                "site_web": "http:\/\/www.fremok.org\/",
                "statut_juridique": "asbl",
                "province": "Bruxelles-Capitale",
                "bassin_de_vie_fwb": "Bruxelles",
                "bce": "0454.366.212",
                "categorie_principale": "Editeur",
                "empty": null,
                "type_d_aide": [
                    "Convention"
                ],
                "duree_du_contrat_annees": "4"
            }
        },
        {
            "type": "Feature",
            "geometry": {
                "type": "Point",
                "coordinates": [
                    4.308778738720287,
                    50.840025723573476
                ]
            },
            "properties": {
                "nom_de_l_operateur": "In Vivo 5,12",
                "domaine": "Art dramatique",
                "adresse": "Rue de la Sinc\u00e9rit\u00e9 22",
                "code_postal": "1070",
                "localite": "Anderlecht",
                "telephone": null,
                "courriel": "info@bloomproject.be",
                "site_web": "https:\/\/isabellejonniaux.com\/",
                "statut_juridique": "asbl",
                "province": "Bruxelles-Capitale",
                "bassin_de_vie_fwb": "Bruxelles",
                "bce": "0478.574.937",
                "categorie_principale": "Structure de cr\u00e9ation et artistes",
                "empty": null,
                "type_d_aide": [
                    "Contrat-programme"
                ],
                "duree_du_contrat_annees": "3"
            }
        },
        {
            "type": "Feature",
            "geometry": {
                "type": "Point",
                "coordinates": [
                    4.322392854064245,
                    50.87518302213526
                ]
            },
            "properties": {
                "nom_de_l_operateur": "Kwa ! Asbl",
                "domaine": "Musiques actuelles",
                "adresse": "Rue L\u00e9on Dop\u00e9r\u00e9 67",
                "code_postal": "1090",
                "localite": "Jette",
                "telephone": null,
                "courriel": "jaminjette@gmail.com",
                "site_web": "https:\/\/asblkwa.be\/",
                "statut_juridique": "asbl",
                "province": "Bruxelles-Capitale",
                "bassin_de_vie_fwb": "Bruxelles",
                "bce": "0898.277.309",
                "categorie_principale": "Agence, Promotion et Diffusion",
                "empty": null,
                "type_d_aide": [
                    "Convention"
                ],
                "duree_du_contrat_annees": "3"
            }
        },
        {
            "type": "Feature",
            "geometry": {
                "type": "Point",
                "coordinates": [
                    4.338054339694494,
                    50.81979858934168
                ]
            },
            "properties": {
                "nom_de_l_operateur": "La Cambre-Mode show.be",
                "domaine": "Arts Plastiques",
                "adresse": "Avenue Jupiter 159",
                "code_postal": "1190",
                "localite": "Forest",
                "telephone": null,
                "courriel": null,
                "site_web": "https:\/\/lacambremodes.be\/fr\/",
                "statut_juridique": "asbl",
                "province": "Bruxelles-Capitale",
                "bassin_de_vie_fwb": "Bruxelles",
                "bce": "0466.980.071",
                "categorie_principale": "Centre d'Art\/Lieu de diffusion",
                "empty": null,
                "type_d_aide": [
                    "Convention"
                ],
                "duree_du_contrat_annees": "4"
            }
        },
        {
            "type": "Feature",
            "geometry": {
                "type": "Point",
                "coordinates": [
                    4.364320011734229,
                    50.863210707114035
                ]
            },
            "properties": {
                "nom_de_l_operateur": "Magic Land Th\u00e9\u00e2tre - Animar",
                "domaine": "Art dramatique",
                "adresse": "Rue d\u2019Hoogvorst 8-14",
                "code_postal": "1030",
                "localite": "Schaerbeek",
                "telephone": null,
                "courriel": "info@magicland-theatre.com",
                "site_web": "https:\/\/www.magicland-theatre.com\/",
                "statut_juridique": "asbl",
                "province": "Bruxelles-Capitale",
                "bassin_de_vie_fwb": "Bruxelles",
                "bce": "0418.348.429",
                "categorie_principale": "Centre d'Art\/Lieu de diffusion",
                "empty": null,
                "type_d_aide": [
                    "Contrat de services"
                ],
                "duree_du_contrat_annees": "3"
            }
        },
        {
            "type": "Feature",
            "geometry": {
                "type": "Point",
                "coordinates": [
                    4.354685582897798,
                    50.84765884844975
                ]
            },
            "properties": {
                "nom_de_l_operateur": "Music Fund",
                "domaine": "Pluridisciplinaire",
                "adresse": "Galerie de la Reine 28",
                "code_postal": "1000",
                "localite": "Bruxelles",
                "telephone": null,
                "courriel": "info@musicfund.eu",
                "site_web": "https:\/\/musicfund.eu\/",
                "statut_juridique": "asbl",
                "province": "Bruxelles-Capitale",
                "bassin_de_vie_fwb": "Bruxelles",
                "bce": "0879.609.856",
                "categorie_principale": "Agence, Promotion et Diffusion",
                "empty": null,
                "type_d_aide": [
                    "Contrat-programme"
                ],
                "duree_du_contrat_annees": "5"
            }
        },
        {
            "type": "Feature",
            "geometry": {
                "type": "Point",
                "coordinates": [
                    4.914512538697723,
                    50.50406407620635
                ]
            },
            "properties": {
                "nom_de_l_operateur": "NEM asbl",
                "domaine": "Arts forains, du cirque et de la rue",
                "adresse": "Rue de Fernelmont\u00a0255",
                "code_postal": "5020",
                "localite": "Namur",
                "telephone": "081 84 11 55",
                "courriel": "bienvenue@namurenmai.org",
                "site_web": "https:\/\/namurenmai.org\/",
                "statut_juridique": "asbl",
                "province": "Namur",
                "bassin_de_vie_fwb": "Namur",
                "bce": "0643.705.460",
                "categorie_principale": "Festival",
                "empty": null,
                "type_d_aide": [
                    "Contrat de cr\u00e9ation"
                ],
                "duree_du_contrat_annees": "5"
            }
        },
        {
            "type": "Feature",
            "geometry": {
                "type": "Point",
                "coordinates": [
                    5.570538367541931,
                    50.63553636735296
                ]
            },
            "properties": {
                "nom_de_l_operateur": "Orchestre Philharmonique Royal de Li\u00e8ge -OPRL",
                "domaine": "Musique classique",
                "adresse": "Boulevard Piercot 25",
                "code_postal": "4000",
                "localite": "Li\u00e8ge",
                "telephone": "04 220 00 10",
                "courriel": "oprl@oprl.be",
                "site_web": "https:\/\/www.oprl.be\/",
                "statut_juridique": "asbl",
                "province": "Li\u00e8ge",
                "bassin_de_vie_fwb": "Li\u00e8ge",
                "bce": "0405.683.197",
                "categorie_principale": "Centre d'Art\/Lieu de diffusion",
                "empty": null,
                "type_d_aide": [
                    "Contrat-programme"
                ],
                "duree_du_contrat_annees": "5"
            }
        },
        {
            "type": "Feature",
            "geometry": {
                "type": "Point",
                "coordinates": [
                    4.328013940567641,
                    50.83334729383773
                ]
            },
            "properties": {
                "nom_de_l_operateur": "Prom\u00e9th\u00e9a asbl",
                "domaine": "Pluridisciplinaire",
                "adresse": "Rue Bara 173-177",
                "code_postal": "1070",
                "localite": "Anderlecht",
                "telephone": "02 560 21 76",
                "courriel": "info@promethea.be",
                "site_web": "https:\/\/www.promethea.be\/",
                "statut_juridique": "asbl",
                "province": "Bruxelles-Capitale",
                "bassin_de_vie_fwb": "Bruxelles",
                "bce": "0431.401.461",
                "categorie_principale": "Structure de service",
                "empty": null,
                "type_d_aide": [
                    "Contrat de services"
                ],
                "duree_du_contrat_annees": "5"
            }
        },
        {
            "type": "Feature",
            "geometry": {
                "type": "Point",
                "coordinates": [
                    4.404891696362456,
                    50.41335739886126
                ]
            },
            "properties": {
                "nom_de_l_operateur": "Rockerill Production",
                "domaine": "Musiques actuelles",
                "adresse": "Rue de la Providence 136",
                "code_postal": "6030",
                "localite": "Marchienne-au-Pont",
                "telephone": "071 70 20 19",
                "courriel": "globulrockerill@gmail.com",
                "site_web": "http:\/\/www.rockerill.com",
                "statut_juridique": "asbl",
                "province": "Hainaut",
                "bassin_de_vie_fwb": "Hainaut Sud",
                "bce": "0888.095.475",
                "categorie_principale": "Centre d'Art\/Lieu de diffusion",
                "empty": null,
                "type_d_aide": [
                    "Contrat-programme"
                ],
                "duree_du_contrat_annees": "5"
            }
        },
        {
            "type": "Feature",
            "geometry": {
                "type": "Point",
                "coordinates": [
                    3.9163486159606617,
                    50.439335596656086
                ]
            },
            "properties": {
                "nom_de_l_operateur": "Th\u00e9\u00e2tre des Rues",
                "domaine": "Th\u00e9\u00e2tre Action",
                "adresse": "Rue du Cerisier 20",
                "code_postal": "7033",
                "localite": "Cuesmes",
                "telephone": "065 31 34 44",
                "courriel": "theatredesrues@skynet.be",
                "site_web": "https:\/\/theatredesrues.be\/",
                "statut_juridique": "asbl",
                "province": "Hainaut",
                "bassin_de_vie_fwb": "Hainaut Centre",
                "bce": "0415.352.317",
                "categorie_principale": "Centre d'Art\/Lieu de diffusion",
                "empty": null,
                "type_d_aide": [
                    "Contrat de cr\u00e9ation"
                ],
                "duree_du_contrat_annees": "5"
            }
        },
        {
            "type": "Feature",
            "geometry": {
                "type": "Point",
                "coordinates": [
                    4.354412396391539,
                    50.846547007108825
                ]
            },
            "properties": {
                "nom_de_l_operateur": "Union des Artistes du Spectacle",
                "domaine": "Interdisciplinaire",
                "adresse": "Rue du March\u00e9 aux Herbes 105\/33",
                "code_postal": "1000",
                "localite": "Bruxelles",
                "telephone": "02 513 57 80",
                "courriel": "info@uniondesartistes.be",
                "site_web": "https:\/\/uniondesartistes.be\/",
                "statut_juridique": "asbl",
                "province": "Bruxelles-Capitale",
                "bassin_de_vie_fwb": "Bruxelles",
                "bce": "0410.857.554",
                "categorie_principale": "F\u00e9d\u00e9ration",
                "empty": null,
                "type_d_aide": [
                    "Contrat-programme"
                ],
                "duree_du_contrat_annees": "3"
            }
        },
        {
            "type": "Feature",
            "geometry": {
                "type": "Point",
                "coordinates": [
                    4.441629898284886,
                    50.833205506671945
                ]
            },
            "properties": {
                "nom_de_l_operateur": "Asbl Noonexpectation",
                "domaine": "Musiques actuelles",
                "adresse": "Venelle aux Jeux 11",
                "code_postal": "1150",
                "localite": "Woluwe-Saint-Pierre",
                "telephone": null,
                "courriel": "nooniscopic@gmail.com",
                "site_web": null,
                "statut_juridique": "asbl",
                "province": "Bruxelles-Capitale",
                "bassin_de_vie_fwb": "Bruxelles",
                "bce": "0867.212.761",
                "categorie_principale": "Structure de service",
                "empty": null,
                "type_d_aide": [
                    "Contrat de services"
                ],
                "duree_du_contrat_annees": "5"
            }
        },
        {
            "type": "Feature",
            "geometry": {
                "type": "Point",
                "coordinates": [
                    5.867726552190733,
                    50.49196663371193
                ]
            },
            "properties": {
                "nom_de_l_operateur": "Belgomania (Francofolies)",
                "domaine": "Musiques actuelles",
                "adresse": "Rue Rogier 2 bte B",
                "code_postal": "4900",
                "localite": "Spa",
                "telephone": "087 29 28 70",
                "courriel": "info@francofolies.be",
                "site_web": "https:\/\/www.francofolies.be",
                "statut_juridique": "asbl",
                "province": "Li\u00e8ge",
                "bassin_de_vie_fwb": "Verviers",
                "bce": "455274052",
                "categorie_principale": "Festival",
                "empty": null,
                "type_d_aide": [
                    "Contrat-programme"
                ],
                "duree_du_contrat_annees": "5"
            }
        },
        {
            "type": "Feature",
            "geometry": {
                "type": "Point",
                "coordinates": [
                    4.16077030247016,
                    50.48871880855596
                ]
            },
            "properties": {
                "nom_de_l_operateur": "Centre du Th\u00e9\u00e2tre Action",
                "domaine": "Th\u00e9\u00e2tre Action",
                "adresse": "Rue Andr\u00e9 Renard 27",
                "code_postal": "7110",
                "localite": "Houdeng-Goegnies",
                "telephone": "064 21 64 91",
                "courriel": "contact@theatre-action.be",
                "site_web": "https:\/\/www.theatre-action.be\/",
                "statut_juridique": "asbl",
                "province": "Hainaut",
                "bassin_de_vie_fwb": "Hainaut Centre",
                "bce": "0430.235.184",
                "categorie_principale": "Structure de service",
                "empty": null,
                "type_d_aide": [
                    "Convention"
                ],
                "duree_du_contrat_annees": "5"
            }
        },
        {
            "type": "Feature",
            "geometry": {
                "type": "Point",
                "coordinates": [
                    4.350698096389733,
                    50.81996747656199
                ]
            },
            "properties": {
                "nom_de_l_operateur": "Compagnie Artichoke",
                "domaine": "Musique classique",
                "adresse": "Square Larousse 22",
                "code_postal": "1190",
                "localite": "Forest",
                "telephone": null,
                "courriel": "asblartichoke@gmail.com",
                "site_web": "https:\/\/www.cieartichoke.com\/",
                "statut_juridique": "asbl",
                "province": "Bruxelles-Capitale",
                "bassin_de_vie_fwb": "Bruxelles",
                "bce": "0841.560.518",
                "categorie_principale": "Structure de cr\u00e9ation et artistes",
                "empty": null,
                "type_d_aide": [
                    "Contrat de cr\u00e9ation"
                ],
                "duree_du_contrat_annees": "3"
            }
        },
        {
            "type": "Feature",
            "geometry": {
                "type": "Point",
                "coordinates": [
                    4.381874823072456,
                    50.679573418472216
                ]
            },
            "properties": {
                "nom_de_l_operateur": "Compagnie Chantal et Bernadette",
                "domaine": "Art dramatique",
                "adresse": "Rue Ernest Laurent 142",
                "code_postal": "1420",
                "localite": "Braine-l'Alleud",
                "telephone": null,
                "courriel": "chantaletbernadette@gmail.com",
                "site_web": "https:\/\/www.chantaletbernadette.com\/",
                "statut_juridique": "asbl",
                "province": "Brabant wallon",
                "bassin_de_vie_fwb": "Brabant wallon",
                "bce": "0631.765.255",
                "categorie_principale": "Structure de service",
                "empty": null,
                "type_d_aide": [
                    "Contrat-programme"
                ],
                "duree_du_contrat_annees": "3"
            }
        },
        {
            "type": "Feature",
            "geometry": {
                "type": "Point",
                "coordinates": [
                    5.125031638688098,
                    50.359951219043126
                ]
            },
            "properties": {
                "nom_de_l_operateur": "Compagnie La\u00a0Pigeonni\u00e8re",
                "domaine": "Arts forains, du cirque et de la rue",
                "adresse": "Rue de Flostoy\u00a03A",
                "code_postal": "5364",
                "localite": "Hamois",
                "telephone": null,
                "courriel": "admin@cielapigeonniere.com \u2013",
                "site_web": "http:\/\/cielapigeonniere.com\/",
                "statut_juridique": "asbl",
                "province": null,
                "bassin_de_vie_fwb": null,
                "bce": "0793.336.472",
                "categorie_principale": "Structure de cr\u00e9ation et artistes",
                "empty": null,
                "type_d_aide": [
                    "Contrat de cr\u00e9ation"
                ],
                "duree_du_contrat_annees": "3"
            }
        },
        {
            "type": "Feature",
            "geometry": {
                "type": "Point",
                "coordinates": [
                    4.1860223252021225,
                    50.477454103304105
                ]
            },
            "properties": {
                "nom_de_l_operateur": "D\u00e9crocher La Lune",
                "domaine": "Pluridisciplinaire",
                "adresse": "Rue K\u00e9ramis\u00a026",
                "code_postal": "7100",
                "localite": "La Louvi\u00e8re",
                "telephone": null,
                "courriel": "decrocherlalune.asbl@gmail.com",
                "site_web": "https:\/\/decrocherlalune.eu\/",
                "statut_juridique": null,
                "province": "Hainaut",
                "bassin_de_vie_fwb": "Hainaut Centre",
                "bce": "0547.998.035",
                "categorie_principale": "Agence, Promotion et Diffusion",
                "empty": null,
                "type_d_aide": [
                    "Contrat de cr\u00e9ation"
                ],
                "duree_du_contrat_annees": "5"
            }
        },
        {
            "type": "Feature",
            "geometry": {
                "type": "Point",
                "coordinates": [
                    4.186148425202183,
                    50.478395186935245
                ]
            },
            "properties": {
                "nom_de_l_operateur": "Daily Bul & Co",
                "domaine": "Arts Plastiques",
                "adresse": "Rue de la Loi 14",
                "code_postal": "7100",
                "localite": "La Louvi\u00e8re",
                "telephone": "064 22 46 99",
                "courriel": "info@dailybulandco.be",
                "site_web": "http:\/\/www.dailybulandco.be\/",
                "statut_juridique": "asbl",
                "province": "Hainaut",
                "bassin_de_vie_fwb": "Hainaut Centre",
                "bce": "0809.952.770",
                "categorie_principale": "Centre d'Art\/Lieu de diffusion",
                "empty": null,
                "type_d_aide": [
                    "Convention"
                ],
                "duree_du_contrat_annees": "4"
            }
        },
        {
            "type": "Feature",
            "geometry": {
                "type": "Point",
                "coordinates": [
                    4.408980838720969,
                    50.849750446207295
                ]
            },
            "properties": {
                "nom_de_l_operateur": "Ensemble Clematis",
                "domaine": "Musique classique",
                "adresse": "Rue Aim\u00e9 Smekens 10",
                "code_postal": "1030",
                "localite": "Schaerbeek",
                "telephone": null,
                "courriel": null,
                "site_web": "https:\/\/www.clematis-ensemble.be\/",
                "statut_juridique": "asbl",
                "province": "Bruxelles-Capitale",
                "bassin_de_vie_fwb": "Bruxelles",
                "bce": "0864.256.241",
                "categorie_principale": "Structure de cr\u00e9ation et artistes",
                "empty": null,
                "type_d_aide": [
                    "Contrat de cr\u00e9ation"
                ],
                "duree_du_contrat_annees": "5"
            }
        },
        {
            "type": "Feature",
            "geometry": {
                "type": "Point",
                "coordinates": [
                    4.355218609884141,
                    50.828470168971926
                ]
            },
            "properties": {
                "nom_de_l_operateur": "Face B",
                "domaine": "Pluridisciplinaire",
                "adresse": "Chauss\u00e9e de Charleroi\u00a0137",
                "code_postal": "1060",
                "localite": "Saint-Gilles",
                "telephone": null,
                "courriel": "hello@face-b.org",
                "site_web": "https:\/\/www.face-b.org\/",
                "statut_juridique": "asbl",
                "province": "Bruxelles-Capitale",
                "bassin_de_vie_fwb": "Bruxelles",
                "bce": "0662.895.624",
                "categorie_principale": "Structure de service",
                "empty": null,
                "type_d_aide": [
                    "Contrat de services"
                ],
                "duree_du_contrat_annees": "5"
            }
        },
        {
            "type": "Feature",
            "geometry": {
                "type": "Point",
                "coordinates": [
                    5.241487454040603,
                    50.5229636038623
                ]
            },
            "properties": {
                "nom_de_l_operateur": "Festival d'Art",
                "domaine": "Musiques actuelles",
                "adresse": "Avenue Delchambre 7 A",
                "code_postal": "4500",
                "localite": "Huy",
                "telephone": "085 21 12 06",
                "courriel": "morgane@festivalarthuy.be",
                "site_web": "https:\/\/www.festivalarthuy.be",
                "statut_juridique": "asbl",
                "province": "Li\u00e8ge",
                "bassin_de_vie_fwb": "Huy Waremme",
                "bce": "0445.001.059",
                "categorie_principale": "Festival",
                "empty": null,
                "type_d_aide": [
                    "Contrat de diffusion"
                ],
                "duree_du_contrat_annees": "5"
            }
        },
        {
            "type": "Feature",
            "geometry": {
                "type": "Point",
                "coordinates": [
                    5.854915238704675,
                    50.60800869973527
                ]
            },
            "properties": {
                "nom_de_l_operateur": "Festival Paroles d\u2019Humains",
                "domaine": "Art dramatique",
                "adresse": "Rue du Trauty 2",
                "code_postal": "4820",
                "localite": "Dison",
                "telephone": "087 78 62 09",
                "courriel": "info@parolesdhumains.be",
                "site_web": "https:\/\/parolesdhumains.be\/",
                "statut_juridique": "asbl",
                "province": "Li\u00e8ge",
                "bassin_de_vie_fwb": "Verviers",
                "bce": "0891.590.643",
                "categorie_principale": "Festival",
                "empty": null,
                "type_d_aide": [
                    "Contrat-programme"
                ],
                "duree_du_contrat_annees": "3"
            }
        },
        {
            "type": "Feature",
            "geometry": {
                "type": "Point",
                "coordinates": [
                    4.327898138719033,
                    50.821012597117004
                ]
            },
            "properties": {
                "nom_de_l_operateur": "Karyatides",
                "domaine": "Th\u00e9\u00e2tre Jeune Public",
                "adresse": "Boulevard Guillaume Van Haelen 71",
                "code_postal": "1190",
                "localite": "Forest",
                "telephone": null,
                "courriel": "administration@karyatides.net",
                "site_web": "https:\/\/www.karyatides.net\/",
                "statut_juridique": "asbl",
                "province": "Bruxelles-Capitale",
                "bassin_de_vie_fwb": "Bruxelles",
                "bce": "0821.226.051",
                "categorie_principale": "Structure de cr\u00e9ation et artistes",
                "empty": null,
                "type_d_aide": [
                    "Contrat-programme"
                ],
                "duree_du_contrat_annees": "5"
            }
        },
        {
            "type": "Feature",
            "geometry": {
                "type": "Point",
                "coordinates": [
                    4.344621996390358,
                    50.82949138171098
                ]
            },
            "properties": {
                "nom_de_l_operateur": "La Roseraie -Asbl Espace Cr\u00e9-action",
                "domaine": "Interdisciplinaire",
                "adresse": "Chauss\u00e9e de Waterloo 94",
                "code_postal": "1060",
                "localite": "Saint-Gilles",
                "telephone": "02 376 46 45",
                "courriel": "secretariat@roseraie.org",
                "site_web": "https:\/\/www.roseraie.org\/",
                "statut_juridique": "asbl",
                "province": "Bruxelles-Capitale",
                "bassin_de_vie_fwb": "Bruxelles",
                "bce": "0461.924.688",
                "categorie_principale": "Structure de cr\u00e9ation et artistes",
                "empty": null,
                "type_d_aide": [
                    "Contrat de diffusion"
                ],
                "duree_du_contrat_annees": "5"
            }
        },
        {
            "type": "Feature",
            "geometry": {
                "type": "Point",
                "coordinates": [
                    5.594860296378636,
                    50.65459581827724
                ]
            },
            "properties": {
                "nom_de_l_operateur": "Le Corridor",
                "domaine": "Art dramatique",
                "adresse": "Rue Vivegnis 411",
                "code_postal": "4000",
                "localite": "Li\u00e8ge",
                "telephone": "04\u00a0227 77 92",
                "courriel": "info@lecorridor.be",
                "site_web": "http:\/\/www.lecorridor.be\/",
                "statut_juridique": "asbl",
                "province": "Li\u00e8ge",
                "bassin_de_vie_fwb": "Li\u00e8ge",
                "bce": "0441.711.868",
                "categorie_principale": "Structure de cr\u00e9ation et artistes",
                "empty": null,
                "type_d_aide": [
                    "Contrat de diffusion"
                ],
                "duree_du_contrat_annees": "5"
            }
        },
        {
            "type": "Feature",
            "geometry": {
                "type": "Point",
                "coordinates": [
                    5.0500846233546905,
                    50.48246745617431
                ]
            },
            "properties": {
                "nom_de_l_operateur": "Les Argonautes - Balai Bros",
                "domaine": "Arts forains, du cirque et de la rue",
                "adresse": "Rue Rouvroy293",
                "code_postal": "5300",
                "localite": "Bonneville",
                "telephone": "02 377 93 00",
                "courriel": "infos@argonautes.be",
                "site_web": "https:\/\/www.argonautes.be\/",
                "statut_juridique": "asbl",
                "province": "Namur",
                "bassin_de_vie_fwb": "Namur",
                "bce": "0451.809.370",
                "categorie_principale": "Structure de cr\u00e9ation et artistes",
                "empty": null,
                "type_d_aide": [
                    "Contrat-programme"
                ],
                "duree_du_contrat_annees": "5"
            }
        },
        {
            "type": "Feature",
            "geometry": {
                "type": "Point",
                "coordinates": [
                    4.343749938720724,
                    50.846315859248605
                ]
            },
            "properties": {
                "nom_de_l_operateur": "Les Voyageurs sans Bagage",
                "domaine": "Art dramatique",
                "adresse": "Rue des Navets 20",
                "code_postal": "1000",
                "localite": "Bruxelles",
                "telephone": null,
                "courriel": "compagnievsb@gmail.com",
                "site_web": "https:\/\/www.voyageurssansbagage.be\/",
                "statut_juridique": "asbl",
                "province": "Bruxelles-Capitale",
                "bassin_de_vie_fwb": "Bruxelles",
                "bce": "0830.069.481",
                "categorie_principale": "Structure de cr\u00e9ation et artistes",
                "empty": null,
                "type_d_aide": [
                    "Convention transversale"
                ],
                "duree_du_contrat_annees": "3"
            }
        },
        {
            "type": "Feature",
            "geometry": {
                "type": "Point",
                "coordinates": [
                    4.374207925227208,
                    50.850986889732184
                ]
            },
            "properties": {
                "nom_de_l_operateur": "L'Infini Th\u00e9\u00e2tre",
                "domaine": "Art dramatique",
                "adresse": "Rue Saint-Josse 49",
                "code_postal": "1210",
                "localite": "Saint-Josse-Ten-Noode",
                "telephone": "02 223 07 64",
                "courriel": "info@infinitheatre.be",
                "site_web": "https:\/\/infinitheatre.be\/",
                "statut_juridique": "asbl",
                "province": "Bruxelles-Capitale",
                "bassin_de_vie_fwb": "Bruxelles",
                "bce": "0432.401.353",
                "categorie_principale": "Structure de cr\u00e9ation et artistes",
                "empty": null,
                "type_d_aide": [
                    "Contrat de diffusion"
                ],
                "duree_du_contrat_annees": "5"
            }
        },
        {
            "type": "Feature",
            "geometry": {
                "type": "Point",
                "coordinates": [
                    4.397731581049416,
                    50.83845963280192
                ]
            },
            "properties": {
                "nom_de_l_operateur": "Musica Theatrumque Patrimoine",
                "domaine": "Interdisciplinaire",
                "adresse": "Avenue des Celtes 32",
                "code_postal": "1040",
                "localite": "Etterbeek",
                "telephone": "02 734 38 81",
                "courriel": "info@mtpmemap.be",
                "site_web": "https:\/\/mtpmemap.be\/",
                "statut_juridique": "asbl",
                "province": "Bruxelles-Capitale",
                "bassin_de_vie_fwb": "Bruxelles",
                "bce": "0450.428.309",
                "categorie_principale": "Agence, Promotion et Diffusion",
                "empty": null,
                "type_d_aide": [
                    "Contrat de cr\u00e9ation"
                ],
                "duree_du_contrat_annees": "3"
            }
        },
        {
            "type": "Feature",
            "geometry": {
                "type": "Point",
                "coordinates": [
                    4.399171009884417,
                    50.83315554210445
                ]
            },
            "properties": {
                "nom_de_l_operateur": "No way Back",
                "domaine": "Arts chor\u00e9graphiques",
                "adresse": "Place du Roi Vainqueur 11 Bte 7",
                "code_postal": "1040",
                "localite": "Etterbeek",
                "telephone": null,
                "courriel": "diffusion@nowayback.pro",
                "site_web": "https:\/\/www.nowayback.pro\/",
                "statut_juridique": "asbl",
                "province": "Bruxelles-Capitale",
                "bassin_de_vie_fwb": "Bruxelles",
                "bce": "0721.553.306",
                "categorie_principale": "Festival",
                "empty": null,
                "type_d_aide": [
                    "NA"
                ],
                "duree_du_contrat_annees": "5"
            }
        },
        {
            "type": "Feature",
            "geometry": {
                "type": "Point",
                "coordinates": [
                    4.3490453522167405,
                    50.87911030518127
                ]
            },
            "properties": {
                "nom_de_l_operateur": "Noodik productions asbl",
                "domaine": "Interdisciplinaire",
                "adresse": "Rue Jean Bollen 9",
                "code_postal": "1020",
                "localite": "Laeken",
                "telephone": null,
                "courriel": "info@echointhedream.com",
                "site_web": "https:\/\/www.echointhedream.com\/",
                "statut_juridique": "asbl",
                "province": "Bruxelles-Capitale",
                "bassin_de_vie_fwb": "Bruxelles",
                "bce": "0820.514.387",
                "categorie_principale": "Structure de cr\u00e9ation et artistes",
                "empty": null,
                "type_d_aide": [
                    "Contrat de diffusion"
                ],
                "duree_du_contrat_annees": "1"
            }
        },
        {
            "type": "Feature",
            "geometry": {
                "type": "Point",
                "coordinates": [
                    4.356185738721141,
                    50.85221921241611
                ]
            },
            "properties": {
                "nom_de_l_operateur": "Th\u00e9\u00e2tre des Martyrs",
                "domaine": "Art dramatique",
                "adresse": "Place des Martyrs 22",
                "code_postal": "1000",
                "localite": "Bruxelles",
                "telephone": "02 223 32 08",
                "courriel": "billetterie@theatre-martyrs.be",
                "site_web": "https:\/\/theatre-martyrs.be\/",
                "statut_juridique": "asbl",
                "province": "Bruxelles-Capitale",
                "bassin_de_vie_fwb": "Bruxelles",
                "bce": "0463.964.955",
                "categorie_principale": "Centre d'Art\/Lieu de diffusion",
                "empty": null,
                "type_d_aide": [
                    "Contrat-programme"
                ],
                "duree_du_contrat_annees": "5"
            }
        },
        {
            "type": "Feature",
            "geometry": {
                "type": "Point",
                "coordinates": [
                    4.3722985387218225,
                    50.86281560826152
                ]
            },
            "properties": {
                "nom_de_l_operateur": "Une Tribu Collectif",
                "domaine": "Th\u00e9\u00e2tre Jeune Public",
                "adresse": "Chauss\u00e9e de Haecht 251",
                "code_postal": "1030",
                "localite": "Schaerbeek",
                "telephone": null,
                "courriel": "diffusion.unetribu@gmail.com",
                "site_web": "https:\/\/www.unetribu.be\/",
                "statut_juridique": "asbl",
                "province": "Bruxelles-Capitale",
                "bassin_de_vie_fwb": "Bruxelles",
                "bce": "0560.668.413",
                "categorie_principale": "Structure de cr\u00e9ation et artistes",
                "empty": null,
                "type_d_aide": [
                    "Contrat de services"
                ],
                "duree_du_contrat_annees": "5"
            }
        },
        {
            "type": "Feature",
            "geometry": {
                "type": "Point",
                "coordinates": [
                    5.932186325196562,
                    50.39386398639303
                ]
            },
            "properties": {
                "nom_de_l_operateur": "VTS - Festival Vacances Th\u00e9\u00e2tre Stavelot",
                "domaine": "Art dramatique",
                "adresse": "Cour de l'Abbaye\u00a01",
                "code_postal": "4970",
                "localite": "Stavelot",
                "telephone": null,
                "courriel": "info@festival-vts.net",
                "site_web": "https:\/\/festival-vts.net",
                "statut_juridique": "asbl",
                "province": "Li\u00e8ge",
                "bassin_de_vie_fwb": "Verviers",
                "bce": "0417.260.445",
                "categorie_principale": "Festival",
                "empty": null,
                "type_d_aide": [
                    "Contrat de services"
                ],
                "duree_du_contrat_annees": "5"
            }
        },
        {
            "type": "Feature",
            "geometry": {
                "type": "Point",
                "coordinates": [
                    4.430172596389491,
                    50.816191214805784
                ]
            },
            "properties": {
                "nom_de_l_operateur": "1001 Valises asbl",
                "domaine": "Musiques actuelles",
                "adresse": "Chauss\u00e9e de Wavre 1696",
                "code_postal": "1160",
                "localite": "Auderghem",
                "telephone": null,
                "courriel": "info@balkantrafik.com",
                "site_web": "https:\/\/www.balkantrafik.com",
                "statut_juridique": "asbl",
                "province": "Bruxelles-Capitale",
                "bassin_de_vie_fwb": "Bruxelles",
                "bce": "0885.055.219",
                "categorie_principale": "Festival",
                "empty": null,
                "type_d_aide": [
                    "Contrat de diffusion"
                ],
                "duree_du_contrat_annees": "5"
            }
        },
        {
            "type": "Feature",
            "geometry": {
                "type": "Point",
                "coordinates": [
                    3.861785042457297,
                    50.70366457280658
                ]
            },
            "properties": {
                "nom_de_l_operateur": "Arts Nomades asbl",
                "domaine": "Arts forains, du cirque et de la rue",
                "adresse": "Rue de la Loge 62",
                "code_postal": "7866",
                "localite": "Lessines",
                "telephone": null,
                "courriel": "info@artsnomades.be",
                "site_web": "https:\/\/www.artsnomades.be\/",
                "statut_juridique": "asbl",
                "province": "Hainaut",
                "bassin_de_vie_fwb": "Wallonie picarde",
                "bce": "0860.743.934",
                "categorie_principale": "Structure de cr\u00e9ation et artistes",
                "empty": null,
                "type_d_aide": [
                    "Contrat de services"
                ],
                "duree_du_contrat_annees": "5"
            }
        },
        {
            "type": "Feature",
            "geometry": {
                "type": "Point",
                "coordinates": [
                    5.583039067542261,
                    50.64029453715647
                ]
            },
            "properties": {
                "nom_de_l_operateur": "13 Rue Roture",
                "domaine": "Musiques actuelles",
                "adresse": "Rue Roture 13",
                "code_postal": "4020",
                "localite": "Li\u00e8ge",
                "telephone": "04 341 12 40",
                "courriel": "contact@kulturaliege.be",
                "site_web": "https:\/\/kulturaliege.be\/",
                "statut_juridique": "asbl",
                "province": "Li\u00e8ge",
                "bassin_de_vie_fwb": "Li\u00e8ge",
                "bce": "0663.862.753",
                "categorie_principale": "Centre d'Art\/Lieu de diffusion",
                "empty": null,
                "type_d_aide": [
                    "Contrat de services"
                ],
                "duree_du_contrat_annees": "3"
            }
        },
        {
            "type": "Feature",
            "geometry": {
                "type": "Point",
                "coordinates": [
                    4.345143781050389,
                    50.85293946367305
                ]
            },
            "properties": {
                "nom_de_l_operateur": "Akh\u00e9naton asbl",
                "domaine": "Humour",
                "adresse": "Rue de Flandre 116",
                "code_postal": "1000",
                "localite": "Bruxelles",
                "telephone": null,
                "courriel": "akhenatonproduction@hotmail.com",
                "site_web": "https:\/\/www.akhenatonproduction.be\/",
                "statut_juridique": "asbl",
                "province": "Bruxelles-Capitale",
                "bassin_de_vie_fwb": "Bruxelles",
                "bce": "0463.661.285",
                "categorie_principale": "Agence, Promotion et Diffusion",
                "empty": null,
                "type_d_aide": [
                    "Contrat de cr\u00e9ation"
                ],
                "duree_du_contrat_annees": "3"
            }
        },
        {
            "type": "Feature",
            "geometry": {
                "type": "Point",
                "coordinates": [
                    4.361282838719868,
                    50.833749644790856
                ]
            },
            "properties": {
                "nom_de_l_operateur": "Art'Contest",
                "domaine": "Arts Plastiques",
                "adresse": "Rue de la Concorde 21",
                "code_postal": "1050",
                "localite": "Ixelles",
                "telephone": null,
                "courriel": "valerie@artcontest.be",
                "site_web": "http:\/\/www.artcontest.be\/",
                "statut_juridique": "asbl",
                "province": "Bruxelles-Capitale",
                "bassin_de_vie_fwb": "Bruxelles",
                "bce": "0891.399.019",
                "categorie_principale": "Centre d'Art\/Lieu de diffusion",
                "empty": null,
                "type_d_aide": [
                    "Convention"
                ],
                "duree_du_contrat_annees": "4"
            }
        },
        {
            "type": "Feature",
            "geometry": {
                "type": "Point",
                "coordinates": [
                    4.321239796388084,
                    50.79552885879314
                ]
            },
            "properties": {
                "nom_de_l_operateur": "BCS - Belgium Cello Society",
                "domaine": "Musique classique",
                "adresse": "Rue de l'Etoile\u00a013\u00a0bte 10",
                "code_postal": "1180",
                "localite": "Uccle",
                "telephone": null,
                "courriel": "info@belgiumcellosociety.com",
                "site_web": "https:\/\/www.brusselscellofestival.com\/",
                "statut_juridique": "asbl",
                "province": "Bruxelles-Capitale",
                "bassin_de_vie_fwb": "Bruxelles",
                "bce": "0697.835.024",
                "categorie_principale": "Agence, Promotion et Diffusion",
                "empty": null,
                "type_d_aide": [
                    "Convention"
                ],
                "duree_du_contrat_annees": "3"
            }
        },
        {
            "type": "Feature",
            "geometry": {
                "type": "Point",
                "coordinates": [
                    4.3271677558240595,
                    50.783753374457824
                ]
            },
            "properties": {
                "nom_de_l_operateur": "Habeas Corpus Compagnie",
                "domaine": "Arts forains, du cirque et de la rue",
                "adresse": "Chauss\u00e9e d\u2019Alsemberg 1299",
                "code_postal": "1180",
                "localite": "Uccle",
                "telephone": null,
                "courriel": "habeascorpuscie@gmail.com",
                "site_web": "https:\/\/habeascorpuscie.com\/",
                "statut_juridique": "asbl",
                "province": "Bruxelles-Capitale",
                "bassin_de_vie_fwb": "Bruxelles",
                "bce": "0847.548.980",
                "categorie_principale": "Structure de cr\u00e9ation et artistes",
                "empty": null,
                "type_d_aide": [
                    "Contrat-programme"
                ],
                "duree_du_contrat_annees": "3"
            }
        },
        {
            "type": "Feature",
            "geometry": {
                "type": "Point",
                "coordinates": [
                    4.237186238695762,
                    50.47443625799892
                ]
            },
            "properties": {
                "nom_de_l_operateur": "IThAC- Initiatives Th\u00e9\u00e2tre Ados Cr\u00e9ations",
                "domaine": "Pluridisciplinaire",
                "adresse": "Place de la Hestre 19",
                "code_postal": "7170",
                "localite": "La Hestre",
                "telephone": "064 23 78 40",
                "courriel": "info@ithac.be",
                "site_web": "https:\/\/ithac.be\/",
                "statut_juridique": "asbl",
                "province": "Hainaut",
                "bassin_de_vie_fwb": "Hainaut Centre",
                "bce": "0430.428.095",
                "categorie_principale": "Structure de cr\u00e9ation et artistes",
                "empty": null,
                "type_d_aide": [
                    "Contrat de diffusion"
                ],
                "duree_du_contrat_annees": "5"
            }
        },
        {
            "type": "Feature",
            "geometry": {
                "type": "Point",
                "coordinates": [
                    5.495777265691429,
                    50.594223686926846
                ]
            },
            "properties": {
                "nom_de_l_operateur": "Le Th\u00e9\u00e2tre de la Renaissance",
                "domaine": "Th\u00e9\u00e2tre Action",
                "adresse": "Rue de la Lib\u00e9ration 7",
                "code_postal": "4100",
                "localite": "Seraing",
                "telephone": "04 337 85 85",
                "courriel": "info@theatredelarenaissance.be",
                "site_web": "https:\/\/www.theatredelarenaissance.be\/",
                "statut_juridique": "asbl",
                "province": "Li\u00e8ge",
                "bassin_de_vie_fwb": "Li\u00e8ge",
                "bce": "0424.498.328",
                "categorie_principale": "Structure de cr\u00e9ation et artistes",
                "empty": null,
                "type_d_aide": [
                    "Contrat de cr\u00e9ation"
                ],
                "duree_du_contrat_annees": "5"
            }
        },
        {
            "type": "Feature",
            "geometry": {
                "type": "Point",
                "coordinates": [
                    4.341468396393536,
                    50.87654556837754
                ]
            },
            "properties": {
                "nom_de_l_operateur": "Les Dimanches du conte",
                "domaine": "Conte",
                "adresse": "Avenue Prudent Bols\u00a085",
                "code_postal": "1020",
                "localite": "Laeken",
                "telephone": null,
                "courriel": "info@dimanchesduconte.be",
                "site_web": "https:\/\/www.dimanchesduconte.be\/",
                "statut_juridique": "asbl",
                "province": "Bruxelles-Capitale",
                "bassin_de_vie_fwb": "Bruxelles",
                "bce": "0809.542.501",
                "categorie_principale": "Structure de service",
                "empty": null,
                "type_d_aide": [
                    "Convention"
                ],
                "duree_du_contrat_annees": "5"
            }
        },
        {
            "type": "Feature",
            "geometry": {
                "type": "Point",
                "coordinates": [
                    5.574314652200588,
                    50.639108539903575
                ]
            },
            "properties": {
                "nom_de_l_operateur": "Les Chiroux-Centre culturel de Li\u00e8ge",
                "domaine": "Arts Plastiques",
                "adresse": "Place des Carmes 8",
                "code_postal": "4000",
                "localite": "Li\u00e8ge",
                "telephone": "04 223 19 60",
                "courriel": "info@chiroux.be",
                "site_web": "http:\/\/chiroux.be\/",
                "statut_juridique": "asbl",
                "province": "Li\u00e8ge",
                "bassin_de_vie_fwb": "Li\u00e8ge",
                "bce": "0412.484.679",
                "categorie_principale": "Centre d'Art\/Lieu de diffusion",
                "empty": null,
                "type_d_aide": [
                    "Convention"
                ],
                "duree_du_contrat_annees": "4"
            }
        },
        {
            "type": "Feature",
            "geometry": {
                "type": "Point",
                "coordinates": [
                    4.617088267547336,
                    50.71570876238084
                ]
            },
            "properties": {
                "nom_de_l_operateur": "Les Pieds dans le Vent",
                "domaine": "Th\u00e9\u00e2tre Jeune Public",
                "adresse": "Avenue des Princes 4 bte 1",
                "code_postal": "1300",
                "localite": "Wavre",
                "telephone": null,
                "courriel": "info@lespiedsdanslevent.be",
                "site_web": "https:\/\/lespiedsdanslevent.be\/",
                "statut_juridique": "asbl",
                "province": "Brabant wallon",
                "bassin_de_vie_fwb": "Brabant wallon",
                "bce": "0832.469.638",
                "categorie_principale": "Structure de cr\u00e9ation et artistes",
                "empty": null,
                "type_d_aide": [
                    "Convention transversale"
                ],
                "duree_du_contrat_annees": "5"
            }
        },
        {
            "type": "Feature",
            "geometry": {
                "type": "Point",
                "coordinates": [
                    4.371846682896714,
                    50.83186062716024
                ]
            },
            "properties": {
                "nom_de_l_operateur": "Maison Ravage",
                "domaine": "Art dramatique",
                "adresse": "Rue Van Aa\u00a099",
                "code_postal": "1050",
                "localite": "Ixelles",
                "telephone": null,
                "courriel": "production.laboratoirepoison@gmail.com",
                "site_web": null,
                "statut_juridique": "asbl",
                "province": "Bruxelles-Capitale",
                "bassin_de_vie_fwb": "Bruxelles",
                "bce": "0760.578.582",
                "categorie_principale": "Structure de cr\u00e9ation et artistes",
                "empty": null,
                "type_d_aide": [
                    "Convention transversale"
                ],
                "duree_du_contrat_annees": "5"
            }
        },
        {
            "type": "Feature",
            "geometry": {
                "type": "Point",
                "coordinates": [
                    4.36553928289831,
                    50.85508311444777
                ]
            },
            "properties": {
                "nom_de_l_operateur": "Pierre de Lune, Centre Sc\u00e9nique Jeunes Publics de Bruxelles",
                "domaine": "Th\u00e9\u00e2tre Jeune Public",
                "adresse": "Rue Royale 236",
                "code_postal": "1210",
                "localite": "Saint-Josse-Ten-Noode",
                "telephone": "02 218 79 35",
                "courriel": "contact@pierredelune.be",
                "site_web": "https:\/\/www.pierredelune.be\/",
                "statut_juridique": "asbl",
                "province": "Bruxelles-Capitale",
                "bassin_de_vie_fwb": "Bruxelles",
                "bce": "0419.560.830",
                "categorie_principale": "Centre d'Art\/Lieu de diffusion",
                "empty": null,
                "type_d_aide": [
                    "Convention"
                ],
                "duree_du_contrat_annees": "5"
            }
        },
        {
            "type": "Feature",
            "geometry": {
                "type": "Point",
                "coordinates": [
                    5.565661038706998,
                    50.64241295124358
                ]
            },
            "properties": {
                "nom_de_l_operateur": "RF Prod sprl",
                "domaine": "Musiques actuelles",
                "adresse": "Boulevard de la Sauveni\u00e8re\u00a0118",
                "code_postal": "4000",
                "localite": "Li\u00e8ge",
                "telephone": null,
                "courriel": "info@ronquieresfestival.be",
                "site_web": "https:\/\/ronquieresfestival.be\/",
                "statut_juridique": "sprl",
                "province": "Li\u00e8ge",
                "bassin_de_vie_fwb": "Li\u00e8ge",
                "bce": "0441.777.590",
                "categorie_principale": "Festival",
                "empty": null,
                "type_d_aide": [
                    "Contrat de cr\u00e9ation"
                ],
                "duree_du_contrat_annees": "5"
            }
        },
        {
            "type": "Feature",
            "geometry": {
                "type": "Point",
                "coordinates": [
                    4.367763496390357,
                    50.829245359176035
                ]
            },
            "properties": {
                "nom_de_l_operateur": "Rising Horses",
                "domaine": "Arts chor\u00e9graphiques",
                "adresse": "Rue de l'Ermitage 32",
                "code_postal": "1050",
                "localite": "Ixelles",
                "telephone": null,
                "courriel": null,
                "site_web": "https:\/\/www.louisevanneste.be\/",
                "statut_juridique": "asbl",
                "province": "Bruxelles-Capitale",
                "bassin_de_vie_fwb": "Bruxelles",
                "bce": "0846.299.561",
                "categorie_principale": "Structure de cr\u00e9ation et artistes",
                "empty": null,
                "type_d_aide": [
                    "Contrat-programme"
                ],
                "duree_du_contrat_annees": "5"
            }
        },
        {
            "type": "Feature",
            "geometry": {
                "type": "Point",
                "coordinates": [
                    4.398055096393307,
                    50.87307313776896
                ]
            },
            "properties": {
                "nom_de_l_operateur": "Ubu sprl",
                "domaine": "Musiques actuelles",
                "adresse": "Rue Pierre Van Obberghen 92",
                "code_postal": "1140",
                "localite": "Evere",
                "telephone": "02 245 28 10",
                "courriel": "info@ubuconcerts.be",
                "site_web": "https:\/\/www.facebook.com\/ubuproduction\/",
                "statut_juridique": "sprl",
                "province": "Bruxelles-Capitale",
                "bassin_de_vie_fwb": "Bruxelles",
                "bce": "0447.285.905",
                "categorie_principale": "Agence, Promotion et Diffusion",
                "empty": null,
                "type_d_aide": [
                    "Contrat de cr\u00e9ation"
                ],
                "duree_du_contrat_annees": "5"
            }
        },
        {
            "type": "Feature",
            "geometry": {
                "type": "Point",
                "coordinates": [
                    4.679295254048565,
                    50.64203746009844
                ]
            },
            "properties": {
                "nom_de_l_operateur": "Asbl Muzik4all",
                "domaine": "Musiques actuelles",
                "adresse": "Rue Saint-Martin 41",
                "code_postal": "1457",
                "localite": "Walhain",
                "telephone": null,
                "courriel": "contact@asblmusic4all.be",
                "site_web": "https:\/\/www.facebook.com\/Music4Allasbl\/",
                "statut_juridique": "asbl",
                "province": "Brabant wallon",
                "bassin_de_vie_fwb": "Brabant wallon",
                "bce": "0834.682.030",
                "categorie_principale": "Agence, Promotion et Diffusion",
                "empty": null,
                "type_d_aide": [
                    "Contrat de services"
                ],
                "duree_du_contrat_annees": "5"
            }
        },
        {
            "type": "Feature",
            "geometry": {
                "type": "Point",
                "coordinates": [
                    4.694870909866102,
                    50.56015456977956
                ]
            },
            "properties": {
                "nom_de_l_operateur": "ASSPROPRO - Association des Programmateurs professionnels",
                "domaine": "Interdisciplinaire",
                "adresse": "Rue du Huit Mai 15",
                "code_postal": "5030",
                "localite": "Gembloux",
                "telephone": "081 73 59 46",
                "courriel": "info@asspropro.be",
                "site_web": "https:\/\/www.asspropro.be",
                "statut_juridique": "asbl",
                "province": "Namur",
                "bassin_de_vie_fwb": "Namur",
                "bce": "0446.164.663",
                "categorie_principale": "F\u00e9d\u00e9ration",
                "empty": null,
                "type_d_aide": [
                    "Contrat-programme"
                ],
                "duree_du_contrat_annees": "5"
            }
        },
        {
            "type": "Feature",
            "geometry": {
                "type": "Point",
                "coordinates": [
                    5.239128825205055,
                    50.5205057143847
                ]
            },
            "properties": {
                "nom_de_l_operateur": "Centre des Musiques actuelles \"Atelier Rock\"",
                "domaine": "Musiques actuelles",
                "adresse": "Quai Dautrebande 7",
                "code_postal": "4500",
                "localite": "Huy",
                "telephone": null,
                "courriel": "info@atelierrock.be",
                "site_web": "http:\/\/www.atelierrock.be\/",
                "statut_juridique": "asbl",
                "province": "Li\u00e8ge",
                "bassin_de_vie_fwb": "Huy Waremme",
                "bce": "0448.741.301",
                "categorie_principale": "Centre d'Art\/Lieu de diffusion",
                "empty": null,
                "type_d_aide": [
                    "Contrat de diffusion"
                ],
                "duree_du_contrat_annees": "5"
            }
        },
        {
            "type": "Feature",
            "geometry": {
                "type": "Point",
                "coordinates": [
                    4.37514273872138,
                    50.856315999922984
                ]
            },
            "properties": {
                "nom_de_l_operateur": "Compagnie de la Casquette",
                "domaine": "Th\u00e9\u00e2tre Jeune Public",
                "adresse": "Rue du Coteaux 58",
                "code_postal": "1030",
                "localite": "Schaerbeek",
                "telephone": "02 242 84 41",
                "courriel": "compagnie@casquette.be",
                "site_web": "https:\/\/www.casquette.be\/",
                "statut_juridique": "asbl",
                "province": "Bruxelles-Capitale",
                "bassin_de_vie_fwb": "Bruxelles",
                "bce": "0418.552.525",
                "categorie_principale": "Structure de cr\u00e9ation et artistes",
                "empty": null,
                "type_d_aide": [
                    "Contrat-programme"
                ],
                "duree_du_contrat_annees": "5"
            }
        },
        {
            "type": "Feature",
            "geometry": {
                "type": "Point",
                "coordinates": [
                    3.955716165682314,
                    50.45848727539931
                ]
            },
            "properties": {
                "nom_de_l_operateur": "FEAS - F\u00e9d\u00e9ration des Employeurs des Arts de la Sc\u00e8ne",
                "domaine": "Interdisciplinaire",
                "adresse": "Rue de Nimy 106",
                "code_postal": "7000",
                "localite": "Mons",
                "telephone": "065 39 98 00",
                "courriel": "info@feas.be",
                "site_web": "https:\/\/feas.be\/",
                "statut_juridique": "asbl",
                "province": "Hainaut",
                "bassin_de_vie_fwb": "Hainaut Centre",
                "bce": "0472.170.759",
                "categorie_principale": "F\u00e9d\u00e9ration",
                "empty": null,
                "type_d_aide": [
                    "Contrat de services"
                ],
                "duree_du_contrat_annees": "3"
            }
        },
        {
            "type": "Feature",
            "geometry": {
                "type": "Point",
                "coordinates": [
                    5.582293967542734,
                    50.64721213044144
                ]
            },
            "properties": {
                "nom_de_l_operateur": "In Cit\u00e9 Mondi",
                "domaine": "Arts Plastiques",
                "adresse": "En F\u00e9ronstr\u00e9e 116",
                "code_postal": "4000",
                "localite": "Li\u00e8ge",
                "telephone": "04 269 86 32",
                "courriel": "info@space-collection.org",
                "site_web": "https:\/\/space-collection.org\/",
                "statut_juridique": "asbl",
                "province": "Li\u00e8ge",
                "bassin_de_vie_fwb": "Li\u00e8ge",
                "bce": "0864.153.204",
                "categorie_principale": "Centre d'Art\/Lieu de diffusion",
                "empty": null,
                "type_d_aide": [
                    "Convention"
                ],
                "duree_du_contrat_annees": "3"
            }
        },
        {
            "type": "Feature",
            "geometry": {
                "type": "Point",
                "coordinates": [
                    4.323239596388895,
                    50.80757232908508
                ]
            },
            "properties": {
                "nom_de_l_operateur": "Jazz Station Big Band Asbl",
                "domaine": "Musiques actuelles",
                "adresse": "Dr\u00e8ve des Futailles",
                "code_postal": "1190",
                "localite": "Forest",
                "telephone": "067 87 97 11",
                "courriel": "jazzstationbigband@gmail.com",
                "site_web": "https:\/\/www.jazzstationbigband.com\/",
                "statut_juridique": "asbl",
                "province": "Bruxelles-Capitale",
                "bassin_de_vie_fwb": "Bruxelles",
                "bce": "0831.582.384",
                "categorie_principale": "Structure de cr\u00e9ation et artistes",
                "empty": null,
                "type_d_aide": [
                    "Contrat de diffusion"
                ],
                "duree_du_contrat_annees": "3"
            }
        },
        {
            "type": "Feature",
            "geometry": {
                "type": "Point",
                "coordinates": [
                    4.267795982886505,
                    50.67975822964906
                ]
            },
            "properties": {
                "nom_de_l_operateur": "62 TV Records sprl",
                "domaine": "Musiques actuelles",
                "adresse": "Rue Auguste Latour\u00a019",
                "code_postal": "1440",
                "localite": "Braine-le-Ch\u00e2teau",
                "telephone": null,
                "courriel": "info@62tvrecords.com",
                "site_web": "https:\/\/www.62records.com\/",
                "statut_juridique": "sprl",
                "province": "Brabant wallon",
                "bassin_de_vie_fwb": "Brabant wallon",
                "bce": "0891.000.923",
                "categorie_principale": "Agence, Promotion et Diffusion",
                "empty": null,
                "type_d_aide": [
                    "Contrat de services"
                ],
                "duree_du_contrat_annees": "3"
            }
        },
        {
            "type": "Feature",
            "geometry": {
                "type": "Point",
                "coordinates": [
                    4.322133611780388,
                    50.871972448504756
                ]
            },
            "properties": {
                "nom_de_l_operateur": "Ad Lib - Support d'artistes",
                "domaine": "Interdisciplinaire",
                "adresse": "Rue Vanderborght 233",
                "code_postal": "1090",
                "localite": "Jette",
                "telephone": null,
                "courriel": "contact@adlibdiffusion.be",
                "site_web": "https:\/\/adlibdiffusion.be\/fr",
                "statut_juridique": "asbl",
                "province": "Bruxelles-Capitale",
                "bassin_de_vie_fwb": "Bruxelles",
                "bce": "0655.664.966",
                "categorie_principale": "Structure de cr\u00e9ation et artistes",
                "empty": null,
                "type_d_aide": [
                    "Convention transversale"
                ],
                "duree_du_contrat_annees": "5"
            }
        },
        {
            "type": "Feature",
            "geometry": {
                "type": "Point",
                "coordinates": [
                    4.3612054963704825,
                    50.53302160506391
                ]
            },
            "properties": {
                "nom_de_l_operateur": "Artheas",
                "domaine": "Art dramatique",
                "adresse": "Rue du Moulin \u00e0 Vent 2",
                "code_postal": "6230",
                "localite": "Pont-\u00e0-Celles",
                "telephone": "071 84 55 63",
                "courriel": "info@artheas.be",
                "site_web": "https:\/\/www.facebook.com\/p\/Artheas-100064050520007\/?paipv=0&eav=AfYtkRtlFrVBo6DkN8pi8QlQiBfOjONZTwxkCkcyNTsmUguTZx9_TN-AxC5W4CO-WJ4&_rdr",
                "statut_juridique": "sprl",
                "province": "Hainaut",
                "bassin_de_vie_fwb": "Hainaut Sud",
                "bce": "0824.466.049",
                "categorie_principale": "Structure de service",
                "empty": null,
                "type_d_aide": [
                    "Convention transversale"
                ],
                "duree_du_contrat_annees": "3"
            }
        },
        {
            "type": "Feature",
            "geometry": {
                "type": "Point",
                "coordinates": [
                    5.588874798277162,
                    50.550260904835845
                ]
            },
            "properties": {
                "nom_de_l_operateur": "Asbl Full Colorz Agency",
                "domaine": "Musiques actuelles",
                "adresse": "Avenue d'Esneux 206 bte 13",
                "code_postal": "4130",
                "localite": "Esneux",
                "telephone": null,
                "courriel": "contact@fullcolorzagency.be",
                "site_web": "https:\/\/fullcolorzagency.be\/",
                "statut_juridique": "asbl",
                "province": "Li\u00e8ge",
                "bassin_de_vie_fwb": "Li\u00e8ge",
                "bce": "0680.943.463",
                "categorie_principale": "Agence, Promotion et Diffusion",
                "empty": null,
                "type_d_aide": [
                    "Contrat de cr\u00e9ation"
                ],
                "duree_du_contrat_annees": "3"
            }
        },
        {
            "type": "Feature",
            "geometry": {
                "type": "Point",
                "coordinates": [
                    4.321049709886409,
                    50.86200952278653
                ]
            },
            "properties": {
                "nom_de_l_operateur": "Asbl Intersection",
                "domaine": "Musiques actuelles",
                "adresse": "Avenue de la Libert\u00e9 86 Bte 1",
                "code_postal": "1080",
                "localite": "Molenbeek-Saint-Jean",
                "telephone": null,
                "courriel": "info@intersection.be",
                "site_web": "http:\/\/www.intersection.be\/",
                "statut_juridique": "asbl",
                "province": "Bruxelles-Capitale",
                "bassin_de_vie_fwb": "Bruxelles",
                "bce": "0465.479.838",
                "categorie_principale": "Agence, Promotion et Diffusion",
                "empty": null,
                "type_d_aide": [
                    "Contrat de diffusion"
                ],
                "duree_du_contrat_annees": "3"
            }
        },
        {
            "type": "Feature",
            "geometry": {
                "type": "Point",
                "coordinates": [
                    4.3804498540641505,
                    50.873765965711705
                ]
            },
            "properties": {
                "nom_de_l_operateur": "BAMP - Brussels Art Melting Pot",
                "domaine": "Interdisciplinaire",
                "adresse": "Avenue Sleeckx 37",
                "code_postal": "1030",
                "localite": "Schaerbeek",
                "telephone": null,
                "courriel": "info@lebamp.com",
                "site_web": "https:\/\/lebamp.com\/",
                "statut_juridique": "asbl",
                "province": "Bruxelles-Capitale",
                "bassin_de_vie_fwb": "Bruxelles",
                "bce": "0541.344.429",
                "categorie_principale": "Structure de cr\u00e9ation et artistes",
                "empty": null,
                "type_d_aide": [
                    "Contrat de cr\u00e9ation"
                ],
                "duree_du_contrat_annees": "5"
            }
        },
        {
            "type": "Feature",
            "geometry": {
                "type": "Point",
                "coordinates": [
                    4.322041581050943,
                    50.86184818305153
                ]
            },
            "properties": {
                "nom_de_l_operateur": "Amadeus & Co",
                "domaine": "Musique classique",
                "adresse": "Avenue de la Libert\u00e9 91",
                "code_postal": "1080",
                "localite": "Molenbeek-Saint-Jean",
                "telephone": "02 787 03 08",
                "courriel": "info@amadeusandco.be eric.gobin@yahoo.com",
                "site_web": "https:\/\/www.amadeusandco.com\/amadeus--co.html",
                "statut_juridique": "asbl",
                "province": "Bruxelles-Capitale",
                "bassin_de_vie_fwb": "Bruxelles",
                "bce": "0628.931.370",
                "categorie_principale": "Structure de cr\u00e9ation et artistes",
                "empty": null,
                "type_d_aide": [
                    "Contrat-programme"
                ],
                "duree_du_contrat_annees": "3"
            }
        },
        {
            "type": "Feature",
            "geometry": {
                "type": "Point",
                "coordinates": [
                    4.340060138718241,
                    50.80955432419545
                ]
            },
            "properties": {
                "nom_de_l_operateur": "Ante Post-La lettre vol\u00e9e",
                "domaine": "Arts Plastiques",
                "adresse": "Avenue Coghen 146",
                "code_postal": "1180",
                "localite": "Uccle",
                "telephone": "02 512 02 88",
                "courriel": "lettre.volee@skynet.be",
                "site_web": "http:\/\/www.lettrevolee.com",
                "statut_juridique": "asbl",
                "province": "Bruxelles-Capitale",
                "bassin_de_vie_fwb": "Bruxelles",
                "bce": "0438.446.829",
                "categorie_principale": "Editeur",
                "empty": null,
                "type_d_aide": [
                    "Convention"
                ],
                "duree_du_contrat_annees": "4"
            }
        },
        {
            "type": "Feature",
            "geometry": {
                "type": "Point",
                "coordinates": [
                    4.337956338721025,
                    50.851071948199206
                ]
            },
            "properties": {
                "nom_de_l_operateur": "Art2work",
                "domaine": "Pluridisciplinaire",
                "adresse": "Quai du Hainaut 41",
                "code_postal": "1080",
                "localite": "Molenbeek-Saint-Jean",
                "telephone": "02 411 94 15",
                "courriel": "info@art2work.be",
                "site_web": "https:\/\/www.art2work.be\/fr\/",
                "statut_juridique": "asbl",
                "province": "Bruxelles-Capitale",
                "bassin_de_vie_fwb": "Bruxelles",
                "bce": "0890.801.577",
                "categorie_principale": "Structure de service",
                "empty": null,
                "type_d_aide": [
                    "Contrat-programme"
                ],
                "duree_du_contrat_annees": "5"
            }
        },
        {
            "type": "Feature",
            "geometry": {
                "type": "Point",
                "coordinates": [
                    4.335482509887425,
                    50.87724680582772
                ]
            },
            "properties": {
                "nom_de_l_operateur": "Asbl Jazz Projects",
                "domaine": "Musiques actuelles",
                "adresse": "Rue Dansette 47",
                "code_postal": "1090",
                "localite": "Jette",
                "telephone": null,
                "courriel": "info@brusselsjazzweekend.be",
                "site_web": "https:\/\/lottobrusselsjazzweekend.be\/",
                "statut_juridique": "asbl",
                "province": "Bruxelles-Capitale",
                "bassin_de_vie_fwb": "Bruxelles",
                "bce": "0671.708.073",
                "categorie_principale": "Festival",
                "empty": null,
                "type_d_aide": [
                    "Contrat de diffusion"
                ],
                "duree_du_contrat_annees": "3"
            }
        },
        {
            "type": "Feature",
            "geometry": {
                "type": "Point",
                "coordinates": [
                    4.762926209858289,
                    50.44339342288327
                ]
            },
            "properties": {
                "nom_de_l_operateur": "asbl Z! - Festival Esperanzah!",
                "domaine": "Musiques actuelles",
                "adresse": "Rue C\u00e9lestin Hastir 105",
                "code_postal": "5150",
                "localite": "Floreffe",
                "telephone": "081 44 15 18",
                "courriel": "info@asblz.be",
                "site_web": "https:\/\/www.asblz.be\/",
                "statut_juridique": "asbl",
                "province": "Namur",
                "bassin_de_vie_fwb": "Namur",
                "bce": "0479.914.923",
                "categorie_principale": "Festival",
                "empty": null,
                "type_d_aide": [
                    "Contrat de services"
                ],
                "duree_du_contrat_annees": "5"
            }
        },
        {
            "type": "Feature",
            "geometry": {
                "type": "Point",
                "coordinates": [
                    4.370058769449262,
                    50.81708319195821
                ]
            },
            "properties": {
                "nom_de_l_operateur": "Asbl Artonov",
                "domaine": "Musique classique",
                "adresse": "Rue de Praetere 14",
                "code_postal": "1050",
                "localite": "Ixelles",
                "telephone": null,
                "courriel": "manager.artonov@gmail.com",
                "site_web": "https:\/\/www.festival-artonov.eu\/",
                "statut_juridique": "asbl",
                "province": "Bruxelles-Capitale",
                "bassin_de_vie_fwb": "Bruxelles",
                "bce": "0567.631.528",
                "categorie_principale": "Festival",
                "empty": null,
                "type_d_aide": [
                    "Contrat de services"
                ],
                "duree_du_contrat_annees": "5"
            }
        },
        {
            "type": "Feature",
            "geometry": {
                "type": "Point",
                "coordinates": [
                    4.374207928835398,
                    50.8509970783609
                ]
            },
            "properties": {
                "nom_de_l_operateur": "BLOOM Project",
                "domaine": "Art dramatique",
                "adresse": "Rue Saint-Josse 49",
                "code_postal": "1210",
                "localite": "Saint-Josse-Ten-Noode",
                "telephone": "02 640 14 50",
                "courriel": "contact@bloomproject.be",
                "site_web": "https:\/\/www.bloomproject.be\/",
                "statut_juridique": "asbl",
                "province": "Bruxelles-Capitale",
                "bassin_de_vie_fwb": "Bruxelles",
                "bce": "0449.042.494",
                "categorie_principale": "Structure de service",
                "empty": null,
                "type_d_aide": [
                    "Contrat de cr\u00e9ation"
                ],
                "duree_du_contrat_annees": "5"
            }
        },
        {
            "type": "Feature",
            "geometry": {
                "type": "Point",
                "coordinates": [
                    4.322060393180265,
                    50.80391276482645
                ]
            },
            "properties": {
                "nom_de_l_operateur": "CCTA - Chambre des Compagnies Th\u00e9\u00e2trales pour Adultes",
                "domaine": "Art dramatique",
                "adresse": "Rue Jean-Baptiste Baeck 33",
                "code_postal": "1190",
                "localite": "Forest",
                "telephone": null,
                "courriel": "cctaasbl@gmail.com",
                "site_web": "https:\/\/www.ccta.info\/",
                "statut_juridique": "asbl",
                "province": "Bruxelles-Capitale",
                "bassin_de_vie_fwb": "Bruxelles",
                "bce": "0506.802.135",
                "categorie_principale": "F\u00e9d\u00e9ration",
                "empty": null,
                "type_d_aide": [
                    "Contrat-programme"
                ],
                "duree_du_contrat_annees": "5"
            }
        },
        {
            "type": "Feature",
            "geometry": {
                "type": "Point",
                "coordinates": [
                    4.374218654062606,
                    50.85100721033935
                ]
            },
            "properties": {
                "nom_de_l_operateur": "Cie Thor",
                "domaine": "Arts chor\u00e9graphiques",
                "adresse": "Rue Saint-Josse 49",
                "code_postal": "1210",
                "localite": "Saint-Josse-Ten-Noode",
                "telephone": "02 223 26 00",
                "courriel": "administration@thor.be",
                "site_web": "https:\/\/www.thor.be\/fr\/",
                "statut_juridique": "asbl",
                "province": "Bruxelles-Capitale",
                "bassin_de_vie_fwb": "Bruxelles",
                "bce": "0448.371.117",
                "categorie_principale": "Structure de cr\u00e9ation et artistes",
                "empty": null,
                "type_d_aide": [
                    "Contrat de services"
                ],
                "duree_du_contrat_annees": "5"
            }
        },
        {
            "type": "Feature",
            "geometry": {
                "type": "Point",
                "coordinates": [
                    4.387181638719736,
                    50.831451217388064
                ]
            },
            "properties": {
                "nom_de_l_operateur": "Collectif Ravie",
                "domaine": "Art dramatique",
                "adresse": "Rue de Chamb\u00e9ry\u00a016",
                "code_postal": "1040",
                "localite": "Etterbeek",
                "telephone": null,
                "courriel": "ravie.asbl@gmail.com",
                "site_web": "https:\/\/www.facebook.com\/asbl.ravie\/?locale=fr_FR",
                "statut_juridique": "asbl",
                "province": "Bruxelles-Capitale",
                "bassin_de_vie_fwb": "Bruxelles",
                "bce": "0695.833.359",
                "categorie_principale": "Structure de cr\u00e9ation et artistes",
                "empty": null,
                "type_d_aide": [
                    "Contrat-programme"
                ],
                "duree_du_contrat_annees": "3"
            }
        },
        {
            "type": "Feature",
            "geometry": {
                "type": "Point",
                "coordinates": [
                    4.369608023380299,
                    50.86359974943611
                ]
            },
            "properties": {
                "nom_de_l_operateur": "D\u00e9fil\u00e9 asbl",
                "domaine": "Art dramatique",
                "adresse": "Rue Vandeweyer 63-65",
                "code_postal": "1030",
                "localite": "Schaerbeek",
                "telephone": null,
                "courriel": null,
                "site_web": null,
                "statut_juridique": "asbl",
                "province": "Bruxelles-Capitale",
                "bassin_de_vie_fwb": "Bruxelles",
                "bce": "0833.287.507",
                "categorie_principale": "Structure de cr\u00e9ation et artistes",
                "empty": null,
                "type_d_aide": [
                    "Contrat de diffusion"
                ],
                "duree_du_contrat_annees": "5"
            }
        },
        {
            "type": "Feature",
            "geometry": {
                "type": "Point",
                "coordinates": [
                    4.328724442329205,
                    50.84809498826433
                ]
            },
            "properties": {
                "nom_de_l_operateur": "Entropie Production",
                "domaine": "Interdisciplinaire, Musiques actuelles",
                "adresse": "Rue des Coteaux\u00a043",
                "code_postal": "1030",
                "localite": "Schaerbeek",
                "telephone": "02 642 20 57",
                "courriel": "infos@entropieproduction.be",
                "site_web": "http:\/\/www.entropieproduction.be\/",
                "statut_juridique": "asbl",
                "province": "Bruxelles-Capitale",
                "bassin_de_vie_fwb": "Bruxelles",
                "bce": "0848.531.056",
                "categorie_principale": "Structure de cr\u00e9ation et artistes",
                "empty": null,
                "type_d_aide": [
                    "Convention"
                ],
                "duree_du_contrat_annees": "5"
            }
        },
        {
            "type": "Feature",
            "geometry": {
                "type": "Point",
                "coordinates": [
                    5.590548025213885,
                    50.65257312734618
                ]
            },
            "properties": {
                "nom_de_l_operateur": "Espace 251 Nord",
                "domaine": "Arts Plastiques",
                "adresse": "Rue de Vivegnis 251",
                "code_postal": "4000",
                "localite": "Li\u00e8ge",
                "telephone": "04 227 10 95",
                "courriel": "info@e2n.be",
                "site_web": "https:\/\/espace251nord.tumblr.com\/",
                "statut_juridique": "asbl",
                "province": "Li\u00e8ge",
                "bassin_de_vie_fwb": "Li\u00e8ge",
                "bce": "0425.957.187",
                "categorie_principale": "Centre d'Art\/Lieu de diffusion",
                "empty": null,
                "type_d_aide": [
                    "Convention"
                ],
                "duree_du_contrat_annees": "4"
            }
        },
        {
            "type": "Feature",
            "geometry": {
                "type": "Point",
                "coordinates": [
                    4.374360952215168,
                    50.85583550998122
                ]
            },
            "properties": {
                "nom_de_l_operateur": "Foule Th\u00e9\u00e2tre",
                "domaine": "Th\u00e9\u00e2tre Jeune Public",
                "adresse": "Rue des Coteaux 41",
                "code_postal": "1210",
                "localite": "Saint-Josse-Ten-Noode",
                "telephone": null,
                "courriel": "info@fouletheatre.be",
                "site_web": "http:\/\/fouletheatre.be\/",
                "statut_juridique": "asbl",
                "province": "Bruxelles-Capitale",
                "bassin_de_vie_fwb": "Bruxelles",
                "bce": "0433.437.867",
                "categorie_principale": "Structure de cr\u00e9ation et artistes",
                "empty": null,
                "type_d_aide": [
                    "Contrat de cr\u00e9ation"
                ],
                "duree_du_contrat_annees": "5"
            }
        },
        {
            "type": "Feature",
            "geometry": {
                "type": "Point",
                "coordinates": [
                    3.769936157670794,
                    50.398607522006664
                ]
            },
            "properties": {
                "nom_de_l_operateur": "Go Go Go asbl (Dour Music Festival)",
                "domaine": "Musiques actuelles",
                "adresse": "Rue des Canadiens 100",
                "code_postal": "7370",
                "localite": "Dour",
                "telephone": "065 71 87 18",
                "courriel": "info@gogogoasbl.be",
                "site_web": "http:\/\/gogogoasbl.be\/",
                "statut_juridique": "asbl",
                "province": "Hainaut",
                "bassin_de_vie_fwb": "Hainaut Centre",
                "bce": "0460.963.596",
                "categorie_principale": "Festival",
                "empty": null,
                "type_d_aide": [
                    "Contrat-programme"
                ],
                "duree_du_contrat_annees": "5"
            }
        },
        {
            "type": "Feature",
            "geometry": {
                "type": "Point",
                "coordinates": [
                    5.6088115252140875,
                    50.65547589627805
                ]
            },
            "properties": {
                "nom_de_l_operateur": "Acteurs de l'Ombre",
                "domaine": "Th\u00e9\u00e2tre Action",
                "adresse": "Rue du Petit Ch\u00eane 95",
                "code_postal": "4000",
                "localite": "Li\u00e8ge",
                "telephone": "04 344 58 88",
                "courriel": "info@acteursdelombre.be",
                "site_web": "https:\/\/www.acteursdelombre.be\/",
                "statut_juridique": "asbl",
                "province": "Li\u00e8ge",
                "bassin_de_vie_fwb": "Li\u00e8ge",
                "bce": "0449.508.688",
                "categorie_principale": "Structure de cr\u00e9ation et artistes",
                "empty": null,
                "type_d_aide": [
                    "Contrat-programme"
                ],
                "duree_du_contrat_annees": "5"
            }
        },
        {
            "type": "Feature",
            "geometry": {
                "type": "Point",
                "coordinates": [
                    4.381085181051245,
                    50.86589561349444
                ]
            },
            "properties": {
                "nom_de_l_operateur": "ADKtrash asbl",
                "domaine": "Pluridisciplinaire",
                "adresse": "Avenue Voltaire 172",
                "code_postal": "1030",
                "localite": "Schaerbeek",
                "telephone": "02 537 56 30",
                "courriel": null,
                "site_web": "http:\/\/www.daltoniens.eu\/",
                "statut_juridique": "asbl",
                "province": "Bruxelles-Capitale",
                "bassin_de_vie_fwb": "Bruxelles",
                "bce": "0472.881.532",
                "categorie_principale": "Structure de cr\u00e9ation et artistes",
                "empty": null,
                "type_d_aide": [
                    "Contrat-programme"
                ],
                "duree_du_contrat_annees": "5"
            }
        },
        {
            "type": "Feature",
            "geometry": {
                "type": "Point",
                "coordinates": [
                    4.370546594543825,
                    50.84792736953375
                ]
            },
            "properties": {
                "nom_de_l_operateur": "Brocoli Th\u00e9\u00e2tre",
                "domaine": "Th\u00e9\u00e2tre Action",
                "adresse": "Rue de la Charit\u00e9 37",
                "code_postal": "1210",
                "localite": "Saint-Josse-Ten-Noode",
                "telephone": "02 539 36 87",
                "courriel": "brocoli@skynet.be",
                "site_web": "https:\/\/brocolitheatre.wixsite.com\/brocoli",
                "statut_juridique": "asbl",
                "province": "Bruxelles-Capitale",
                "bassin_de_vie_fwb": "Bruxelles",
                "bce": "0422.015.524",
                "categorie_principale": "Structure de cr\u00e9ation et artistes",
                "empty": null,
                "type_d_aide": [
                    "Contrat de diffusion"
                ],
                "duree_du_contrat_annees": "5"
            }
        },
        {
            "type": "Feature",
            "geometry": {
                "type": "Point",
                "coordinates": [
                    3.3763919810342116,
                    50.612306118283655
                ]
            },
            "properties": {
                "nom_de_l_operateur": "Chapelle Musicale de Tournai",
                "domaine": "Musique classique",
                "adresse": "Rue Saint-Eleuth\u00e8re 26",
                "code_postal": "7500",
                "localite": "Tournai",
                "telephone": "069 21 66 35",
                "courriel": "chapellemusicaletournai@gmail.com",
                "site_web": "https:\/\/www.chapellemusicaletournai.be",
                "statut_juridique": "asbl",
                "province": "Hainaut",
                "bassin_de_vie_fwb": "Wallonie picarde",
                "bce": "0419.257.457",
                "categorie_principale": "Structure de cr\u00e9ation et artistes",
                "empty": null,
                "type_d_aide": [
                    "Contrat-programme"
                ],
                "duree_du_contrat_annees": "3"
            }
        },
        {
            "type": "Feature",
            "geometry": {
                "type": "Point",
                "coordinates": [
                    4.347409526987617,
                    50.83153488647785
                ]
            },
            "properties": {
                "nom_de_l_operateur": "Cie Renards-Unessix",
                "domaine": "Th\u00e9\u00e2tre Jeune Public",
                "adresse": "Rue Jourdan 177",
                "code_postal": "1060",
                "localite": "Saint-Gilles",
                "telephone": null,
                "courriel": "cierenards@gmail.com",
                "site_web": "https:\/\/cierenards.be\/",
                "statut_juridique": "asbl",
                "province": "Bruxelles-Capitale",
                "bassin_de_vie_fwb": "Bruxelles",
                "bce": "0841.687.014",
                "categorie_principale": "Structure de cr\u00e9ation et artistes",
                "empty": null,
                "type_d_aide": [
                    "Contrat-programme"
                ],
                "duree_du_contrat_annees": "5"
            }
        },
        {
            "type": "Feature",
            "geometry": {
                "type": "Point",
                "coordinates": [
                    4.340285209883959,
                    50.82609476055364
                ]
            },
            "properties": {
                "nom_de_l_operateur": "Clinic Orgasm Society",
                "domaine": "Art dramatique",
                "adresse": "Avenue du Parc 51A",
                "code_postal": "1060",
                "localite": "Saint-Gilles",
                "telephone": null,
                "courriel": "clinicorgasm@gmail.com",
                "site_web": "https:\/\/clinicrgsmsociety.be\/",
                "statut_juridique": "asbl",
                "province": "Bruxelles-Capitale",
                "bassin_de_vie_fwb": "Bruxelles",
                "bce": "0475.107.681",
                "categorie_principale": "Structure de cr\u00e9ation et artistes",
                "empty": null,
                "type_d_aide": [
                    "Convention transversale"
                ],
                "duree_du_contrat_annees": "5"
            }
        },
        {
            "type": "Feature",
            "geometry": {
                "type": "Point",
                "coordinates": [
                    4.339088511731931,
                    50.828706684103004
                ]
            },
            "properties": {
                "nom_de_l_operateur": "Compagnie de la B\u00eate Noire",
                "domaine": "Art dramatique",
                "adresse": "Rue Gustave Defnet 10",
                "code_postal": "1060",
                "localite": "Saint-Gilles",
                "telephone": null,
                "courriel": "cie.betenoire@gmail.com",
                "site_web": "https:\/\/compagniedelabetenoire.be\/",
                "statut_juridique": "asbl",
                "province": "Bruxelles-Capitale",
                "bassin_de_vie_fwb": "Bruxelles",
                "bce": "0810.479.837",
                "categorie_principale": "Structure de cr\u00e9ation et artistes",
                "empty": null,
                "type_d_aide": [
                    "Contrat-programme"
                ],
                "duree_du_contrat_annees": "5"
            }
        },
        {
            "type": "Feature",
            "geometry": {
                "type": "Point",
                "coordinates": [
                    5.590635781036795,
                    50.65107391218638
                ]
            },
            "properties": {
                "nom_de_l_operateur": "Compagnie Derivation",
                "domaine": "Th\u00e9\u00e2tre Jeune Public",
                "adresse": "Rue Mosselman 53",
                "code_postal": "4000",
                "localite": "Li\u00e8ge",
                "telephone": null,
                "courriel": "info@compagniederivation.be",
                "site_web": "https:\/\/www.compagniederivation.be\/",
                "statut_juridique": "asbl",
                "province": "Li\u00e8ge",
                "bassin_de_vie_fwb": "Li\u00e8ge",
                "bce": "0891.137.416",
                "categorie_principale": "Structure de service",
                "empty": null,
                "type_d_aide": [
                    "Contrat-programme"
                ],
                "duree_du_contrat_annees": "5"
            }
        },
        {
            "type": "Feature",
            "geometry": {
                "type": "Point",
                "coordinates": [
                    5.59304219637838,
                    50.65109351722175
                ]
            },
            "properties": {
                "nom_de_l_operateur": "Comptoir des Ressources Cr\u00e9atives",
                "domaine": "Pluridisciplinaire",
                "adresse": "Rue Dony 33",
                "code_postal": "4000",
                "localite": "Li\u00e8ge",
                "telephone": null,
                "courriel": "info@crc-belgique.be",
                "site_web": "https:\/\/www.comptoirdesressourcescreatives.be\/",
                "statut_juridique": "asbl",
                "province": "Li\u00e8ge",
                "bassin_de_vie_fwb": "Li\u00e8ge",
                "bce": "0895.603.473",
                "categorie_principale": "Agence, Promotion et Diffusion",
                "empty": null,
                "type_d_aide": [
                    "Contrat de diffusion"
                ],
                "duree_du_contrat_annees": "5"
            }
        },
        {
            "type": "Feature",
            "geometry": {
                "type": "Point",
                "coordinates": [
                    4.3681563963907895,
                    50.83599773467746
                ]
            },
            "properties": {
                "nom_de_l_operateur": "Das Fr\u00e4ulein Kompanie",
                "domaine": "Art dramatique",
                "adresse": "Rue de la Tulipe 67",
                "code_postal": "1050",
                "localite": "Ixelles",
                "telephone": null,
                "courriel": "info@dasfrauleinkompanie.com",
                "site_web": "http:\/\/dasfrauleinkompanie.com\/",
                "statut_juridique": "asbl",
                "province": "Bruxelles-Capitale",
                "bassin_de_vie_fwb": "Bruxelles",
                "bce": "0876.341.253",
                "categorie_principale": "Structure de cr\u00e9ation et artistes",
                "empty": null,
                "type_d_aide": [
                    "Contrat de cr\u00e9ation"
                ],
                "duree_du_contrat_annees": "5"
            }
        },
        {
            "type": "Feature",
            "geometry": {
                "type": "Point",
                "coordinates": [
                    4.6399488810427645,
                    50.740140133203
                ]
            },
            "properties": {
                "nom_de_l_operateur": "Ensemble Fractales",
                "domaine": "Musique contemporaine",
                "adresse": "Dr\u00e8ve de Laurensart\u00a06",
                "code_postal": "1390",
                "localite": "Grez-Doiceau",
                "telephone": null,
                "courriel": "info@ensemblefractales.com",
                "site_web": "https:\/\/www.ensemblefractales.com\/",
                "statut_juridique": "asbl",
                "province": "Brabant wallon",
                "bassin_de_vie_fwb": "Brabant wallon",
                "bce": "0688.625.764",
                "categorie_principale": "Structure de cr\u00e9ation et artistes",
                "empty": null,
                "type_d_aide": [
                    "Contrat de cr\u00e9ation"
                ],
                "duree_du_contrat_annees": "3"
            }
        },
        {
            "type": "Feature",
            "geometry": {
                "type": "Point",
                "coordinates": [
                    4.888543438704788,
                    50.60927494337123
                ]
            },
            "properties": {
                "nom_de_l_operateur": "Esperlu\u00e8te",
                "domaine": "Arts Plastiques",
                "adresse": "Rue de Noville 9",
                "code_postal": "5310",
                "localite": "Noville-sur-Mehaigne",
                "telephone": "081 81 12 63",
                "courriel": "esperluete.editions@skynet.be",
                "site_web": "https:\/\/www.esperluete.be\/",
                "statut_juridique": "asbl",
                "province": "Namur",
                "bassin_de_vie_fwb": "Namur",
                "bce": "0469.279.862",
                "categorie_principale": "Editeur",
                "empty": null,
                "type_d_aide": [
                    "Convention"
                ],
                "duree_du_contrat_annees": "4"
            }
        },
        {
            "type": "Feature",
            "geometry": {
                "type": "Point",
                "coordinates": [
                    5.565682496377793,
                    50.64241975502367
                ]
            },
            "properties": {
                "nom_de_l_operateur": "Jazz \u00e0 Li\u00e8ge asbl",
                "domaine": "Musiques actuelles",
                "adresse": "Boulevard de la Sauveni\u00e8re 118",
                "code_postal": "4000",
                "localite": "Li\u00e8ge",
                "telephone": "04 340 30 80",
                "courriel": "info@jazzaliege.be",
                "site_web": "https:\/\/www.jazzaliege.be\/",
                "statut_juridique": "asbl",
                "province": "Li\u00e8ge",
                "bassin_de_vie_fwb": "Li\u00e8ge",
                "bce": "0444.289.692",
                "categorie_principale": "Festival",
                "empty": null,
                "type_d_aide": [
                    "Contrat-programme"
                ],
                "duree_du_contrat_annees": "5"
            }
        },
        {
            "type": "Feature",
            "geometry": {
                "type": "Point",
                "coordinates": [
                    4.380577138721007,
                    50.850741043330494
                ]
            },
            "properties": {
                "nom_de_l_operateur": "Jazz Station asbl",
                "domaine": "Musiques actuelles",
                "adresse": "\u200bChauss\u00e9e de Louvain 193A-195",
                "code_postal": "1210",
                "localite": "Saint-Josse-Ten-Noode",
                "telephone": "02 733 13 78",
                "courriel": "info@jazzstation.be",
                "site_web": "https:\/\/jazzstation.be",
                "statut_juridique": "asbl",
                "province": "Bruxelles-Capitale",
                "bassin_de_vie_fwb": "Bruxelles",
                "bce": "0864.795.976",
                "categorie_principale": "Centre d'Art\/Lieu de diffusion",
                "empty": null,
                "type_d_aide": [
                    "Contrat de cr\u00e9ation"
                ],
                "duree_du_contrat_annees": "5"
            }
        },
        {
            "type": "Feature",
            "geometry": {
                "type": "Point",
                "coordinates": [
                    4.357814727074143,
                    50.837942380495804
                ]
            },
            "properties": {
                "nom_de_l_operateur": "ISELP - Institut sup\u00e9rieur pour l\u2019\u00e9tude du langage plastique",
                "domaine": "Arts Plastiques",
                "adresse": "Boulevard de Waterloo 31",
                "code_postal": "1000",
                "localite": "Bruxelles",
                "telephone": "02 504 80 70",
                "courriel": "accueil@iselp.be",
                "site_web": "https:\/\/iselp.be\/",
                "statut_juridique": "asbl",
                "province": "Bruxelles-Capitale",
                "bassin_de_vie_fwb": "Bruxelles",
                "bce": "0407.918.751",
                "categorie_principale": "Centre d'Art\/Lieu de diffusion",
                "empty": null,
                "type_d_aide": [
                    "Convention"
                ],
                "duree_du_contrat_annees": "4"
            }
        },
        {
            "type": "Feature",
            "geometry": {
                "type": "Point",
                "coordinates": [
                    4.375234094544569,
                    50.85851095556733
                ]
            },
            "properties": {
                "nom_de_l_operateur": "Julia Camino Agency",
                "domaine": "Musiques actuelles",
                "adresse": "Rue Thi\u00e9fry\u00a036",
                "code_postal": "1030",
                "localite": "Schaerbeek",
                "telephone": null,
                "courriel": "hello@julia.agency",
                "site_web": "https:\/\/julia.agency\/",
                "statut_juridique": "asbl",
                "province": "Bruxelles-Capitale",
                "bassin_de_vie_fwb": "Bruxelles",
                "bce": "0793.656.572",
                "categorie_principale": "Agence, Promotion et Diffusion",
                "empty": null,
                "type_d_aide": [
                    "Contrat-programme"
                ],
                "duree_du_contrat_annees": "3"
            }
        },
        {
            "type": "Feature",
            "geometry": {
                "type": "Point",
                "coordinates": [
                    4.345952096391043,
                    50.83930220231242
                ]
            },
            "properties": {
                "nom_de_l_operateur": "La Fabrique Imaginaire",
                "domaine": "Art dramatique",
                "adresse": "Rue des Tanneurs 77",
                "code_postal": "1000",
                "localite": "Bruxelles",
                "telephone": null,
                "courriel": "admin@fabriqueimaginaire.com",
                "site_web": "https:\/\/www.fabriqueimaginaire.com",
                "statut_juridique": "asbl",
                "province": "Bruxelles-Capitale",
                "bassin_de_vie_fwb": "Bruxelles",
                "bce": "0451.273.890",
                "categorie_principale": "Structure de cr\u00e9ation et artistes",
                "empty": null,
                "type_d_aide": [
                    "Convention"
                ],
                "duree_du_contrat_annees": "1"
            }
        },
        {
            "type": "Feature",
            "geometry": {
                "type": "Point",
                "coordinates": [
                    4.374186467556413,
                    50.85095979557555
                ]
            },
            "properties": {
                "nom_de_l_operateur": "La Maison Eph\u00e9m\u00e8re\u00a0\u2013 cie th\u00e9\u00e2trale asbl",
                "domaine": "Art dramatique",
                "adresse": "Rue Saint-Josse 49",
                "code_postal": "1210",
                "localite": "Saint-Josse-Ten-Noode",
                "telephone": null,
                "courriel": "compagnie@maisonephemere.be",
                "site_web": "https:\/\/maisonephemere.be\/",
                "statut_juridique": "asbl",
                "province": "Bruxelles-Capitale",
                "bassin_de_vie_fwb": "Bruxelles",
                "bce": "0443.454.405",
                "categorie_principale": "Structure de cr\u00e9ation et artistes",
                "empty": null,
                "type_d_aide": [
                    "Contrat de diffusion"
                ],
                "duree_du_contrat_annees": "5"
            }
        },
        {
            "type": "Feature",
            "geometry": {
                "type": "Point",
                "coordinates": [
                    4.373247996390768,
                    50.83489285781387
                ]
            },
            "properties": {
                "nom_de_l_operateur": "La Maison qui Chante",
                "domaine": "Musiques actuelles",
                "adresse": "Rue du Viaduc 122",
                "code_postal": "1050",
                "localite": "Ixelles",
                "telephone": null,
                "courriel": "infos@lamaisonquichante.be",
                "site_web": "https:\/\/www.lamaisonquichante.be\/",
                "statut_juridique": "asbl",
                "province": "Bruxelles-Capitale",
                "bassin_de_vie_fwb": "Bruxelles",
                "bce": "0655.844.219",
                "categorie_principale": "Centre d'Art\/Lieu de diffusion",
                "empty": null,
                "type_d_aide": [
                    "Contrat-programme"
                ],
                "duree_du_contrat_annees": "3"
            }
        },
        {
            "type": "Feature",
            "geometry": {
                "type": "Point",
                "coordinates": [
                    4.337941767554795,
                    50.8270023204236
                ]
            },
            "properties": {
                "nom_de_l_operateur": "Log asbl",
                "domaine": "Arts chor\u00e9graphiques",
                "adresse": "Rue de Bosnie 105",
                "code_postal": "1060",
                "localite": "Saint-Gilles",
                "telephone": null,
                "courriel": null,
                "site_web": null,
                "statut_juridique": "asbl",
                "province": "Bruxelles-Capitale",
                "bassin_de_vie_fwb": "Bruxelles",
                "bce": "0843.010.271",
                "categorie_principale": "Agence, Promotion et Diffusion",
                "empty": null,
                "type_d_aide": [
                    "Convention transversale"
                ],
                "duree_du_contrat_annees": "3"
            }
        },
        {
            "type": "Feature",
            "geometry": {
                "type": "Point",
                "coordinates": [
                    4.391467167555504,
                    50.837195784908964
                ]
            },
            "properties": {
                "nom_de_l_operateur": "Magma asbl",
                "domaine": "Musiques actuelles",
                "adresse": "Chauss\u00e9e Saint-Pierre 208",
                "code_postal": "1040",
                "localite": "Etterbeek",
                "telephone": "02 896 95 00",
                "courriel": "info@mag-ma.org",
                "site_web": "https:\/\/www.mag-ma.org\/",
                "statut_juridique": "asbl",
                "province": "Bruxelles-Capitale",
                "bassin_de_vie_fwb": "Bruxelles",
                "bce": "0508.682.054",
                "categorie_principale": "Structure de service",
                "empty": null,
                "type_d_aide": [
                    "Contrat-programme"
                ],
                "duree_du_contrat_annees": "3"
            }
        },
        {
            "type": "Feature",
            "geometry": {
                "type": "Point",
                "coordinates": [
                    5.570308009867756,
                    50.58474477791779
                ]
            },
            "properties": {
                "nom_de_l_operateur": "Mus\u00e9e en plein air du Sart Tilman",
                "domaine": "Arts Plastiques",
                "adresse": "L'Agora 1 (b\u00e2t. B8)",
                "code_postal": "4000",
                "localite": "Li\u00e8ge",
                "telephone": "04 366 21 09",
                "courriel": "musee.pleinair@uliege.be",
                "site_web": "https:\/\/www.museepla.uliege.be\/",
                "statut_juridique": "asbl",
                "province": "Li\u00e8ge",
                "bassin_de_vie_fwb": "Li\u00e8ge",
                "bce": "0417.507.301",
                "categorie_principale": "Centre d'Art\/Lieu de diffusion",
                "empty": null,
                "type_d_aide": [
                    "Convention"
                ],
                "duree_du_contrat_annees": "4"
            }
        },
        {
            "type": "Feature",
            "geometry": {
                "type": "Point",
                "coordinates": [
                    5.866913981026269,
                    50.49361142719803
                ]
            },
            "properties": {
                "nom_de_l_operateur": "Royal Festival de Spa",
                "domaine": "Art dramatique",
                "adresse": "Rue de l'H\u00f4tel de Ville 44",
                "code_postal": "4900",
                "localite": "Spa",
                "telephone": "087 77 56 52",
                "courriel": "info@royalfestival.be",
                "site_web": "https:\/\/www.royalfestival.be\/",
                "statut_juridique": "asbl",
                "province": "Li\u00e8ge",
                "bassin_de_vie_fwb": "Verviers",
                "bce": "0458.549.979",
                "categorie_principale": "Festival",
                "empty": null,
                "type_d_aide": [
                    "Contrat-programme"
                ],
                "duree_du_contrat_annees": "5"
            }
        },
        {
            "type": "Feature",
            "geometry": {
                "type": "Point",
                "coordinates": [
                    4.566619454050116,
                    50.665400278993786
                ]
            },
            "properties": {
                "nom_de_l_operateur": "SPOTT - Centre Culturel d'Ottignies-Louvain-la-Neuve",
                "domaine": "Arts Plastiques",
                "adresse": "Avenue des Combattants 41",
                "code_postal": "1340",
                "localite": "Ottignies",
                "telephone": "010 43 57 00",
                "courriel": "info@spott.be",
                "site_web": "https:\/\/spott.be\/",
                "statut_juridique": "asbl",
                "province": "Brabant wallon",
                "bassin_de_vie_fwb": "Brabant wallon",
                "bce": "0445.014.422",
                "categorie_principale": "Centre d'Art\/Lieu de diffusion",
                "empty": null,
                "type_d_aide": [
                    "Convention"
                ],
                "duree_du_contrat_annees": "4"
            }
        },
        {
            "type": "Feature",
            "geometry": {
                "type": "Point",
                "coordinates": [
                    4.393607854061308,
                    50.83107545333153
                ]
            },
            "properties": {
                "nom_de_l_operateur": "T.r.a.n.s.i.t.s.c.a.p.e.",
                "domaine": "Arts chor\u00e9graphiques",
                "adresse": "Rue des Cultivateurs 74",
                "code_postal": "1040",
                "localite": "Etterbeek",
                "telephone": null,
                "courriel": "info@laconfiserie.be",
                "site_web": "https:\/\/www.transitscape.net\/",
                "statut_juridique": "asbl",
                "province": "Bruxelles-Capitale",
                "bassin_de_vie_fwb": "Bruxelles",
                "bce": "0889.765.558",
                "categorie_principale": "Structure de cr\u00e9ation et artistes",
                "empty": null,
                "type_d_aide": [
                    "Contrat-programme"
                ],
                "duree_du_contrat_annees": "5"
            }
        },
        {
            "type": "Feature",
            "geometry": {
                "type": "Point",
                "coordinates": [
                    4.334228038722025,
                    50.86584992785537
                ]
            },
            "properties": {
                "nom_de_l_operateur": "Tandem asbl-Cie Mich\u00e8le Noiret",
                "domaine": "Arts chor\u00e9graphiques",
                "adresse": "Rue de la Lys 58",
                "code_postal": "1080",
                "localite": "Molenbeek-Saint-Jean",
                "telephone": "02 425 89 37",
                "courriel": null,
                "site_web": "https:\/\/www.michele-noiret.be\/",
                "statut_juridique": "asbl",
                "province": "Bruxelles-Capitale",
                "bassin_de_vie_fwb": "Bruxelles",
                "bce": "0439.149.880",
                "categorie_principale": "Structure de cr\u00e9ation et artistes",
                "empty": null,
                "type_d_aide": [
                    "Contrat de cr\u00e9ation"
                ],
                "duree_du_contrat_annees": "5"
            }
        },
        {
            "type": "Feature",
            "geometry": {
                "type": "Point",
                "coordinates": [
                    4.3740649233801845,
                    50.86158972376197
                ]
            },
            "properties": {
                "nom_de_l_operateur": "The Quince Quartet - Festival Resonances",
                "domaine": "Musique classique",
                "adresse": "Rue Vilfquin 36",
                "code_postal": "1030",
                "localite": "Schaerbeek",
                "telephone": null,
                "courriel": "info@festival-resonances.be",
                "site_web": "https:\/\/www.festival-resonances.be\/",
                "statut_juridique": "asbl",
                "province": "Bruxelles-Capitale",
                "bassin_de_vie_fwb": "Bruxelles",
                "bce": "0875.545.952",
                "categorie_principale": "Festival",
                "empty": null,
                "type_d_aide": [
                    "Contrat de services"
                ],
                "duree_du_contrat_annees": "5"
            }
        },
        {
            "type": "Feature",
            "geometry": {
                "type": "Point",
                "coordinates": [
                    5.576461881034426,
                    50.61566223255788
                ]
            },
            "properties": {
                "nom_de_l_operateur": "Th\u00e9\u00e2tre & Publics",
                "domaine": "Interdisciplinaire",
                "adresse": "Quai Banning 5",
                "code_postal": "4000",
                "localite": "Li\u00e8ge",
                "telephone": "04 223 45 98",
                "courriel": "info@theatreetpublics.org",
                "site_web": "https:\/\/theatreetpublics.org\/",
                "statut_juridique": "asbl",
                "province": "Li\u00e8ge",
                "bassin_de_vie_fwb": "Li\u00e8ge",
                "bce": "0424.788.239",
                "categorie_principale": "Structure de service",
                "empty": null,
                "type_d_aide": [
                    "Contrat de diffusion"
                ],
                "duree_du_contrat_annees": "3"
            }
        },
        {
            "type": "Feature",
            "geometry": {
                "type": "Point",
                "coordinates": [
                    5.7917871656602955,
                    50.12878875127035
                ]
            },
            "properties": {
                "nom_de_l_operateur": "Th\u00e9\u00e2tre du Sursaut",
                "domaine": "Arts forains, du cirque et de la rue",
                "adresse": "Rue de Bastogne 15",
                "code_postal": "6660",
                "localite": "Houffalize",
                "telephone": null,
                "courriel": "secretariat@theatredusursaut.be",
                "site_web": "https:\/\/theatredusursaut.be\/",
                "statut_juridique": "asbl",
                "province": "Namur",
                "bassin_de_vie_fwb": "Luxembourg",
                "bce": "0889.590.463",
                "categorie_principale": "Structure de cr\u00e9ation et artistes",
                "empty": null,
                "type_d_aide": [
                    "Contrat-programme"
                ],
                "duree_du_contrat_annees": "5"
            }
        },
        {
            "type": "Feature",
            "geometry": {
                "type": "Point",
                "coordinates": [
                    4.354805627074839,
                    50.84853864538382
                ]
            },
            "properties": {
                "nom_de_l_operateur": "Th\u00e9\u00e2tre Royal des Galeries",
                "domaine": "Art dramatique",
                "adresse": "Galerie des Princes 6",
                "code_postal": "1000",
                "localite": "Bruxelles",
                "telephone": "02 513 39 60",
                "courriel": "infos@trg.be",
                "site_web": "https:\/\/www.trg.be\/",
                "statut_juridique": "asbl",
                "province": "Bruxelles-Capitale",
                "bassin_de_vie_fwb": "Bruxelles",
                "bce": "0468.797.436",
                "categorie_principale": "Centre d'Art\/Lieu de diffusion",
                "empty": null,
                "type_d_aide": [
                    "Contrat-programme"
                ],
                "duree_du_contrat_annees": "5"
            }
        },
        {
            "type": "Feature",
            "geometry": {
                "type": "Point",
                "coordinates": [
                    4.8679394368466005,
                    50.45448412457715
                ]
            },
            "properties": {
                "nom_de_l_operateur": "Ventdebout asbl - L'Intime Festival",
                "domaine": "Pluridisciplinaire",
                "adresse": "Rue Lambin\u00a036",
                "code_postal": "5100",
                "localite": "Namur",
                "telephone": null,
                "courriel": null,
                "site_web": "https:\/\/intime-festival.be",
                "statut_juridique": "asbl",
                "province": "Namur",
                "bassin_de_vie_fwb": "Namur",
                "bce": "0500.945.414",
                "categorie_principale": "Festival",
                "empty": null,
                "type_d_aide": [
                    "Contrat de diffusion"
                ],
                "duree_du_contrat_annees": "5"
            }
        },
        {
            "type": "Feature",
            "geometry": {
                "type": "Point",
                "coordinates": [
                    5.635758011712206,
                    50.53508781931155
                ]
            },
            "properties": {
                "nom_de_l_operateur": "Wachibouzouk\u00a0- The Free House",
                "domaine": "Musiques actuelles",
                "adresse": "Rue de Wachiboux 19",
                "code_postal": "4140",
                "localite": "Sprimont",
                "telephone": null,
                "courriel": null,
                "site_web": null,
                "statut_juridique": "asbl",
                "province": "Li\u00e8ge",
                "bassin_de_vie_fwb": "Li\u00e8ge",
                "bce": "0871.720.786",
                "categorie_principale": "Structure de service",
                "empty": null,
                "type_d_aide": [
                    "Contrat de diffusion"
                ],
                "duree_du_contrat_annees": "3"
            }
        },
        {
            "type": "Feature",
            "geometry": {
                "type": "Point",
                "coordinates": [
                    4.528794196374343,
                    50.59033683218968
                ]
            },
            "properties": {
                "nom_de_l_operateur": "Abbaye de Villers-La-Ville asbl",
                "domaine": "Pluridisciplinaire",
                "adresse": "Rue de l'Abbaye 55",
                "code_postal": "1495",
                "localite": "Villers-La-Ville",
                "telephone": "071 88 09 80",
                "courriel": "info@villers.be",
                "site_web": "https:\/\/www.villers.be",
                "statut_juridique": "asbl",
                "province": "Brabant wallon",
                "bassin_de_vie_fwb": "Brabant wallon",
                "bce": "0413.193.670",
                "categorie_principale": "Centre d'Art\/Lieu de diffusion",
                "empty": null,
                "type_d_aide": [
                    "Contrat-programme"
                ],
                "duree_du_contrat_annees": "5"
            }
        },
        {
            "type": "Feature",
            "geometry": {
                "type": "Point",
                "coordinates": [
                    5.5708,
                    50.6449
                ]
            },
            "properties": {
                "nom_de_l_operateur": "Art au centre",
                "domaine": "Arts Plastiques",
                "adresse": "Place Saint-Michel 56, 4000 Liège",
                "code_postal": "4000",
                "localite": "Li\u00e8ge",
                "telephone": null,
                "courriel": "hello@artaucentre.be",
                "site_web": "https:\/\/artaucentre.be\/",
                "statut_juridique": "asbl",
                "province": "Li\u00e8ge",
                "bassin_de_vie_fwb": "Li\u00e8ge",
                "bce": null,
                "categorie_principale": null,
                "empty": null,
                "type_d_aide": [
                    "Convention"
                ],
                "duree_du_contrat_annees": "4",
                "geolocalisation": null
            }
        },
        {
            "type": "Feature",
            "geometry": {
                "type": "Point",
                "coordinates": [
                    4.339861196390412,
                    50.83004587363508
                ]
            },
            "properties": {
                "nom_de_l_operateur": "Asbl Chouette",
                "domaine": "Musiques actuelles",
                "adresse": "Rue Dethy 81",
                "code_postal": "1060",
                "localite": "Saint-Gilles",
                "telephone": null,
                "courriel": "info@chouetteasbl.be",
                "site_web": "https:\/\/chouetteasbl.be\/",
                "statut_juridique": "asbl",
                "province": "Bruxelles-Capitale",
                "bassin_de_vie_fwb": "Bruxelles",
                "bce": "0840.990.691",
                "categorie_principale": "Structure de cr\u00e9ation et artistes",
                "empty": null,
                "type_d_aide": [
                    "Contrat-programme"
                ],
                "duree_du_contrat_annees": "3"
            }
        },
        {
            "type": "Feature",
            "geometry": {
                "type": "Point",
                "coordinates": [
                    3.5040592424578816,
                    50.72590791340441
                ]
            },
            "properties": {
                "nom_de_l_operateur": "Asbl Proquartetto",
                "domaine": "Musique classique",
                "adresse": "Chemin du Moulin 40",
                "code_postal": "7750",
                "localite": "Anseroeul",
                "telephone": "069 45 48 50",
                "courriel": "info@proquartetto.be",
                "site_web": "https:\/\/www.proquartetto.be\/",
                "statut_juridique": "asbl",
                "province": "Hainaut",
                "bassin_de_vie_fwb": "Wallonie picarde",
                "bce": "0476.856.354",
                "categorie_principale": "Agence, Promotion et Diffusion",
                "empty": null,
                "type_d_aide": [
                    "Contrat-programme"
                ],
                "duree_du_contrat_annees": "3"
            }
        },
        {
            "type": "Feature",
            "geometry": {
                "type": "Point",
                "coordinates": [
                    4.391566367555523,
                    50.83722265814152
                ]
            },
            "properties": {
                "nom_de_l_operateur": "Atelier 210",
                "domaine": "Interdisciplinaire",
                "adresse": "Chauss\u00e9e Saint-Pierre 210",
                "code_postal": "1040",
                "localite": "Etterbeek",
                "telephone": "02 732 25 98",
                "courriel": "info@atelier210.be",
                "site_web": "https:\/\/www.atelier210.be",
                "statut_juridique": "asbl",
                "province": "Bruxelles-Capitale",
                "bassin_de_vie_fwb": "Bruxelles",
                "bce": "0872.234.193",
                "categorie_principale": "Centre d'Art\/Lieu de diffusion",
                "empty": null,
                "type_d_aide": [
                    "Convention"
                ],
                "duree_du_contrat_annees": "5"
            }
        },
        {
            "type": "Feature",
            "geometry": {
                "type": "Point",
                "coordinates": [
                    3.3867879963752934,
                    50.604680728885874
                ]
            },
            "properties": {
                "nom_de_l_operateur": "Centre de la Marionnette de la F\u00e9d\u00e9ration Wallonie-Bruxelles",
                "domaine": "Interdisciplinaire",
                "adresse": "Rue Saint-Martin\u00a0 47",
                "code_postal": "7500",
                "localite": "Tournai",
                "telephone": "069 88 91 40",
                "courriel": "maisondelamarionnette@skynet.be",
                "site_web": "https:\/\/www.maisondelamarionnette.be\/fr\/",
                "statut_juridique": "asbl",
                "province": "Hainaut",
                "bassin_de_vie_fwb": "Wallonie picarde",
                "bce": "0433.706.893",
                "categorie_principale": "Centre d'Art\/Lieu de diffusion",
                "empty": null,
                "type_d_aide": [
                    "Contrat-programme"
                ],
                "duree_du_contrat_annees": "5"
            }
        },
        {
            "type": "Feature",
            "geometry": {
                "type": "Point",
                "coordinates": [
                    4.3252540828969295,
                    50.83503326832143
                ]
            },
            "properties": {
                "nom_de_l_operateur": "Collectif Hold Up",
                "domaine": "Interdisciplinaire",
                "adresse": "Rue Georges Moreau 132",
                "code_postal": "1070",
                "localite": "Anderlecht",
                "telephone": null,
                "courriel": "collectif.holdup@gmail.com",
                "site_web": "https:\/\/www.holdup.be\/",
                "statut_juridique": "asbl",
                "province": "Bruxelles-Capitale",
                "bassin_de_vie_fwb": "Bruxelles",
                "bce": "0656.872.716",
                "categorie_principale": "Structure de cr\u00e9ation et artistes",
                "empty": null,
                "type_d_aide": [
                    "Contrat-programme"
                ],
                "duree_du_contrat_annees": "3"
            }
        },
        {
            "type": "Feature",
            "geometry": {
                "type": "Point",
                "coordinates": [
                    4.352003881050498,
                    50.85498273101179
                ]
            },
            "properties": {
                "nom_de_l_operateur": "Emilie(s)\u00b2",
                "domaine": "Arts Plastiques",
                "adresse": "Rue de Laeken 122",
                "code_postal": "1000",
                "localite": "Bruxelles",
                "telephone": null,
                "courriel": "info@sterput.org",
                "site_web": "https:\/\/sterput.org\/",
                "statut_juridique": "asbl",
                "province": "Bruxelles-Capitale",
                "bassin_de_vie_fwb": "Bruxelles",
                "bce": "0540.968.010",
                "categorie_principale": "Centre d'Art\/Lieu de diffusion",
                "empty": null,
                "type_d_aide": [
                    "Convention"
                ],
                "duree_du_contrat_annees": "4"
            }
        },
        {
            "type": "Feature",
            "geometry": {
                "type": "Point",
                "coordinates": [
                    4.62770919638224,
                    50.708439044647946
                ]
            },
            "properties": {
                "nom_de_l_operateur": "EXAG Unlimited asbl",
                "domaine": "Musiques actuelles",
                "adresse": "Avenue de la Bride 17",
                "code_postal": "1300",
                "localite": "Wavre",
                "telephone": null,
                "courriel": null,
                "site_web": "https:\/\/www.exagrecords.com\/",
                "statut_juridique": "asbl",
                "province": "Brabant wallon",
                "bassin_de_vie_fwb": "Brabant wallon",
                "bce": "0713.963.352",
                "categorie_principale": "Agence, Promotion et Diffusion",
                "empty": null,
                "type_d_aide": [
                    "Convention transversale"
                ],
                "duree_du_contrat_annees": "3"
            }
        },
        {
            "type": "Feature",
            "geometry": {
                "type": "Point",
                "coordinates": [
                    6.030231926500563,
                    50.626053138681236
                ]
            },
            "properties": {
                "nom_de_l_operateur": "Ikob",
                "domaine": "Arts Plastiques",
                "adresse": "Rotenberg 12B",
                "code_postal": "4700",
                "localite": "Eupen",
                "telephone": "087 56 01 10",
                "courriel": "info@ikob.be",
                "site_web": "https:\/\/www.ikob.be\/",
                "statut_juridique": "asbl",
                "province": "Li\u00e8ge",
                "bassin_de_vie_fwb": "Li\u00e8ge",
                "bce": "0451.357.826",
                "categorie_principale": "Centre d'Art\/Lieu de diffusion",
                "empty": null,
                "type_d_aide": [
                    "Convention"
                ],
                "duree_du_contrat_annees": "4"
            }
        },
        {
            "type": "Feature",
            "geometry": {
                "type": "Point",
                "coordinates": [
                    4.342214094544303,
                    50.85504862269635
                ]
            },
            "properties": {
                "nom_de_l_operateur": "iMAL, Center for digital cultures and technology",
                "domaine": "Arts Plastiques",
                "adresse": "Quai des Charbonnages 30",
                "code_postal": "1080",
                "localite": "Molenbeek-Saint-Jean",
                "telephone": "02 410 30 93",
                "courriel": "info@imal.org",
                "site_web": "https:\/\/www.imal.org\/",
                "statut_juridique": "asbl",
                "province": "Bruxelles-Capitale",
                "bassin_de_vie_fwb": "Bruxelles",
                "bce": "0472.300.621",
                "categorie_principale": "Centre d'Art\/Lieu de diffusion",
                "empty": null,
                "type_d_aide": [
                    "Convention"
                ],
                "duree_du_contrat_annees": "4"
            }
        }
    ]
}