{
    "type": "FeatureCollection",
    "features": [
        {
            "type": "Feature",
            "geometry": {
                "type": "Point",
                "coordinates": [
                    4.433787157937867,
                    50.81910346031945
                ]
            },
            "properties": {
                "prenom": "Muriel",
                "nom": "Durant",
                "nom_d_artiste_ou_du_groupe_artistique": null,
                "adresse_courriel": "info@murieldurant.be",
                "cp": "1160",
                "domaine_s_artistique_s": [
                    "Arts vivants"
                ],
                "sous_domaine_artistique": [
                    "Conte"
                ],
                "precision_du_sous_domaine": [
                    "Conte; Conte Jeune Public"
                ],
                "metiers_artistiques": "Conteur·se, Texte: auteur·rice, Texte: adaptation, Création sonore",
                "niveau_x_et_ou_type_s_d_enseignement": [
                    "Niveau fondamental - primaire",
                    "Niveau secondaire - inférieur",
                    "Niveau secondaire - supérieur"
                ],
                "bassin_s_scolaire_s": [
                    "Bruxelles",
                    "Brabant wallon",
                    "Hainaut Centre",
                    "Hainaut Sud",
                    "Wallonie picarde",
                    "Liège",
                    "Namur"
                ],
                "type_s_d_intervention_s": [
                    "Rencontre ponctuelle (1 séance d'1 ou 2 heures)"
                ],
                "site_web": null,
                "descriptif": null
            }
        },
        {
            "type": "Feature",
            "geometry": {
                "type": "Point",
                "coordinates": [
                    4.392339883209628,
                    50.900317322371656
                ]
            },
            "properties": {
                "prenom": "Victor",
                "nom": "Lefèvre",
                "nom_d_artiste_ou_du_groupe_artistique": "L'épicurieuse ASBL",
                "adresse_courriel": "victor.lefevre@lilo.org",
                "cp": "1120",
                "domaine_s_artistique_s": [
                    "Arts vivants"
                ],
                "sous_domaine_artistique": [
                    "Art dramatique"
                ],
                "precision_du_sous_domaine": [
                    "Théâtre général; Théâtre général Jeune Public"
                ],
                "metiers_artistiques": "Chanteur·se, Comédien·ne, Musicien·ne, Récitant·e, Texte: auteur·rice, Texte: adaptation, Mise en scène",
                "niveau_x_et_ou_type_s_d_enseignement": [
                    "Niveau fondamental - maternel",
                    "Niveau fondamental - primaire",
                    "Niveau secondaire - inférieur",
                    "Niveau secondaire - supérieur"
                ],
                "bassin_s_scolaire_s": [
                    "Bruxelles",
                    "Brabant wallon",
                    "Hainaut Centre",
                    "Hainaut Sud",
                    "Wallonie picarde",
                    "Huy Waremme",
                    "Liège",
                    "Verviers",
                    "Namur",
                    "Luxembourg"
                ],
                "type_s_d_intervention_s": [
                    "Rencontre ponctuelle (1 séance d'1 ou 2 heures)",
                    "Accompagnement de projet (3 à 5 séances de 2 heures chacune)"
                ],
                "site_web": null,
                "descriptif": null
            }
        },
        {
            "type": "Feature",
            "geometry": {
                "type": "Point",
                "coordinates": [
                    4.343463448726441,
                    50.83044911483679
                ]
            },
            "properties": {
                "prenom": "Maud",
                "nom": "Faivre",
                "nom_d_artiste_ou_du_groupe_artistique": null,
                "adresse_courriel": "maudfaivre@mailo.com",
                "cp": "1060",
                "domaine_s_artistique_s": [
                    "Arts visuels"
                ],
                "sous_domaine_artistique": [
                    "Arts numériques et technologiques"
                ],
                "precision_du_sous_domaine": [
                    "Photographie; Vidéo d'art"
                ],
                "metiers_artistiques": "Artiste plasticien",
                "niveau_x_et_ou_type_s_d_enseignement": [
                    "Niveau fondamental - primaire",
                    "Niveau secondaire - inférieur",
                    "Niveau secondaire - supérieur"
                ],
                "bassin_s_scolaire_s": [
                    "Bruxelles",
                    "Brabant wallon"
                ],
                "type_s_d_intervention_s": [
                    "Rencontre ponctuelle (1 séance d'1 ou 2 heures)",
                    "Accompagnement de projet (3 à 5 séances de 2 heures chacune)"
                ],
                "site_web": null,
                "descriptif": null
            }
        },
        {
            "type": "Feature",
            "geometry": {
                "type": "Point",
                "coordinates": [
                    4.687666696922213,
                    50.56790659954906
                ]
            },
            "properties": {
                "prenom": "Fanny",
                "nom": "Beriaux",
                "nom_d_artiste_ou_du_groupe_artistique": null,
                "adresse_courriel": "fannyberiaux@gmail.com",
                "cp": "5030",
                "domaine_s_artistique_s": [
                    "Musique"
                ],
                "sous_domaine_artistique": [
                    "Musiques actuelles"
                ],
                "precision_du_sous_domaine": [
                    "Blues; Folk-Trad-World; Jazz; Chanson et Musique d'expression francophone; Pop/Rock; Spectacle musical"
                ],
                "metiers_artistiques": "Chanteur·se, Musicien·ne, Récitant·e, Texte: auteur·rice, Texte: adaptation, Musique: compositeur·rice, Musique: arrangements",
                "niveau_x_et_ou_type_s_d_enseignement": [
                    "Niveau fondamental - maternel",
                    "Niveau fondamental - primaire",
                    "Niveau secondaire - inférieur",
                    "Niveau secondaire - supérieur"
                ],
                "bassin_s_scolaire_s": [
                    "Bruxelles",
                    "Brabant wallon",
                    "Hainaut Centre",
                    "Hainaut Sud",
                    "Wallonie picarde",
                    "Huy Waremme",
                    "Liège",
                    "Verviers",
                    "Namur"
                ],
                "type_s_d_intervention_s": [
                    "Rencontre ponctuelle (1 séance d'1 ou 2 heures)",
                    "Accompagnement de projet (3 à 5 séances de 2 heures chacune)"
                ],
                "site_web": "https:/jazzinbelgium.be/personnes/musiciens/876/fanny-beriaux",
                "descriptif": "Issue à la base d'une formation classique, Fanny Bériaux s'est petit à petit dirigée vers le monde du jazz et de la soul. On peut aujourd'hui retrouver dans sa musique et dans sa voix les influences d'Anita O'Day, Madeleine Peyroux, Erikah Badu, Ella Fitzgerald, Cassandra Wilson..."
            }
        },
        {
            "type": "Feature",
            "geometry": {
                "type": "Point",
                "coordinates": [
                    4.343463448726441,
                    50.83044911483679
                ]
            },
            "properties": {
                "prenom": "Florian",
                "nom": "Van Gils",
                "nom_d_artiste_ou_du_groupe_artistique": "Le phare émeraude",
                "adresse_courriel": "florian.vangils@phare-emeraude.be",
                "cp": "1060",
                "domaine_s_artistique_s": [
                    "Arts vivants"
                ],
                "sous_domaine_artistique": [
                    "Art dramatique"
                ],
                "precision_du_sous_domaine": [
                    "Théâtre général; Théâtre général Jeune Public"
                ],
                "metiers_artistiques": "Comédien·ne, Texte: auteur·rice, Mise en scène",
                "niveau_x_et_ou_type_s_d_enseignement": [
                    "Niveau secondaire - inférieur",
                    "Niveau secondaire - supérieur"
                ],
                "bassin_s_scolaire_s": [
                    "Bruxelles",
                    "Liège",
                    "Verviers"
                ],
                "type_s_d_intervention_s": [
                    "Rencontre ponctuelle (1 séance d'1 ou 2 heures)",
                    "Accompagnement de projet (3 à 5 séances de 2 heures chacune)"
                ],
                "site_web": null,
                "descriptif": null
            }
        },
        {
            "type": "Feature",
            "geometry": {
                "type": "Point",
                "coordinates": [
                    5.494502807712686,
                    49.679738949267666
                ]
            },
            "properties": {
                "prenom": "Christian",
                "nom": "Schaubroeck",
                "nom_d_artiste_ou_du_groupe_artistique": null,
                "adresse_courriel": "cschaubroeck.cs@gmail.com",
                "cp": "6730",
                "domaine_s_artistique_s": [
                    "Arts vivants"
                ],
                "sous_domaine_artistique": [
                    "Conte"
                ],
                "precision_du_sous_domaine": [
                    "Conte; Conte Jeune Public"
                ],
                "metiers_artistiques": "Conteur·se, Texte: auteur·rice, Texte: adaptation, Mise en scène, Scénographie, Vidéo",
                "niveau_x_et_ou_type_s_d_enseignement": [
                    "Niveau fondamental - maternel",
                    "Niveau fondamental - primaire",
                    "Niveau secondaire - inférieur",
                    "Niveau secondaire - supérieur"
                ],
                "bassin_s_scolaire_s": [
                    "Luxembourg"
                ],
                "type_s_d_intervention_s": [
                    "Rencontre ponctuelle (1 séance d'1 ou 2 heures)",
                    "Accompagnement de projet (3 à 5 séances de 2 heures chacune)"
                ],
                "site_web": null,
                "descriptif": null
            }
        },
        {
            "type": "Feature",
            "geometry": {
                "type": "Point",
                "coordinates": [
                    4.318752891748991,
                    50.855119755562214
                ]
            },
            "properties": {
                "prenom": "Bertrand",
                "nom": "Cavalier",
                "nom_d_artiste_ou_du_groupe_artistique": null,
                "adresse_courriel": "cavalierbertrand@gmail.com",
                "cp": "1080",
                "domaine_s_artistique_s": [
                    "Arts visuels"
                ],
                "sous_domaine_artistique": [
                    "Dessin",
                    "Illustration"
                ],
                "precision_du_sous_domaine": [
                    "Photographie; Sculpture; Vidéo d'art"
                ],
                "metiers_artistiques": "Artiste plasticien",
                "niveau_x_et_ou_type_s_d_enseignement": [
                    "Niveau secondaire - inférieur",
                    "Niveau secondaire - supérieur"
                ],
                "bassin_s_scolaire_s": [
                    "Bruxelles"
                ],
                "type_s_d_intervention_s": [
                    "Rencontre ponctuelle (1 séance d'1 ou 2 heures)",
                    "Accompagnement de projet (3 à 5 séances de 2 heures chacune)"
                ],
                "site_web": null,
                "descriptif": null
            }
        },
        {
            "type": "Feature",
            "geometry": {
                "type": "Point",
                "coordinates": [
                    4.35012989814735,
                    50.8475911319432
                ]
            },
            "properties": {
                "prenom": "Maite",
                "nom": "Leuridan",
                "nom_d_artiste_ou_du_groupe_artistique": "TRIO LEURIDAN",
                "adresse_courriel": "maiteleuridan@gmail.com",
                "cp": "1000",
                "domaine_s_artistique_s": [
                    "Arts vivants",
                    "Musique"
                ],
                "sous_domaine_artistique": [
                    "Conte",
                    "Marionnettes",
                    "théâtre d'objets",
                    "théâtre d'ombres",
                    "Musique classique et contemporaine"
                ],
                "precision_du_sous_domaine": [
                    "Conte Jeune Public; Marionnettes",
                    "théâtre d'objets",
                    "théâtre d'ombres jeune public; Musique classique et contemporaine (ensemble)"
                ],
                "metiers_artistiques": "Chanteur·se, Musicien·ne, Musique: arrangements",
                "niveau_x_et_ou_type_s_d_enseignement": [
                    "Niveau fondamental - maternel",
                    "Niveau fondamental - primaire"
                ],
                "bassin_s_scolaire_s": [
                    "Bruxelles"
                ],
                "type_s_d_intervention_s": [
                    "Rencontre ponctuelle (1 séance d'1 ou 2 heures)",
                    "Accompagnement de projet (3 à 5 séances de 2 heures chacune)"
                ],
                "site_web": null,
                "descriptif": null
            }
        },
        {
            "type": "Feature",
            "geometry": {
                "type": "Point",
                "coordinates": [
                    4.29266566264007,
                    50.83150217114286
                ]
            },
            "properties": {
                "prenom": "Karine",
                "nom": "Germaix",
                "nom_d_artiste_ou_du_groupe_artistique": null,
                "adresse_courriel": "karine.germaix@gmail.com",
                "cp": "1070",
                "domaine_s_artistique_s": [
                    "Arts vivants",
                    "Musique"
                ],
                "sous_domaine_artistique": [
                    "Musique classique et contemporaine",
                    "Musiques actuelles",
                    "Spectacle pluridisciplinaire"
                ],
                "precision_du_sous_domaine": [
                    "Spectacle pluridisciplinaire; Folk-Trad-World; Jazz; Chanson et Musique d'expression francophone; Pop/Rock; Spectacle musical; Musique classique et contemporaine (ensemble)"
                ],
                "metiers_artistiques": "Chanteur·se, Comédien·ne, Musicien·ne, Musique: compositeur·rice, Musique: arrangements",
                "niveau_x_et_ou_type_s_d_enseignement": [
                    "Niveau fondamental - maternel",
                    "Niveau fondamental - primaire",
                    "Niveau secondaire - inférieur",
                    "Niveau secondaire - supérieur"
                ],
                "bassin_s_scolaire_s": [
                    "Bruxelles"
                ],
                "type_s_d_intervention_s": [
                    "Rencontre ponctuelle (1 séance d'1 ou 2 heures)",
                    "Accompagnement de projet (3 à 5 séances de 2 heures chacune)"
                ],
                "site_web": null,
                "descriptif": null
            }
        },
        {
            "type": "Feature",
            "geometry": {
                "type": "Point",
                "coordinates": [
                    5.560439577436734,
                    50.64762245632328
                ]
            },
            "properties": {
                "prenom": "Antoine",
                "nom": "Renard",
                "nom_d_artiste_ou_du_groupe_artistique": "Le Zet",
                "adresse_courriel": "a.re@zetetiquetheatre.be",
                "cp": "4000",
                "domaine_s_artistique_s": [
                    "Arts vivants"
                ],
                "sous_domaine_artistique": [
                    "Art dramatique"
                ],
                "precision_du_sous_domaine": [
                    "Théâtre général Jeune Public"
                ],
                "metiers_artistiques": "Comédien·ne",
                "niveau_x_et_ou_type_s_d_enseignement": [
                    "Niveau fondamental - maternel",
                    "Niveau fondamental - primaire",
                    "Niveau secondaire - inférieur",
                    "Niveau secondaire - supérieur"
                ],
                "bassin_s_scolaire_s": [
                    "Huy Waremme",
                    "Liège",
                    "Verviers",
                    "Namur"
                ],
                "type_s_d_intervention_s": [
                    "Rencontre ponctuelle (1 séance d'1 ou 2 heures)",
                    "Accompagnement de projet (3 à 5 séances de 2 heures chacune)"
                ],
                "site_web": null,
                "descriptif": null
            }
        },
        {
            "type": "Feature",
            "geometry": {
                "type": "Point",
                "coordinates": [
                    4.380744543764381,
                    50.86661416180231
                ]
            },
            "properties": {
                "prenom": "Grégoire",
                "nom": "Fray",
                "nom_d_artiste_ou_du_groupe_artistique": "THOT",
                "adresse_courriel": "eo.olienne@gmail.com",
                "cp": "1030",
                "domaine_s_artistique_s": [
                    "Musique"
                ],
                "sous_domaine_artistique": [
                    "Musiques actuelles"
                ],
                "precision_du_sous_domaine": [
                    "Musiques électroniques; Pop/Rock; Rock dur"
                ],
                "metiers_artistiques": "Chanteur·se, Musicien·ne, Musique: compositeur·rice, Musique: arrangements",
                "niveau_x_et_ou_type_s_d_enseignement": [
                    "Niveau fondamental - primaire",
                    "Niveau secondaire - inférieur",
                    "Niveau secondaire - supérieur"
                ],
                "bassin_s_scolaire_s": [
                    "Bruxelles",
                    "Brabant wallon"
                ],
                "type_s_d_intervention_s": [
                    "Rencontre ponctuelle (1 séance d'1 ou 2 heures)",
                    "Accompagnement de projet (3 à 5 séances de 2 heures chacune)"
                ],
                "site_web": null,
                "descriptif": null
            }
        },
        {
            "type": "Feature",
            "geometry": {
                "type": "Point",
                "coordinates": [
                    4.350645306371014,
                    50.797511521371305
                ]
            },
            "properties": {
                "prenom": "Bénédicte",
                "nom": "Chabot",
                "nom_d_artiste_ou_du_groupe_artistique": "SHABO",
                "adresse_courriel": "chabotbenedicte@hotmail.com",
                "cp": "1180",
                "domaine_s_artistique_s": [
                    "Arts vivants",
                    "Musique"
                ],
                "sous_domaine_artistique": [
                    "Art dramatique",
                    "Musiques actuelles"
                ],
                "precision_du_sous_domaine": [
                    "Théâtre général; Spectacle d'improvisation; Chanson et Musique d'expression francophone; Spectacle musical"
                ],
                "metiers_artistiques": "Chanteur·se, Comédien·ne, Musicien·ne, Texte: auteur·rice, Texte: adaptation, Musique: compositeur·rice, Musique: arrangements",
                "niveau_x_et_ou_type_s_d_enseignement": [
                    "Niveau fondamental - primaire",
                    "Niveau secondaire - inférieur",
                    "Niveau secondaire - supérieur"
                ],
                "bassin_s_scolaire_s": [
                    "Bruxelles",
                    "Brabant wallon"
                ],
                "type_s_d_intervention_s": [
                    "Rencontre ponctuelle (1 séance d'1 ou 2 heures)",
                    "Accompagnement de projet (3 à 5 séances de 2 heures chacune)"
                ],
                "site_web": null,
                "descriptif": null
            }
        },
        {
            "type": "Feature",
            "geometry": {
                "type": "Point",
                "coordinates": [
                    4.8650544250430565,
                    50.463078674381016
                ]
            },
            "properties": {
                "prenom": "Emmanuel",
                "nom": "Picardi",
                "nom_d_artiste_ou_du_groupe_artistique": null,
                "adresse_courriel": "florenceleonardpicardi@gmail.com",
                "cp": "5020",
                "domaine_s_artistique_s": [
                    "Musique"
                ],
                "sous_domaine_artistique": [
                    "Musiques actuelles"
                ],
                "precision_du_sous_domaine": [
                    "Blues; Chanson et Musique d'expression francophone; Pop/Rock"
                ],
                "metiers_artistiques": "Chanteur·se, Musicien·ne, Texte: auteur·rice, Musique: compositeur·rice",
                "niveau_x_et_ou_type_s_d_enseignement": [
                    "Niveau secondaire - inférieur",
                    "Niveau secondaire - supérieur"
                ],
                "bassin_s_scolaire_s": [
                    "Brabant wallon",
                    "Hainaut Centre",
                    "Hainaut Sud",
                    "Wallonie picarde",
                    "Huy Waremme",
                    "Liège",
                    "Verviers",
                    "Namur",
                    "Luxembourg"
                ],
                "type_s_d_intervention_s": [
                    "Rencontre ponctuelle (1 séance d'1 ou 2 heures)"
                ],
                "site_web": null,
                "descriptif": null
            }
        },
        {
            "type": "Feature",
            "geometry": {
                "type": "Point",
                "coordinates": [
                    4.350645306371014,
                    50.797511521371305
                ]
            },
            "properties": {
                "prenom": "Olga",
                "nom": "Dubois",
                "nom_d_artiste_ou_du_groupe_artistique": null,
                "adresse_courriel": "ok.dubois@gmail.com",
                "cp": "1180",
                "domaine_s_artistique_s": [
                    "Musique"
                ],
                "sous_domaine_artistique": [
                    "Musique classique et contemporaine"
                ],
                "precision_du_sous_domaine": [
                    "Musique classique et contemporaine (ensemble); Musique classique et contemporaine (soliste)"
                ],
                "metiers_artistiques": "Chanteur·se, Comédien·ne, Musicien·ne, Texte: auteur·rice, Mise en scène",
                "niveau_x_et_ou_type_s_d_enseignement": [
                    "Niveau fondamental - maternel",
                    "Niveau fondamental - primaire"
                ],
                "bassin_s_scolaire_s": [
                    "Bruxelles",
                    "Brabant wallon",
                    "Hainaut Centre",
                    "Hainaut Sud",
                    "Wallonie picarde",
                    "Huy Waremme",
                    "Liège",
                    "Verviers",
                    "Namur",
                    "Luxembourg"
                ],
                "type_s_d_intervention_s": [
                    "Rencontre ponctuelle (1 séance d'1 ou 2 heures)"
                ],
                "site_web": null,
                "descriptif": null
            }
        },
        {
            "type": "Feature",
            "geometry": {
                "type": "Point",
                "coordinates": [
                    4.493950983075656,
                    50.6025126963303
                ]
            },
            "properties": {
                "prenom": "Estelle",
                "nom": "Beugin",
                "nom_d_artiste_ou_du_groupe_artistique": "CieDisMoiOui - Cie Oqueldomage - et autres",
                "adresse_courriel": "estelleavec2ailes@gmail.com",
                "cp": "1470",
                "domaine_s_artistique_s": [
                    "Arts vivants"
                ],
                "sous_domaine_artistique": [
                    "Arts forains",
                    "du cirque et de la rue"
                ],
                "precision_du_sous_domaine": [
                    "Arts forains",
                    "du cirque et de la rue adulte et public familial"
                ],
                "metiers_artistiques": "Artiste de cirque - Arts forains, Comédien·ne, Texte: auteur·rice, Musique: décor sonore, Chorégraphie, Mise en scène, Scénographie",
                "niveau_x_et_ou_type_s_d_enseignement": [
                    "Niveau secondaire - inférieur",
                    "Niveau secondaire - supérieur"
                ],
                "bassin_s_scolaire_s": [
                    "Brabant wallon"
                ],
                "type_s_d_intervention_s": [
                    "Rencontre ponctuelle (1 séance d'1 ou 2 heures)",
                    "Accompagnement de projet (3 à 5 séances de 2 heures chacune)"
                ],
                "site_web": null,
                "descriptif": null
            }
        },
        {
            "type": "Feature",
            "geometry": {
                "type": "Point",
                "coordinates": [
                    4.376217020664074,
                    50.82661313830635
                ]
            },
            "properties": {
                "prenom": "Ariane",
                "nom": "Buhbinder",
                "nom_d_artiste_ou_du_groupe_artistique": "L'Anneau",
                "adresse_courriel": "anneautheatre@gmail.com",
                "cp": "1050",
                "domaine_s_artistique_s": [
                    "Arts vivants"
                ],
                "sous_domaine_artistique": [
                    "Art dramatique",
                    "Marionnettes",
                    "théâtre d'objets",
                    "théâtre d'ombres"
                ],
                "precision_du_sous_domaine": [
                    "Théâtre général Jeune Public; Marionnettes",
                    "théâtre d'objets",
                    "théâtre d'ombres jeune public"
                ],
                "metiers_artistiques": "autrice en scènemetteuse, Texte: auteur·rice, Texte: adaptation, Mise en scène",
                "niveau_x_et_ou_type_s_d_enseignement": [
                    "Niveau fondamental - primaire"
                ],
                "bassin_s_scolaire_s": [
                    "Bruxelles"
                ],
                "type_s_d_intervention_s": [
                    "Rencontre ponctuelle (1 séance d'1 ou 2 heures)"
                ],
                "site_web": null,
                "descriptif": null
            }
        },
        {
            "type": "Feature",
            "geometry": {
                "type": "Point",
                "coordinates": [
                    4.624845694681677,
                    50.58987166003846
                ]
            },
            "properties": {
                "prenom": "Kaja",
                "nom": "Farszky",
                "nom_d_artiste_ou_du_groupe_artistique": "Ensemble21",
                "adresse_courriel": "ensemble21coordination@gmail.com",
                "cp": "1450",
                "domaine_s_artistique_s": [
                    "Musique"
                ],
                "sous_domaine_artistique": [
                    "Musique classique et contemporaine"
                ],
                "precision_du_sous_domaine": [
                    "Musique classique et contemporaine (ensemble); Musique classique et contemporaine (soliste)"
                ],
                "metiers_artistiques": "Musicien·ne, Musique: compositeur·rice, Musique: arrangements, Musique: décor sonore",
                "niveau_x_et_ou_type_s_d_enseignement": [
                    "Niveau fondamental - maternel",
                    "Niveau fondamental - primaire",
                    "Niveau secondaire - inférieur",
                    "Niveau secondaire - supérieur"
                ],
                "bassin_s_scolaire_s": [
                    "Bruxelles",
                    "Brabant wallon",
                    "Hainaut Centre",
                    "Hainaut Sud",
                    "Namur"
                ],
                "type_s_d_intervention_s": [
                    "Rencontre ponctuelle (1 séance d'1 ou 2 heures)",
                    "Accompagnement de projet (3 à 5 séances de 2 heures chacune)"
                ],
                "site_web": null,
                "descriptif": null
            }
        },
        {
            "type": "Feature",
            "geometry": {
                "type": "Point",
                "coordinates": [
                    4.4233419503166855,
                    50.85035634033195
                ]
            },
            "properties": {
                "prenom": "Rachid",
                "nom": "Benbouchta",
                "nom_d_artiste_ou_du_groupe_artistique": "e la nave va asbl",
                "adresse_courriel": "rachidbenbouchta@gmail.com",
                "cp": "1200",
                "domaine_s_artistique_s": [
                    "Arts vivants"
                ],
                "sous_domaine_artistique": [
                    "Art dramatique"
                ],
                "precision_du_sous_domaine": [
                    "Théâtre général"
                ],
                "metiers_artistiques": "Comédien·ne, Mise en scène",
                "niveau_x_et_ou_type_s_d_enseignement": [
                    "Niveau secondaire - inférieur",
                    "Niveau secondaire - supérieur"
                ],
                "bassin_s_scolaire_s": [
                    "Bruxelles"
                ],
                "type_s_d_intervention_s": [
                    "Rencontre ponctuelle (1 séance d'1 ou 2 heures)"
                ],
                "site_web": null,
                "descriptif": null
            }
        },
        {
            "type": "Feature",
            "geometry": {
                "type": "Point",
                "coordinates": [
                    4.373780241253666,
                    50.853511397740434
                ]
            },
            "properties": {
                "prenom": "Adrien",
                "nom": "Copello",
                "nom_d_artiste_ou_du_groupe_artistique": "Happax (Brison)",
                "adresse_courriel": "adrien.copello@gmail.com",
                "cp": "1210",
                "domaine_s_artistique_s": [
                    "Musique"
                ],
                "sous_domaine_artistique": [
                    "Musique classique et contemporaine",
                    "Musiques actuelles"
                ],
                "precision_du_sous_domaine": [
                    "Chanson et Musique d'expression francophone; Musiques électroniques; Musiques urbaines; Rock dur; Spectacle musical; Musique classique et contemporaine (ensemble)"
                ],
                "metiers_artistiques": "Chanteur·se, Musicien·ne, Texte: auteur·rice, Musique: compositeur·rice, Musique: arrangements",
                "niveau_x_et_ou_type_s_d_enseignement": [
                    "Niveau fondamental - primaire",
                    "Niveau secondaire - inférieur",
                    "Niveau secondaire - supérieur"
                ],
                "bassin_s_scolaire_s": [
                    "Bruxelles",
                    "Brabant wallon"
                ],
                "type_s_d_intervention_s": [
                    "Rencontre ponctuelle (1 séance d'1 ou 2 heures)",
                    "Accompagnement de projet (3 à 5 séances de 2 heures chacune)"
                ],
                "site_web": null,
                "descriptif": null
            }
        },
        {
            "type": "Feature",
            "geometry": {
                "type": "Point",
                "coordinates": [
                    5.560439577436734,
                    50.64762245632328
                ]
            },
            "properties": {
                "prenom": "Dorothée",
                "nom": "Lambinon",
                "nom_d_artiste_ou_du_groupe_artistique": null,
                "adresse_courriel": "etresolaire@gmail.com",
                "cp": "4000",
                "domaine_s_artistique_s": [
                    "Arts vivants"
                ],
                "sous_domaine_artistique": [
                    "Art dramatique",
                    "Spectacle pluridisciplinaire"
                ],
                "precision_du_sous_domaine": [
                    "Théâtre général; Théâtre général Jeune Public; Spectacle d'improvisation; Spectacle pluridisciplinaire Jeune Public"
                ],
                "metiers_artistiques": "Chanteur·se, Comédien·ne, Texte: auteur·rice, Mise en scène",
                "niveau_x_et_ou_type_s_d_enseignement": [
                    "Niveau fondamental - primaire",
                    "Niveau secondaire - inférieur",
                    "Niveau secondaire - supérieur"
                ],
                "bassin_s_scolaire_s": [
                    "Liège"
                ],
                "type_s_d_intervention_s": [
                    "Rencontre ponctuelle (1 séance d'1 ou 2 heures)",
                    "Accompagnement de projet (3 à 5 séances de 2 heures chacune)"
                ],
                "site_web": null,
                "descriptif": null
            }
        },
        {
            "type": "Feature",
            "geometry": {
                "type": "Point",
                "coordinates": [
                    4.380744543764381,
                    50.86661416180231
                ]
            },
            "properties": {
                "prenom": "Bruno",
                "nom": "Borsu",
                "nom_d_artiste_ou_du_groupe_artistique": "La E42",
                "adresse_courriel": "bruno.borsu@gmail.com",
                "cp": "1030",
                "domaine_s_artistique_s": [
                    "Arts vivants"
                ],
                "sous_domaine_artistique": [
                    "Art dramatique",
                    "Arts forains",
                    "du cirque et de la rue",
                    "Marionnettes",
                    "théâtre d'objets",
                    "théâtre d'ombres"
                ],
                "precision_du_sous_domaine": [
                    "Théâtre général; Théâtre général Jeune Public; Arts forains",
                    "du cirque et de la rue adulte et public familial; Marionnettes",
                    "théâtre d'objets",
                    "théâtre d'ombres; Marionnettes",
                    "théâtre d'objets",
                    "théâtre d'ombres jeune public"
                ],
                "metiers_artistiques": "Manipulateur·rice - marionnettiste, Comédien·ne, Musicien·ne, Texte: auteur·rice, Mise en scène",
                "niveau_x_et_ou_type_s_d_enseignement": [
                    "Niveau secondaire - inférieur",
                    "Niveau secondaire - supérieur"
                ],
                "bassin_s_scolaire_s": [
                    "Bruxelles",
                    "Brabant wallon"
                ],
                "type_s_d_intervention_s": [
                    "Rencontre ponctuelle (1 séance d'1 ou 2 heures)",
                    "Accompagnement de projet (3 à 5 séances de 2 heures chacune)"
                ],
                "site_web": null,
                "descriptif": null
            }
        },
        {
            "type": "Feature",
            "geometry": {
                "type": "Point",
                "coordinates": [
                    4.35012989814735,
                    50.8475911319432
                ]
            },
            "properties": {
                "prenom": "Farida",
                "nom": "Amadou",
                "nom_d_artiste_ou_du_groupe_artistique": null,
                "adresse_courriel": "farida.amadou@gmail.com",
                "cp": "1000",
                "domaine_s_artistique_s": [
                    "Musique"
                ],
                "sous_domaine_artistique": [
                    "Musiques actuelles"
                ],
                "precision_du_sous_domaine": [
                    "Jazz; Musiques électroniques"
                ],
                "metiers_artistiques": "Artiste de cirque - Arts forains, Musique: compositeur·rice, Musique: décor sonore",
                "niveau_x_et_ou_type_s_d_enseignement": [
                    "Niveau fondamental - maternel",
                    "Niveau fondamental - primaire"
                ],
                "bassin_s_scolaire_s": [
                    "Bruxelles"
                ],
                "type_s_d_intervention_s": [
                    "Rencontre ponctuelle (1 séance d'1 ou 2 heures)",
                    "Accompagnement de projet (3 à 5 séances de 2 heures chacune)"
                ],
                "site_web": null,
                "descriptif": null
            }
        },
        {
            "type": "Feature",
            "geometry": {
                "type": "Point",
                "coordinates": [
                    4.380744543764381,
                    50.86661416180231
                ]
            },
            "properties": {
                "prenom": "Alessandro",
                "nom": "De Pascale",
                "nom_d_artiste_ou_du_groupe_artistique": "Kirsch Cie",
                "adresse_courriel": "depascale.alessandro@gmail.com",
                "cp": "1030",
                "domaine_s_artistique_s": [
                    "Arts vivants"
                ],
                "sous_domaine_artistique": [
                    "Art dramatique"
                ],
                "precision_du_sous_domaine": [
                    "Théâtre général"
                ],
                "metiers_artistiques": "Comédien·ne, Texte: auteur·rice, Assistanat mise en scène",
                "niveau_x_et_ou_type_s_d_enseignement": [
                    "Niveau secondaire - inférieur",
                    "Niveau secondaire - supérieur"
                ],
                "bassin_s_scolaire_s": [
                    "Bruxelles"
                ],
                "type_s_d_intervention_s": [
                    "Rencontre ponctuelle (1 séance d'1 ou 2 heures)"
                ],
                "site_web": null,
                "descriptif": null
            }
        },
        {
            "type": "Feature",
            "geometry": {
                "type": "Point",
                "coordinates": [
                    4.343463448726441,
                    50.83044911483679
                ]
            },
            "properties": {
                "prenom": "Micaël",
                "nom": "Florentz",
                "nom_d_artiste_ou_du_groupe_artistique": "Tumbleweed",
                "adresse_courriel": "contact@cietumbleweed.com",
                "cp": "1060",
                "domaine_s_artistique_s": [
                    "Arts vivants"
                ],
                "sous_domaine_artistique": [
                    "Art chorégraphique"
                ],
                "precision_du_sous_domaine": [
                    "Danse contemporaine"
                ],
                "metiers_artistiques": "Danseur·se, Chorégraphie",
                "niveau_x_et_ou_type_s_d_enseignement": [
                    "Niveau fondamental - primaire"
                ],
                "bassin_s_scolaire_s": [
                    "Bruxelles"
                ],
                "type_s_d_intervention_s": [
                    "Accompagnement de projet (3 à 5 séances de 2 heures chacune)"
                ],
                "site_web": null,
                "descriptif": null
            }
        },
        {
            "type": "Feature",
            "geometry": {
                "type": "Point",
                "coordinates": [
                    4.343463448726441,
                    50.83044911483679
                ]
            },
            "properties": {
                "prenom": "Noémie",
                "nom": "Vincard",
                "nom_d_artiste_ou_du_groupe_artistique": "Une tribu collectif",
                "adresse_courriel": "noemievincart@hotmail.com",
                "cp": "1060",
                "domaine_s_artistique_s": [
                    "Arts vivants"
                ],
                "sous_domaine_artistique": [
                    "Marionnettes",
                    "théâtre d'objets",
                    "théâtre d'ombres"
                ],
                "precision_du_sous_domaine": [
                    "Marionnettes",
                    "théâtre d'objets",
                    "théâtre d'ombres jeune public"
                ],
                "metiers_artistiques": "Manipulateur·rice - marionnettiste, Marionnettes, Mise en scène, Scénographie",
                "niveau_x_et_ou_type_s_d_enseignement": [
                    "Niveau secondaire - inférieur",
                    "Niveau secondaire - supérieur"
                ],
                "bassin_s_scolaire_s": [
                    "Bruxelles",
                    "Brabant wallon",
                    "Hainaut Centre",
                    "Hainaut Sud",
                    "Wallonie picarde",
                    "Huy Waremme",
                    "Liège",
                    "Verviers",
                    "Namur",
                    "Luxembourg"
                ],
                "type_s_d_intervention_s": [
                    "Rencontre ponctuelle (1 séance d'1 ou 2 heures)"
                ],
                "site_web": null,
                "descriptif": null
            }
        },
        {
            "type": "Feature",
            "geometry": {
                "type": "Point",
                "coordinates": [
                    4.323530346330873,
                    50.88320144793592
                ]
            },
            "properties": {
                "prenom": "Sicaire",
                "nom": "Durieux",
                "nom_d_artiste_ou_du_groupe_artistique": "sicaire durieux (Compagnie Chaliwaté)",
                "adresse_courriel": "sicairedurieux@gmail.com",
                "cp": "1090",
                "domaine_s_artistique_s": [
                    "Arts vivants"
                ],
                "sous_domaine_artistique": [
                    "Art dramatique"
                ],
                "precision_du_sous_domaine": [
                    "Théâtre général"
                ],
                "metiers_artistiques": "Comédien·ne, Texte: auteur·rice, Mise en scène",
                "niveau_x_et_ou_type_s_d_enseignement": [
                    "Niveau secondaire - inférieur",
                    "Niveau secondaire - supérieur"
                ],
                "bassin_s_scolaire_s": [
                    "Bruxelles"
                ],
                "type_s_d_intervention_s": [
                    "Rencontre ponctuelle (1 séance d'1 ou 2 heures)"
                ],
                "site_web": null,
                "descriptif": null
            }
        },
        {
            "type": "Feature",
            "geometry": {
                "type": "Point",
                "coordinates": [
                    4.29266566264007,
                    50.83150217114286
                ]
            },
            "properties": {
                "prenom": "Noémi",
                "nom": "Knecht",
                "nom_d_artiste_ou_du_groupe_artistique": "Miroir/Miroir",
                "adresse_courriel": "noemi.knecht@miroir-miroir.be",
                "cp": "1070",
                "domaine_s_artistique_s": [
                    "Arts vivants"
                ],
                "sous_domaine_artistique": [
                    "Art dramatique"
                ],
                "precision_du_sous_domaine": [
                    "Théâtre général; Spectacle d'improvisation"
                ],
                "metiers_artistiques": "Comédien·ne, Costumes, Mise en scène",
                "niveau_x_et_ou_type_s_d_enseignement": [
                    "Niveau secondaire - inférieur",
                    "Niveau secondaire - supérieur"
                ],
                "bassin_s_scolaire_s": [
                    "Bruxelles"
                ],
                "type_s_d_intervention_s": [
                    "Rencontre ponctuelle (1 séance d'1 ou 2 heures)"
                ],
                "site_web": null,
                "descriptif": null
            }
        },
        {
            "type": "Feature",
            "geometry": {
                "type": "Point",
                "coordinates": [
                    4.318752891748991,
                    50.855119755562214
                ]
            },
            "properties": {
                "prenom": "Edgar",
                "nom": "Dupont",
                "nom_d_artiste_ou_du_groupe_artistique": "Edgar Kosma",
                "adresse_courriel": "edgarkosma@gmail.com",
                "cp": "1080",
                "domaine_s_artistique_s": [
                    "Arts vivants"
                ],
                "sous_domaine_artistique": null,
                "precision_du_sous_domaine": null,
                "metiers_artistiques": "Humoriste, Comédien·ne, Texte: auteur·rice",
                "niveau_x_et_ou_type_s_d_enseignement": [
                    "Niveau secondaire - supérieur"
                ],
                "bassin_s_scolaire_s": [
                    "Bruxelles",
                    "Brabant wallon",
                    "Namur"
                ],
                "type_s_d_intervention_s": [
                    "Rencontre ponctuelle (1 séance d'1 ou 2 heures)"
                ],
                "site_web": null,
                "descriptif": null
            }
        },
        {
            "type": "Feature",
            "geometry": {
                "type": "Point",
                "coordinates": [
                    4.335443719662361,
                    50.770204809258615
                ]
            },
            "properties": {
                "prenom": "Lionel",
                "nom": "Boyer",
                "nom_d_artiste_ou_du_groupe_artistique": "Bricophonik",
                "adresse_courriel": "boyerlionel@hotmail.com",
                "cp": "1630",
                "domaine_s_artistique_s": [
                    "Arts vivants"
                ],
                "sous_domaine_artistique": [
                    "Art dramatique",
                    "Arts forains",
                    "du cirque et de la rue",
                    "Spectacle pluridisciplinaire"
                ],
                "precision_du_sous_domaine": [
                    "Théâtre général; Théâtre général Jeune Public; Arts forains",
                    "du cirque et de la rue adulte et public familial; Arts forains",
                    "du cirque et de la rue jeune public; Spectacle pluridisciplinaire; Spectacle pluridisciplinaire Jeune Public"
                ],
                "metiers_artistiques": "Comédien·ne, Musicien·ne, Texte: auteur·rice, Texte: adaptation, Musique: compositeur·rice, Musique: arrangements, Mise en scène, éclairages: conception, Scénographie, Graphisme, Vidéo",
                "niveau_x_et_ou_type_s_d_enseignement": [
                    "Niveau fondamental - maternel",
                    "Niveau fondamental - primaire",
                    "Niveau secondaire - inférieur",
                    "Niveau secondaire - supérieur"
                ],
                "bassin_s_scolaire_s": [
                    "Bruxelles",
                    "Wallonie picarde"
                ],
                "type_s_d_intervention_s": [
                    "Rencontre ponctuelle (1 séance d'1 ou 2 heures)",
                    "Accompagnement de projet (3 à 5 séances de 2 heures chacune)"
                ],
                "site_web": null,
                "descriptif": null
            }
        },
        {
            "type": "Feature",
            "geometry": {
                "type": "Point",
                "coordinates": [
                    4.35012989814735,
                    50.8475911319432
                ]
            },
            "properties": {
                "prenom": "Arthur",
                "nom": "Chambry",
                "nom_d_artiste_ou_du_groupe_artistique": "Sans Âge",
                "adresse_courriel": "arthur_chambry@hotmail.fr",
                "cp": "1000",
                "domaine_s_artistique_s": [
                    "Arts vivants",
                    "Musique"
                ],
                "sous_domaine_artistique": [
                    "Art dramatique",
                    "Conte",
                    "Musiques actuelles"
                ],
                "precision_du_sous_domaine": [
                    "Théâtre action; Conte; Folk-Trad-World; Chanson et Musique d'expression francophone; Spectacle musical"
                ],
                "metiers_artistiques": "Artiste plasticien·ne, Chanteur·se, Musicien·ne, Texte: auteur·rice, Musique: compositeur·rice, Mise en scène, lutherie, Conteur·se",
                "niveau_x_et_ou_type_s_d_enseignement": [
                    "Niveau fondamental - primaire",
                    "Niveau secondaire - inférieur",
                    "Niveau secondaire - supérieur"
                ],
                "bassin_s_scolaire_s": [
                    "Bruxelles"
                ],
                "type_s_d_intervention_s": [
                    "Accompagnement de projet (3 à 5 séances de 2 heures chacune)"
                ],
                "site_web": null,
                "descriptif": null
            }
        },
        {
            "type": "Feature",
            "geometry": {
                "type": "Point",
                "coordinates": [
                    5.793610065312062,
                    50.639214951558046
                ]
            },
            "properties": {
                "prenom": "Patrick",
                "nom": "Donnay",
                "nom_d_artiste_ou_du_groupe_artistique": null,
                "adresse_courriel": "patrick.donnay@dppart.be",
                "cp": "4650",
                "domaine_s_artistique_s": [
                    "Arts vivants"
                ],
                "sous_domaine_artistique": [
                    "Art dramatique"
                ],
                "precision_du_sous_domaine": [
                    "Théâtre général"
                ],
                "metiers_artistiques": "Comédien·ne, Récitant·e, Mise en scène, doublage",
                "niveau_x_et_ou_type_s_d_enseignement": [
                    "Niveau secondaire - inférieur",
                    "Niveau secondaire - supérieur"
                ],
                "bassin_s_scolaire_s": [
                    "Huy Waremme",
                    "Liège",
                    "Verviers",
                    "Namur"
                ],
                "type_s_d_intervention_s": [
                    "Rencontre ponctuelle (1 séance d'1 ou 2 heures)",
                    "Accompagnement de projet (3 à 5 séances de 2 heures chacune)"
                ],
                "site_web": null,
                "descriptif": null
            }
        },
        {
            "type": "Feature",
            "geometry": {
                "type": "Point",
                "coordinates": [
                    4.373780241253666,
                    50.853511397740434
                ]
            },
            "properties": {
                "prenom": "Dominique",
                "nom": "Bela",
                "nom_d_artiste_ou_du_groupe_artistique": null,
                "adresse_courriel": "dominiquebela1@gmail.com",
                "cp": "1210",
                "domaine_s_artistique_s": [
                    "Arts vivants"
                ],
                "sous_domaine_artistique": [
                    "Art dramatique",
                    "Conte",
                    "Marionnettes",
                    "théâtre d'objets",
                    "théâtre d'ombres",
                    "Spectacle pluridisciplinaire"
                ],
                "precision_du_sous_domaine": [
                    "Théâtre général; Théâtre général Jeune Public; Théâtre action; Théâtre action Jeune Public; Conte; Conte Jeune Public; Marionnettes",
                    "théâtre d'objets",
                    "théâtre d'ombres; Marionnettes",
                    "théâtre d'objets",
                    "théâtre d'ombres jeune public; Spectacle pluridisciplinaire; Spectacle pluridisciplinaire Jeune Public"
                ],
                "metiers_artistiques": "Comédien·ne, Conteur·se, Texte: auteur·rice, Mise en scène, Scénographie",
                "niveau_x_et_ou_type_s_d_enseignement": [
                    "Niveau fondamental - primaire",
                    "Niveau secondaire - inférieur",
                    "Niveau secondaire - supérieur"
                ],
                "bassin_s_scolaire_s": [
                    "Bruxelles",
                    "Brabant wallon",
                    "Hainaut Centre",
                    "Hainaut Sud",
                    "Wallonie picarde"
                ],
                "type_s_d_intervention_s": [
                    "Rencontre ponctuelle (1 séance d'1 ou 2 heures)",
                    "Accompagnement de projet (3 à 5 séances de 2 heures chacune)"
                ],
                "site_web": null,
                "descriptif": null
            }
        },
        {
            "type": "Feature",
            "geometry": {
                "type": "Point",
                "coordinates": [
                    4.325860589138366,
                    50.816704879551345
                ]
            },
            "properties": {
                "prenom": "Dominique",
                "nom": "Rongvaux",
                "nom_d_artiste_ou_du_groupe_artistique": null,
                "adresse_courriel": "rongvauxdominique@yahoo.fr",
                "cp": "1190",
                "domaine_s_artistique_s": [
                    "Arts vivants"
                ],
                "sous_domaine_artistique": [
                    "Art dramatique"
                ],
                "precision_du_sous_domaine": [
                    "Théâtre général"
                ],
                "metiers_artistiques": "Comédien·ne, Texte: adaptation",
                "niveau_x_et_ou_type_s_d_enseignement": [
                    "Niveau secondaire - supérieur"
                ],
                "bassin_s_scolaire_s": [
                    "Bruxelles",
                    "Brabant wallon",
                    "Hainaut Centre",
                    "Hainaut Sud",
                    "Wallonie picarde",
                    "Huy Waremme",
                    "Liège",
                    "Verviers",
                    "Namur",
                    "Luxembourg"
                ],
                "type_s_d_intervention_s": [
                    "Rencontre ponctuelle (1 séance d'1 ou 2 heures)"
                ],
                "site_web": null,
                "descriptif": null
            }
        },
        {
            "type": "Feature",
            "geometry": {
                "type": "Point",
                "coordinates": [
                    4.898940436244089,
                    49.86295971176918
                ]
            },
            "properties": {
                "prenom": "Emma",
                "nom": "Loos",
                "nom_d_artiste_ou_du_groupe_artistique": "Alvéole Théâtre",
                "adresse_courriel": "emma.alveole@gmail.com",
                "cp": "5550",
                "domaine_s_artistique_s": [
                    "Arts vivants"
                ],
                "sous_domaine_artistique": [
                    "Art dramatique"
                ],
                "precision_du_sous_domaine": [
                    "Théâtre action"
                ],
                "metiers_artistiques": "Comédienne-Animatrice, Texte: auteur·rice, Texte: adaptation, Masques, Musique: compositeur·rice, Chorégraphie, Mise en scène, Vidéo",
                "niveau_x_et_ou_type_s_d_enseignement": [
                    "Niveau fondamental - primaire",
                    "Niveau secondaire - inférieur",
                    "Niveau secondaire - supérieur"
                ],
                "bassin_s_scolaire_s": [
                    "Namur",
                    "Luxembourg"
                ],
                "type_s_d_intervention_s": [
                    "Rencontre ponctuelle (1 séance d'1 ou 2 heures)",
                    "Accompagnement de projet (3 à 5 séances de 2 heures chacune)"
                ],
                "site_web": null,
                "descriptif": null
            }
        },
        {
            "type": "Feature",
            "geometry": {
                "type": "Point",
                "coordinates": [
                    4.325860589138366,
                    50.816704879551345
                ]
            },
            "properties": {
                "prenom": "Clémentine",
                "nom": "Collette",
                "nom_d_artiste_ou_du_groupe_artistique": "Clemix",
                "adresse_courriel": "clemix.music@gmail.com",
                "cp": "1190",
                "domaine_s_artistique_s": [
                    "Musique"
                ],
                "sous_domaine_artistique": [
                    "Musiques actuelles"
                ],
                "precision_du_sous_domaine": [
                    "Chanson et Musique d'expression francophone"
                ],
                "metiers_artistiques": "Chanteur·se, Musicien·ne, Texte: auteur·rice, Musique: compositeur·rice, Musique: arrangements",
                "niveau_x_et_ou_type_s_d_enseignement": [
                    "Niveau fondamental - primaire",
                    "Niveau secondaire - inférieur"
                ],
                "bassin_s_scolaire_s": [
                    "Bruxelles",
                    "Brabant wallon",
                    "Hainaut Centre",
                    "Hainaut Sud",
                    "Namur"
                ],
                "type_s_d_intervention_s": [
                    "Rencontre ponctuelle (1 séance d'1 ou 2 heures)",
                    "Accompagnement de projet (3 à 5 séances de 2 heures chacune)"
                ],
                "site_web": null,
                "descriptif": null
            }
        },
        {
            "type": "Feature",
            "geometry": {
                "type": "Point",
                "coordinates": [
                    5.249357941461962,
                    49.99098714144983
                ]
            },
            "properties": {
                "prenom": "Steve",
                "nom": "Louvat",
                "nom_d_artiste_ou_du_groupe_artistique": null,
                "adresse_courriel": "info@stevelouvat.com",
                "cp": "6890",
                "domaine_s_artistique_s": [
                    "Musique"
                ],
                "sous_domaine_artistique": [
                    "Musiques actuelles"
                ],
                "precision_du_sous_domaine": [
                    "Folk-Trad-World; Musique jeune public"
                ],
                "metiers_artistiques": "Musicien·ne, Formateur - cours et stages, Musique: compositeur·rice, Musique: arrangements, Musique: décor sonore",
                "niveau_x_et_ou_type_s_d_enseignement": [
                    "Niveau fondamental - primaire",
                    "Niveau secondaire - inférieur",
                    "Niveau secondaire - supérieur"
                ],
                "bassin_s_scolaire_s": [
                    "Bruxelles",
                    "Brabant wallon",
                    "Hainaut Centre",
                    "Hainaut Sud",
                    "Wallonie picarde",
                    "Huy Waremme",
                    "Liège",
                    "Verviers",
                    "Namur",
                    "Luxembourg"
                ],
                "type_s_d_intervention_s": [
                    "Rencontre ponctuelle (1 séance d'1 ou 2 heures)",
                    "Accompagnement de projet (3 à 5 séances de 2 heures chacune)"
                ],
                "site_web": null,
                "descriptif": null
            }
        },
        {
            "type": "Feature",
            "geometry": {
                "type": "Point",
                "coordinates": [
                    4.380744543764381,
                    50.86661416180231
                ]
            },
            "properties": {
                "prenom": "Jérôme",
                "nom": "Giller",
                "nom_d_artiste_ou_du_groupe_artistique": null,
                "adresse_courriel": "jeromegiller@gmail.com",
                "cp": "1030",
                "domaine_s_artistique_s": [
                    "Arts visuels"
                ],
                "sous_domaine_artistique": [
                    "Photographie"
                ],
                "precision_du_sous_domaine": [
                    "Sculpture"
                ],
                "metiers_artistiques": "Artiste plasticien",
                "niveau_x_et_ou_type_s_d_enseignement": [
                    "Niveau fondamental - maternel",
                    "Niveau fondamental - primaire",
                    "Niveau secondaire - inférieur",
                    "Niveau secondaire - supérieur"
                ],
                "bassin_s_scolaire_s": [
                    "Bruxelles",
                    "Brabant wallon",
                    "Hainaut Centre",
                    "Hainaut Sud"
                ],
                "type_s_d_intervention_s": [
                    "Rencontre ponctuelle (1 séance d'1 ou 2 heures)",
                    "Accompagnement de projet (3 à 5 séances de 2 heures chacune)"
                ],
                "site_web": null,
                "descriptif": null
            }
        },
        {
            "type": "Feature",
            "geometry": {
                "type": "Point",
                "coordinates": [
                    4.8650544250430565,
                    50.463078674381016
                ]
            },
            "properties": {
                "prenom": "Géraldine",
                "nom": "Carpentier",
                "nom_d_artiste_ou_du_groupe_artistique": "Cie Les Petits Délices",
                "adresse_courriel": "contact@lespetitsdelices.be",
                "cp": "5020",
                "domaine_s_artistique_s": [
                    "Arts vivants"
                ],
                "sous_domaine_artistique": [
                    "Art dramatique",
                    "Arts forains",
                    "du cirque et de la rue",
                    "Marionnettes",
                    "théâtre d'objets",
                    "théâtre d'ombres"
                ],
                "precision_du_sous_domaine": [
                    "Théâtre général Jeune Public; Arts forains",
                    "du cirque et de la rue jeune public; Marionnettes",
                    "théâtre d'objets",
                    "théâtre d'ombres jeune public"
                ],
                "metiers_artistiques": "Artiste plasticien·ne, Manipulateur·rice - marionnettiste, Comédien·ne, Musicien·ne, Texte: auteur·rice, Texte: adaptation, Marionnettes, Mise en scène, Scénographie, dessin, illustration pour utilisation en ombre et/ou au rétroprojecteur",
                "niveau_x_et_ou_type_s_d_enseignement": [
                    "Niveau fondamental - primaire",
                    "Niveau secondaire - inférieur"
                ],
                "bassin_s_scolaire_s": [
                    "Brabant wallon",
                    "Huy Waremme"
                ],
                "type_s_d_intervention_s": [
                    "Accompagnement de projet (3 à 5 séances de 2 heures chacune)"
                ],
                "site_web": null,
                "descriptif": null
            }
        },
        {
            "type": "Feature",
            "geometry": {
                "type": "Point",
                "coordinates": [
                    4.325860589138366,
                    50.816704879551345
                ]
            },
            "properties": {
                "prenom": "Flavio",
                "nom": "Spampinato",
                "nom_d_artiste_ou_du_groupe_artistique": null,
                "adresse_courriel": "freejazz1992@gmail.com",
                "cp": "1190",
                "domaine_s_artistique_s": [
                    "Musique"
                ],
                "sous_domaine_artistique": [
                    "Musiques actuelles"
                ],
                "precision_du_sous_domaine": [
                    "Jazz; Pop/Rock"
                ],
                "metiers_artistiques": "Musicien·ne, Texte: auteur·rice, Musique: compositeur·rice, Musique: arrangements",
                "niveau_x_et_ou_type_s_d_enseignement": [
                    "Niveau secondaire - inférieur",
                    "Niveau secondaire - supérieur"
                ],
                "bassin_s_scolaire_s": [
                    "Bruxelles",
                    "Brabant wallon",
                    "Liège",
                    "Namur",
                    "Luxembourg"
                ],
                "type_s_d_intervention_s": [
                    "Rencontre ponctuelle (1 séance d'1 ou 2 heures)"
                ],
                "site_web": null,
                "descriptif": null
            }
        },
        {
            "type": "Feature",
            "geometry": {
                "type": "Point",
                "coordinates": [
                    4.4233419503166855,
                    50.85035634033195
                ]
            },
            "properties": {
                "prenom": "Camille",
                "nom": "Babut Du Mares",
                "nom_d_artiste_ou_du_groupe_artistique": null,
                "adresse_courriel": "b.babutdumares@gmail.com",
                "cp": "1200",
                "domaine_s_artistique_s": [
                    "Musique"
                ],
                "sous_domaine_artistique": [
                    "Musique classique et contemporaine"
                ],
                "precision_du_sous_domaine": [
                    "Musique classique et contemporaine (ensemble); Musique classique et contemporaine (soliste)"
                ],
                "metiers_artistiques": "Musicien·ne",
                "niveau_x_et_ou_type_s_d_enseignement": [
                    "Niveau fondamental - maternel",
                    "Niveau fondamental - primaire",
                    "Niveau secondaire - inférieur"
                ],
                "bassin_s_scolaire_s": [
                    "Bruxelles",
                    "Brabant wallon",
                    "Hainaut Centre",
                    "Namur"
                ],
                "type_s_d_intervention_s": [
                    "Rencontre ponctuelle (1 séance d'1 ou 2 heures)",
                    "Accompagnement de projet (3 à 5 séances de 2 heures chacune)"
                ],
                "site_web": null,
                "descriptif": null
            }
        },
        {
            "type": "Feature",
            "geometry": {
                "type": "Point",
                "coordinates": [
                    5.144676291779546,
                    50.1786164568405
                ]
            },
            "properties": {
                "prenom": "Pierre",
                "nom": "Malempré",
                "nom_d_artiste_ou_du_groupe_artistique": "South Belgian Brass",
                "adresse_courriel": "bronzeto@yahoo.com",
                "cp": "5580",
                "domaine_s_artistique_s": [
                    "Musique"
                ],
                "sous_domaine_artistique": [
                    "Musique classique et contemporaine",
                    "Musiques actuelles"
                ],
                "precision_du_sous_domaine": [
                    "Folk-Trad-World; Jazz; Chanson et Musique d'expression francophone; Musiques urbaines; Pop/Rock; Musique jeune public; Spectacle musical; Musique classique et contemporaine (ensemble); Musique classique et contemporaine (soliste)"
                ],
                "metiers_artistiques": "Musicien·ne",
                "niveau_x_et_ou_type_s_d_enseignement": [
                    "Niveau fondamental - maternel",
                    "Niveau fondamental - primaire"
                ],
                "bassin_s_scolaire_s": [
                    "Namur",
                    "Luxembourg"
                ],
                "type_s_d_intervention_s": [
                    "Rencontre ponctuelle (1 séance d'1 ou 2 heures)"
                ],
                "site_web": null,
                "descriptif": null
            }
        },
        {
            "type": "Feature",
            "geometry": {
                "type": "Point",
                "coordinates": [
                    4.343463448726441,
                    50.83044911483679
                ]
            },
            "properties": {
                "prenom": "Ivan",
                "nom": "Tirtiaux",
                "nom_d_artiste_ou_du_groupe_artistique": null,
                "adresse_courriel": "ivantirtiaux.musique@gmail.com",
                "cp": "1060",
                "domaine_s_artistique_s": [
                    "Musique"
                ],
                "sous_domaine_artistique": [
                    "Musiques actuelles"
                ],
                "precision_du_sous_domaine": [
                    "Chanson et Musique d'expression francophone"
                ],
                "metiers_artistiques": "Chanteur·se, Musicien·ne, Texte: auteur·rice, Texte: adaptation, Musique: compositeur·rice, Musique: arrangements",
                "niveau_x_et_ou_type_s_d_enseignement": [
                    "Niveau fondamental - primaire",
                    "Niveau secondaire - inférieur",
                    "Niveau secondaire - supérieur"
                ],
                "bassin_s_scolaire_s": [
                    "Bruxelles",
                    "Brabant wallon",
                    "Hainaut Centre",
                    "Hainaut Sud",
                    "Wallonie picarde"
                ],
                "type_s_d_intervention_s": [
                    "Rencontre ponctuelle (1 séance d'1 ou 2 heures)"
                ],
                "site_web": null,
                "descriptif": null
            }
        },
        {
            "type": "Feature",
            "geometry": {
                "type": "Point",
                "coordinates": [
                    4.29266566264007,
                    50.83150217114286
                ]
            },
            "properties": {
                "prenom": "Carole",
                "nom": "Lambert",
                "nom_d_artiste_ou_du_groupe_artistique": null,
                "adresse_courriel": "ckrole@gmail.com",
                "cp": "1070",
                "domaine_s_artistique_s": [
                    "Arts vivants"
                ],
                "sous_domaine_artistique": [
                    "Art chorégraphique",
                    "Art dramatique",
                    "Spectacle pluridisciplinaire"
                ],
                "precision_du_sous_domaine": [
                    "Théâtre général; Théâtre général Jeune Public; Spectacle d'improvisation; Danse contemporaine; Danse jeune public; Spectacle pluridisciplinaire; Spectacle pluridisciplinaire Jeune Public"
                ],
                "metiers_artistiques": "Comédien·ne, Texte: auteur·rice, Chorégraphie, Mise en scène",
                "niveau_x_et_ou_type_s_d_enseignement": [
                    "Niveau fondamental - maternel",
                    "Niveau fondamental - primaire",
                    "Niveau secondaire - inférieur",
                    "Niveau secondaire - supérieur"
                ],
                "bassin_s_scolaire_s": [
                    "Bruxelles",
                    "Brabant wallon",
                    "Namur"
                ],
                "type_s_d_intervention_s": [
                    "Rencontre ponctuelle (1 séance d'1 ou 2 heures)",
                    "Accompagnement de projet (3 à 5 séances de 2 heures chacune)"
                ],
                "site_web": null,
                "descriptif": null
            }
        },
        {
            "type": "Feature",
            "geometry": {
                "type": "Point",
                "coordinates": [
                    4.325860589138366,
                    50.816704879551345
                ]
            },
            "properties": {
                "prenom": "Natalia",
                "nom": "Blanch",
                "nom_d_artiste_ou_du_groupe_artistique": null,
                "adresse_courriel": "nataliablanch@gmail.com",
                "cp": "1190",
                "domaine_s_artistique_s": [
                    "Arts visuels"
                ],
                "sous_domaine_artistique": [
                    "Dessin",
                    "Illustration"
                ],
                "precision_du_sous_domaine": [
                    "Peinture; Vidéo d'art"
                ],
                "metiers_artistiques": "Artiste plasticien",
                "niveau_x_et_ou_type_s_d_enseignement": [
                    "Niveau fondamental - maternel",
                    "Niveau fondamental - primaire",
                    "Niveau secondaire - inférieur",
                    "Niveau secondaire - supérieur"
                ],
                "bassin_s_scolaire_s": [
                    "Bruxelles"
                ],
                "type_s_d_intervention_s": [
                    "Rencontre ponctuelle (1 séance d'1 ou 2 heures)"
                ],
                "site_web": null,
                "descriptif": null
            }
        },
        {
            "type": "Feature",
            "geometry": {
                "type": "Point",
                "coordinates": [
                    4.35012989814735,
                    50.8475911319432
                ]
            },
            "properties": {
                "prenom": "Thomas",
                "nom": "Prédour",
                "nom_d_artiste_ou_du_groupe_artistique": "émozon",
                "adresse_courriel": "asblemozon@protonmail.com",
                "cp": "1000",
                "domaine_s_artistique_s": [
                    "Arts vivants"
                ],
                "sous_domaine_artistique": [
                    "Art dramatique",
                    "Arts forains",
                    "du cirque et de la rue",
                    "Spectacle pluridisciplinaire"
                ],
                "precision_du_sous_domaine": [
                    "Théâtre général; Théâtre général Jeune Public; Arts forains",
                    "du cirque et de la rue adulte et public familial; Arts forains",
                    "du cirque et de la rue jeune public; Spectacle pluridisciplinaire; Spectacle pluridisciplinaire Jeune Public"
                ],
                "metiers_artistiques": "Comédien·ne, Texte: auteur·rice, Mise en scène",
                "niveau_x_et_ou_type_s_d_enseignement": [
                    "Niveau secondaire - supérieur"
                ],
                "bassin_s_scolaire_s": [
                    "Bruxelles",
                    "Brabant wallon",
                    "Wallonie picarde"
                ],
                "type_s_d_intervention_s": [
                    "Rencontre ponctuelle (1 séance d'1 ou 2 heures)",
                    "Accompagnement de projet (3 à 5 séances de 2 heures chacune)"
                ],
                "site_web": null,
                "descriptif": null
            }
        },
        {
            "type": "Feature",
            "geometry": {
                "type": "Point",
                "coordinates": [
                    5.795743931960345,
                    50.39773015512281
                ]
            },
            "properties": {
                "prenom": "Jessica",
                "nom": "Mersch",
                "nom_d_artiste_ou_du_groupe_artistique": "Zes Switch",
                "adresse_courriel": "mersch7jessica@gmail.com",
                "cp": "4987",
                "domaine_s_artistique_s": [
                    "Arts vivants"
                ],
                "sous_domaine_artistique": [
                    "Arts forains",
                    "du cirque et de la rue",
                    "Spectacle pluridisciplinaire"
                ],
                "precision_du_sous_domaine": [
                    "Arts forains",
                    "du cirque et de la rue adulte et public familial; Spectacle pluridisciplinaire"
                ],
                "metiers_artistiques": "Chanteur·se, Comédien·ne, Texte: auteur·rice, Costumes, Musique: arrangements, Musique: décor sonore, Chorégraphie, Mise en scène, Graphisme, Vidéo",
                "niveau_x_et_ou_type_s_d_enseignement": [
                    "Niveau fondamental - primaire",
                    "Niveau secondaire - inférieur",
                    "Niveau secondaire - supérieur"
                ],
                "bassin_s_scolaire_s": [
                    "Liège",
                    "Verviers"
                ],
                "type_s_d_intervention_s": [
                    "Rencontre ponctuelle (1 séance d'1 ou 2 heures)",
                    "Accompagnement de projet (3 à 5 séances de 2 heures chacune)"
                ],
                "site_web": null,
                "descriptif": null
            }
        },
        {
            "type": "Feature",
            "geometry": {
                "type": "Point",
                "coordinates": [
                    5.622889775411206,
                    50.615319454072036
                ]
            },
            "properties": {
                "prenom": "Eve",
                "nom": "Willems",
                "nom_d_artiste_ou_du_groupe_artistique": null,
                "adresse_courriel": "evewillemsmusic@gmail.com",
                "cp": "4032",
                "domaine_s_artistique_s": [
                    "Musique"
                ],
                "sous_domaine_artistique": [
                    "Musique classique et contemporaine",
                    "Musiques actuelles"
                ],
                "precision_du_sous_domaine": [
                    "Blues; Folk-Trad-World; Jazz; Chanson et Musique d'expression francophone; Spectacle musical; Musique classique et contemporaine (soliste)"
                ],
                "metiers_artistiques": "Chanteur·se, Musicien·ne, Texte: auteur·rice, Texte: adaptation, Musique: compositeur·rice, Musique: arrangements, Musique: décor sonore",
                "niveau_x_et_ou_type_s_d_enseignement": [
                    "Niveau fondamental - maternel",
                    "Niveau fondamental - primaire",
                    "Niveau secondaire - inférieur",
                    "Niveau secondaire - supérieur"
                ],
                "bassin_s_scolaire_s": [
                    "Huy Waremme",
                    "Liège",
                    "Verviers",
                    "Namur",
                    "Luxembourg"
                ],
                "type_s_d_intervention_s": [
                    "Rencontre ponctuelle (1 séance d'1 ou 2 heures)",
                    "Accompagnement de projet (3 à 5 séances de 2 heures chacune)"
                ],
                "site_web": null,
                "descriptif": null
            }
        },
        {
            "type": "Feature",
            "geometry": {
                "type": "Point",
                "coordinates": [
                    4.325860589138366,
                    50.816704879551345
                ]
            },
            "properties": {
                "prenom": "Javier",
                "nom": "Suárez",
                "nom_d_artiste_ou_du_groupe_artistique": "L'inconnue",
                "adresse_courriel": "ojodejavi@gmail.com",
                "cp": "1190",
                "domaine_s_artistique_s": [
                    "Arts vivants"
                ],
                "sous_domaine_artistique": [
                    "Art chorégraphique"
                ],
                "precision_du_sous_domaine": [
                    "Danse contemporaine; Danse jeune public"
                ],
                "metiers_artistiques": "Danseur·se, Chorégraphie",
                "niveau_x_et_ou_type_s_d_enseignement": [
                    "Niveau fondamental - maternel",
                    "Niveau fondamental - primaire"
                ],
                "bassin_s_scolaire_s": [
                    "Bruxelles",
                    "Brabant wallon"
                ],
                "type_s_d_intervention_s": [
                    "Accompagnement de projet (3 à 5 séances de 2 heures chacune)"
                ],
                "site_web": null,
                "descriptif": null
            }
        },
        {
            "type": "Feature",
            "geometry": {
                "type": "Point",
                "coordinates": [
                    4.380744543764381,
                    50.86661416180231
                ]
            },
            "properties": {
                "prenom": "Manuel",
                "nom": "Hermia",
                "nom_d_artiste_ou_du_groupe_artistique": null,
                "adresse_courriel": "manuel.hermia@gmail.com",
                "cp": "1030",
                "domaine_s_artistique_s": [
                    "Musique"
                ],
                "sous_domaine_artistique": [
                    "Musiques actuelles"
                ],
                "precision_du_sous_domaine": [
                    "Folk-Trad-World; Jazz; Musique jeune public; Spectacle musical"
                ],
                "metiers_artistiques": "Musicien·ne",
                "niveau_x_et_ou_type_s_d_enseignement": [
                    "Niveau secondaire - supérieur"
                ],
                "bassin_s_scolaire_s": [
                    "Bruxelles",
                    "Brabant wallon",
                    "Liège"
                ],
                "type_s_d_intervention_s": [
                    "Rencontre ponctuelle (1 séance d'1 ou 2 heures)"
                ],
                "site_web": null,
                "descriptif": null
            }
        },
        {
            "type": "Feature",
            "geometry": {
                "type": "Point",
                "coordinates": [
                    4.4233419503166855,
                    50.85035634033195
                ]
            },
            "properties": {
                "prenom": "Diana",
                "nom": "Gonnissen",
                "nom_d_artiste_ou_du_groupe_artistique": null,
                "adresse_courriel": "contactezdiana@yahoo.fr",
                "cp": "1200",
                "domaine_s_artistique_s": [
                    "Arts vivants",
                    "Musique"
                ],
                "sous_domaine_artistique": [
                    "Musique classique et contemporaine",
                    "Spectacle pluridisciplinaire"
                ],
                "precision_du_sous_domaine": [
                    "Spectacle pluridisciplinaire; Musique classique et contemporaine (soliste)"
                ],
                "metiers_artistiques": "Humoriste, Manipulateur·rice - marionnettiste, Comédien·ne, Musicien·ne, Mise en scène",
                "niveau_x_et_ou_type_s_d_enseignement": [
                    "Niveau fondamental - primaire",
                    "Niveau secondaire - inférieur",
                    "Niveau secondaire - supérieur"
                ],
                "bassin_s_scolaire_s": [
                    "Bruxelles",
                    "Brabant wallon",
                    "Hainaut Centre",
                    "Hainaut Sud",
                    "Namur"
                ],
                "type_s_d_intervention_s": [
                    "Rencontre ponctuelle (1 séance d'1 ou 2 heures)",
                    "Accompagnement de projet (3 à 5 séances de 2 heures chacune)"
                ],
                "site_web": null,
                "descriptif": null
            }
        },
        {
            "type": "Feature",
            "geometry": {
                "type": "Point",
                "coordinates": [
                    4.29266566264007,
                    50.83150217114286
                ]
            },
            "properties": {
                "prenom": "Marine",
                "nom": "Mechri",
                "nom_d_artiste_ou_du_groupe_artistique": "club P.E.P.S",
                "adresse_courriel": "mechmha@hotmail.fr",
                "cp": "1070",
                "domaine_s_artistique_s": [
                    "Musique"
                ],
                "sous_domaine_artistique": [
                    "Musiques actuelles"
                ],
                "precision_du_sous_domaine": [
                    "Folk-Trad-World; Jazz; Pop/Rock; Spectacle musical"
                ],
                "metiers_artistiques": "Chanteur·se, Comédien·ne, Texte: auteur·rice, Musique: arrangements",
                "niveau_x_et_ou_type_s_d_enseignement": [
                    "Niveau fondamental - primaire",
                    "Niveau secondaire - inférieur",
                    "Niveau secondaire - supérieur"
                ],
                "bassin_s_scolaire_s": [
                    "Bruxelles",
                    "Brabant wallon",
                    "Huy Waremme",
                    "Liège",
                    "Namur"
                ],
                "type_s_d_intervention_s": [
                    "Rencontre ponctuelle (1 séance d'1 ou 2 heures)"
                ],
                "site_web": null,
                "descriptif": null
            }
        },
        {
            "type": "Feature",
            "geometry": {
                "type": "Point",
                "coordinates": [
                    4.335443719662361,
                    50.770204809258615
                ]
            },
            "properties": {
                "prenom": "Jacques",
                "nom": "Andre",
                "nom_d_artiste_ou_du_groupe_artistique": "Groupe Kuru",
                "adresse_courriel": "jfra@wanadoo.fr",
                "cp": "1630",
                "domaine_s_artistique_s": [
                    "Arts visuels",
                    "Arts vivants"
                ],
                "sous_domaine_artistique": [
                    "Art chorégraphique",
                    "Art dramatique",
                    "Arts numériques et technologiques",
                    "Spectacle pluridisciplinaire"
                ],
                "precision_du_sous_domaine": [
                    "Vidéo d'art; Théâtre général; Danse contemporaine; Spectacle pluridisciplinaire"
                ],
                "metiers_artistiques": "Artiste plasticien, Artiste plasticien·ne, performeur, metteur en scène, réalisateur, dramaturge, Texte: auteur·rice, Texte: adaptation, Mise en scène, Vidéo",
                "niveau_x_et_ou_type_s_d_enseignement": [
                    "Niveau secondaire - supérieur"
                ],
                "bassin_s_scolaire_s": [
                    "Bruxelles",
                    "Brabant wallon",
                    "Hainaut Centre",
                    "Liège",
                    "Namur"
                ],
                "type_s_d_intervention_s": [
                    "Rencontre ponctuelle (1 séance d'1 ou 2 heures)",
                    "Accompagnement de projet (3 à 5 séances de 2 heures chacune)"
                ],
                "site_web": null,
                "descriptif": null
            }
        },
        {
            "type": "Feature",
            "geometry": {
                "type": "Point",
                "coordinates": [
                    4.318752891748991,
                    50.855119755562214
                ]
            },
            "properties": {
                "prenom": "Sophie",
                "nom": "Farza",
                "nom_d_artiste_ou_du_groupe_artistique": null,
                "adresse_courriel": "sophie.farza@gmail.com",
                "cp": "1080",
                "domaine_s_artistique_s": [
                    "Arts visuels"
                ],
                "sous_domaine_artistique": [
                    "Photographie"
                ],
                "precision_du_sous_domaine": [
                    "Sculpture"
                ],
                "metiers_artistiques": "Artiste plasticien",
                "niveau_x_et_ou_type_s_d_enseignement": [
                    "Niveau fondamental - primaire",
                    "Niveau secondaire - inférieur",
                    "Niveau secondaire - supérieur"
                ],
                "bassin_s_scolaire_s": [
                    "Bruxelles",
                    "Brabant wallon",
                    "Hainaut Centre",
                    "Hainaut Sud",
                    "Wallonie picarde",
                    "Huy Waremme",
                    "Liège",
                    "Verviers",
                    "Namur",
                    "Luxembourg"
                ],
                "type_s_d_intervention_s": [
                    "Accompagnement de projet (3 à 5 séances de 2 heures chacune)"
                ],
                "site_web": null,
                "descriptif": null
            }
        },
        {
            "type": "Feature",
            "geometry": {
                "type": "Point",
                "coordinates": [
                    4.350645306371014,
                    50.797511521371305
                ]
            },
            "properties": {
                "prenom": "Carolina",
                "nom": "Mantovano",
                "nom_d_artiste_ou_du_groupe_artistique": null,
                "adresse_courriel": "caromantovano@gmail.com",
                "cp": "1180",
                "domaine_s_artistique_s": [
                    "Arts vivants"
                ],
                "sous_domaine_artistique": [
                    "Art chorégraphique",
                    "Spectacle pluridisciplinaire"
                ],
                "precision_du_sous_domaine": [
                    "Danse contemporaine; Spectacle pluridisciplinaire"
                ],
                "metiers_artistiques": "Danseur·se, Texte: auteur·rice, Chorégraphie, Mise en scène",
                "niveau_x_et_ou_type_s_d_enseignement": [
                    "Niveau secondaire - supérieur"
                ],
                "bassin_s_scolaire_s": [
                    "Bruxelles",
                    "Hainaut Centre",
                    "Liège",
                    "Namur"
                ],
                "type_s_d_intervention_s": [
                    "Accompagnement de projet (3 à 5 séances de 2 heures chacune)"
                ],
                "site_web": null,
                "descriptif": null
            }
        },
        {
            "type": "Feature",
            "geometry": {
                "type": "Point",
                "coordinates": [
                    5.641231095383231,
                    50.52098608711742
                ]
            },
            "properties": {
                "prenom": "Christophe",
                "nom": "Guissart",
                "nom_d_artiste_ou_du_groupe_artistique": null,
                "adresse_courriel": "christophe.guissart@captatio.be",
                "cp": "4140",
                "domaine_s_artistique_s": [
                    "Arts vivants"
                ],
                "sous_domaine_artistique": [
                    "Art dramatique"
                ],
                "precision_du_sous_domaine": [
                    "Théâtre général; Théâtre action; Spectacle d'improvisation"
                ],
                "metiers_artistiques": "Humoriste, Comédien·ne, improvisateur, Texte: auteur·rice, Mise en scène",
                "niveau_x_et_ou_type_s_d_enseignement": [
                    "Niveau fondamental - primaire",
                    "Niveau secondaire - inférieur",
                    "Niveau secondaire - supérieur"
                ],
                "bassin_s_scolaire_s": [
                    "Bruxelles",
                    "Brabant wallon",
                    "Huy Waremme",
                    "Liège",
                    "Verviers",
                    "Namur",
                    "Luxembourg"
                ],
                "type_s_d_intervention_s": [
                    "Rencontre ponctuelle (1 séance d'1 ou 2 heures)"
                ],
                "site_web": null,
                "descriptif": null
            }
        },
        {
            "type": "Feature",
            "geometry": {
                "type": "Point",
                "coordinates": [
                    4.29266566264007,
                    50.83150217114286
                ]
            },
            "properties": {
                "prenom": "Sandrine",
                "nom": "Morgante",
                "nom_d_artiste_ou_du_groupe_artistique": null,
                "adresse_courriel": "sandrine.morgante@hotmail.com",
                "cp": "1070",
                "domaine_s_artistique_s": [
                    "Arts visuels"
                ],
                "sous_domaine_artistique": [
                    "Dessin",
                    "Illustration"
                ],
                "precision_du_sous_domaine": null,
                "metiers_artistiques": "Artiste plasticien",
                "niveau_x_et_ou_type_s_d_enseignement": [
                    "Niveau fondamental - primaire",
                    "Niveau secondaire - inférieur",
                    "Niveau secondaire - supérieur"
                ],
                "bassin_s_scolaire_s": [
                    "Bruxelles",
                    "Liège"
                ],
                "type_s_d_intervention_s": [
                    "Rencontre ponctuelle (1 séance d'1 ou 2 heures)",
                    "Accompagnement de projet (3 à 5 séances de 2 heures chacune)"
                ],
                "site_web": null,
                "descriptif": null
            }
        },
        {
            "type": "Feature",
            "geometry": {
                "type": "Point",
                "coordinates": [
                    4.376217020664074,
                    50.82661313830635
                ]
            },
            "properties": {
                "prenom": "Samir",
                "nom": "Senouci",
                "nom_d_artiste_ou_du_groupe_artistique": "SMR",
                "adresse_courriel": "smr.contact.pro@gmail.com",
                "cp": "1050",
                "domaine_s_artistique_s": [
                    "Musique"
                ],
                "sous_domaine_artistique": [
                    "Musiques actuelles"
                ],
                "precision_du_sous_domaine": [
                    "Musiques urbaines"
                ],
                "metiers_artistiques": "Artiste plasticien·ne, Chanteur·se, Musicien·ne, Texte: auteur·rice, Graphisme",
                "niveau_x_et_ou_type_s_d_enseignement": [
                    "Niveau fondamental - primaire",
                    "Niveau secondaire - inférieur",
                    "Niveau secondaire - supérieur"
                ],
                "bassin_s_scolaire_s": [
                    "Bruxelles"
                ],
                "type_s_d_intervention_s": [
                    "Rencontre ponctuelle (1 séance d'1 ou 2 heures)",
                    "Accompagnement de projet (3 à 5 séances de 2 heures chacune)"
                ],
                "site_web": null,
                "descriptif": null
            }
        },
        {
            "type": "Feature",
            "geometry": {
                "type": "Point",
                "coordinates": [
                    5.6884007656458335,
                    50.667033301877645
                ]
            },
            "properties": {
                "prenom": "Benoit",
                "nom": "Nieto Duran",
                "nom_d_artiste_ou_du_groupe_artistique": null,
                "adresse_courriel": "ben.manima.co@gmail.com",
                "cp": "4671",
                "domaine_s_artistique_s": [
                    "Arts vivants"
                ],
                "sous_domaine_artistique": [
                    "Art chorégraphique"
                ],
                "precision_du_sous_domaine": [
                    "Danse contemporaine; Danse urbaine"
                ],
                "metiers_artistiques": "Danseur·se, Chorégraphie, Mise en scène",
                "niveau_x_et_ou_type_s_d_enseignement": [
                    "Niveau fondamental - maternel",
                    "Niveau fondamental - primaire",
                    "Niveau secondaire - inférieur",
                    "Niveau secondaire - supérieur"
                ],
                "bassin_s_scolaire_s": [
                    "Bruxelles",
                    "Brabant wallon",
                    "Hainaut Centre",
                    "Hainaut Sud",
                    "Wallonie picarde",
                    "Huy Waremme",
                    "Liège",
                    "Verviers",
                    "Namur",
                    "Luxembourg"
                ],
                "type_s_d_intervention_s": [
                    "Rencontre ponctuelle (1 séance d'1 ou 2 heures)",
                    "Accompagnement de projet (3 à 5 séances de 2 heures chacune)"
                ],
                "site_web": null,
                "descriptif": null
            }
        },
        {
            "type": "Feature",
            "geometry": {
                "type": "Point",
                "coordinates": [
                    4.762500956482221,
                    50.786473541877
                ]
            },
            "properties": {
                "prenom": "Maya",
                "nom": "De Kemmeter",
                "nom_d_artiste_ou_du_groupe_artistique": "Maya Nashoba",
                "adresse_courriel": "maya.dekemmeter@gmail.com",
                "cp": "1320",
                "domaine_s_artistique_s": [
                    "Musique"
                ],
                "sous_domaine_artistique": [
                    "Musiques actuelles"
                ],
                "precision_du_sous_domaine": [
                    "Chanson et Musique d'expression francophone"
                ],
                "metiers_artistiques": "Chanteur·se, Musicien·ne, Texte: auteur·rice",
                "niveau_x_et_ou_type_s_d_enseignement": [
                    "Niveau secondaire - inférieur",
                    "Niveau secondaire - supérieur"
                ],
                "bassin_s_scolaire_s": [
                    "Bruxelles",
                    "Brabant wallon",
                    "Namur"
                ],
                "type_s_d_intervention_s": [
                    "Rencontre ponctuelle (1 séance d'1 ou 2 heures)",
                    "Accompagnement de projet (3 à 5 séances de 2 heures chacune)"
                ],
                "site_web": null,
                "descriptif": null
            }
        },
        {
            "type": "Feature",
            "geometry": {
                "type": "Point",
                "coordinates": [
                    4.493950983075656,
                    50.6025126963303
                ]
            },
            "properties": {
                "prenom": "Nicolas",
                "nom": "Van Overstraeten",
                "nom_d_artiste_ou_du_groupe_artistique": "Monsieur Nicolas",
                "adresse_courriel": "nicolasvo@icloud.com",
                "cp": "1470",
                "domaine_s_artistique_s": [
                    "Musique"
                ],
                "sous_domaine_artistique": null,
                "precision_du_sous_domaine": null,
                "metiers_artistiques": "Chanteur·se, Musicien·ne, Conteur·se",
                "niveau_x_et_ou_type_s_d_enseignement": [
                    "Niveau fondamental - maternel",
                    "Niveau fondamental - primaire"
                ],
                "bassin_s_scolaire_s": [
                    "Bruxelles",
                    "Brabant wallon",
                    "Hainaut Centre",
                    "Hainaut Sud",
                    "Wallonie picarde",
                    "Huy Waremme",
                    "Liège",
                    "Verviers",
                    "Namur",
                    "Luxembourg"
                ],
                "type_s_d_intervention_s": [
                    "Rencontre ponctuelle (1 séance d'1 ou 2 heures)"
                ],
                "site_web": null,
                "descriptif": null
            }
        },
        {
            "type": "Feature",
            "geometry": {
                "type": "Point",
                "coordinates": [
                    4.380744543764381,
                    50.86661416180231
                ]
            },
            "properties": {
                "prenom": "Delphine",
                "nom": "Peraya",
                "nom_d_artiste_ou_du_groupe_artistique": "Compagnie des Babettes ASBL",
                "adresse_courriel": "delphine.peraya@gmail.com",
                "cp": "1030",
                "domaine_s_artistique_s": [
                    "Arts vivants"
                ],
                "sous_domaine_artistique": [
                    "Art dramatique"
                ],
                "precision_du_sous_domaine": [
                    "Théâtre général; Théâtre général Jeune Public"
                ],
                "metiers_artistiques": "Comédien·ne, Texte: auteur·rice, Mise en scène",
                "niveau_x_et_ou_type_s_d_enseignement": [
                    "Niveau fondamental - primaire",
                    "Niveau secondaire - inférieur",
                    "Niveau secondaire - supérieur"
                ],
                "bassin_s_scolaire_s": [
                    "Bruxelles",
                    "Brabant wallon"
                ],
                "type_s_d_intervention_s": [
                    "Rencontre ponctuelle (1 séance d'1 ou 2 heures)",
                    "Accompagnement de projet (3 à 5 séances de 2 heures chacune)"
                ],
                "site_web": null,
                "descriptif": null
            }
        },
        {
            "type": "Feature",
            "geometry": {
                "type": "Point",
                "coordinates": [
                    5.128740814345303,
                    50.52460249723633
                ]
            },
            "properties": {
                "prenom": "Pierre",
                "nom": "Vanrenterghem",
                "nom_d_artiste_ou_du_groupe_artistique": "Los Pepes",
                "adresse_courriel": "contact.lospepes@gmail.com",
                "cp": "4218",
                "domaine_s_artistique_s": [
                    "Musique"
                ],
                "sous_domaine_artistique": [
                    "Musiques actuelles"
                ],
                "precision_du_sous_domaine": [
                    "Chanson et Musique d'expression francophone"
                ],
                "metiers_artistiques": "Chanteur·se, Musicien·ne, Texte: auteur·rice, Musique: compositeur·rice",
                "niveau_x_et_ou_type_s_d_enseignement": [
                    "Niveau secondaire - inférieur",
                    "Niveau secondaire - supérieur"
                ],
                "bassin_s_scolaire_s": [
                    "Bruxelles",
                    "Brabant wallon",
                    "Hainaut Centre",
                    "Huy Waremme",
                    "Liège",
                    "Namur"
                ],
                "type_s_d_intervention_s": [
                    "Rencontre ponctuelle (1 séance d'1 ou 2 heures)",
                    "Accompagnement de projet (3 à 5 séances de 2 heures chacune)"
                ],
                "site_web": null,
                "descriptif": null
            }
        },
        {
            "type": "Feature",
            "geometry": {
                "type": "Point",
                "coordinates": [
                    4.8650544250430565,
                    50.463078674381016
                ]
            },
            "properties": {
                "prenom": "Isabelle",
                "nom": "Loodts",
                "nom_d_artiste_ou_du_groupe_artistique": "Théâtre des Travaux et des Jours asbl",
                "adresse_courriel": "theatredestravauxetdesjours@theatretj.be",
                "cp": "5000",
                "domaine_s_artistique_s": [
                    "Arts vivants"
                ],
                "sous_domaine_artistique": [
                    "Art dramatique"
                ],
                "precision_du_sous_domaine": [
                    "Théâtre action"
                ],
                "metiers_artistiques": "Comédien·ne, Texte: auteur·rice, Mise en scène, Scénographie",
                "niveau_x_et_ou_type_s_d_enseignement": [
                    "Niveau secondaire - inférieur",
                    "Niveau secondaire - supérieur"
                ],
                "bassin_s_scolaire_s": [
                    "Liège",
                    "Verviers",
                    "Namur",
                    "Luxembourg"
                ],
                "type_s_d_intervention_s": [
                    "Rencontre ponctuelle (1 séance d'1 ou 2 heures)",
                    "Accompagnement de projet (3 à 5 séances de 2 heures chacune)"
                ],
                "site_web": null,
                "descriptif": null
            }
        },
        {
            "type": "Feature",
            "geometry": {
                "type": "Point",
                "coordinates": [
                    4.343463448726441,
                    50.83044911483679
                ]
            },
            "properties": {
                "prenom": "Alice",
                "nom": "Pamuk",
                "nom_d_artiste_ou_du_groupe_artistique": null,
                "adresse_courriel": "alicepamuk@gmail.com",
                "cp": "1060",
                "domaine_s_artistique_s": [
                    "Arts visuels"
                ],
                "sous_domaine_artistique": [
                    "Vidéo d'art"
                ],
                "precision_du_sous_domaine": null,
                "metiers_artistiques": "Artiste plasticien",
                "niveau_x_et_ou_type_s_d_enseignement": [
                    "Niveau fondamental - maternel",
                    "Niveau fondamental - primaire",
                    "Niveau secondaire - inférieur",
                    "Niveau secondaire - supérieur"
                ],
                "bassin_s_scolaire_s": [
                    "Bruxelles",
                    "Brabant wallon",
                    "Hainaut Centre",
                    "Hainaut Sud",
                    "Wallonie picarde",
                    "Huy Waremme",
                    "Liège",
                    "Verviers",
                    "Namur",
                    "Luxembourg"
                ],
                "type_s_d_intervention_s": [
                    "Rencontre ponctuelle (1 séance d'1 ou 2 heures)",
                    "Accompagnement de projet (3 à 5 séances de 2 heures chacune)"
                ],
                "site_web": null,
                "descriptif": null
            }
        },
        {
            "type": "Feature",
            "geometry": {
                "type": "Point",
                "coordinates": [
                    4.419545932344844,
                    50.79968484315967
                ]
            },
            "properties": {
                "prenom": "Dimitri",
                "nom": "Delvaux",
                "nom_d_artiste_ou_du_groupe_artistique": "Compagnie Saxophone Event",
                "adresse_courriel": "dimdelvaux@gmail.com",
                "cp": "1170",
                "domaine_s_artistique_s": [
                    "Musique"
                ],
                "sous_domaine_artistique": [
                    "Musique classique et contemporaine",
                    "Musiques actuelles"
                ],
                "precision_du_sous_domaine": [
                    "Blues; Jazz; Musiques électroniques; Pop/Rock; Musique jeune public; Spectacle musical; Musique classique et contemporaine (ensemble)"
                ],
                "metiers_artistiques": "Comédien·ne, Musicien·ne, Musique: compositeur·rice, Musique: arrangements",
                "niveau_x_et_ou_type_s_d_enseignement": [
                    "Niveau fondamental - primaire",
                    "Niveau secondaire - inférieur"
                ],
                "bassin_s_scolaire_s": [
                    "Bruxelles",
                    "Brabant wallon",
                    "Hainaut Centre",
                    "Hainaut Sud",
                    "Huy Waremme",
                    "Liège",
                    "Verviers",
                    "Namur",
                    "Luxembourg"
                ],
                "type_s_d_intervention_s": [
                    "Rencontre ponctuelle (1 séance d'1 ou 2 heures)",
                    "Accompagnement de projet (3 à 5 séances de 2 heures chacune)"
                ],
                "site_web": null,
                "descriptif": null
            }
        },
        {
            "type": "Feature",
            "geometry": {
                "type": "Point",
                "coordinates": [
                    4.8650544250430565,
                    50.463078674381016
                ]
            },
            "properties": {
                "prenom": "Maura",
                "nom": "Cosnefroy",
                "nom_d_artiste_ou_du_groupe_artistique": "Duo Orchestra",
                "adresse_courriel": "maurathealucie@gmail.com",
                "cp": "5000",
                "domaine_s_artistique_s": [
                    "Musique"
                ],
                "sous_domaine_artistique": [
                    "Musique classique et contemporaine"
                ],
                "precision_du_sous_domaine": [
                    "Musique classique et contemporaine (ensemble)"
                ],
                "metiers_artistiques": "Musicien·ne",
                "niveau_x_et_ou_type_s_d_enseignement": [
                    "Niveau fondamental - maternel",
                    "Niveau fondamental - primaire",
                    "Niveau secondaire - inférieur",
                    "Niveau secondaire - supérieur"
                ],
                "bassin_s_scolaire_s": [
                    "Bruxelles",
                    "Namur"
                ],
                "type_s_d_intervention_s": [
                    "Rencontre ponctuelle (1 séance d'1 ou 2 heures)"
                ],
                "site_web": null,
                "descriptif": null
            }
        },
        {
            "type": "Feature",
            "geometry": {
                "type": "Point",
                "coordinates": [
                    4.343463448726441,
                    50.83044911483679
                ]
            },
            "properties": {
                "prenom": "Amaury",
                "nom": "Louis",
                "nom_d_artiste_ou_du_groupe_artistique": "marcel",
                "adresse_courriel": "amauryl@live.be",
                "cp": "1060",
                "domaine_s_artistique_s": [
                    "Musique"
                ],
                "sous_domaine_artistique": [
                    "Musiques actuelles"
                ],
                "precision_du_sous_domaine": [
                    "Pop/Rock; Rock dur; Spectacle musical"
                ],
                "metiers_artistiques": "Chanteur·se, Musicien·ne, Musique: compositeur·rice",
                "niveau_x_et_ou_type_s_d_enseignement": [
                    "Niveau secondaire - inférieur",
                    "Niveau secondaire - supérieur"
                ],
                "bassin_s_scolaire_s": [
                    "Bruxelles"
                ],
                "type_s_d_intervention_s": [
                    "Rencontre ponctuelle (1 séance d'1 ou 2 heures)",
                    "Accompagnement de projet (3 à 5 séances de 2 heures chacune)"
                ],
                "site_web": null,
                "descriptif": null
            }
        },
        {
            "type": "Feature",
            "geometry": {
                "type": "Point",
                "coordinates": [
                    4.318752891748991,
                    50.855119755562214
                ]
            },
            "properties": {
                "prenom": "Marc",
                "nom": "Buchy",
                "nom_d_artiste_ou_du_groupe_artistique": null,
                "adresse_courriel": "marc.buchy@gmail.com",
                "cp": "1080",
                "domaine_s_artistique_s": [
                    "Arts visuels"
                ],
                "sous_domaine_artistique": [
                    "Arts numériques et technologiques"
                ],
                "precision_du_sous_domaine": [
                    "Vidéo d'art"
                ],
                "metiers_artistiques": "Artiste plasticien, Curateur",
                "niveau_x_et_ou_type_s_d_enseignement": [
                    "Niveau fondamental - maternel",
                    "Niveau fondamental - primaire",
                    "Niveau secondaire - inférieur",
                    "Niveau secondaire - supérieur"
                ],
                "bassin_s_scolaire_s": [
                    "Bruxelles"
                ],
                "type_s_d_intervention_s": [
                    "Rencontre ponctuelle (1 séance d'1 ou 2 heures)"
                ],
                "site_web": null,
                "descriptif": null
            }
        },
        {
            "type": "Feature",
            "geometry": {
                "type": "Point",
                "coordinates": [
                    4.920040119417216,
                    50.324811358147166
                ]
            },
            "properties": {
                "prenom": "Nicolas",
                "nom": "Paternotte",
                "nom_d_artiste_ou_du_groupe_artistique": null,
                "adresse_courriel": "paternotte.nicolas@gmail.com",
                "cp": "5530",
                "domaine_s_artistique_s": [
                    "Musique"
                ],
                "sous_domaine_artistique": [
                    "Musique classique et contemporaine"
                ],
                "precision_du_sous_domaine": [
                    "Musique classique et contemporaine (ensemble)"
                ],
                "metiers_artistiques": "Musicien·ne, Musique: compositeur·rice, Musique: arrangements",
                "niveau_x_et_ou_type_s_d_enseignement": [
                    "Niveau secondaire - supérieur"
                ],
                "bassin_s_scolaire_s": [
                    "Namur"
                ],
                "type_s_d_intervention_s": [
                    "Rencontre ponctuelle (1 séance d'1 ou 2 heures)"
                ],
                "site_web": null,
                "descriptif": null
            }
        },
        {
            "type": "Feature",
            "geometry": {
                "type": "Point",
                "coordinates": [
                    4.939114998350811,
                    50.683623735662664
                ]
            },
            "properties": {
                "prenom": "Guy",
                "nom": "Theunissen",
                "nom_d_artiste_ou_du_groupe_artistique": "La Maison Ephémère, compagnie théâtrale",
                "adresse_courriel": "guytheunissen@maisonephemere.be",
                "cp": "1350",
                "domaine_s_artistique_s": [
                    "Arts vivants"
                ],
                "sous_domaine_artistique": [
                    "Art dramatique"
                ],
                "precision_du_sous_domaine": [
                    "Théâtre général"
                ],
                "metiers_artistiques": "Comédien·ne, metteur en scène, auteur, Texte: auteur·rice, Texte: adaptation, Marionnettes, Mise en scène",
                "niveau_x_et_ou_type_s_d_enseignement": [
                    "Niveau secondaire - inférieur",
                    "Niveau secondaire - supérieur"
                ],
                "bassin_s_scolaire_s": [
                    "Bruxelles",
                    "Brabant wallon",
                    "Hainaut Centre",
                    "Hainaut Sud",
                    "Wallonie picarde",
                    "Huy Waremme",
                    "Liège",
                    "Verviers",
                    "Namur",
                    "Luxembourg"
                ],
                "type_s_d_intervention_s": [
                    "Rencontre ponctuelle (1 séance d'1 ou 2 heures)",
                    "Accompagnement de projet (3 à 5 séances de 2 heures chacune)"
                ],
                "site_web": null,
                "descriptif": null
            }
        },
        {
            "type": "Feature",
            "geometry": {
                "type": "Point",
                "coordinates": [
                    4.687666696922213,
                    50.56790659954906
                ]
            },
            "properties": {
                "prenom": "Christelle",
                "nom": "Delbrouck",
                "nom_d_artiste_ou_du_groupe_artistique": null,
                "adresse_courriel": "tristrel@yahoo.com",
                "cp": "5030",
                "domaine_s_artistique_s": [
                    "Arts vivants"
                ],
                "sous_domaine_artistique": [
                    "Art dramatique",
                    "Arts forains",
                    "du cirque et de la rue",
                    "Marionnettes",
                    "théâtre d'objets",
                    "théâtre d'ombres",
                    "Spectacle pluridisciplinaire"
                ],
                "precision_du_sous_domaine": [
                    "Théâtre général; Théâtre général Jeune Public; Théâtre action; Spectacle d'improvisation; Arts forains",
                    "du cirque et de la rue adulte et public familial; Marionnettes",
                    "théâtre d'objets",
                    "théâtre d'ombres; Marionnettes",
                    "théâtre d'objets",
                    "théâtre d'ombres jeune public; Spectacle pluridisciplinaire; Spectacle pluridisciplinaire Jeune Public"
                ],
                "metiers_artistiques": "Manipulateur·rice - marionnettiste, Comédien·ne, Récitant·e, Texte: auteur·rice, Texte: adaptation",
                "niveau_x_et_ou_type_s_d_enseignement": [
                    "Niveau secondaire - inférieur",
                    "Niveau secondaire - supérieur"
                ],
                "bassin_s_scolaire_s": [
                    "Bruxelles",
                    "Brabant wallon",
                    "Hainaut Centre",
                    "Hainaut Sud",
                    "Wallonie picarde",
                    "Huy Waremme",
                    "Liège",
                    "Verviers",
                    "Namur",
                    "Luxembourg"
                ],
                "type_s_d_intervention_s": [
                    "Rencontre ponctuelle (1 séance d'1 ou 2 heures)",
                    "Accompagnement de projet (3 à 5 séances de 2 heures chacune)"
                ],
                "site_web": null,
                "descriptif": null
            }
        },
        {
            "type": "Feature",
            "geometry": {
                "type": "Point",
                "coordinates": [
                    4.376217020664074,
                    50.82661313830635
                ]
            },
            "properties": {
                "prenom": "Laurence",
                "nom": "Cousseau",
                "nom_d_artiste_ou_du_groupe_artistique": "Maglé",
                "adresse_courriel": "laurence.cousseau@gmail.com",
                "cp": "1050",
                "domaine_s_artistique_s": [
                    "Musique"
                ],
                "sous_domaine_artistique": [
                    "Musiques actuelles"
                ],
                "precision_du_sous_domaine": [
                    "Jazz"
                ],
                "metiers_artistiques": "Musicien·ne",
                "niveau_x_et_ou_type_s_d_enseignement": [
                    "Niveau fondamental - maternel",
                    "Niveau secondaire - inférieur",
                    "Niveau secondaire - supérieur"
                ],
                "bassin_s_scolaire_s": [
                    "Bruxelles",
                    "Brabant wallon",
                    "Namur"
                ],
                "type_s_d_intervention_s": [
                    "Rencontre ponctuelle (1 séance d'1 ou 2 heures)"
                ],
                "site_web": null,
                "descriptif": null
            }
        },
        {
            "type": "Feature",
            "geometry": {
                "type": "Point",
                "coordinates": [
                    4.380744543764381,
                    50.86661416180231
                ]
            },
            "properties": {
                "prenom": "Mathias",
                "nom": "Baijot",
                "nom_d_artiste_ou_du_groupe_artistique": null,
                "adresse_courriel": "mathiasbaijot@gmail.com",
                "cp": "1030",
                "domaine_s_artistique_s": [
                    "Arts visuels"
                ],
                "sous_domaine_artistique": [
                    "Dessin",
                    "Illustration"
                ],
                "precision_du_sous_domaine": null,
                "metiers_artistiques": "Artiste plasticien",
                "niveau_x_et_ou_type_s_d_enseignement": [
                    "Niveau fondamental - primaire",
                    "Niveau secondaire - inférieur",
                    "Niveau secondaire - supérieur"
                ],
                "bassin_s_scolaire_s": [
                    "Bruxelles",
                    "Brabant wallon",
                    "Namur"
                ],
                "type_s_d_intervention_s": [
                    "Rencontre ponctuelle (1 séance d'1 ou 2 heures)",
                    "Accompagnement de projet (3 à 5 séances de 2 heures chacune)"
                ],
                "site_web": null,
                "descriptif": null
            }
        },
        {
            "type": "Feature",
            "geometry": {
                "type": "Point",
                "coordinates": [
                    4.318752891748991,
                    50.855119755562214
                ]
            },
            "properties": {
                "prenom": "Hugo",
                "nom": "Fraysse",
                "nom_d_artiste_ou_du_groupe_artistique": "Ugo Woatzi",
                "adresse_courriel": "ugowoatzi@gmail.com",
                "cp": "1080",
                "domaine_s_artistique_s": [
                    "Arts visuels"
                ],
                "sous_domaine_artistique": [
                    "Photographie"
                ],
                "precision_du_sous_domaine": [
                    "Vidéo d'art"
                ],
                "metiers_artistiques": "Artiste plasticien",
                "niveau_x_et_ou_type_s_d_enseignement": [
                    "Niveau secondaire - supérieur"
                ],
                "bassin_s_scolaire_s": [
                    "Bruxelles"
                ],
                "type_s_d_intervention_s": [
                    "Rencontre ponctuelle (1 séance d'1 ou 2 heures)"
                ],
                "site_web": null,
                "descriptif": null
            }
        },
        {
            "type": "Feature",
            "geometry": {
                "type": "Point",
                "coordinates": [
                    4.325860589138366,
                    50.816704879551345
                ]
            },
            "properties": {
                "prenom": "Peggy Pexy",
                "nom": "Green",
                "nom_d_artiste_ou_du_groupe_artistique": "La compagnie qui pétille",
                "adresse_courriel": "malvirapeg@yahoo.fr",
                "cp": "1190",
                "domaine_s_artistique_s": [
                    "Arts vivants"
                ],
                "sous_domaine_artistique": [
                    "Art dramatique",
                    "Spectacle pluridisciplinaire"
                ],
                "precision_du_sous_domaine": [
                    "Théâtre général; Théâtre action; Théâtre action Jeune Public; Spectacle d'improvisation; Spectacle pluridisciplinaire"
                ],
                "metiers_artistiques": "Comédien·ne, Egalement Oratrice de Conférence performée / gesticulée, Texte: auteur·rice, Mise en scène",
                "niveau_x_et_ou_type_s_d_enseignement": [
                    "Niveau fondamental - primaire",
                    "Niveau secondaire - inférieur",
                    "Niveau secondaire - supérieur"
                ],
                "bassin_s_scolaire_s": [
                    "Bruxelles"
                ],
                "type_s_d_intervention_s": [
                    "Rencontre ponctuelle (1 séance d'1 ou 2 heures)",
                    "Accompagnement de projet (3 à 5 séances de 2 heures chacune)"
                ],
                "site_web": null,
                "descriptif": null
            }
        },
        {
            "type": "Feature",
            "geometry": {
                "type": "Point",
                "coordinates": [
                    4.429877668611897,
                    50.25358293697932
                ]
            },
            "properties": {
                "prenom": "Claire",
                "nom": "Frament",
                "nom_d_artiste_ou_du_groupe_artistique": "L'Anneau Théâtre",
                "adresse_courriel": "claire.frament@insas.be",
                "cp": "5650",
                "domaine_s_artistique_s": [
                    "Arts vivants"
                ],
                "sous_domaine_artistique": [
                    "Art dramatique",
                    "Marionnettes",
                    "théâtre d'objets",
                    "théâtre d'ombres"
                ],
                "precision_du_sous_domaine": [
                    "Théâtre général; Théâtre général Jeune Public; Marionnettes",
                    "théâtre d'objets",
                    "théâtre d'ombres jeune public"
                ],
                "metiers_artistiques": "Comédien·ne, Texte: adaptation",
                "niveau_x_et_ou_type_s_d_enseignement": [
                    "Niveau fondamental - maternel",
                    "Niveau fondamental - primaire",
                    "Niveau secondaire - inférieur",
                    "Niveau secondaire - supérieur"
                ],
                "bassin_s_scolaire_s": [
                    "Hainaut Centre",
                    "Hainaut Sud"
                ],
                "type_s_d_intervention_s": [
                    "Rencontre ponctuelle (1 séance d'1 ou 2 heures)"
                ],
                "site_web": null,
                "descriptif": null
            }
        },
        {
            "type": "Feature",
            "geometry": {
                "type": "Point",
                "coordinates": [
                    4.624845694681677,
                    50.58987166003846
                ]
            },
            "properties": {
                "prenom": "Véronique",
                "nom": "Binst",
                "nom_d_artiste_ou_du_groupe_artistique": "RESEAU7",
                "adresse_courriel": "veronicabinst@yahoo.fr",
                "cp": "1450",
                "domaine_s_artistique_s": [
                    "Musique"
                ],
                "sous_domaine_artistique": [
                    "Musique classique et contemporaine"
                ],
                "precision_du_sous_domaine": [
                    "Musique classique et contemporaine (ensemble)"
                ],
                "metiers_artistiques": "Artiste plasticien·ne, Comédien·ne, Musicien·ne, performance et théâtre d'objets filmés en direct, Musique: compositeur·rice, Musique: décor sonore, Accessoires, Vidéo, création de vidéo en stopmotion,",
                "niveau_x_et_ou_type_s_d_enseignement": [
                    "Niveau fondamental - primaire",
                    "Niveau secondaire - supérieur"
                ],
                "bassin_s_scolaire_s": [
                    "Bruxelles",
                    "Brabant wallon",
                    "Namur"
                ],
                "type_s_d_intervention_s": [
                    "Accompagnement de projet (3 à 5 séances de 2 heures chacune)"
                ],
                "site_web": null,
                "descriptif": null
            }
        },
        {
            "type": "Feature",
            "geometry": {
                "type": "Point",
                "coordinates": [
                    4.325860589138366,
                    50.816704879551345
                ]
            },
            "properties": {
                "prenom": "Alexandre",
                "nom": "Beaurain",
                "nom_d_artiste_ou_du_groupe_artistique": "Alex Beaurain",
                "adresse_courriel": "alexbeaurain@gmail.com",
                "cp": "1190",
                "domaine_s_artistique_s": [
                    "Musique"
                ],
                "sous_domaine_artistique": [
                    "Musiques actuelles"
                ],
                "precision_du_sous_domaine": [
                    "Folk-Trad-World; Jazz; Spectacle musical"
                ],
                "metiers_artistiques": "Musicien·ne, Musique: compositeur·rice, Musique: arrangements, Image / photographie",
                "niveau_x_et_ou_type_s_d_enseignement": [
                    "Niveau fondamental - primaire",
                    "Niveau secondaire - inférieur",
                    "Niveau secondaire - supérieur"
                ],
                "bassin_s_scolaire_s": [
                    "Bruxelles",
                    "Brabant wallon",
                    "Hainaut Centre",
                    "Hainaut Sud",
                    "Wallonie picarde",
                    "Huy Waremme",
                    "Liège",
                    "Verviers",
                    "Namur",
                    "Luxembourg"
                ],
                "type_s_d_intervention_s": [
                    "Rencontre ponctuelle (1 séance d'1 ou 2 heures)",
                    "Accompagnement de projet (3 à 5 séances de 2 heures chacune)"
                ],
                "site_web": null,
                "descriptif": null
            }
        },
        {
            "type": "Feature",
            "geometry": {
                "type": "Point",
                "coordinates": [
                    4.380744543764381,
                    50.86661416180231
                ]
            },
            "properties": {
                "prenom": "Catherine",
                "nom": "Groslambert",
                "nom_d_artiste_ou_du_groupe_artistique": "LIP",
                "adresse_courriel": "cath.glbt@gmail.com",
                "cp": "1030",
                "domaine_s_artistique_s": [
                    "Arts vivants"
                ],
                "sous_domaine_artistique": [
                    "Art chorégraphique",
                    "Art dramatique",
                    "Conte"
                ],
                "precision_du_sous_domaine": [
                    "Théâtre général Jeune Public; Théâtre action; Théâtre action Jeune Public; Spectacle d'improvisation; Danse jeune public; Conte; Conte Jeune Public"
                ],
                "metiers_artistiques": "Comédien·ne, Conteur·se, Récitant·e, Texte: auteur·rice, Texte: adaptation, Mise en scène",
                "niveau_x_et_ou_type_s_d_enseignement": [
                    "Niveau fondamental - maternel",
                    "Niveau fondamental - primaire",
                    "Niveau secondaire - inférieur",
                    "Niveau secondaire - supérieur"
                ],
                "bassin_s_scolaire_s": [
                    "Bruxelles"
                ],
                "type_s_d_intervention_s": [
                    "Rencontre ponctuelle (1 séance d'1 ou 2 heures)",
                    "Accompagnement de projet (3 à 5 séances de 2 heures chacune)"
                ],
                "site_web": null,
                "descriptif": null
            }
        },
        {
            "type": "Feature",
            "geometry": {
                "type": "Point",
                "coordinates": [
                    4.35012989814735,
                    50.8475911319432
                ]
            },
            "properties": {
                "prenom": "Akiko",
                "nom": "Okawa",
                "nom_d_artiste_ou_du_groupe_artistique": "Erämaa Trio",
                "adresse_courriel": "eramaatrio@gmail.com",
                "cp": "1000",
                "domaine_s_artistique_s": [
                    "Musique"
                ],
                "sous_domaine_artistique": [
                    "Musique classique et contemporaine"
                ],
                "precision_du_sous_domaine": [
                    "Musique classique et contemporaine (ensemble)"
                ],
                "metiers_artistiques": "Musicien·ne, nouvelles technologies",
                "niveau_x_et_ou_type_s_d_enseignement": [
                    "Niveau fondamental - primaire",
                    "Niveau secondaire - inférieur"
                ],
                "bassin_s_scolaire_s": [
                    "Bruxelles",
                    "Brabant wallon",
                    "Hainaut Centre",
                    "Hainaut Sud",
                    "Wallonie picarde",
                    "Huy Waremme",
                    "Liège",
                    "Verviers",
                    "Namur",
                    "Luxembourg"
                ],
                "type_s_d_intervention_s": [
                    "Accompagnement de projet (3 à 5 séances de 2 heures chacune)"
                ],
                "site_web": null,
                "descriptif": null
            }
        },
        {
            "type": "Feature",
            "geometry": {
                "type": "Point",
                "coordinates": [
                    5.394027537930526,
                    49.854565441117735
                ]
            },
            "properties": {
                "prenom": "Raphael",
                "nom": "Goblet",
                "nom_d_artiste_ou_du_groupe_artistique": "Cré Tonnerre, Pankart",
                "adresse_courriel": "raphael.goblet@gmail.com",
                "cp": "6840",
                "domaine_s_artistique_s": [
                    "Musique"
                ],
                "sous_domaine_artistique": [
                    "Musiques actuelles"
                ],
                "precision_du_sous_domaine": [
                    "Folk-Trad-World; Chanson et Musique d'expression francophone"
                ],
                "metiers_artistiques": "Musicien·ne, Texte: auteur·rice, Musique: compositeur·rice, Musique: arrangements",
                "niveau_x_et_ou_type_s_d_enseignement": [
                    "Niveau fondamental - primaire",
                    "Niveau secondaire - inférieur",
                    "Niveau secondaire - supérieur"
                ],
                "bassin_s_scolaire_s": [
                    "Namur",
                    "Luxembourg"
                ],
                "type_s_d_intervention_s": [
                    "Rencontre ponctuelle (1 séance d'1 ou 2 heures)",
                    "Accompagnement de projet (3 à 5 séances de 2 heures chacune)"
                ],
                "site_web": null,
                "descriptif": null
            }
        },
        {
            "type": "Feature",
            "geometry": {
                "type": "Point",
                "coordinates": [
                    3.70070895051343,
                    50.55401016646966
                ]
            },
            "properties": {
                "prenom": "Frédéric",
                "nom": "Chemama",
                "nom_d_artiste_ou_du_groupe_artistique": "眯腊 (mira)",
                "adresse_courriel": "legestographe@gmail.com",
                "cp": "7972",
                "domaine_s_artistique_s": [
                    "Arts visuels",
                    "Arts vivants"
                ],
                "sous_domaine_artistique": [
                    "Arts numériques et technologiques",
                    "Spectacle pluridisciplinaire"
                ],
                "precision_du_sous_domaine": [
                    "Photographie; Sculpture; Vidéo d'art; Spectacle pluridisciplinaire; Spectacle pluridisciplinaire Jeune Public"
                ],
                "metiers_artistiques": "Artiste plasticien, artiste conceptuel, Artiste plasticien·ne, Mise en scène, Scénographie, Vidéo",
                "niveau_x_et_ou_type_s_d_enseignement": [
                    "Niveau fondamental - primaire",
                    "Niveau secondaire - inférieur",
                    "Niveau secondaire - supérieur"
                ],
                "bassin_s_scolaire_s": [
                    "Bruxelles",
                    "Brabant wallon",
                    "Hainaut Centre",
                    "Hainaut Sud",
                    "Wallonie picarde"
                ],
                "type_s_d_intervention_s": [
                    "Rencontre ponctuelle (1 séance d'1 ou 2 heures)",
                    "Accompagnement de projet (3 à 5 séances de 2 heures chacune)"
                ],
                "site_web": null,
                "descriptif": null
            }
        },
        {
            "type": "Feature",
            "geometry": {
                "type": "Point",
                "coordinates": [
                    5.594965059033414,
                    50.47034058252247
                ]
            },
            "properties": {
                "prenom": "Pierre",
                "nom": "Remy",
                "nom_d_artiste_ou_du_groupe_artistique": "El Rata/ Fractional",
                "adresse_courriel": "elratacopulando@gmail.com",
                "cp": "4170",
                "domaine_s_artistique_s": [
                    "Musique"
                ],
                "sous_domaine_artistique": [
                    "Musiques actuelles"
                ],
                "precision_du_sous_domaine": [
                    "Musiques électroniques; Musiques urbaines"
                ],
                "metiers_artistiques": "Musicien·ne, Musique: compositeur·rice, Musique: arrangements, Musique: décor sonore",
                "niveau_x_et_ou_type_s_d_enseignement": [
                    "Niveau fondamental - primaire",
                    "Niveau secondaire - inférieur",
                    "Niveau secondaire - supérieur"
                ],
                "bassin_s_scolaire_s": [
                    "Bruxelles",
                    "Brabant wallon",
                    "Wallonie picarde",
                    "Huy Waremme",
                    "Liège",
                    "Verviers",
                    "Namur",
                    "Luxembourg"
                ],
                "type_s_d_intervention_s": [
                    "Rencontre ponctuelle (1 séance d'1 ou 2 heures)",
                    "Accompagnement de projet (3 à 5 séances de 2 heures chacune)"
                ],
                "site_web": null,
                "descriptif": null
            }
        },
        {
            "type": "Feature",
            "geometry": {
                "type": "Point",
                "coordinates": [
                    4.350645306371014,
                    50.797511521371305
                ]
            },
            "properties": {
                "prenom": "Pierre",
                "nom": "Risopoulos",
                "nom_d_artiste_ou_du_groupe_artistique": null,
                "adresse_courriel": "pierrerisopoulos@gmail.com",
                "cp": "1180",
                "domaine_s_artistique_s": [
                    "Musique"
                ],
                "sous_domaine_artistique": [
                    "Musique classique et contemporaine"
                ],
                "precision_du_sous_domaine": [
                    "Musique classique et contemporaine (soliste)"
                ],
                "metiers_artistiques": "Musicien·ne, Récitant·e, Musique: compositeur·rice",
                "niveau_x_et_ou_type_s_d_enseignement": [
                    "Niveau fondamental - primaire",
                    "Niveau secondaire - inférieur",
                    "Niveau secondaire - supérieur"
                ],
                "bassin_s_scolaire_s": [
                    "Bruxelles",
                    "Brabant wallon",
                    "Liège",
                    "Namur"
                ],
                "type_s_d_intervention_s": [
                    "Rencontre ponctuelle (1 séance d'1 ou 2 heures)"
                ],
                "site_web": null,
                "descriptif": null
            }
        },
        {
            "type": "Feature",
            "geometry": {
                "type": "Point",
                "coordinates": [
                    4.343463448726441,
                    50.83044911483679
                ]
            },
            "properties": {
                "prenom": "Amélie",
                "nom": "Mélotte",
                "nom_d_artiste_ou_du_groupe_artistique": "Amélie Mélotte (MéliMélo & Compagnie)",
                "adresse_courriel": "ameliemelotte@gmail.com",
                "cp": "1060",
                "domaine_s_artistique_s": [
                    "Arts vivants"
                ],
                "sous_domaine_artistique": [
                    "Art dramatique",
                    "Arts forains",
                    "du cirque et de la rue",
                    "Marionnettes",
                    "théâtre d'objets",
                    "théâtre d'ombres",
                    "Spectacle pluridisciplinaire"
                ],
                "precision_du_sous_domaine": [
                    "Théâtre général; Théâtre général Jeune Public; Arts forains",
                    "du cirque et de la rue adulte et public familial; Marionnettes",
                    "théâtre d'objets",
                    "théâtre d'ombres; Spectacle pluridisciplinaire; Spectacle pluridisciplinaire Jeune Public"
                ],
                "metiers_artistiques": "Comédien·ne, Musicien·ne, conception - création théâtrale",
                "niveau_x_et_ou_type_s_d_enseignement": [
                    "Niveau fondamental - primaire"
                ],
                "bassin_s_scolaire_s": [
                    "Bruxelles"
                ],
                "type_s_d_intervention_s": [
                    "Accompagnement de projet (3 à 5 séances de 2 heures chacune)"
                ],
                "site_web": null,
                "descriptif": null
            }
        },
        {
            "type": "Feature",
            "geometry": {
                "type": "Point",
                "coordinates": [
                    4.325860589138366,
                    50.816704879551345
                ]
            },
            "properties": {
                "prenom": "Thierry",
                "nom": "Maerschalk",
                "nom_d_artiste_ou_du_groupe_artistique": "Ligue d'improvisation professionnelle",
                "adresse_courriel": "tmaersch@hotmail.com",
                "cp": "1190",
                "domaine_s_artistique_s": [
                    "Arts vivants"
                ],
                "sous_domaine_artistique": [
                    "Art dramatique",
                    "Spectacle pluridisciplinaire"
                ],
                "precision_du_sous_domaine": [
                    "Spectacle d'improvisation; Spectacle pluridisciplinaire"
                ],
                "metiers_artistiques": "Comédien·ne, Masques",
                "niveau_x_et_ou_type_s_d_enseignement": [
                    "Niveau fondamental - primaire",
                    "Niveau secondaire - inférieur",
                    "Niveau secondaire - supérieur"
                ],
                "bassin_s_scolaire_s": [
                    "Bruxelles",
                    "Brabant wallon"
                ],
                "type_s_d_intervention_s": [
                    "Rencontre ponctuelle (1 séance d'1 ou 2 heures)"
                ],
                "site_web": null,
                "descriptif": null
            }
        },
        {
            "type": "Feature",
            "geometry": {
                "type": "Point",
                "coordinates": [
                    4.350645306371014,
                    50.797511521371305
                ]
            },
            "properties": {
                "prenom": "Antoine",
                "nom": "Loyer",
                "nom_d_artiste_ou_du_groupe_artistique": null,
                "adresse_courriel": "antoineloyer@gmail.com",
                "cp": "1180",
                "domaine_s_artistique_s": [
                    "Musique"
                ],
                "sous_domaine_artistique": [
                    "Musiques actuelles"
                ],
                "precision_du_sous_domaine": [
                    "Folk-Trad-World; Chanson et Musique d'expression francophone; Musique jeune public"
                ],
                "metiers_artistiques": "Artiste plasticien·ne, Chanteur·se, Musicien·ne, Kamishibai, Texte: auteur·rice, Musique: compositeur·rice, Musique: arrangements",
                "niveau_x_et_ou_type_s_d_enseignement": [
                    "Niveau fondamental - primaire",
                    "Niveau secondaire - inférieur"
                ],
                "bassin_s_scolaire_s": [
                    "Bruxelles",
                    "Brabant wallon"
                ],
                "type_s_d_intervention_s": [
                    "Rencontre ponctuelle (1 séance d'1 ou 2 heures)",
                    "Accompagnement de projet (3 à 5 séances de 2 heures chacune)"
                ],
                "site_web": null,
                "descriptif": null
            }
        },
        {
            "type": "Feature",
            "geometry": {
                "type": "Point",
                "coordinates": [
                    4.391869712225169,
                    50.83227128877207
                ]
            },
            "properties": {
                "prenom": "Loïc",
                "nom": "Bailly",
                "nom_d_artiste_ou_du_groupe_artistique": "LO BAILLY",
                "adresse_courriel": "loic.bailly@hotmail.com",
                "cp": "1040",
                "domaine_s_artistique_s": [
                    "Musique"
                ],
                "sous_domaine_artistique": [
                    "Musiques actuelles"
                ],
                "precision_du_sous_domaine": [
                    "Chanson et Musique d'expression francophone; Musiques électroniques; Musiques urbaines; Pop/Rock"
                ],
                "metiers_artistiques": "Chanteur·se, Musicien·ne, Auteur, interprète, Texte: auteur·rice, Texte: adaptation, Musique: compositeur·rice, Musique: arrangements, Musique: décor sonore",
                "niveau_x_et_ou_type_s_d_enseignement": [
                    "Niveau secondaire - inférieur",
                    "Niveau secondaire - supérieur"
                ],
                "bassin_s_scolaire_s": [
                    "Bruxelles",
                    "Brabant wallon",
                    "Hainaut Centre",
                    "Hainaut Sud",
                    "Wallonie picarde",
                    "Huy Waremme",
                    "Liège",
                    "Verviers",
                    "Namur",
                    "Luxembourg"
                ],
                "type_s_d_intervention_s": [
                    "Rencontre ponctuelle (1 séance d'1 ou 2 heures)",
                    "Accompagnement de projet (3 à 5 séances de 2 heures chacune)"
                ],
                "site_web": null,
                "descriptif": null
            }
        },
        {
            "type": "Feature",
            "geometry": {
                "type": "Point",
                "coordinates": [
                    4.343463448726441,
                    50.83044911483679
                ]
            },
            "properties": {
                "prenom": "Hippolyte",
                "nom": "Bohouo",
                "nom_d_artiste_ou_du_groupe_artistique": null,
                "adresse_courriel": "bogartbxl@gmail.com",
                "cp": "1060",
                "domaine_s_artistique_s": [
                    "Arts vivants"
                ],
                "sous_domaine_artistique": [
                    "Art chorégraphique"
                ],
                "precision_du_sous_domaine": [
                    "Danse contemporaine"
                ],
                "metiers_artistiques": "Danseur·se, Chorégraphie, Mise en scène",
                "niveau_x_et_ou_type_s_d_enseignement": [
                    "Niveau fondamental - primaire",
                    "Niveau secondaire - inférieur",
                    "Niveau secondaire - supérieur"
                ],
                "bassin_s_scolaire_s": [
                    "Bruxelles",
                    "Brabant wallon",
                    "Hainaut Centre",
                    "Hainaut Sud",
                    "Wallonie picarde",
                    "Huy Waremme",
                    "Liège",
                    "Verviers",
                    "Namur",
                    "Luxembourg"
                ],
                "type_s_d_intervention_s": [
                    "Rencontre ponctuelle (1 séance d'1 ou 2 heures)",
                    "Accompagnement de projet (3 à 5 séances de 2 heures chacune)"
                ],
                "site_web": null,
                "descriptif": null
            }
        },
        {
            "type": "Feature",
            "geometry": {
                "type": "Point",
                "coordinates": [
                    5.62540099838149,
                    50.64228140116468
                ]
            },
            "properties": {
                "prenom": "Nath",
                "nom": "Jonniaux",
                "nom_d_artiste_ou_du_groupe_artistique": "chose",
                "adresse_courriel": "chose.management@gmail.com",
                "cp": "4020",
                "domaine_s_artistique_s": [
                    "Musique"
                ],
                "sous_domaine_artistique": [
                    "Musiques actuelles"
                ],
                "precision_du_sous_domaine": [
                    "Chanson et Musique d'expression francophone; Musiques électroniques; Spectacle musical"
                ],
                "metiers_artistiques": "Chanteur·se, Texte: auteur·rice, Mise en scène",
                "niveau_x_et_ou_type_s_d_enseignement": [
                    "Niveau fondamental - maternel",
                    "Niveau fondamental - primaire",
                    "Niveau secondaire - inférieur",
                    "Niveau secondaire - supérieur"
                ],
                "bassin_s_scolaire_s": [
                    "Bruxelles",
                    "Brabant wallon",
                    "Hainaut Centre",
                    "Hainaut Sud",
                    "Wallonie picarde",
                    "Huy Waremme",
                    "Liège",
                    "Verviers",
                    "Namur",
                    "Luxembourg"
                ],
                "type_s_d_intervention_s": [
                    "Rencontre ponctuelle (1 séance d'1 ou 2 heures)",
                    "Accompagnement de projet (3 à 5 séances de 2 heures chacune)"
                ],
                "site_web": null,
                "descriptif": null
            }
        },
        {
            "type": "Feature",
            "geometry": {
                "type": "Point",
                "coordinates": [
                    4.343463448726441,
                    50.83044911483679
                ]
            },
            "properties": {
                "prenom": "Mélanie",
                "nom": "Wenger",
                "nom_d_artiste_ou_du_groupe_artistique": null,
                "adresse_courriel": "wenger.melanie@gmail.com",
                "cp": "1060",
                "domaine_s_artistique_s": [
                    "Arts visuels"
                ],
                "sous_domaine_artistique": [
                    "Photographie"
                ],
                "precision_du_sous_domaine": null,
                "metiers_artistiques": "Artiste plasticien",
                "niveau_x_et_ou_type_s_d_enseignement": [
                    "Niveau fondamental - primaire",
                    "Niveau secondaire - inférieur",
                    "Niveau secondaire - supérieur"
                ],
                "bassin_s_scolaire_s": [
                    "Bruxelles"
                ],
                "type_s_d_intervention_s": [
                    "Rencontre ponctuelle (1 séance d'1 ou 2 heures)",
                    "Accompagnement de projet (3 à 5 séances de 2 heures chacune)"
                ],
                "site_web": null,
                "descriptif": null
            }
        },
        {
            "type": "Feature",
            "geometry": {
                "type": "Point",
                "coordinates": [
                    5.623749404147202,
                    50.76714449349416
                ]
            },
            "properties": {
                "prenom": "Enzo",
                "nom": "Burgio",
                "nom_d_artiste_ou_du_groupe_artistique": null,
                "adresse_courriel": "v_burgio@hotmail.com",
                "cp": "4690",
                "domaine_s_artistique_s": [
                    "Arts vivants"
                ],
                "sous_domaine_artistique": null,
                "precision_du_sous_domaine": null,
                "metiers_artistiques": "Humoriste, Comédien·ne, Texte: auteur·rice, Mise en scène",
                "niveau_x_et_ou_type_s_d_enseignement": [
                    "Niveau fondamental - primaire",
                    "Niveau secondaire - inférieur",
                    "Niveau secondaire - supérieur"
                ],
                "bassin_s_scolaire_s": [
                    "Brabant wallon",
                    "Hainaut Centre",
                    "Hainaut Sud",
                    "Wallonie picarde",
                    "Huy Waremme",
                    "Liège",
                    "Verviers",
                    "Namur",
                    "Luxembourg"
                ],
                "type_s_d_intervention_s": [
                    "Rencontre ponctuelle (1 séance d'1 ou 2 heures)",
                    "Accompagnement de projet (3 à 5 séances de 2 heures chacune)"
                ],
                "site_web": null,
                "descriptif": null
            }
        },
        {
            "type": "Feature",
            "geometry": {
                "type": "Point",
                "coordinates": [
                    4.340182993240862,
                    50.90595800066258
                ]
            },
            "properties": {
                "prenom": "Anas",
                "nom": "Achaâra",
                "nom_d_artiste_ou_du_groupe_artistique": "Ras El Hanout",
                "adresse_courriel": "anasachaara@hotmail.com",
                "cp": "1853",
                "domaine_s_artistique_s": [
                    "Arts vivants"
                ],
                "sous_domaine_artistique": [
                    "Art dramatique"
                ],
                "precision_du_sous_domaine": [
                    "Théâtre général; Théâtre action"
                ],
                "metiers_artistiques": "Comédien·ne",
                "niveau_x_et_ou_type_s_d_enseignement": [
                    "Niveau fondamental - primaire",
                    "Niveau secondaire - inférieur",
                    "Niveau secondaire - supérieur"
                ],
                "bassin_s_scolaire_s": [
                    "Bruxelles"
                ],
                "type_s_d_intervention_s": [
                    "Rencontre ponctuelle (1 séance d'1 ou 2 heures)",
                    "Accompagnement de projet (3 à 5 séances de 2 heures chacune)"
                ],
                "site_web": null,
                "descriptif": null
            }
        },
        {
            "type": "Feature",
            "geometry": {
                "type": "Point",
                "coordinates": [
                    4.380744543764381,
                    50.86661416180231
                ]
            },
            "properties": {
                "prenom": "Chloé",
                "nom": "Périlleux",
                "nom_d_artiste_ou_du_groupe_artistique": "Compagnie des Mutants",
                "adresse_courriel": "chloe@mutants.be",
                "cp": "1030",
                "domaine_s_artistique_s": [
                    "Arts vivants"
                ],
                "sous_domaine_artistique": [
                    "Art dramatique",
                    "Marionnettes",
                    "théâtre d'objets",
                    "théâtre d'ombres"
                ],
                "precision_du_sous_domaine": [
                    "Théâtre général Jeune Public; Marionnettes",
                    "théâtre d'objets",
                    "théâtre d'ombres jeune public"
                ],
                "metiers_artistiques": "Comédien·ne, Texte: auteur·rice, Mise en scène",
                "niveau_x_et_ou_type_s_d_enseignement": [
                    "Niveau fondamental - primaire",
                    "Niveau secondaire - inférieur"
                ],
                "bassin_s_scolaire_s": [
                    "Bruxelles",
                    "Hainaut Centre"
                ],
                "type_s_d_intervention_s": [
                    "Rencontre ponctuelle (1 séance d'1 ou 2 heures)"
                ],
                "site_web": null,
                "descriptif": null
            }
        },
        {
            "type": "Feature",
            "geometry": {
                "type": "Point",
                "coordinates": [
                    4.433787157937867,
                    50.81910346031945
                ]
            },
            "properties": {
                "prenom": "Karin",
                "nom": "Clercq",
                "nom_d_artiste_ou_du_groupe_artistique": null,
                "adresse_courriel": "karinclercq@gmail.com",
                "cp": "1160",
                "domaine_s_artistique_s": [
                    "Arts vivants",
                    "Musique"
                ],
                "sous_domaine_artistique": [
                    "Art dramatique",
                    "Musiques actuelles"
                ],
                "precision_du_sous_domaine": [
                    "Théâtre général; Chanson et Musique d'expression francophone; Pop/Rock"
                ],
                "metiers_artistiques": "Chanteur·se, Comédien·ne, Texte: auteur·rice, Musique: décor sonore, Musicien·ne, Texte: adaptation, Musique: compositeur·rice",
                "niveau_x_et_ou_type_s_d_enseignement": [
                    "Niveau fondamental - maternel",
                    "Niveau fondamental - primaire"
                ],
                "bassin_s_scolaire_s": [
                    "Bruxelles",
                    "Brabant wallon"
                ],
                "type_s_d_intervention_s": [
                    "Rencontre ponctuelle (1 séance d'1 ou 2 heures)",
                    "Accompagnement de projet (3 à 5 séances de 2 heures chacune)"
                ],
                "site_web": null,
                "descriptif": null
            }
        },
        {
            "type": "Feature",
            "geometry": {
                "type": "Point",
                "coordinates": [
                    3.766363641702609,
                    50.48105846722092
                ]
            },
            "properties": {
                "prenom": "Guy",
                "nom": "Lardinois",
                "nom_d_artiste_ou_du_groupe_artistique": "Le Florilège musical",
                "adresse_courriel": "guylardinois5@gmail.com",
                "cp": "7334",
                "domaine_s_artistique_s": [
                    "Musique"
                ],
                "sous_domaine_artistique": [
                    "Musique classique et contemporaine"
                ],
                "precision_du_sous_domaine": [
                    "Musique classique et contemporaine (ensemble)"
                ],
                "metiers_artistiques": "Musicien·ne",
                "niveau_x_et_ou_type_s_d_enseignement": [
                    "Niveau fondamental - primaire",
                    "Niveau secondaire - inférieur",
                    "Niveau secondaire - supérieur"
                ],
                "bassin_s_scolaire_s": [
                    "Hainaut Centre",
                    "Hainaut Sud"
                ],
                "type_s_d_intervention_s": [
                    "Rencontre ponctuelle (1 séance d'1 ou 2 heures)"
                ],
                "site_web": null,
                "descriptif": null
            }
        },
        {
            "type": "Feature",
            "geometry": {
                "type": "Point",
                "coordinates": [
                    3.842866533386837,
                    50.41125317239223
                ]
            },
            "properties": {
                "prenom": "Sébastien",
                "nom": "Bonnamy",
                "nom_d_artiste_ou_du_groupe_artistique": "Compagnie ScènZenvieS",
                "adresse_courriel": "sebelnino@hotmail.com",
                "cp": "7340",
                "domaine_s_artistique_s": [
                    "Arts vivants"
                ],
                "sous_domaine_artistique": [
                    "Art dramatique",
                    "Spectacle pluridisciplinaire"
                ],
                "precision_du_sous_domaine": [
                    "Théâtre général; Théâtre général Jeune Public; Spectacle d'improvisation; Spectacle pluridisciplinaire; Spectacle pluridisciplinaire Jeune Public"
                ],
                "metiers_artistiques": "Comédien·ne, Metteur en scène, professeur de théâtre, Texte: auteur·rice, Texte: adaptation, Mise en scène",
                "niveau_x_et_ou_type_s_d_enseignement": [
                    "Niveau fondamental - primaire",
                    "Niveau secondaire - inférieur",
                    "Niveau secondaire - supérieur"
                ],
                "bassin_s_scolaire_s": [
                    "Hainaut Centre",
                    "Hainaut Sud"
                ],
                "type_s_d_intervention_s": [
                    "Rencontre ponctuelle (1 séance d'1 ou 2 heures)",
                    "Accompagnement de projet (3 à 5 séances de 2 heures chacune)"
                ],
                "site_web": null,
                "descriptif": null
            }
        },
        {
            "type": "Feature",
            "geometry": {
                "type": "Point",
                "coordinates": [
                    4.569464603093961,
                    50.6664097955255
                ]
            },
            "properties": {
                "prenom": "Masaharu",
                "nom": "Udagawa",
                "nom_d_artiste_ou_du_groupe_artistique": "Mouvance",
                "adresse_courriel": "monoetmoi@gmail.com",
                "cp": "1340",
                "domaine_s_artistique_s": [
                    "Arts vivants"
                ],
                "sous_domaine_artistique": [
                    "Conte"
                ],
                "precision_du_sous_domaine": [
                    "Conte; Conte Jeune Public"
                ],
                "metiers_artistiques": "Musicien·ne, Conteur·se, Conteur, musicien, facteur d'instruments de musique (arts appliqués)",
                "niveau_x_et_ou_type_s_d_enseignement": [
                    "Niveau fondamental - primaire",
                    "Niveau secondaire - inférieur"
                ],
                "bassin_s_scolaire_s": [
                    "Brabant wallon"
                ],
                "type_s_d_intervention_s": [
                    "Rencontre ponctuelle (1 séance d'1 ou 2 heures)",
                    "Accompagnement de projet (3 à 5 séances de 2 heures chacune)"
                ],
                "site_web": null,
                "descriptif": null
            }
        },
        {
            "type": "Feature",
            "geometry": {
                "type": "Point",
                "coordinates": [
                    4.686712100189075,
                    50.68395511112473
                ]
            },
            "properties": {
                "prenom": "Karim",
                "nom": "Baggili",
                "nom_d_artiste_ou_du_groupe_artistique": null,
                "adresse_courriel": "karim.baggili@gmail.com",
                "cp": "1325",
                "domaine_s_artistique_s": [
                    "Musique"
                ],
                "sous_domaine_artistique": [
                    "Musiques actuelles"
                ],
                "precision_du_sous_domaine": [
                    "Folk-Trad-World; Jazz; Pop/Rock"
                ],
                "metiers_artistiques": "Musicien·ne, Musique: compositeur·rice, Musique: arrangements, Musique: décor sonore",
                "niveau_x_et_ou_type_s_d_enseignement": [
                    "Niveau fondamental - primaire",
                    "Niveau secondaire - inférieur",
                    "Niveau secondaire - supérieur"
                ],
                "bassin_s_scolaire_s": [
                    "Brabant wallon"
                ],
                "type_s_d_intervention_s": [
                    "Rencontre ponctuelle (1 séance d'1 ou 2 heures)"
                ],
                "site_web": null,
                "descriptif": null
            }
        },
        {
            "type": "Feature",
            "geometry": {
                "type": "Point",
                "coordinates": [
                    4.350645306371014,
                    50.797511521371305
                ]
            },
            "properties": {
                "prenom": "Maia",
                "nom": "Silberstein",
                "nom_d_artiste_ou_du_groupe_artistique": "La Penserosa",
                "adresse_courriel": "maiasilberstein@gmail.com",
                "cp": "1180",
                "domaine_s_artistique_s": [
                    "Musique"
                ],
                "sous_domaine_artistique": [
                    "Musique classique et contemporaine"
                ],
                "precision_du_sous_domaine": [
                    "Musique classique et contemporaine (ensemble); Musique classique et contemporaine (soliste)"
                ],
                "metiers_artistiques": "Musicien·ne, Musique: arrangements",
                "niveau_x_et_ou_type_s_d_enseignement": [
                    "Niveau fondamental - maternel",
                    "Niveau fondamental - primaire",
                    "Niveau secondaire - inférieur",
                    "Niveau secondaire - supérieur"
                ],
                "bassin_s_scolaire_s": [
                    "Bruxelles",
                    "Brabant wallon",
                    "Hainaut Centre",
                    "Hainaut Sud"
                ],
                "type_s_d_intervention_s": [
                    "Rencontre ponctuelle (1 séance d'1 ou 2 heures)",
                    "Accompagnement de projet (3 à 5 séances de 2 heures chacune)"
                ],
                "site_web": null,
                "descriptif": null
            }
        },
        {
            "type": "Feature",
            "geometry": {
                "type": "Point",
                "coordinates": [
                    5.620365396266152,
                    50.677145011413316
                ]
            },
            "properties": {
                "prenom": "François",
                "nom": "Grosjean",
                "nom_d_artiste_ou_du_groupe_artistique": "Suber Oaks",
                "adresse_courriel": "suber.oaks@gmail.com",
                "cp": "4040",
                "domaine_s_artistique_s": [
                    "Musique"
                ],
                "sous_domaine_artistique": [
                    "Musiques actuelles"
                ],
                "precision_du_sous_domaine": [
                    "Pop/Rock"
                ],
                "metiers_artistiques": "Chanteur·se, Musicien·ne, Texte: auteur·rice, Texte: adaptation, Musique: compositeur·rice, Musique: arrangements, Musique: décor sonore",
                "niveau_x_et_ou_type_s_d_enseignement": [
                    "Niveau fondamental - maternel",
                    "Niveau fondamental - primaire",
                    "Niveau secondaire - inférieur",
                    "Niveau secondaire - supérieur"
                ],
                "bassin_s_scolaire_s": [
                    "Huy Waremme",
                    "Liège",
                    "Verviers",
                    "Namur"
                ],
                "type_s_d_intervention_s": [
                    "Rencontre ponctuelle (1 séance d'1 ou 2 heures)"
                ],
                "site_web": null,
                "descriptif": null
            }
        },
        {
            "type": "Feature",
            "geometry": {
                "type": "Point",
                "coordinates": [
                    4.624845694681677,
                    50.58987166003846
                ]
            },
            "properties": {
                "prenom": "Maïder",
                "nom": "Dechamps",
                "nom_d_artiste_ou_du_groupe_artistique": "Ligue d'improvisation professionnelle Wallonie-Bruxelles",
                "adresse_courriel": "maider.dechamps.pro@gmail.com",
                "cp": "1450",
                "domaine_s_artistique_s": [
                    "Arts vivants"
                ],
                "sous_domaine_artistique": [
                    "Art dramatique"
                ],
                "precision_du_sous_domaine": [
                    "Spectacle d'improvisation"
                ],
                "metiers_artistiques": "Comédien·ne",
                "niveau_x_et_ou_type_s_d_enseignement": [
                    "Niveau fondamental - primaire",
                    "Niveau secondaire - supérieur"
                ],
                "bassin_s_scolaire_s": [
                    "Brabant wallon",
                    "Namur"
                ],
                "type_s_d_intervention_s": [
                    "Rencontre ponctuelle (1 séance d'1 ou 2 heures)",
                    "Accompagnement de projet (3 à 5 séances de 2 heures chacune)"
                ],
                "site_web": null,
                "descriptif": null
            }
        },
        {
            "type": "Feature",
            "geometry": {
                "type": "Point",
                "coordinates": [
                    4.419545932344844,
                    50.79968484315967
                ]
            },
            "properties": {
                "prenom": "Constanza",
                "nom": "Guzman",
                "nom_d_artiste_ou_du_groupe_artistique": null,
                "adresse_courriel": "bossalala@yahoo.com",
                "cp": "1170",
                "domaine_s_artistique_s": [
                    "Musique"
                ],
                "sous_domaine_artistique": [
                    "Musiques actuelles"
                ],
                "precision_du_sous_domaine": [
                    "Folk-Trad-World"
                ],
                "metiers_artistiques": "Chanteur·se, Musicien·ne, Musique: compositeur·rice",
                "niveau_x_et_ou_type_s_d_enseignement": [
                    "Niveau fondamental - primaire",
                    "Niveau secondaire - inférieur",
                    "Niveau secondaire - supérieur"
                ],
                "bassin_s_scolaire_s": [
                    "Bruxelles",
                    "Brabant wallon"
                ],
                "type_s_d_intervention_s": [
                    "Accompagnement de projet (3 à 5 séances de 2 heures chacune)"
                ],
                "site_web": null,
                "descriptif": null
            }
        },
        {
            "type": "Feature",
            "geometry": {
                "type": "Point",
                "coordinates": [
                    4.897385396557385,
                    50.418028019016695
                ]
            },
            "properties": {
                "prenom": "Julie",
                "nom": "De Cock",
                "nom_d_artiste_ou_du_groupe_artistique": "compagnie Fil en trop'",
                "adresse_courriel": "ju.decock@gmail.com",
                "cp": "5100",
                "domaine_s_artistique_s": [
                    "Arts vivants"
                ],
                "sous_domaine_artistique": [
                    "Art dramatique",
                    "Marionnettes",
                    "théâtre d'objets",
                    "théâtre d'ombres"
                ],
                "precision_du_sous_domaine": [
                    "Théâtre général Jeune Public; Marionnettes",
                    "théâtre d'objets",
                    "théâtre d'ombres; Marionnettes",
                    "théâtre d'objets",
                    "théâtre d'ombres jeune public"
                ],
                "metiers_artistiques": "Manipulateur·rice - marionnettiste, Comédien·ne, Marionnettes, Mise en scène",
                "niveau_x_et_ou_type_s_d_enseignement": [
                    "Niveau fondamental - maternel",
                    "Niveau fondamental - primaire"
                ],
                "bassin_s_scolaire_s": [
                    "Namur"
                ],
                "type_s_d_intervention_s": [
                    "Rencontre ponctuelle (1 séance d'1 ou 2 heures)",
                    "Accompagnement de projet (3 à 5 séances de 2 heures chacune)"
                ],
                "site_web": null,
                "descriptif": null
            }
        },
        {
            "type": "Feature",
            "geometry": {
                "type": "Point",
                "coordinates": [
                    4.376217020664074,
                    50.82661313830635
                ]
            },
            "properties": {
                "prenom": "Francesca",
                "nom": "Chiacchio",
                "nom_d_artiste_ou_du_groupe_artistique": null,
                "adresse_courriel": "francesca.chiacchio@gmail.com",
                "cp": "1050",
                "domaine_s_artistique_s": [
                    "Arts visuels"
                ],
                "sous_domaine_artistique": [
                    "Dessin",
                    "Illustration"
                ],
                "precision_du_sous_domaine": null,
                "metiers_artistiques": "Artiste plasticien",
                "niveau_x_et_ou_type_s_d_enseignement": [
                    "Niveau fondamental - maternel",
                    "Niveau fondamental - primaire",
                    "Niveau secondaire - inférieur"
                ],
                "bassin_s_scolaire_s": [
                    "Bruxelles",
                    "Brabant wallon",
                    "Hainaut Centre",
                    "Hainaut Sud"
                ],
                "type_s_d_intervention_s": [
                    "Rencontre ponctuelle (1 séance d'1 ou 2 heures)"
                ],
                "site_web": null,
                "descriptif": null
            }
        },
        {
            "type": "Feature",
            "geometry": {
                "type": "Point",
                "coordinates": [
                    4.694899301029344,
                    50.74763686954809
                ]
            },
            "properties": {
                "prenom": "Thierry",
                "nom": "Debroux",
                "nom_d_artiste_ou_du_groupe_artistique": null,
                "adresse_courriel": "thierry.d@theatreduparc.be",
                "cp": "1390",
                "domaine_s_artistique_s": [
                    "Arts vivants"
                ],
                "sous_domaine_artistique": [
                    "Art dramatique"
                ],
                "precision_du_sous_domaine": [
                    "Théâtre général"
                ],
                "metiers_artistiques": "Comédien·ne, Directeur Théâtre du Parc, Texte: auteur·rice, Texte: adaptation, Mise en scène",
                "niveau_x_et_ou_type_s_d_enseignement": [
                    "Niveau secondaire - supérieur"
                ],
                "bassin_s_scolaire_s": [
                    "Bruxelles",
                    "Brabant wallon"
                ],
                "type_s_d_intervention_s": [
                    "Accompagnement de projet (3 à 5 séances de 2 heures chacune)"
                ],
                "site_web": null,
                "descriptif": null
            }
        },
        {
            "type": "Feature",
            "geometry": {
                "type": "Point",
                "coordinates": [
                    4.318752891748991,
                    50.855119755562214
                ]
            },
            "properties": {
                "prenom": "Camille",
                "nom": "Husson",
                "nom_d_artiste_ou_du_groupe_artistique": null,
                "adresse_courriel": "m.camille.husson@gmail.com",
                "cp": "1080",
                "domaine_s_artistique_s": [
                    "Arts vivants"
                ],
                "sous_domaine_artistique": [
                    "Art dramatique"
                ],
                "precision_du_sous_domaine": [
                    "Théâtre général; Théâtre général Jeune Public"
                ],
                "metiers_artistiques": null,
                "niveau_x_et_ou_type_s_d_enseignement": [
                    "Niveau fondamental - primaire",
                    "Niveau secondaire - supérieur"
                ],
                "bassin_s_scolaire_s": [
                    "Bruxelles",
                    "Hainaut Centre",
                    "Hainaut Sud",
                    "Namur"
                ],
                "type_s_d_intervention_s": [
                    "Rencontre ponctuelle (1 séance d'1 ou 2 heures)",
                    "Accompagnement de projet (3 à 5 séances de 2 heures chacune)"
                ],
                "site_web": null,
                "descriptif": null
            }
        },
        {
            "type": "Feature",
            "geometry": {
                "type": "Point",
                "coordinates": [
                    5.853108144364677,
                    50.58994191833555
                ]
            },
            "properties": {
                "prenom": "Yves",
                "nom": "Paquet",
                "nom_d_artiste_ou_du_groupe_artistique": null,
                "adresse_courriel": "yveslpaquet@gmail.com",
                "cp": "4800",
                "domaine_s_artistique_s": [
                    "Musique"
                ],
                "sous_domaine_artistique": [
                    "Musiques actuelles"
                ],
                "precision_du_sous_domaine": [
                    "Pop/Rock"
                ],
                "metiers_artistiques": "Chanteur·se, Musique: compositeur·rice, Musique: arrangements",
                "niveau_x_et_ou_type_s_d_enseignement": [
                    "Niveau secondaire - inférieur",
                    "Niveau secondaire - supérieur"
                ],
                "bassin_s_scolaire_s": [
                    "Liège",
                    "Verviers"
                ],
                "type_s_d_intervention_s": [
                    "Rencontre ponctuelle (1 séance d'1 ou 2 heures)"
                ],
                "site_web": null,
                "descriptif": null
            }
        },
        {
            "type": "Feature",
            "geometry": {
                "type": "Point",
                "coordinates": [
                    4.249710596421094,
                    50.44725607592308
                ]
            },
            "properties": {
                "prenom": "Pierre",
                "nom": "Mathues",
                "nom_d_artiste_ou_du_groupe_artistique": null,
                "adresse_courriel": "mathues@skynet.be",
                "cp": "7141",
                "domaine_s_artistique_s": [
                    "Arts vivants"
                ],
                "sous_domaine_artistique": null,
                "precision_du_sous_domaine": null,
                "metiers_artistiques": "Humoriste, Texte: auteur·rice, Texte: adaptation, Accessoires",
                "niveau_x_et_ou_type_s_d_enseignement": [
                    "Niveau fondamental - primaire",
                    "Niveau secondaire - inférieur",
                    "Niveau secondaire - supérieur"
                ],
                "bassin_s_scolaire_s": [
                    "Bruxelles",
                    "Brabant wallon",
                    "Hainaut Centre",
                    "Hainaut Sud",
                    "Namur"
                ],
                "type_s_d_intervention_s": [
                    "Rencontre ponctuelle (1 séance d'1 ou 2 heures)",
                    "Accompagnement de projet (3 à 5 séances de 2 heures chacune)"
                ],
                "site_web": null,
                "descriptif": null
            }
        },
        {
            "type": "Feature",
            "geometry": {
                "type": "Point",
                "coordinates": [
                    4.343463448726441,
                    50.83044911483679
                ]
            },
            "properties": {
                "prenom": "Stéphane",
                "nom": "Oertli",
                "nom_d_artiste_ou_du_groupe_artistique": null,
                "adresse_courriel": "steph.oertli@gmail.com",
                "cp": "1060",
                "domaine_s_artistique_s": [
                    "Arts vivants"
                ],
                "sous_domaine_artistique": [
                    "Art dramatique"
                ],
                "precision_du_sous_domaine": [
                    "Théâtre général Jeune Public"
                ],
                "metiers_artistiques": "Comédien·ne, Texte: auteur·rice, Musique: compositeur·rice, Musique: décor sonore, Mise en scène, Vidéo",
                "niveau_x_et_ou_type_s_d_enseignement": [
                    "Niveau fondamental - primaire",
                    "Niveau secondaire - inférieur",
                    "Niveau secondaire - supérieur"
                ],
                "bassin_s_scolaire_s": [
                    "Bruxelles",
                    "Brabant wallon",
                    "Hainaut Centre",
                    "Hainaut Sud"
                ],
                "type_s_d_intervention_s": [
                    "Rencontre ponctuelle (1 séance d'1 ou 2 heures)",
                    "Accompagnement de projet (3 à 5 séances de 2 heures chacune)"
                ],
                "site_web": null,
                "descriptif": null
            }
        },
        {
            "type": "Feature",
            "geometry": {
                "type": "Point",
                "coordinates": [
                    3.8816452552041083,
                    50.63521738612547
                ]
            },
            "properties": {
                "prenom": "Stéphane",
                "nom": "Kozik",
                "nom_d_artiste_ou_du_groupe_artistique": null,
                "adresse_courriel": "contact@stephanekozik.be",
                "cp": "7823",
                "domaine_s_artistique_s": [
                    "Arts visuels"
                ],
                "sous_domaine_artistique": [
                    "Arts numériques et technologiques"
                ],
                "precision_du_sous_domaine": [
                    "Vidéo d'art"
                ],
                "metiers_artistiques": "Ariste sonore, mélange le son, la musique et les arts visuels",
                "niveau_x_et_ou_type_s_d_enseignement": [
                    "Niveau fondamental - maternel",
                    "Niveau fondamental - primaire",
                    "Niveau secondaire - inférieur",
                    "Niveau secondaire - supérieur"
                ],
                "bassin_s_scolaire_s": [
                    "Bruxelles",
                    "Brabant wallon",
                    "Hainaut Centre",
                    "Hainaut Sud",
                    "Wallonie picarde"
                ],
                "type_s_d_intervention_s": [
                    "Rencontre ponctuelle (1 séance d'1 ou 2 heures)",
                    "Accompagnement de projet (3 à 5 séances de 2 heures chacune)"
                ],
                "site_web": null,
                "descriptif": null
            }
        },
        {
            "type": "Feature",
            "geometry": {
                "type": "Point",
                "coordinates": [
                    4.563804500126532,
                    50.28998767948604
                ]
            },
            "properties": {
                "prenom": "Eglantine",
                "nom": "Wery",
                "nom_d_artiste_ou_du_groupe_artistique": "Clair de Plume",
                "adresse_courriel": "weryeglantine@gmail.com",
                "cp": "5621",
                "domaine_s_artistique_s": [
                    "Arts vivants"
                ],
                "sous_domaine_artistique": [
                    "Art dramatique"
                ],
                "precision_du_sous_domaine": [
                    "Théâtre général Jeune Public"
                ],
                "metiers_artistiques": "Comédien·ne, Mise en scène",
                "niveau_x_et_ou_type_s_d_enseignement": [
                    "Niveau fondamental - maternel",
                    "Niveau fondamental - primaire",
                    "Niveau secondaire - inférieur",
                    "Niveau secondaire - supérieur"
                ],
                "bassin_s_scolaire_s": [
                    "Bruxelles",
                    "Brabant wallon",
                    "Hainaut Centre",
                    "Hainaut Sud",
                    "Wallonie picarde",
                    "Huy Waremme",
                    "Liège",
                    "Verviers",
                    "Namur"
                ],
                "type_s_d_intervention_s": [
                    "Rencontre ponctuelle (1 séance d'1 ou 2 heures)",
                    "Accompagnement de projet (3 à 5 séances de 2 heures chacune)"
                ],
                "site_web": null,
                "descriptif": null
            }
        },
        {
            "type": "Feature",
            "geometry": {
                "type": "Point",
                "coordinates": [
                    4.325860589138366,
                    50.816704879551345
                ]
            },
            "properties": {
                "prenom": "Anton",
                "nom": "Henne",
                "nom_d_artiste_ou_du_groupe_artistique": "Ethann Néon",
                "adresse_courriel": "contact@playonpause.be",
                "cp": "1190",
                "domaine_s_artistique_s": [
                    "Arts visuels"
                ],
                "sous_domaine_artistique": [
                    "Arts numériques et technologiques"
                ],
                "precision_du_sous_domaine": [
                    "Vidéo d'art"
                ],
                "metiers_artistiques": "Artiste plasticien",
                "niveau_x_et_ou_type_s_d_enseignement": [
                    "Niveau fondamental - primaire",
                    "Niveau secondaire - inférieur",
                    "Niveau secondaire - supérieur"
                ],
                "bassin_s_scolaire_s": [
                    "Bruxelles",
                    "Brabant wallon",
                    "Hainaut Centre",
                    "Huy Waremme",
                    "Liège",
                    "Namur"
                ],
                "type_s_d_intervention_s": [
                    "Rencontre ponctuelle (1 séance d'1 ou 2 heures)",
                    "Accompagnement de projet (3 à 5 séances de 2 heures chacune)"
                ],
                "site_web": null,
                "descriptif": null
            }
        },
        {
            "type": "Feature",
            "geometry": {
                "type": "Point",
                "coordinates": [
                    4.343463448726441,
                    50.83044911483679
                ]
            },
            "properties": {
                "prenom": "Barthélémy",
                "nom": "Cabry",
                "nom_d_artiste_ou_du_groupe_artistique": null,
                "adresse_courriel": "bart.cabry@gmail.com",
                "cp": "1060",
                "domaine_s_artistique_s": [
                    "Arts visuels"
                ],
                "sous_domaine_artistique": [
                    "Design"
                ],
                "precision_du_sous_domaine": [
                    "Dessin",
                    "Illustration; Sculpture"
                ],
                "metiers_artistiques": "Artiste plasticien",
                "niveau_x_et_ou_type_s_d_enseignement": [
                    "Niveau fondamental - primaire",
                    "Niveau secondaire - inférieur",
                    "Niveau secondaire - supérieur"
                ],
                "bassin_s_scolaire_s": [
                    "Bruxelles"
                ],
                "type_s_d_intervention_s": [
                    "Rencontre ponctuelle (1 séance d'1 ou 2 heures)",
                    "Accompagnement de projet (3 à 5 séances de 2 heures chacune)"
                ],
                "site_web": null,
                "descriptif": null
            }
        },
        {
            "type": "Feature",
            "geometry": {
                "type": "Point",
                "coordinates": [
                    4.429877668611897,
                    50.25358293697932
                ]
            },
            "properties": {
                "prenom": "Amandine",
                "nom": "Nkeshimana",
                "nom_d_artiste_ou_du_groupe_artistique": null,
                "adresse_courriel": "amandinemusique@hotmail.com",
                "cp": "5650",
                "domaine_s_artistique_s": [
                    "Arts vivants",
                    "Musique"
                ],
                "sous_domaine_artistique": [
                    "Art dramatique",
                    "Arts forains",
                    "du cirque et de la rue",
                    "Musique classique et contemporaine",
                    "Musiques actuelles",
                    "Spectacle pluridisciplinaire"
                ],
                "precision_du_sous_domaine": [
                    "Spectacle d'improvisation; Arts forains",
                    "du cirque et de la rue adulte et public familial; Spectacle pluridisciplinaire; Spectacle pluridisciplinaire Jeune Public; Spectacle musical; Musique classique et contemporaine (soliste)"
                ],
                "metiers_artistiques": "Chanteur·se, Musicien·ne, Texte: auteur·rice, Musique: compositeur·rice, Musique: arrangements, Musique: décor sonore",
                "niveau_x_et_ou_type_s_d_enseignement": [
                    "Niveau fondamental - primaire",
                    "Niveau secondaire - inférieur",
                    "Niveau secondaire - supérieur"
                ],
                "bassin_s_scolaire_s": [
                    "Bruxelles",
                    "Brabant wallon",
                    "Hainaut Centre",
                    "Hainaut Sud",
                    "Wallonie picarde",
                    "Namur"
                ],
                "type_s_d_intervention_s": [
                    "Rencontre ponctuelle (1 séance d'1 ou 2 heures)",
                    "Accompagnement de projet (3 à 5 séances de 2 heures chacune)"
                ],
                "site_web": null,
                "descriptif": null
            }
        },
        {
            "type": "Feature",
            "geometry": {
                "type": "Point",
                "coordinates": [
                    4.325860589138366,
                    50.816704879551345
                ]
            },
            "properties": {
                "prenom": "Gaspard",
                "nom": "Herblot",
                "nom_d_artiste_ou_du_groupe_artistique": "Cie AirBlow",
                "adresse_courriel": "cieairblow@gmail.com",
                "cp": "1190",
                "domaine_s_artistique_s": [
                    "Arts vivants",
                    "Musique"
                ],
                "sous_domaine_artistique": [
                    "Art chorégraphique",
                    "Arts forains",
                    "du cirque et de la rue",
                    "Musiques actuelles",
                    "Spectacle pluridisciplinaire"
                ],
                "precision_du_sous_domaine": [
                    "Danse urbaine; Danse jeune public; Arts forains",
                    "du cirque et de la rue adulte et public familial; Arts forains",
                    "du cirque et de la rue jeune public; Spectacle pluridisciplinaire; Spectacle pluridisciplinaire Jeune Public; Musiques urbaines; Musique jeune public; Spectacle musical"
                ],
                "metiers_artistiques": "Artiste de cirque - Arts forains, Musicien·ne, Texte: auteur·rice, Musique: compositeur·rice, Mise en scène",
                "niveau_x_et_ou_type_s_d_enseignement": [
                    "Niveau fondamental - primaire",
                    "Niveau secondaire - inférieur",
                    "Niveau secondaire - supérieur"
                ],
                "bassin_s_scolaire_s": [
                    "Bruxelles",
                    "Brabant wallon",
                    "Hainaut Centre",
                    "Hainaut Sud",
                    "Wallonie picarde",
                    "Huy Waremme",
                    "Liège",
                    "Verviers",
                    "Namur",
                    "Luxembourg"
                ],
                "type_s_d_intervention_s": [
                    "Rencontre ponctuelle (1 séance d'1 ou 2 heures)",
                    "Accompagnement de projet (3 à 5 séances de 2 heures chacune)"
                ],
                "site_web": null,
                "descriptif": null
            }
        },
        {
            "type": "Feature",
            "geometry": {
                "type": "Point",
                "coordinates": [
                    5.524311817235045,
                    50.63616287338301
                ]
            },
            "properties": {
                "prenom": "Stefanie",
                "nom": "Heinrichs",
                "nom_d_artiste_ou_du_groupe_artistique": "Insomniaque Compagnie",
                "adresse_courriel": "stefanie.heinrichs@hotmail.com",
                "cp": "4420",
                "domaine_s_artistique_s": [
                    "Arts vivants"
                ],
                "sous_domaine_artistique": [
                    "Art dramatique"
                ],
                "precision_du_sous_domaine": [
                    "Théâtre général Jeune Public"
                ],
                "metiers_artistiques": "Texte: auteur·rice, Mise en scène",
                "niveau_x_et_ou_type_s_d_enseignement": [
                    "Niveau fondamental - maternel",
                    "Niveau fondamental - primaire",
                    "Niveau secondaire - inférieur"
                ],
                "bassin_s_scolaire_s": [
                    "Bruxelles",
                    "Brabant wallon",
                    "Hainaut Centre",
                    "Hainaut Sud",
                    "Wallonie picarde",
                    "Huy Waremme",
                    "Liège",
                    "Verviers",
                    "Namur",
                    "Luxembourg"
                ],
                "type_s_d_intervention_s": [
                    "Rencontre ponctuelle (1 séance d'1 ou 2 heures)",
                    "Accompagnement de projet (3 à 5 séances de 2 heures chacune)"
                ],
                "site_web": null,
                "descriptif": null
            }
        },
        {
            "type": "Feature",
            "geometry": {
                "type": "Point",
                "coordinates": [
                    4.323530346330873,
                    50.88320144793592
                ]
            },
            "properties": {
                "prenom": "Diana",
                "nom": "Duta",
                "nom_d_artiste_ou_du_groupe_artistique": null,
                "adresse_courriel": "dansediagonale@gmail.com",
                "cp": "1090",
                "domaine_s_artistique_s": [
                    "Arts visuels"
                ],
                "sous_domaine_artistique": [
                    "Dessin",
                    "Illustration"
                ],
                "precision_du_sous_domaine": [
                    "Vidéo d'art"
                ],
                "metiers_artistiques": "Artiste plasticien",
                "niveau_x_et_ou_type_s_d_enseignement": [
                    "Niveau secondaire - inférieur",
                    "Niveau secondaire - supérieur"
                ],
                "bassin_s_scolaire_s": [
                    "Bruxelles",
                    "Brabant wallon",
                    "Hainaut Centre",
                    "Hainaut Sud",
                    "Wallonie picarde",
                    "Huy Waremme",
                    "Liège",
                    "Verviers",
                    "Namur",
                    "Luxembourg"
                ],
                "type_s_d_intervention_s": [
                    "Rencontre ponctuelle (1 séance d'1 ou 2 heures)",
                    "Accompagnement de projet (3 à 5 séances de 2 heures chacune)"
                ],
                "site_web": null,
                "descriptif": null
            }
        },
        {
            "type": "Feature",
            "geometry": {
                "type": "Point",
                "coordinates": [
                    4.327031332044274,
                    50.8632324491919
                ]
            },
            "properties": {
                "prenom": "Clément",
                "nom": "Steffen",
                "nom_d_artiste_ou_du_groupe_artistique": "ISIDORE",
                "adresse_courriel": "clement.jules.steffen@gmail.com",
                "cp": "1081",
                "domaine_s_artistique_s": [
                    "Musique"
                ],
                "sous_domaine_artistique": [
                    "Musiques actuelles"
                ],
                "precision_du_sous_domaine": [
                    "Pop/Rock"
                ],
                "metiers_artistiques": "Musicien·ne, Musique: arrangements, Vidéo",
                "niveau_x_et_ou_type_s_d_enseignement": [
                    "Niveau secondaire - inférieur",
                    "Niveau secondaire - supérieur"
                ],
                "bassin_s_scolaire_s": [
                    "Bruxelles",
                    "Luxembourg"
                ],
                "type_s_d_intervention_s": [
                    "Rencontre ponctuelle (1 séance d'1 ou 2 heures)"
                ],
                "site_web": null,
                "descriptif": null
            }
        },
        {
            "type": "Feature",
            "geometry": {
                "type": "Point",
                "coordinates": [
                    4.35012989814735,
                    50.8475911319432
                ]
            },
            "properties": {
                "prenom": "Laura",
                "nom": "Ruggiero",
                "nom_d_artiste_ou_du_groupe_artistique": "Purrses",
                "adresse_courriel": "lauraruggiero2015@gmail.com",
                "cp": "1000",
                "domaine_s_artistique_s": [
                    "Musique"
                ],
                "sous_domaine_artistique": [
                    "Musiques actuelles"
                ],
                "precision_du_sous_domaine": [
                    "Chanson et Musique d'expression francophone; Pop/Rock; Rock dur"
                ],
                "metiers_artistiques": "Chanteur·se, Musicien·ne, Texte: auteur·rice, Costumes, Musique: compositeur·rice, Maquillage, Musique: arrangements, Coiffure, Mise en scène, Graphisme, Vidéo, Stylisme",
                "niveau_x_et_ou_type_s_d_enseignement": [
                    "Niveau fondamental - maternel",
                    "Niveau fondamental - primaire",
                    "Niveau secondaire - inférieur",
                    "Niveau secondaire - supérieur"
                ],
                "bassin_s_scolaire_s": [
                    "Bruxelles",
                    "Brabant wallon",
                    "Hainaut Centre",
                    "Hainaut Sud",
                    "Liège",
                    "Verviers",
                    "Namur"
                ],
                "type_s_d_intervention_s": [
                    "Rencontre ponctuelle (1 séance d'1 ou 2 heures)",
                    "Accompagnement de projet (3 à 5 séances de 2 heures chacune)"
                ],
                "site_web": null,
                "descriptif": null
            }
        },
        {
            "type": "Feature",
            "geometry": {
                "type": "Point",
                "coordinates": [
                    4.325860589138366,
                    50.816704879551345
                ]
            },
            "properties": {
                "prenom": "Axel",
                "nom": "Cornil Godefroid",
                "nom_d_artiste_ou_du_groupe_artistique": null,
                "adresse_courriel": "axel@lafraude.be",
                "cp": "1190",
                "domaine_s_artistique_s": [
                    "Arts vivants"
                ],
                "sous_domaine_artistique": [
                    "Art dramatique",
                    "Arts forains",
                    "du cirque et de la rue"
                ],
                "precision_du_sous_domaine": [
                    "Théâtre général; Théâtre général Jeune Public; Arts forains",
                    "du cirque et de la rue adulte et public familial"
                ],
                "metiers_artistiques": "Comédien·ne, Texte: auteur·rice, Mise en scène",
                "niveau_x_et_ou_type_s_d_enseignement": [
                    "Niveau secondaire - inférieur",
                    "Niveau secondaire - supérieur"
                ],
                "bassin_s_scolaire_s": [
                    "Bruxelles",
                    "Hainaut Centre",
                    "Hainaut Sud",
                    "Wallonie picarde",
                    "Namur"
                ],
                "type_s_d_intervention_s": [
                    "Rencontre ponctuelle (1 séance d'1 ou 2 heures)"
                ],
                "site_web": null,
                "descriptif": null
            }
        },
        {
            "type": "Feature",
            "geometry": {
                "type": "Point",
                "coordinates": [
                    4.323530346330873,
                    50.88320144793592
                ]
            },
            "properties": {
                "prenom": "Anne",
                "nom": "Neumann",
                "nom_d_artiste_ou_du_groupe_artistique": "Hopscotch ASBL",
                "adresse_courriel": "companyhopscotch@gmail.com",
                "cp": "1090",
                "domaine_s_artistique_s": [
                    "Arts vivants"
                ],
                "sous_domaine_artistique": [
                    "Arts forains",
                    "du cirque et de la rue"
                ],
                "precision_du_sous_domaine": [
                    "Arts forains",
                    "du cirque et de la rue adulte et public familial; Arts forains",
                    "du cirque et de la rue jeune public"
                ],
                "metiers_artistiques": "Artiste de cirque - Arts forains",
                "niveau_x_et_ou_type_s_d_enseignement": [
                    "Niveau secondaire - inférieur",
                    "Niveau secondaire - supérieur"
                ],
                "bassin_s_scolaire_s": [
                    "Bruxelles"
                ],
                "type_s_d_intervention_s": [
                    "Rencontre ponctuelle (1 séance d'1 ou 2 heures)"
                ],
                "site_web": null,
                "descriptif": null
            }
        },
        {
            "type": "Feature",
            "geometry": {
                "type": "Point",
                "coordinates": [
                    4.350645306371014,
                    50.797511521371305
                ]
            },
            "properties": {
                "prenom": "Laura",
                "nom": "Pok",
                "nom_d_artiste_ou_du_groupe_artistique": "Laterna Magica",
                "adresse_courriel": "laura_pok@yahoo.fr",
                "cp": "1180",
                "domaine_s_artistique_s": [
                    "Musique"
                ],
                "sous_domaine_artistique": [
                    "Musique classique et contemporaine"
                ],
                "precision_du_sous_domaine": [
                    "Musique classique et contemporaine (ensemble)"
                ],
                "metiers_artistiques": "Musicien·ne",
                "niveau_x_et_ou_type_s_d_enseignement": [
                    "Niveau fondamental - maternel",
                    "Niveau fondamental - primaire",
                    "Niveau secondaire - inférieur",
                    "Niveau secondaire - supérieur"
                ],
                "bassin_s_scolaire_s": [
                    "Bruxelles",
                    "Brabant wallon",
                    "Hainaut Centre",
                    "Hainaut Sud",
                    "Wallonie picarde",
                    "Huy Waremme",
                    "Liège",
                    "Verviers",
                    "Namur"
                ],
                "type_s_d_intervention_s": [
                    "Rencontre ponctuelle (1 séance d'1 ou 2 heures)"
                ],
                "site_web": null,
                "descriptif": null
            }
        },
        {
            "type": "Feature",
            "geometry": {
                "type": "Point",
                "coordinates": [
                    5.050138955152639,
                    50.43098526838803
                ]
            },
            "properties": {
                "prenom": "Raphaël",
                "nom": "Marchal",
                "nom_d_artiste_ou_du_groupe_artistique": "Raphy Rafaël",
                "adresse_courriel": "raphyrafael@skynet.be",
                "cp": "5340",
                "domaine_s_artistique_s": [
                    "Musique"
                ],
                "sous_domaine_artistique": [
                    "Musiques actuelles"
                ],
                "precision_du_sous_domaine": [
                    "Chanson et Musique d'expression francophone; Musique jeune public"
                ],
                "metiers_artistiques": "Chanteur·se, Musicien·ne, Texte: auteur·rice, Texte: adaptation, Musique: compositeur·rice",
                "niveau_x_et_ou_type_s_d_enseignement": [
                    "Niveau fondamental - primaire",
                    "Niveau secondaire - inférieur",
                    "Niveau secondaire - supérieur"
                ],
                "bassin_s_scolaire_s": [
                    "Bruxelles",
                    "Brabant wallon",
                    "Hainaut Centre",
                    "Hainaut Sud",
                    "Wallonie picarde",
                    "Huy Waremme",
                    "Liège",
                    "Verviers",
                    "Namur",
                    "Luxembourg"
                ],
                "type_s_d_intervention_s": [
                    "Rencontre ponctuelle (1 séance d'1 ou 2 heures)",
                    "Accompagnement de projet (3 à 5 séances de 2 heures chacune)"
                ],
                "site_web": null,
                "descriptif": null
            }
        },
        {
            "type": "Feature",
            "geometry": {
                "type": "Point",
                "coordinates": [
                    4.376217020664074,
                    50.82661313830635
                ]
            },
            "properties": {
                "prenom": "Cecilia",
                "nom": "Peçanha",
                "nom_d_artiste_ou_du_groupe_artistique": "Blue Bossa Liberté",
                "adresse_courriel": "ceciliapecanha@yahoo.com",
                "cp": "1050",
                "domaine_s_artistique_s": [
                    "Musique"
                ],
                "sous_domaine_artistique": [
                    "Musique classique et contemporaine",
                    "Musiques actuelles"
                ],
                "precision_du_sous_domaine": [
                    "Folk-Trad-World; Jazz; Musiques électroniques; Musiques urbaines; Musique jeune public; Spectacle musical; Musique classique et contemporaine (ensemble); Musique classique et contemporaine (soliste)"
                ],
                "metiers_artistiques": "Chanteur·se, Musicien·ne, Musique: compositeur·rice, Musique: arrangements, Musique: décor sonore, Graphisme, dessin et peinture",
                "niveau_x_et_ou_type_s_d_enseignement": [
                    "Niveau fondamental - maternel",
                    "Niveau fondamental - primaire",
                    "Niveau secondaire - inférieur",
                    "Niveau secondaire - supérieur"
                ],
                "bassin_s_scolaire_s": [
                    "Bruxelles",
                    "Brabant wallon",
                    "Hainaut Centre"
                ],
                "type_s_d_intervention_s": [
                    "Rencontre ponctuelle (1 séance d'1 ou 2 heures)",
                    "Accompagnement de projet (3 à 5 séances de 2 heures chacune)"
                ],
                "site_web": null,
                "descriptif": null
            }
        },
        {
            "type": "Feature",
            "geometry": {
                "type": "Point",
                "coordinates": [
                    5.560439577436734,
                    50.64762245632328
                ]
            },
            "properties": {
                "prenom": "Sylvain",
                "nom": "Plouette",
                "nom_d_artiste_ou_du_groupe_artistique": null,
                "adresse_courriel": "sylvain.plouette@gmail.com",
                "cp": "4000",
                "domaine_s_artistique_s": [
                    "Arts vivants"
                ],
                "sous_domaine_artistique": [
                    "Art dramatique"
                ],
                "precision_du_sous_domaine": [
                    "Théâtre général"
                ],
                "metiers_artistiques": "Comédien·ne, Récitant·e, Metteur en scène, Texte: adaptation, Mise en scène",
                "niveau_x_et_ou_type_s_d_enseignement": [
                    "Niveau fondamental - primaire",
                    "Niveau secondaire - inférieur",
                    "Niveau secondaire - supérieur"
                ],
                "bassin_s_scolaire_s": [
                    "Huy Waremme",
                    "Liège",
                    "Verviers",
                    "Namur",
                    "Luxembourg"
                ],
                "type_s_d_intervention_s": [
                    "Rencontre ponctuelle (1 séance d'1 ou 2 heures)",
                    "Accompagnement de projet (3 à 5 séances de 2 heures chacune)"
                ],
                "site_web": null,
                "descriptif": null
            }
        },
        {
            "type": "Feature",
            "geometry": {
                "type": "Point",
                "coordinates": [
                    4.343463448726441,
                    50.83044911483679
                ]
            },
            "properties": {
                "prenom": "Katherine",
                "nom": "Longly",
                "nom_d_artiste_ou_du_groupe_artistique": null,
                "adresse_courriel": "katherine_longly@yahoo.fr",
                "cp": "1060",
                "domaine_s_artistique_s": [
                    "Arts visuels"
                ],
                "sous_domaine_artistique": [
                    "Photographie"
                ],
                "precision_du_sous_domaine": null,
                "metiers_artistiques": "Artiste plasticien",
                "niveau_x_et_ou_type_s_d_enseignement": [
                    "Niveau fondamental - primaire",
                    "Niveau secondaire - inférieur",
                    "Niveau secondaire - supérieur"
                ],
                "bassin_s_scolaire_s": [
                    "Bruxelles"
                ],
                "type_s_d_intervention_s": [
                    "Rencontre ponctuelle (1 séance d'1 ou 2 heures)"
                ],
                "site_web": null,
                "descriptif": null
            }
        },
        {
            "type": "Feature",
            "geometry": {
                "type": "Point",
                "coordinates": [
                    4.325860589138366,
                    50.816704879551345
                ]
            },
            "properties": {
                "prenom": "Stephane",
                "nom": "Ginsburgh",
                "nom_d_artiste_ou_du_groupe_artistique": null,
                "adresse_courriel": "stephane@ginsburgh.net",
                "cp": "1190",
                "domaine_s_artistique_s": [
                    "Musique"
                ],
                "sous_domaine_artistique": [
                    "Musique classique et contemporaine"
                ],
                "precision_du_sous_domaine": [
                    "Musique classique et contemporaine (ensemble); Musique classique et contemporaine (soliste)"
                ],
                "metiers_artistiques": "Musicien·ne",
                "niveau_x_et_ou_type_s_d_enseignement": [
                    "Niveau fondamental - primaire",
                    "Niveau secondaire - inférieur",
                    "Niveau secondaire - supérieur"
                ],
                "bassin_s_scolaire_s": [
                    "Bruxelles"
                ],
                "type_s_d_intervention_s": [
                    "Rencontre ponctuelle (1 séance d'1 ou 2 heures)"
                ],
                "site_web": null,
                "descriptif": null
            }
        },
        {
            "type": "Feature",
            "geometry": {
                "type": "Point",
                "coordinates": [
                    4.350645306371014,
                    50.797511521371305
                ]
            },
            "properties": {
                "prenom": "Henri",
                "nom": "Goldman",
                "nom_d_artiste_ou_du_groupe_artistique": null,
                "adresse_courriel": "henrigoldman@icloud.com",
                "cp": "1180",
                "domaine_s_artistique_s": [
                    "Musique"
                ],
                "sous_domaine_artistique": [
                    "Musiques actuelles"
                ],
                "precision_du_sous_domaine": [
                    "Chanson et Musique d'expression francophone; Spectacle musical"
                ],
                "metiers_artistiques": "Chanteur·se, Musicien·ne, Texte: auteur·rice, Musique: compositeur·rice, Musique: arrangements, Graphisme",
                "niveau_x_et_ou_type_s_d_enseignement": [
                    "Niveau secondaire - supérieur"
                ],
                "bassin_s_scolaire_s": [
                    "Bruxelles",
                    "Brabant wallon"
                ],
                "type_s_d_intervention_s": [
                    "Rencontre ponctuelle (1 séance d'1 ou 2 heures)"
                ],
                "site_web": null,
                "descriptif": null
            }
        },
        {
            "type": "Feature",
            "geometry": {
                "type": "Point",
                "coordinates": [
                    4.29266566264007,
                    50.83150217114286
                ]
            },
            "properties": {
                "prenom": "Louise",
                "nom": "Devin",
                "nom_d_artiste_ou_du_groupe_artistique": null,
                "adresse_courriel": "devin.louise@gmail.com",
                "cp": "1070",
                "domaine_s_artistique_s": [
                    "Arts visuels"
                ],
                "sous_domaine_artistique": [
                    "Sculpture"
                ],
                "precision_du_sous_domaine": null,
                "metiers_artistiques": "Artiste plasticien, Curateur",
                "niveau_x_et_ou_type_s_d_enseignement": [
                    "Niveau fondamental - maternel",
                    "Niveau fondamental - primaire",
                    "Niveau secondaire - inférieur",
                    "Niveau secondaire - supérieur"
                ],
                "bassin_s_scolaire_s": [
                    "Bruxelles",
                    "Brabant wallon",
                    "Hainaut Centre"
                ],
                "type_s_d_intervention_s": [
                    "Rencontre ponctuelle (1 séance d'1 ou 2 heures)",
                    "Accompagnement de projet (3 à 5 séances de 2 heures chacune)"
                ],
                "site_web": null,
                "descriptif": null
            }
        },
        {
            "type": "Feature",
            "geometry": {
                "type": "Point",
                "coordinates": [
                    4.493950983075656,
                    50.6025126963303
                ]
            },
            "properties": {
                "prenom": "Fanny",
                "nom": "Hanciaux",
                "nom_d_artiste_ou_du_groupe_artistique": "Compagnie des Mutants",
                "adresse_courriel": "fanny@mutants.be",
                "cp": "1470",
                "domaine_s_artistique_s": [
                    "Arts vivants"
                ],
                "sous_domaine_artistique": [
                    "Art dramatique"
                ],
                "precision_du_sous_domaine": [
                    "Théâtre général Jeune Public"
                ],
                "metiers_artistiques": "Comédien·ne",
                "niveau_x_et_ou_type_s_d_enseignement": [
                    "Niveau fondamental - primaire",
                    "Niveau secondaire - inférieur"
                ],
                "bassin_s_scolaire_s": [
                    "Bruxelles",
                    "Brabant wallon",
                    "Hainaut Centre"
                ],
                "type_s_d_intervention_s": [
                    "Rencontre ponctuelle (1 séance d'1 ou 2 heures)"
                ],
                "site_web": null,
                "descriptif": null
            }
        },
        {
            "type": "Feature",
            "geometry": {
                "type": "Point",
                "coordinates": [
                    4.350645306371014,
                    50.797511521371305
                ]
            },
            "properties": {
                "prenom": "Maya",
                "nom": "Boelpaepe",
                "nom_d_artiste_ou_du_groupe_artistique": "Lipwb",
                "adresse_courriel": "maya.boelpaepe@gmail.com",
                "cp": "1180",
                "domaine_s_artistique_s": [
                    "Arts vivants"
                ],
                "sous_domaine_artistique": [
                    "Art dramatique"
                ],
                "precision_du_sous_domaine": [
                    "Spectacle d'improvisation"
                ],
                "metiers_artistiques": "Comédien·ne",
                "niveau_x_et_ou_type_s_d_enseignement": [
                    "Niveau fondamental - maternel",
                    "Niveau fondamental - primaire",
                    "Niveau secondaire - inférieur",
                    "Niveau secondaire - supérieur"
                ],
                "bassin_s_scolaire_s": [
                    "Bruxelles"
                ],
                "type_s_d_intervention_s": [
                    "Rencontre ponctuelle (1 séance d'1 ou 2 heures)",
                    "Accompagnement de projet (3 à 5 séances de 2 heures chacune)"
                ],
                "site_web": null,
                "descriptif": null
            }
        },
        {
            "type": "Feature",
            "geometry": {
                "type": "Point",
                "coordinates": [
                    5.560439577436734,
                    50.64762245632328
                ]
            },
            "properties": {
                "prenom": "Carole",
                "nom": "Louis",
                "nom_d_artiste_ou_du_groupe_artistique": null,
                "adresse_courriel": "infocarolelouis@gmail.com",
                "cp": "4000",
                "domaine_s_artistique_s": [
                    "Arts visuels"
                ],
                "sous_domaine_artistique": [
                    "Arts numériques et technologiques"
                ],
                "precision_du_sous_domaine": [
                    "Sculpture"
                ],
                "metiers_artistiques": "Artiste plasticien, Performeuse",
                "niveau_x_et_ou_type_s_d_enseignement": [
                    "Niveau secondaire - inférieur",
                    "Niveau secondaire - supérieur"
                ],
                "bassin_s_scolaire_s": [
                    "Bruxelles",
                    "Liège"
                ],
                "type_s_d_intervention_s": [
                    "Rencontre ponctuelle (1 séance d'1 ou 2 heures)"
                ],
                "site_web": null,
                "descriptif": null
            }
        },
        {
            "type": "Feature",
            "geometry": {
                "type": "Point",
                "coordinates": [
                    4.376217020664074,
                    50.82661313830635
                ]
            },
            "properties": {
                "prenom": "Dimitri",
                "nom": "Lepage",
                "nom_d_artiste_ou_du_groupe_artistique": "Les Chevals de Trois",
                "adresse_courriel": "dimitri.lepage@hotmail.com",
                "cp": "1050",
                "domaine_s_artistique_s": [
                    "Arts vivants"
                ],
                "sous_domaine_artistique": [
                    "Art dramatique"
                ],
                "precision_du_sous_domaine": [
                    "Théâtre général; Théâtre général Jeune Public"
                ],
                "metiers_artistiques": "Comédien·ne, Conteur·se, Auteur, Texte: auteur·rice, Costumes, Texte: adaptation",
                "niveau_x_et_ou_type_s_d_enseignement": [
                    "Niveau fondamental - primaire",
                    "Niveau secondaire - inférieur",
                    "Niveau secondaire - supérieur"
                ],
                "bassin_s_scolaire_s": [
                    "Bruxelles",
                    "Brabant wallon",
                    "Hainaut Centre",
                    "Hainaut Sud",
                    "Wallonie picarde",
                    "Huy Waremme",
                    "Liège",
                    "Verviers",
                    "Namur",
                    "Luxembourg"
                ],
                "type_s_d_intervention_s": [
                    "Rencontre ponctuelle (1 séance d'1 ou 2 heures)",
                    "Accompagnement de projet (3 à 5 séances de 2 heures chacune)"
                ],
                "site_web": null,
                "descriptif": null
            }
        },
        {
            "type": "Feature",
            "geometry": {
                "type": "Point",
                "coordinates": [
                    4.323530346330873,
                    50.88320144793592
                ]
            },
            "properties": {
                "prenom": "Claude",
                "nom": "Cattelain",
                "nom_d_artiste_ou_du_groupe_artistique": null,
                "adresse_courriel": "claude.cattelain@gmail.com",
                "cp": "1090",
                "domaine_s_artistique_s": [
                    "Arts visuels"
                ],
                "sous_domaine_artistique": [
                    "Sculpture"
                ],
                "precision_du_sous_domaine": [
                    "Vidéo d'art"
                ],
                "metiers_artistiques": "Artiste plasticien",
                "niveau_x_et_ou_type_s_d_enseignement": [
                    "Niveau secondaire - supérieur"
                ],
                "bassin_s_scolaire_s": [
                    "Bruxelles"
                ],
                "type_s_d_intervention_s": [
                    "Rencontre ponctuelle (1 séance d'1 ou 2 heures)"
                ],
                "site_web": null,
                "descriptif": null
            }
        },
        {
            "type": "Feature",
            "geometry": {
                "type": "Point",
                "coordinates": [
                    4.401943539411795,
                    50.713830338729835
                ]
            },
            "properties": {
                "prenom": "Aurelio",
                "nom": "Mattern",
                "nom_d_artiste_ou_du_groupe_artistique": "Aurel (Le Rikiki Club)",
                "adresse_courriel": "aurelio.mattern@gmail.com",
                "cp": "1410",
                "domaine_s_artistique_s": [
                    "Musique"
                ],
                "sous_domaine_artistique": [
                    "Musiques actuelles"
                ],
                "precision_du_sous_domaine": [
                    "Chanson et Musique d'expression francophone; Pop/Rock; Musique jeune public; Spectacle musical"
                ],
                "metiers_artistiques": "Chanteur·se, Musicien·ne, Texte: auteur·rice, Musique: compositeur·rice, Musique: arrangements",
                "niveau_x_et_ou_type_s_d_enseignement": [
                    "Niveau fondamental - maternel",
                    "Niveau fondamental - primaire"
                ],
                "bassin_s_scolaire_s": [
                    "Brabant wallon"
                ],
                "type_s_d_intervention_s": [
                    "Rencontre ponctuelle (1 séance d'1 ou 2 heures)",
                    "Accompagnement de projet (3 à 5 séances de 2 heures chacune)"
                ],
                "site_web": null,
                "descriptif": null
            }
        },
        {
            "type": "Feature",
            "geometry": {
                "type": "Point",
                "coordinates": [
                    5.502996436523854,
                    50.58354192119967
                ]
            },
            "properties": {
                "prenom": "Alice",
                "nom": "Laruelle",
                "nom_d_artiste_ou_du_groupe_artistique": "Les Ateliers de la Colline",
                "adresse_courriel": "alice@ateliersdelacolline.be",
                "cp": "4100",
                "domaine_s_artistique_s": [
                    "Arts vivants"
                ],
                "sous_domaine_artistique": [
                    "Art dramatique"
                ],
                "precision_du_sous_domaine": [
                    "Théâtre général Jeune Public; Théâtre action Jeune Public"
                ],
                "metiers_artistiques": "Comédien·ne, Texte: auteur·rice, Texte: adaptation, Mise en scène",
                "niveau_x_et_ou_type_s_d_enseignement": [
                    "Niveau fondamental - maternel",
                    "Niveau fondamental - primaire",
                    "Niveau secondaire - inférieur",
                    "Niveau secondaire - supérieur"
                ],
                "bassin_s_scolaire_s": [
                    "Brabant wallon",
                    "Hainaut Centre",
                    "Hainaut Sud",
                    "Huy Waremme",
                    "Liège",
                    "Verviers"
                ],
                "type_s_d_intervention_s": [
                    "Rencontre ponctuelle (1 séance d'1 ou 2 heures)",
                    "Accompagnement de projet (3 à 5 séances de 2 heures chacune)"
                ],
                "site_web": null,
                "descriptif": null
            }
        },
        {
            "type": "Feature",
            "geometry": {
                "type": "Point",
                "coordinates": [
                    4.325860589138366,
                    50.816704879551345
                ]
            },
            "properties": {
                "prenom": "Jean-Paul",
                "nom": "Fréhisse",
                "nom_d_artiste_ou_du_groupe_artistique": "Compagnie PourquoiComment",
                "adresse_courriel": "compagniepourquoicomment@gmail.com",
                "cp": "1190",
                "domaine_s_artistique_s": [
                    "Arts vivants"
                ],
                "sous_domaine_artistique": [
                    "Art dramatique"
                ],
                "precision_du_sous_domaine": [
                    "Théâtre général; Théâtre général Jeune Public"
                ],
                "metiers_artistiques": "Comédien·ne, Texte: auteur·rice, Mise en scène",
                "niveau_x_et_ou_type_s_d_enseignement": [
                    "Niveau fondamental - primaire"
                ],
                "bassin_s_scolaire_s": [
                    "Bruxelles",
                    "Brabant wallon",
                    "Huy Waremme",
                    "Liège",
                    "Verviers",
                    "Namur"
                ],
                "type_s_d_intervention_s": [
                    "Rencontre ponctuelle (1 séance d'1 ou 2 heures)",
                    "Accompagnement de projet (3 à 5 séances de 2 heures chacune)"
                ],
                "site_web": null,
                "descriptif": null
            }
        },
        {
            "type": "Feature",
            "geometry": {
                "type": "Point",
                "coordinates": [
                    4.343463448726441,
                    50.83044911483679
                ]
            },
            "properties": {
                "prenom": "Sarah",
                "nom": "Antoine",
                "nom_d_artiste_ou_du_groupe_artistique": "Berdache production",
                "adresse_courriel": "sarahantoine007@hotmail.com",
                "cp": "1060",
                "domaine_s_artistique_s": [
                    "Arts vivants"
                ],
                "sous_domaine_artistique": [
                    "Art dramatique",
                    "Spectacle pluridisciplinaire"
                ],
                "precision_du_sous_domaine": [
                    "Théâtre général; Théâtre général Jeune Public; Théâtre action; Théâtre action Jeune Public; Spectacle pluridisciplinaire"
                ],
                "metiers_artistiques": "Comédien·ne, Clown, Texte: auteur·rice, Mise en scène",
                "niveau_x_et_ou_type_s_d_enseignement": [
                    "Niveau fondamental - primaire",
                    "Niveau secondaire - inférieur",
                    "Niveau secondaire - supérieur"
                ],
                "bassin_s_scolaire_s": [
                    "Bruxelles",
                    "Luxembourg"
                ],
                "type_s_d_intervention_s": [
                    "Rencontre ponctuelle (1 séance d'1 ou 2 heures)",
                    "Accompagnement de projet (3 à 5 séances de 2 heures chacune)"
                ],
                "site_web": null,
                "descriptif": null
            }
        },
        {
            "type": "Feature",
            "geometry": {
                "type": "Point",
                "coordinates": [
                    4.615440181720137,
                    50.71750176256393
                ]
            },
            "properties": {
                "prenom": "Thomas",
                "nom": "Carlier",
                "nom_d_artiste_ou_du_groupe_artistique": "Compagnie Intempéries (théâtre) + LEONES (musique)",
                "adresse_courriel": "carlier-thomas@hotmail.com",
                "cp": "1300",
                "domaine_s_artistique_s": [
                    "Arts vivants",
                    "Musique"
                ],
                "sous_domaine_artistique": [
                    "Art dramatique",
                    "Musiques actuelles"
                ],
                "precision_du_sous_domaine": [
                    "Théâtre général; Théâtre général Jeune Public; Chanson et Musique d'expression francophone"
                ],
                "metiers_artistiques": "Comédien·ne, Texte: auteur·rice, Mise en scène, Chanteur·se, Musicien·ne, Musique: compositeur·rice, Musique: arrangements",
                "niveau_x_et_ou_type_s_d_enseignement": [
                    "Niveau fondamental - primaire",
                    "Niveau secondaire - inférieur",
                    "Niveau secondaire - supérieur"
                ],
                "bassin_s_scolaire_s": [
                    "Bruxelles",
                    "Brabant wallon",
                    "Hainaut Centre",
                    "Namur"
                ],
                "type_s_d_intervention_s": [
                    "Rencontre ponctuelle (1 séance d'1 ou 2 heures)",
                    "Accompagnement de projet (3 à 5 séances de 2 heures chacune)"
                ],
                "site_web": null,
                "descriptif": null
            }
        },
        {
            "type": "Feature",
            "geometry": {
                "type": "Point",
                "coordinates": [
                    5.47246908811735,
                    50.64171303582371
                ]
            },
            "properties": {
                "prenom": "Claire",
                "nom": "Meyer",
                "nom_d_artiste_ou_du_groupe_artistique": null,
                "adresse_courriel": "meycla@hotmail.com",
                "cp": "4460",
                "domaine_s_artistique_s": [
                    "Musique"
                ],
                "sous_domaine_artistique": [
                    "Musique classique et contemporaine"
                ],
                "precision_du_sous_domaine": null,
                "metiers_artistiques": "Musicien·ne, Texte: auteur·rice, Musique: compositeur·rice, Musicothérapie",
                "niveau_x_et_ou_type_s_d_enseignement": [
                    "Niveau fondamental - maternel",
                    "Niveau fondamental - primaire"
                ],
                "bassin_s_scolaire_s": [
                    "Huy Waremme",
                    "Liège",
                    "Verviers"
                ],
                "type_s_d_intervention_s": [
                    "Rencontre ponctuelle (1 séance d'1 ou 2 heures)",
                    "Accompagnement de projet (3 à 5 séances de 2 heures chacune)"
                ],
                "site_web": null,
                "descriptif": null
            }
        },
        {
            "type": "Feature",
            "geometry": {
                "type": "Point",
                "coordinates": [
                    5.560439577436734,
                    50.64762245632328
                ]
            },
            "properties": {
                "prenom": "Florence",
                "nom": "Arnold",
                "nom_d_artiste_ou_du_groupe_artistique": "Flow (La rivière)",
                "adresse_courriel": "florencearnold8@gmail.com",
                "cp": "4000",
                "domaine_s_artistique_s": [
                    "Musique"
                ],
                "sous_domaine_artistique": [
                    "Musiques actuelles"
                ],
                "precision_du_sous_domaine": [
                    "Folk-Trad-World; Jazz"
                ],
                "metiers_artistiques": "Chanteur·se, Musicien·ne, Texte: auteur·rice, Texte: adaptation, Musique: compositeur·rice, Musique: arrangements",
                "niveau_x_et_ou_type_s_d_enseignement": [
                    "Niveau fondamental - maternel",
                    "Niveau fondamental - primaire"
                ],
                "bassin_s_scolaire_s": [
                    "Bruxelles",
                    "Liège"
                ],
                "type_s_d_intervention_s": [
                    "Rencontre ponctuelle (1 séance d'1 ou 2 heures)"
                ],
                "site_web": null,
                "descriptif": null
            }
        },
        {
            "type": "Feature",
            "geometry": {
                "type": "Point",
                "coordinates": [
                    4.433787157937867,
                    50.81910346031945
                ]
            },
            "properties": {
                "prenom": "Othmane",
                "nom": "Moumen",
                "nom_d_artiste_ou_du_groupe_artistique": null,
                "adresse_courriel": "moumenothmane@yahoo.fr",
                "cp": "1160",
                "domaine_s_artistique_s": [
                    "Arts vivants"
                ],
                "sous_domaine_artistique": [
                    "Art dramatique",
                    "Marionnettes",
                    "théâtre d'objets",
                    "théâtre d'ombres"
                ],
                "precision_du_sous_domaine": [
                    "Théâtre général; Théâtre général Jeune Public; Spectacle d'improvisation; Marionnettes",
                    "théâtre d'objets",
                    "théâtre d'ombres; Marionnettes",
                    "théâtre d'objets",
                    "théâtre d'ombres jeune public"
                ],
                "metiers_artistiques": "Comédien·ne, Texte: auteur·rice, Texte: adaptation, Masques, Mise en scène",
                "niveau_x_et_ou_type_s_d_enseignement": [
                    "Niveau fondamental - primaire",
                    "Niveau secondaire - inférieur",
                    "Niveau secondaire - supérieur"
                ],
                "bassin_s_scolaire_s": [
                    "Bruxelles",
                    "Brabant wallon"
                ],
                "type_s_d_intervention_s": [
                    "Rencontre ponctuelle (1 séance d'1 ou 2 heures)",
                    "Accompagnement de projet (3 à 5 séances de 2 heures chacune)"
                ],
                "site_web": null,
                "descriptif": null
            }
        },
        {
            "type": "Feature",
            "geometry": {
                "type": "Point",
                "coordinates": [
                    4.380744543764381,
                    50.86661416180231
                ]
            },
            "properties": {
                "prenom": "Quentin",
                "nom": "Lemenu",
                "nom_d_artiste_ou_du_groupe_artistique": null,
                "adresse_courriel": "lemenuque@gmail.com",
                "cp": "1030",
                "domaine_s_artistique_s": [
                    "Arts vivants"
                ],
                "sous_domaine_artistique": [
                    "Art dramatique",
                    "Arts forains",
                    "du cirque et de la rue"
                ],
                "precision_du_sous_domaine": [
                    "Théâtre général; Théâtre général Jeune Public; Spectacle d'improvisation; Arts forains",
                    "du cirque et de la rue adulte et public familial"
                ],
                "metiers_artistiques": "Artiste de cirque - Arts forains, Comédien·ne, Improvisteur, Texte: auteur·rice, Mise en scène, Pédagogue, archiviste, entrepreneur culturel",
                "niveau_x_et_ou_type_s_d_enseignement": [
                    "Niveau fondamental - maternel",
                    "Niveau fondamental - primaire",
                    "Niveau secondaire - inférieur",
                    "Niveau secondaire - supérieur"
                ],
                "bassin_s_scolaire_s": [
                    "Bruxelles",
                    "Brabant wallon",
                    "Hainaut Centre",
                    "Wallonie picarde",
                    "Liège",
                    "Namur"
                ],
                "type_s_d_intervention_s": [
                    "Rencontre ponctuelle (1 séance d'1 ou 2 heures)",
                    "Accompagnement de projet (3 à 5 séances de 2 heures chacune)"
                ],
                "site_web": null,
                "descriptif": null
            }
        },
        {
            "type": "Feature",
            "geometry": {
                "type": "Point",
                "coordinates": [
                    5.62540099838149,
                    50.64228140116468
                ]
            },
            "properties": {
                "prenom": "Sarah",
                "nom": "Blion",
                "nom_d_artiste_ou_du_groupe_artistique": "Collectif Karda",
                "adresse_courriel": "collectif.karda@gmail.com",
                "cp": "4020",
                "domaine_s_artistique_s": [
                    "Arts vivants"
                ],
                "sous_domaine_artistique": [
                    "Arts forains",
                    "du cirque et de la rue"
                ],
                "precision_du_sous_domaine": [
                    "Arts forains",
                    "du cirque et de la rue adulte et public familial; Arts forains",
                    "du cirque et de la rue jeune public"
                ],
                "metiers_artistiques": "Comédien·ne, Texte: auteur·rice, Mise en scène",
                "niveau_x_et_ou_type_s_d_enseignement": [
                    "Niveau fondamental - primaire",
                    "Niveau secondaire - inférieur"
                ],
                "bassin_s_scolaire_s": [
                    "Bruxelles",
                    "Brabant wallon",
                    "Hainaut Centre",
                    "Hainaut Sud",
                    "Wallonie picarde",
                    "Huy Waremme",
                    "Liège",
                    "Verviers",
                    "Namur",
                    "Luxembourg"
                ],
                "type_s_d_intervention_s": [
                    "Rencontre ponctuelle (1 séance d'1 ou 2 heures)",
                    "Accompagnement de projet (3 à 5 séances de 2 heures chacune)"
                ],
                "site_web": null,
                "descriptif": null
            }
        },
        {
            "type": "Feature",
            "geometry": {
                "type": "Point",
                "coordinates": [
                    3.9635423205796747,
                    50.460336372568825
                ]
            },
            "properties": {
                "prenom": "Yannick",
                "nom": "Van Hemelryck",
                "nom_d_artiste_ou_du_groupe_artistique": "Théâtre du Copion",
                "adresse_courriel": "yannick.vanhemelryck@theatredesrues.be",
                "cp": "7000",
                "domaine_s_artistique_s": [
                    "Arts vivants"
                ],
                "sous_domaine_artistique": [
                    "Art dramatique"
                ],
                "precision_du_sous_domaine": [
                    "Théâtre action; Théâtre action Jeune Public"
                ],
                "metiers_artistiques": "Comédien·ne, Texte: auteur·rice, Mise en scène",
                "niveau_x_et_ou_type_s_d_enseignement": [
                    "Niveau fondamental - primaire",
                    "Niveau secondaire - inférieur",
                    "Niveau secondaire - supérieur"
                ],
                "bassin_s_scolaire_s": [
                    "Hainaut Centre",
                    "Hainaut Sud",
                    "Wallonie picarde"
                ],
                "type_s_d_intervention_s": [
                    "Accompagnement de projet (3 à 5 séances de 2 heures chacune)"
                ],
                "site_web": null,
                "descriptif": null
            }
        },
        {
            "type": "Feature",
            "geometry": {
                "type": "Point",
                "coordinates": [
                    4.325860589138366,
                    50.816704879551345
                ]
            },
            "properties": {
                "prenom": "Lola",
                "nom": "Bonfanti",
                "nom_d_artiste_ou_du_groupe_artistique": null,
                "adresse_courriel": "impasseauxsouliers.productions@ecomail.be",
                "cp": "1190",
                "domaine_s_artistique_s": [
                    "Musique"
                ],
                "sous_domaine_artistique": [
                    "Musique classique et contemporaine",
                    "Musiques actuelles"
                ],
                "precision_du_sous_domaine": [
                    "Jazz; Chanson et Musique d'expression francophone; Musique jeune public; Musique classique et contemporaine (soliste)"
                ],
                "metiers_artistiques": "Danseur·se, Humoriste, Comédien·ne, Musicien·ne, Conteur·se, Texte: auteur·rice, Musique: compositeur·rice, Musique: arrangements, Mise en scène",
                "niveau_x_et_ou_type_s_d_enseignement": [
                    "Niveau fondamental - maternel",
                    "Niveau fondamental - primaire"
                ],
                "bassin_s_scolaire_s": [
                    "Bruxelles"
                ],
                "type_s_d_intervention_s": [
                    "Rencontre ponctuelle (1 séance d'1 ou 2 heures)",
                    "Accompagnement de projet (3 à 5 séances de 2 heures chacune)"
                ],
                "site_web": null,
                "descriptif": null
            }
        },
        {
            "type": "Feature",
            "geometry": {
                "type": "Point",
                "coordinates": [
                    3.3837275033566985,
                    50.59203554015163
                ]
            },
            "properties": {
                "prenom": "Vincent",
                "nom": "Bédier",
                "nom_d_artiste_ou_du_groupe_artistique": "Encounters",
                "adresse_courriel": "oencounters@gmail.com",
                "cp": "7500",
                "domaine_s_artistique_s": [
                    "Musique"
                ],
                "sous_domaine_artistique": [
                    "Musiques actuelles"
                ],
                "precision_du_sous_domaine": [
                    "Musiques électroniques; Musiques urbaines; Pop/Rock; Rock dur"
                ],
                "metiers_artistiques": "Musicien·ne, Texte: auteur·rice, Musique: compositeur·rice, Musique: arrangements, Musique: décor sonore, Mise en scène, éclairages: conception, Scénographie, Vidéo",
                "niveau_x_et_ou_type_s_d_enseignement": [
                    "Niveau secondaire - inférieur",
                    "Niveau secondaire - supérieur"
                ],
                "bassin_s_scolaire_s": [
                    "Bruxelles",
                    "Hainaut Centre",
                    "Hainaut Sud"
                ],
                "type_s_d_intervention_s": [
                    "Rencontre ponctuelle (1 séance d'1 ou 2 heures)",
                    "Accompagnement de projet (3 à 5 séances de 2 heures chacune)"
                ],
                "site_web": null,
                "descriptif": null
            }
        },
        {
            "type": "Feature",
            "geometry": {
                "type": "Point",
                "coordinates": [
                    4.343463448726441,
                    50.83044911483679
                ]
            },
            "properties": {
                "prenom": "Michel",
                "nom": "Villée",
                "nom_d_artiste_ou_du_groupe_artistique": "Une tribu collectif",
                "adresse_courriel": "michelvillee@hotmail.com",
                "cp": "1060",
                "domaine_s_artistique_s": [
                    "Arts vivants"
                ],
                "sous_domaine_artistique": [
                    "Marionnettes",
                    "théâtre d'objets",
                    "théâtre d'ombres"
                ],
                "precision_du_sous_domaine": [
                    "Marionnettes",
                    "théâtre d'objets",
                    "théâtre d'ombres; Marionnettes",
                    "théâtre d'objets",
                    "théâtre d'ombres jeune public"
                ],
                "metiers_artistiques": "Comédien·ne, Texte: auteur·rice, Texte: adaptation, Mise en scène",
                "niveau_x_et_ou_type_s_d_enseignement": [
                    "Niveau secondaire - supérieur"
                ],
                "bassin_s_scolaire_s": [
                    "Bruxelles",
                    "Brabant wallon",
                    "Hainaut Centre",
                    "Hainaut Sud",
                    "Wallonie picarde",
                    "Huy Waremme",
                    "Liège",
                    "Verviers",
                    "Namur",
                    "Luxembourg"
                ],
                "type_s_d_intervention_s": [
                    "Rencontre ponctuelle (1 séance d'1 ou 2 heures)"
                ],
                "site_web": null,
                "descriptif": null
            }
        },
        {
            "type": "Feature",
            "geometry": {
                "type": "Point",
                "coordinates": [
                    4.401943539411795,
                    50.713830338729835
                ]
            },
            "properties": {
                "prenom": "Spencer",
                "nom": "Laurent",
                "nom_d_artiste_ou_du_groupe_artistique": "Gerard Spencer",
                "adresse_courriel": "laurent.spencer@outlook.com",
                "cp": "1410",
                "domaine_s_artistique_s": [
                    "Musique"
                ],
                "sous_domaine_artistique": [
                    "Musique classique et contemporaine",
                    "Musiques actuelles"
                ],
                "precision_du_sous_domaine": [
                    "Folk-Trad-World; Musique jeune public; Spectacle musical; Musique classique et contemporaine (soliste)"
                ],
                "metiers_artistiques": "Musicien·ne",
                "niveau_x_et_ou_type_s_d_enseignement": [
                    "Niveau fondamental - maternel",
                    "Niveau fondamental - primaire",
                    "Niveau secondaire - inférieur",
                    "Niveau secondaire - supérieur"
                ],
                "bassin_s_scolaire_s": [
                    "Bruxelles",
                    "Brabant wallon"
                ],
                "type_s_d_intervention_s": [
                    "Rencontre ponctuelle (1 séance d'1 ou 2 heures)",
                    "Accompagnement de projet (3 à 5 séances de 2 heures chacune)"
                ],
                "site_web": null,
                "descriptif": null
            }
        },
        {
            "type": "Feature",
            "geometry": {
                "type": "Point",
                "coordinates": [
                    4.040710122815242,
                    50.45698709595119
                ]
            },
            "properties": {
                "prenom": "Loïc",
                "nom": "Vanden Bemden",
                "nom_d_artiste_ou_du_groupe_artistique": "Da Vinci Production",
                "adresse_courriel": "davinciproductionasbl@gmail.com",
                "cp": "7021",
                "domaine_s_artistique_s": [
                    "Arts vivants"
                ],
                "sous_domaine_artistique": [
                    "Art dramatique"
                ],
                "precision_du_sous_domaine": [
                    "Théâtre général; Théâtre général Jeune Public; Théâtre action; Théâtre action Jeune Public; Spectacle d'improvisation"
                ],
                "metiers_artistiques": "Comédien·ne, Improvisateur, Texte: auteur·rice, Mise en scène, éclairages: conception",
                "niveau_x_et_ou_type_s_d_enseignement": [
                    "Niveau fondamental - primaire",
                    "Niveau secondaire - inférieur",
                    "Niveau secondaire - supérieur"
                ],
                "bassin_s_scolaire_s": [
                    "Hainaut Centre",
                    "Hainaut Sud",
                    "Wallonie picarde"
                ],
                "type_s_d_intervention_s": [
                    "Rencontre ponctuelle (1 séance d'1 ou 2 heures)",
                    "Accompagnement de projet (3 à 5 séances de 2 heures chacune)"
                ],
                "site_web": null,
                "descriptif": null
            }
        },
        {
            "type": "Feature",
            "geometry": {
                "type": "Point",
                "coordinates": [
                    5.323873223033452,
                    50.226851277723284
                ]
            },
            "properties": {
                "prenom": "Stan",
                "nom": "Bourguignon",
                "nom_d_artiste_ou_du_groupe_artistique": null,
                "adresse_courriel": "stanbourguignon@gmail.com",
                "cp": "6900",
                "domaine_s_artistique_s": [
                    "Musique"
                ],
                "sous_domaine_artistique": [
                    "Musiques actuelles"
                ],
                "precision_du_sous_domaine": [
                    "Folk-Trad-World; Chanson et Musique d'expression francophone; Musiques électroniques; Musique jeune public"
                ],
                "metiers_artistiques": "Chanteur·se, Musicien·ne, Texte: auteur·rice, Musique: compositeur·rice, Musique: arrangements, Musique: décor sonore",
                "niveau_x_et_ou_type_s_d_enseignement": [
                    "Niveau fondamental - maternel",
                    "Niveau fondamental - primaire"
                ],
                "bassin_s_scolaire_s": [
                    "Namur",
                    "Luxembourg"
                ],
                "type_s_d_intervention_s": [
                    "Rencontre ponctuelle (1 séance d'1 ou 2 heures)",
                    "Accompagnement de projet (3 à 5 séances de 2 heures chacune)"
                ],
                "site_web": null,
                "descriptif": null
            }
        },
        {
            "type": "Feature",
            "geometry": {
                "type": "Point",
                "coordinates": [
                    4.343463448726441,
                    50.83044911483679
                ]
            },
            "properties": {
                "prenom": "Julie",
                "nom": "Compagnon",
                "nom_d_artiste_ou_du_groupe_artistique": "PLAIN JANE",
                "adresse_courriel": "juliecompagnon@gmail.com",
                "cp": "1060",
                "domaine_s_artistique_s": [
                    "Musique"
                ],
                "sous_domaine_artistique": [
                    "Musiques actuelles"
                ],
                "precision_du_sous_domaine": [
                    "Folk-Trad-World; Pop/Rock"
                ],
                "metiers_artistiques": "Chanteur·se, Texte: auteur·rice",
                "niveau_x_et_ou_type_s_d_enseignement": [
                    "Niveau fondamental - maternel",
                    "Niveau fondamental - primaire",
                    "Niveau secondaire - inférieur",
                    "Niveau secondaire - supérieur"
                ],
                "bassin_s_scolaire_s": [
                    "Bruxelles",
                    "Brabant wallon"
                ],
                "type_s_d_intervention_s": [
                    "Rencontre ponctuelle (1 séance d'1 ou 2 heures)",
                    "Accompagnement de projet (3 à 5 séances de 2 heures chacune)"
                ],
                "site_web": null,
                "descriptif": null
            }
        },
        {
            "type": "Feature",
            "geometry": {
                "type": "Point",
                "coordinates": [
                    4.35012989814735,
                    50.8475911319432
                ]
            },
            "properties": {
                "prenom": "Margaux",
                "nom": "Vranken",
                "nom_d_artiste_ou_du_groupe_artistique": null,
                "adresse_courriel": "margauxvranken@gmail.com",
                "cp": "1000",
                "domaine_s_artistique_s": [
                    "Musique"
                ],
                "sous_domaine_artistique": [
                    "Musiques actuelles"
                ],
                "precision_du_sous_domaine": [
                    "Jazz"
                ],
                "metiers_artistiques": "Musicien·ne, Musique: compositeur·rice",
                "niveau_x_et_ou_type_s_d_enseignement": [
                    "Niveau secondaire - inférieur",
                    "Niveau secondaire - supérieur"
                ],
                "bassin_s_scolaire_s": [
                    "Bruxelles"
                ],
                "type_s_d_intervention_s": [
                    "Rencontre ponctuelle (1 séance d'1 ou 2 heures)"
                ],
                "site_web": null,
                "descriptif": null
            }
        },
        {
            "type": "Feature",
            "geometry": {
                "type": "Point",
                "coordinates": [
                    5.96961434011892,
                    50.532236453548215
                ]
            },
            "properties": {
                "prenom": "Jacky",
                "nom": "Lacroix",
                "nom_d_artiste_ou_du_groupe_artistique": "Jackylou",
                "adresse_courriel": "todizzen@gmail.com",
                "cp": "4845",
                "domaine_s_artistique_s": [
                    "Musique"
                ],
                "sous_domaine_artistique": [
                    "Musiques actuelles"
                ],
                "precision_du_sous_domaine": [
                    "Musique jeune public"
                ],
                "metiers_artistiques": "Chanteur·se, Musicien·ne, Texte: auteur·rice, Texte: adaptation, Musique: compositeur·rice, Musique: arrangements",
                "niveau_x_et_ou_type_s_d_enseignement": [
                    "Niveau fondamental - maternel",
                    "Niveau fondamental - primaire"
                ],
                "bassin_s_scolaire_s": [
                    "Verviers"
                ],
                "type_s_d_intervention_s": [
                    "Rencontre ponctuelle (1 séance d'1 ou 2 heures)",
                    "Accompagnement de projet (3 à 5 séances de 2 heures chacune)"
                ],
                "site_web": null,
                "descriptif": null
            }
        },
        {
            "type": "Feature",
            "geometry": {
                "type": "Point",
                "coordinates": [
                    4.350645306371014,
                    50.797511521371305
                ]
            },
            "properties": {
                "prenom": "Martin",
                "nom": "Grégoire",
                "nom_d_artiste_ou_du_groupe_artistique": "Glass Museum",
                "adresse_courriel": "martingregoire93@gmail.com",
                "cp": "1180",
                "domaine_s_artistique_s": [
                    "Musique"
                ],
                "sous_domaine_artistique": [
                    "Musiques actuelles"
                ],
                "precision_du_sous_domaine": [
                    "Jazz; Musiques électroniques"
                ],
                "metiers_artistiques": "Musicien·ne",
                "niveau_x_et_ou_type_s_d_enseignement": [
                    "Niveau secondaire - inférieur",
                    "Niveau secondaire - supérieur"
                ],
                "bassin_s_scolaire_s": [
                    "Bruxelles",
                    "Brabant wallon",
                    "Hainaut Centre",
                    "Hainaut Sud",
                    "Wallonie picarde",
                    "Huy Waremme",
                    "Liège",
                    "Verviers",
                    "Namur",
                    "Luxembourg"
                ],
                "type_s_d_intervention_s": [
                    "Rencontre ponctuelle (1 séance d'1 ou 2 heures)"
                ],
                "site_web": null,
                "descriptif": null
            }
        },
        {
            "type": "Feature",
            "geometry": {
                "type": "Point",
                "coordinates": [
                    4.325860589138366,
                    50.816704879551345
                ]
            },
            "properties": {
                "prenom": "Hélène",
                "nom": "Pointurier",
                "nom_d_artiste_ou_du_groupe_artistique": "Reseau7 ASBL",
                "adresse_courriel": "hpointurier@gmail.com",
                "cp": "1190",
                "domaine_s_artistique_s": [
                    "Musique"
                ],
                "sous_domaine_artistique": [
                    "Musiques actuelles"
                ],
                "precision_du_sous_domaine": [
                    "Chanson et Musique d'expression francophone; Musique jeune public; Spectacle musical"
                ],
                "metiers_artistiques": "Chanteur·se, Comédien·ne, Texte: auteur·rice, Musique: compositeur·rice",
                "niveau_x_et_ou_type_s_d_enseignement": [
                    "Niveau fondamental - maternel",
                    "Niveau fondamental - primaire"
                ],
                "bassin_s_scolaire_s": [
                    "Bruxelles"
                ],
                "type_s_d_intervention_s": [
                    "Rencontre ponctuelle (1 séance d'1 ou 2 heures)",
                    "Accompagnement de projet (3 à 5 séances de 2 heures chacune)"
                ],
                "site_web": null,
                "descriptif": null
            }
        },
        {
            "type": "Feature",
            "geometry": {
                "type": "Point",
                "coordinates": [
                    4.29266566264007,
                    50.83150217114286
                ]
            },
            "properties": {
                "prenom": "Maéva",
                "nom": "Fiston",
                "nom_d_artiste_ou_du_groupe_artistique": "MPLI",
                "adresse_courriel": "mpli.contact@gmail.com",
                "cp": "1070",
                "domaine_s_artistique_s": [
                    "Musique"
                ],
                "sous_domaine_artistique": [
                    "Musiques actuelles"
                ],
                "precision_du_sous_domaine": [
                    "Chanson et Musique d'expression francophone; Pop/Rock"
                ],
                "metiers_artistiques": "Chanteur·se, Musicien·ne, Texte: auteur·rice, Musique: compositeur·rice, Musique: arrangements",
                "niveau_x_et_ou_type_s_d_enseignement": [
                    "Niveau fondamental - primaire",
                    "Niveau secondaire - inférieur",
                    "Niveau secondaire - supérieur"
                ],
                "bassin_s_scolaire_s": [
                    "Bruxelles",
                    "Brabant wallon",
                    "Hainaut Centre"
                ],
                "type_s_d_intervention_s": [
                    "Rencontre ponctuelle (1 séance d'1 ou 2 heures)",
                    "Accompagnement de projet (3 à 5 séances de 2 heures chacune)"
                ],
                "site_web": null,
                "descriptif": null
            }
        },
        {
            "type": "Feature",
            "geometry": {
                "type": "Point",
                "coordinates": [
                    5.365141758944122,
                    50.03724139987623
                ]
            },
            "properties": {
                "prenom": "Paul",
                "nom": "Maron",
                "nom_d_artiste_ou_du_groupe_artistique": "South Belgian Brass",
                "adresse_courriel": "paulmaron@skynet.be",
                "cp": "6870",
                "domaine_s_artistique_s": [
                    "Musique"
                ],
                "sous_domaine_artistique": [
                    "Musique classique et contemporaine",
                    "Musiques actuelles"
                ],
                "precision_du_sous_domaine": [
                    "Folk-Trad-World; Jazz; Chanson et Musique d'expression francophone; Musiques urbaines; Musique jeune public; Spectacle musical; Musique classique et contemporaine (ensemble)"
                ],
                "metiers_artistiques": "Musicien·ne, Musique: compositeur·rice, Musique: arrangements",
                "niveau_x_et_ou_type_s_d_enseignement": [
                    "Niveau fondamental - maternel",
                    "Niveau fondamental - primaire"
                ],
                "bassin_s_scolaire_s": [
                    "Namur",
                    "Luxembourg"
                ],
                "type_s_d_intervention_s": [
                    "Rencontre ponctuelle (1 séance d'1 ou 2 heures)"
                ],
                "site_web": null,
                "descriptif": null
            }
        },
        {
            "type": "Feature",
            "geometry": {
                "type": "Point",
                "coordinates": [
                    4.35012989814735,
                    50.8475911319432
                ]
            },
            "properties": {
                "prenom": "Elsa",
                "nom": "De Lacerda",
                "nom_d_artiste_ou_du_groupe_artistique": "Elsa de Lacerda",
                "adresse_courriel": "elsadelacerda@gmail.com",
                "cp": "1000",
                "domaine_s_artistique_s": [
                    "Musique"
                ],
                "sous_domaine_artistique": [
                    "Musique classique et contemporaine"
                ],
                "precision_du_sous_domaine": [
                    "Musique classique et contemporaine (soliste)"
                ],
                "metiers_artistiques": "Musicien·ne, Texte: adaptation",
                "niveau_x_et_ou_type_s_d_enseignement": [
                    "Niveau secondaire - inférieur",
                    "Niveau secondaire - supérieur"
                ],
                "bassin_s_scolaire_s": [
                    "Bruxelles"
                ],
                "type_s_d_intervention_s": [
                    "Rencontre ponctuelle (1 séance d'1 ou 2 heures)",
                    "Accompagnement de projet (3 à 5 séances de 2 heures chacune)"
                ],
                "site_web": null,
                "descriptif": null
            }
        },
        {
            "type": "Feature",
            "geometry": {
                "type": "Point",
                "coordinates": [
                    5.560439577436734,
                    50.64762245632328
                ]
            },
            "properties": {
                "prenom": "Jeremy",
                "nom": "Alonzi",
                "nom_d_artiste_ou_du_groupe_artistique": null,
                "adresse_courriel": "Jermsalonzi@gmail.com",
                "cp": "4000",
                "domaine_s_artistique_s": [
                    "Musique"
                ],
                "sous_domaine_artistique": [
                    "Musiques actuelles"
                ],
                "precision_du_sous_domaine": [
                    "Pop/Rock"
                ],
                "metiers_artistiques": "Musicien·ne, Texte: auteur·rice, Musique: arrangements, Musique: décor sonore",
                "niveau_x_et_ou_type_s_d_enseignement": [
                    "Niveau fondamental - primaire",
                    "Niveau secondaire - inférieur",
                    "Niveau secondaire - supérieur"
                ],
                "bassin_s_scolaire_s": [
                    "Huy Waremme",
                    "Liège",
                    "Verviers"
                ],
                "type_s_d_intervention_s": [
                    "Rencontre ponctuelle (1 séance d'1 ou 2 heures)"
                ],
                "site_web": null,
                "descriptif": null
            }
        },
        {
            "type": "Feature",
            "geometry": {
                "type": "Point",
                "coordinates": [
                    4.343463448726441,
                    50.83044911483679
                ]
            },
            "properties": {
                "prenom": "Luca",
                "nom": "Franceschi",
                "nom_d_artiste_ou_du_groupe_artistique": "Creanova",
                "adresse_courriel": "luca.theatrecreanova@gmail.com",
                "cp": "1060",
                "domaine_s_artistique_s": [
                    "Arts vivants"
                ],
                "sous_domaine_artistique": [
                    "Art dramatique"
                ],
                "precision_du_sous_domaine": [
                    "Théâtre général"
                ],
                "metiers_artistiques": "Comédien·ne, Texte: auteur·rice, Mise en scène",
                "niveau_x_et_ou_type_s_d_enseignement": [
                    "Niveau secondaire - supérieur"
                ],
                "bassin_s_scolaire_s": [
                    "Bruxelles"
                ],
                "type_s_d_intervention_s": [
                    "Rencontre ponctuelle (1 séance d'1 ou 2 heures)",
                    "Accompagnement de projet (3 à 5 séances de 2 heures chacune)"
                ],
                "site_web": null,
                "descriptif": null
            }
        },
        {
            "type": "Feature",
            "geometry": {
                "type": "Point",
                "coordinates": [
                    4.433787157937867,
                    50.81910346031945
                ]
            },
            "properties": {
                "prenom": "Mégane",
                "nom": "Likin",
                "nom_d_artiste_ou_du_groupe_artistique": null,
                "adresse_courriel": "megane.likin@hotmail.com",
                "cp": "1160",
                "domaine_s_artistique_s": [
                    "Arts visuels"
                ],
                "sous_domaine_artistique": [
                    "Dessin",
                    "Illustration"
                ],
                "precision_du_sous_domaine": [
                    "Peinture"
                ],
                "metiers_artistiques": "Artiste plasticien",
                "niveau_x_et_ou_type_s_d_enseignement": [
                    "Niveau fondamental - maternel",
                    "Niveau fondamental - primaire",
                    "Niveau secondaire - inférieur",
                    "Niveau secondaire - supérieur"
                ],
                "bassin_s_scolaire_s": [
                    "Bruxelles",
                    "Huy Waremme"
                ],
                "type_s_d_intervention_s": [
                    "Rencontre ponctuelle (1 séance d'1 ou 2 heures)",
                    "Accompagnement de projet (3 à 5 séances de 2 heures chacune)"
                ],
                "site_web": null,
                "descriptif": null
            }
        },
        {
            "type": "Feature",
            "geometry": {
                "type": "Point",
                "coordinates": [
                    4.376217020664074,
                    50.82661313830635
                ]
            },
            "properties": {
                "prenom": "Allison",
                "nom": "Faye",
                "nom_d_artiste_ou_du_groupe_artistique": null,
                "adresse_courriel": "fayeallison.ja@gmail.com",
                "cp": "1050",
                "domaine_s_artistique_s": [
                    "Arts vivants"
                ],
                "sous_domaine_artistique": [
                    "Art chorégraphique"
                ],
                "precision_du_sous_domaine": [
                    "Danse contemporaine; Danse urbaine; Danse jeune public"
                ],
                "metiers_artistiques": "Danseur·se, chorégraphe, directrice artistique, Costumes, Chorégraphie, Mise en scène, Graphisme, arts martiaux",
                "niveau_x_et_ou_type_s_d_enseignement": [
                    "Niveau fondamental - maternel",
                    "Niveau fondamental - primaire",
                    "Niveau secondaire - inférieur",
                    "Niveau secondaire - supérieur"
                ],
                "bassin_s_scolaire_s": [
                    "Bruxelles"
                ],
                "type_s_d_intervention_s": [
                    "Rencontre ponctuelle (1 séance d'1 ou 2 heures)",
                    "Accompagnement de projet (3 à 5 séances de 2 heures chacune)"
                ],
                "site_web": null,
                "descriptif": null
            }
        },
        {
            "type": "Feature",
            "geometry": {
                "type": "Point",
                "coordinates": [
                    4.192715602265468,
                    50.68989710423136
                ]
            },
            "properties": {
                "prenom": "Pascal",
                "nom": "Suski",
                "nom_d_artiste_ou_du_groupe_artistique": "Pascal SU",
                "adresse_courriel": "pascal.suski@gmail.com",
                "cp": "1480",
                "domaine_s_artistique_s": [
                    "Musique"
                ],
                "sous_domaine_artistique": [
                    "Musiques actuelles"
                ],
                "precision_du_sous_domaine": [
                    "Blues; Folk-Trad-World; Jazz; Chanson et Musique d'expression francophone; Musiques urbaines; Musique jeune public; Spectacle musical"
                ],
                "metiers_artistiques": "Musicien·ne, Musique: compositeur·rice, Musique: arrangements",
                "niveau_x_et_ou_type_s_d_enseignement": [
                    "Niveau fondamental - maternel",
                    "Niveau fondamental - primaire",
                    "Niveau secondaire - inférieur",
                    "Niveau secondaire - supérieur"
                ],
                "bassin_s_scolaire_s": [
                    "Bruxelles",
                    "Brabant wallon",
                    "Hainaut Centre",
                    "Liège",
                    "Namur"
                ],
                "type_s_d_intervention_s": [
                    "Rencontre ponctuelle (1 séance d'1 ou 2 heures)",
                    "Accompagnement de projet (3 à 5 séances de 2 heures chacune)"
                ],
                "site_web": null,
                "descriptif": null
            }
        },
        {
            "type": "Feature",
            "geometry": {
                "type": "Point",
                "coordinates": [
                    4.391869712225169,
                    50.83227128877207
                ]
            },
            "properties": {
                "prenom": "Diane",
                "nom": "Jacquier",
                "nom_d_artiste_ou_du_groupe_artistique": "K.A.R.L.",
                "adresse_courriel": "diane.jacquier@gmail.com",
                "cp": "1040",
                "domaine_s_artistique_s": [
                    "Arts vivants"
                ],
                "sous_domaine_artistique": [
                    "Art dramatique",
                    "Conte"
                ],
                "precision_du_sous_domaine": [
                    "Théâtre général; Conte"
                ],
                "metiers_artistiques": "Comédien·ne, Conteur·se, Texte: auteur·rice, Texte: adaptation, Mise en scène",
                "niveau_x_et_ou_type_s_d_enseignement": [
                    "Niveau fondamental - primaire",
                    "Niveau secondaire - inférieur",
                    "Niveau secondaire - supérieur"
                ],
                "bassin_s_scolaire_s": [
                    "Bruxelles",
                    "Brabant wallon",
                    "Hainaut Centre",
                    "Liège",
                    "Namur"
                ],
                "type_s_d_intervention_s": [
                    "Rencontre ponctuelle (1 séance d'1 ou 2 heures)"
                ],
                "site_web": null,
                "descriptif": null
            }
        },
        {
            "type": "Feature",
            "geometry": {
                "type": "Point",
                "coordinates": [
                    5.50408222170567,
                    50.38327165524856
                ]
            },
            "properties": {
                "prenom": "Manue",
                "nom": "Happart",
                "nom_d_artiste_ou_du_groupe_artistique": "Cie La Plume à l'Oreille",
                "adresse_courriel": "manuehappart@gmail.com",
                "cp": "6941",
                "domaine_s_artistique_s": [
                    "Arts vivants"
                ],
                "sous_domaine_artistique": [
                    "Art dramatique"
                ],
                "precision_du_sous_domaine": [
                    "Théâtre général; Spectacle d'improvisation"
                ],
                "metiers_artistiques": "Humoriste, Comédien·ne, Improvisatrice & directeur d'acteurs, Texte: auteur·rice, Mise en scène, Scénographie",
                "niveau_x_et_ou_type_s_d_enseignement": [
                    "Niveau secondaire - inférieur",
                    "Niveau secondaire - supérieur"
                ],
                "bassin_s_scolaire_s": [
                    "Liège",
                    "Verviers",
                    "Namur",
                    "Luxembourg"
                ],
                "type_s_d_intervention_s": [
                    "Rencontre ponctuelle (1 séance d'1 ou 2 heures)",
                    "Accompagnement de projet (3 à 5 séances de 2 heures chacune)"
                ],
                "site_web": null,
                "descriptif": null
            }
        },
        {
            "type": "Feature",
            "geometry": {
                "type": "Point",
                "coordinates": [
                    5.144676291779546,
                    50.1786164568405
                ]
            },
            "properties": {
                "prenom": "Sébastien",
                "nom": "Derock",
                "nom_d_artiste_ou_du_groupe_artistique": null,
                "adresse_courriel": "seb.derock@gmail.com",
                "cp": "5580",
                "domaine_s_artistique_s": [
                    "Arts vivants"
                ],
                "sous_domaine_artistique": [
                    "Arts forains",
                    "du cirque et de la rue"
                ],
                "precision_du_sous_domaine": [
                    "Arts forains",
                    "du cirque et de la rue adulte et public familial; Arts forains",
                    "du cirque et de la rue jeune public"
                ],
                "metiers_artistiques": "Artiste de cirque - Arts forains, Humoriste, Comédien·ne, Musicien·ne, Musique: compositeur·rice, Musique: arrangements, Mise en scène, Scénographie, Décors",
                "niveau_x_et_ou_type_s_d_enseignement": [
                    "Niveau fondamental - primaire",
                    "Niveau secondaire - inférieur",
                    "Niveau secondaire - supérieur"
                ],
                "bassin_s_scolaire_s": [
                    "Huy Waremme",
                    "Liège",
                    "Namur",
                    "Luxembourg"
                ],
                "type_s_d_intervention_s": [
                    "Rencontre ponctuelle (1 séance d'1 ou 2 heures)",
                    "Accompagnement de projet (3 à 5 séances de 2 heures chacune)"
                ],
                "site_web": null,
                "descriptif": null
            }
        },
        {
            "type": "Feature",
            "geometry": {
                "type": "Point",
                "coordinates": [
                    4.350645306371014,
                    50.797511521371305
                ]
            },
            "properties": {
                "prenom": "Vinciane",
                "nom": "Geerinckx",
                "nom_d_artiste_ou_du_groupe_artistique": null,
                "adresse_courriel": "cie.surlefil@gmail.com",
                "cp": "1180",
                "domaine_s_artistique_s": [
                    "Arts vivants"
                ],
                "sous_domaine_artistique": [
                    "Marionnettes",
                    "théâtre d'objets",
                    "théâtre d'ombres"
                ],
                "precision_du_sous_domaine": [
                    "Marionnettes",
                    "théâtre d'objets",
                    "théâtre d'ombres jeune public"
                ],
                "metiers_artistiques": "Chanteur·se, Manipulateur·rice - marionnettiste, Comédien·ne, Texte: auteur·rice",
                "niveau_x_et_ou_type_s_d_enseignement": [
                    "Niveau fondamental - maternel",
                    "Niveau fondamental - primaire",
                    "Niveau secondaire - inférieur",
                    "Niveau secondaire - supérieur"
                ],
                "bassin_s_scolaire_s": [
                    "Bruxelles"
                ],
                "type_s_d_intervention_s": [
                    "Rencontre ponctuelle (1 séance d'1 ou 2 heures)",
                    "Accompagnement de projet (3 à 5 séances de 2 heures chacune)"
                ],
                "site_web": null,
                "descriptif": null
            }
        },
        {
            "type": "Feature",
            "geometry": {
                "type": "Point",
                "coordinates": [
                    3.6682988649342727,
                    51.07612273287225
                ]
            },
            "properties": {
                "prenom": "Mélancolie",
                "nom": "Motte",
                "nom_d_artiste_ou_du_groupe_artistique": "Cie Mélancolie Motte",
                "adresse_courriel": "info@melancolie.org",
                "cp": "9030",
                "domaine_s_artistique_s": [
                    "Arts vivants"
                ],
                "sous_domaine_artistique": [
                    "Conte"
                ],
                "precision_du_sous_domaine": [
                    "Conte; Conte Jeune Public"
                ],
                "metiers_artistiques": "Comédien·ne, Conteur·se, Texte: adaptation",
                "niveau_x_et_ou_type_s_d_enseignement": [
                    "Niveau fondamental - primaire",
                    "Niveau secondaire - inférieur"
                ],
                "bassin_s_scolaire_s": [
                    "Bruxelles"
                ],
                "type_s_d_intervention_s": [
                    "Rencontre ponctuelle (1 séance d'1 ou 2 heures)"
                ],
                "site_web": null,
                "descriptif": null
            }
        },
        {
            "type": "Feature",
            "geometry": {
                "type": "Point",
                "coordinates": [
                    4.350645306371014,
                    50.797511521371305
                ]
            },
            "properties": {
                "prenom": "Fabrice",
                "nom": "Detry",
                "nom_d_artiste_ou_du_groupe_artistique": "Fabiola",
                "adresse_courriel": "fabrice.detry@gmail.com",
                "cp": "1180",
                "domaine_s_artistique_s": [
                    "Musique"
                ],
                "sous_domaine_artistique": [
                    "Musiques actuelles"
                ],
                "precision_du_sous_domaine": [
                    "Musiques électroniques; Musiques urbaines; Pop/Rock; Musique jeune public"
                ],
                "metiers_artistiques": "Chanteur·se, Musicien·ne, Texte: auteur·rice, Musique: compositeur·rice, Musique: arrangements, Musique: décor sonore",
                "niveau_x_et_ou_type_s_d_enseignement": [
                    "Niveau fondamental - maternel",
                    "Niveau fondamental - primaire",
                    "Niveau secondaire - inférieur",
                    "Niveau secondaire - supérieur"
                ],
                "bassin_s_scolaire_s": [
                    "Bruxelles",
                    "Brabant wallon",
                    "Hainaut Centre",
                    "Hainaut Sud",
                    "Wallonie picarde",
                    "Huy Waremme",
                    "Liège",
                    "Verviers",
                    "Namur",
                    "Luxembourg"
                ],
                "type_s_d_intervention_s": [
                    "Rencontre ponctuelle (1 séance d'1 ou 2 heures)",
                    "Accompagnement de projet (3 à 5 séances de 2 heures chacune)"
                ],
                "site_web": null,
                "descriptif": null
            }
        },
        {
            "type": "Feature",
            "geometry": {
                "type": "Point",
                "coordinates": [
                    4.35012989814735,
                    50.8475911319432
                ]
            },
            "properties": {
                "prenom": "Alice",
                "nom": "De Cat",
                "nom_d_artiste_ou_du_groupe_artistique": "rien de spécial asbl",
                "adresse_courriel": "alicedecat@gmail.com",
                "cp": "1000",
                "domaine_s_artistique_s": [
                    "Arts vivants"
                ],
                "sous_domaine_artistique": [
                    "Art dramatique"
                ],
                "precision_du_sous_domaine": [
                    "Théâtre général; Théâtre général Jeune Public"
                ],
                "metiers_artistiques": "Mise en scène, éclairages: conception",
                "niveau_x_et_ou_type_s_d_enseignement": [
                    "Niveau fondamental - maternel",
                    "Niveau fondamental - primaire",
                    "Niveau secondaire - inférieur",
                    "Niveau secondaire - supérieur"
                ],
                "bassin_s_scolaire_s": [
                    "Bruxelles",
                    "Brabant wallon"
                ],
                "type_s_d_intervention_s": [
                    "Rencontre ponctuelle (1 séance d'1 ou 2 heures)",
                    "Accompagnement de projet (3 à 5 séances de 2 heures chacune)"
                ],
                "site_web": null,
                "descriptif": null
            }
        },
        {
            "type": "Feature",
            "geometry": {
                "type": "Point",
                "coordinates": [
                    4.325860589138366,
                    50.816704879551345
                ]
            },
            "properties": {
                "prenom": "Laryssa",
                "nom": "Ganga",
                "nom_d_artiste_ou_du_groupe_artistique": null,
                "adresse_courriel": "info.laryssakim@gmail.com",
                "cp": "1190",
                "domaine_s_artistique_s": [
                    "Musique"
                ],
                "sous_domaine_artistique": [
                    "Musiques actuelles"
                ],
                "precision_du_sous_domaine": [
                    "Musiques électroniques"
                ],
                "metiers_artistiques": "Chanteur·se, Musicien·ne, Compositrice, productrice de musiques sur ordinateur, chanteuse, dj, Texte: auteur·rice, Musique: compositeur·rice, Musique: décor sonore",
                "niveau_x_et_ou_type_s_d_enseignement": [
                    "Niveau secondaire - inférieur",
                    "Niveau secondaire - supérieur"
                ],
                "bassin_s_scolaire_s": [
                    "Bruxelles",
                    "Brabant wallon",
                    "Hainaut Centre",
                    "Hainaut Sud",
                    "Wallonie picarde",
                    "Liège",
                    "Verviers",
                    "Namur",
                    "Luxembourg"
                ],
                "type_s_d_intervention_s": [
                    "Rencontre ponctuelle (1 séance d'1 ou 2 heures)",
                    "Accompagnement de projet (3 à 5 séances de 2 heures chacune)"
                ],
                "site_web": null,
                "descriptif": null
            }
        },
        {
            "type": "Feature",
            "geometry": {
                "type": "Point",
                "coordinates": [
                    5.560439577436734,
                    50.64762245632328
                ]
            },
            "properties": {
                "prenom": "Coline",
                "nom": "Alecian",
                "nom_d_artiste_ou_du_groupe_artistique": "Akhtamar Quartet",
                "adresse_courriel": "colinealecian@hotmail.com",
                "cp": "4000",
                "domaine_s_artistique_s": [
                    "Musique"
                ],
                "sous_domaine_artistique": [
                    "Musique classique et contemporaine"
                ],
                "precision_du_sous_domaine": [
                    "Musique classique et contemporaine (ensemble)"
                ],
                "metiers_artistiques": "Musicien·ne",
                "niveau_x_et_ou_type_s_d_enseignement": [
                    "Niveau fondamental - maternel",
                    "Niveau fondamental - primaire",
                    "Niveau secondaire - inférieur",
                    "Niveau secondaire - supérieur"
                ],
                "bassin_s_scolaire_s": [
                    "Bruxelles",
                    "Liège"
                ],
                "type_s_d_intervention_s": [
                    "Rencontre ponctuelle (1 séance d'1 ou 2 heures)"
                ],
                "site_web": null,
                "descriptif": null
            }
        },
        {
            "type": "Feature",
            "geometry": {
                "type": "Point",
                "coordinates": [
                    4.6266711670230505,
                    50.04128840110796
                ]
            },
            "properties": {
                "prenom": "Maxime",
                "nom": "Coton",
                "nom_d_artiste_ou_du_groupe_artistique": null,
                "adresse_courriel": "maxime@bruitsasbl.be",
                "cp": "5670",
                "domaine_s_artistique_s": [
                    "Arts visuels"
                ],
                "sous_domaine_artistique": [
                    "Arts numériques et technologiques"
                ],
                "precision_du_sous_domaine": [
                    "Vidéo d'art"
                ],
                "metiers_artistiques": "Artiste plasticien",
                "niveau_x_et_ou_type_s_d_enseignement": [
                    "Niveau secondaire - supérieur"
                ],
                "bassin_s_scolaire_s": [
                    "Bruxelles",
                    "Hainaut Sud",
                    "Wallonie picarde",
                    "Namur"
                ],
                "type_s_d_intervention_s": [
                    "Accompagnement de projet (3 à 5 séances de 2 heures chacune)"
                ],
                "site_web": null,
                "descriptif": null
            }
        },
        {
            "type": "Feature",
            "geometry": {
                "type": "Point",
                "coordinates": [
                    4.686712100189075,
                    50.68395511112473
                ]
            },
            "properties": {
                "prenom": "Caroline",
                "nom": "Bouchoms",
                "nom_d_artiste_ou_du_groupe_artistique": "Chouak Théâtre",
                "adresse_courriel": "cbouchoms@gmail.com",
                "cp": "1325",
                "domaine_s_artistique_s": [
                    "Arts vivants"
                ],
                "sous_domaine_artistique": [
                    "Art dramatique",
                    "Spectacle pluridisciplinaire"
                ],
                "precision_du_sous_domaine": [
                    "Théâtre général; Théâtre général Jeune Public; Spectacle pluridisciplinaire; Spectacle pluridisciplinaire Jeune Public"
                ],
                "metiers_artistiques": "Comédien·ne, Texte: auteur·rice, Mise en scène",
                "niveau_x_et_ou_type_s_d_enseignement": [
                    "Niveau secondaire - inférieur",
                    "Niveau secondaire - supérieur"
                ],
                "bassin_s_scolaire_s": [
                    "Bruxelles",
                    "Brabant wallon",
                    "Namur"
                ],
                "type_s_d_intervention_s": [
                    "Accompagnement de projet (3 à 5 séances de 2 heures chacune)"
                ],
                "site_web": null,
                "descriptif": null
            }
        },
        {
            "type": "Feature",
            "geometry": {
                "type": "Point",
                "coordinates": [
                    4.335443719662361,
                    50.770204809258615
                ]
            },
            "properties": {
                "prenom": "Anne",
                "nom": "Wolf",
                "nom_d_artiste_ou_du_groupe_artistique": null,
                "adresse_courriel": "annewolfx@gmail.com",
                "cp": "1630",
                "domaine_s_artistique_s": [
                    "Musique"
                ],
                "sous_domaine_artistique": [
                    "Musiques actuelles"
                ],
                "precision_du_sous_domaine": [
                    "Blues; Jazz"
                ],
                "metiers_artistiques": "Musicien·ne, Musique: compositeur·rice",
                "niveau_x_et_ou_type_s_d_enseignement": [
                    "Niveau secondaire - inférieur",
                    "Niveau secondaire - supérieur"
                ],
                "bassin_s_scolaire_s": [
                    "Bruxelles",
                    "Brabant wallon",
                    "Hainaut Centre",
                    "Hainaut Sud",
                    "Wallonie picarde",
                    "Huy Waremme",
                    "Liège",
                    "Namur"
                ],
                "type_s_d_intervention_s": [
                    "Rencontre ponctuelle (1 séance d'1 ou 2 heures)",
                    "Accompagnement de projet (3 à 5 séances de 2 heures chacune)"
                ],
                "site_web": null,
                "descriptif": null
            }
        },
        {
            "type": "Feature",
            "geometry": {
                "type": "Point",
                "coordinates": [
                    5.323873223033452,
                    50.226851277723284
                ]
            },
            "properties": {
                "prenom": "Stefan",
                "nom": "Bastin",
                "nom_d_artiste_ou_du_groupe_artistique": "Roulotte Verte et Cie",
                "adresse_courriel": "stefan.bastin@etik.com",
                "cp": "6900",
                "domaine_s_artistique_s": [
                    "Arts vivants"
                ],
                "sous_domaine_artistique": [
                    "Art dramatique",
                    "Arts forains",
                    "du cirque et de la rue",
                    "Conte",
                    "Spectacle pluridisciplinaire"
                ],
                "precision_du_sous_domaine": [
                    "Théâtre général; Théâtre général Jeune Public; Théâtre action; Spectacle d'improvisation; Arts forains",
                    "du cirque et de la rue adulte et public familial; Arts forains",
                    "du cirque et de la rue jeune public; Conte; Conte Jeune Public; Spectacle pluridisciplinaire; Spectacle pluridisciplinaire Jeune Public"
                ],
                "metiers_artistiques": "Artiste de cirque - Arts forains, Comédien·ne, Metteur en Scène, Texte: auteur·rice, Costumes, Texte: adaptation, Masques, Accessoires, Mise en scène, éclairages: conception, Scénographie, Décors, logisitque de diffusion en mobilité douce à pied, en vélo, à cheval, en roulotte",
                "niveau_x_et_ou_type_s_d_enseignement": [
                    "Niveau fondamental - primaire",
                    "Niveau secondaire - inférieur",
                    "Niveau secondaire - supérieur"
                ],
                "bassin_s_scolaire_s": [
                    "Bruxelles",
                    "Brabant wallon",
                    "Huy Waremme",
                    "Liège",
                    "Verviers",
                    "Namur",
                    "Luxembourg"
                ],
                "type_s_d_intervention_s": [
                    "Rencontre ponctuelle (1 séance d'1 ou 2 heures)",
                    "Accompagnement de projet (3 à 5 séances de 2 heures chacune)"
                ],
                "site_web": null,
                "descriptif": null
            }
        },
        {
            "type": "Feature",
            "geometry": {
                "type": "Point",
                "coordinates": [
                    4.350645306371014,
                    50.797511521371305
                ]
            },
            "properties": {
                "prenom": "Sebastien",
                "nom": "Chollet",
                "nom_d_artiste_ou_du_groupe_artistique": null,
                "adresse_courriel": "sebastien.chollet67@gmail.com",
                "cp": "1180",
                "domaine_s_artistique_s": [
                    "Arts vivants"
                ],
                "sous_domaine_artistique": [
                    "Art dramatique",
                    "Marionnettes",
                    "théâtre d'objets",
                    "théâtre d'ombres"
                ],
                "precision_du_sous_domaine": [
                    "Théâtre général; Théâtre général Jeune Public; Théâtre action; Marionnettes",
                    "théâtre d'objets",
                    "théâtre d'ombres"
                ],
                "metiers_artistiques": "Comédien·ne, Mise en scène",
                "niveau_x_et_ou_type_s_d_enseignement": [
                    "Niveau secondaire - inférieur",
                    "Niveau secondaire - supérieur"
                ],
                "bassin_s_scolaire_s": [
                    "Bruxelles",
                    "Brabant wallon"
                ],
                "type_s_d_intervention_s": [
                    "Rencontre ponctuelle (1 séance d'1 ou 2 heures)",
                    "Accompagnement de projet (3 à 5 séances de 2 heures chacune)"
                ],
                "site_web": null,
                "descriptif": null
            }
        },
        {
            "type": "Feature",
            "geometry": {
                "type": "Point",
                "coordinates": [
                    4.838583582764899,
                    50.726088836722234
                ]
            },
            "properties": {
                "prenom": "Daniel",
                "nom": "Helin",
                "nom_d_artiste_ou_du_groupe_artistique": null,
                "adresse_courriel": "danielhelin@hotmail.com",
                "cp": "1370",
                "domaine_s_artistique_s": [
                    "Musique"
                ],
                "sous_domaine_artistique": [
                    "Musiques actuelles"
                ],
                "precision_du_sous_domaine": [
                    "Chanson et Musique d'expression francophone; Spectacle musical"
                ],
                "metiers_artistiques": "Chanteur·se, Comédien·ne, Musicien·ne, Conteur·se, Texte: auteur·rice, Musique: compositeur·rice, Mise en scène",
                "niveau_x_et_ou_type_s_d_enseignement": [
                    "Niveau secondaire - supérieur"
                ],
                "bassin_s_scolaire_s": [
                    "Bruxelles",
                    "Brabant wallon",
                    "Hainaut Centre",
                    "Hainaut Sud",
                    "Wallonie picarde",
                    "Huy Waremme",
                    "Liège",
                    "Verviers",
                    "Namur",
                    "Luxembourg"
                ],
                "type_s_d_intervention_s": [
                    "Rencontre ponctuelle (1 séance d'1 ou 2 heures)"
                ],
                "site_web": null,
                "descriptif": null
            }
        },
        {
            "type": "Feature",
            "geometry": {
                "type": "Point",
                "coordinates": [
                    5.560439577436734,
                    50.64762245632328
                ]
            },
            "properties": {
                "prenom": "Aurélie",
                "nom": "Charneux",
                "nom_d_artiste_ou_du_groupe_artistique": null,
                "adresse_courriel": "a.charneux@gmail.com",
                "cp": "4000",
                "domaine_s_artistique_s": [
                    "Musique"
                ],
                "sous_domaine_artistique": [
                    "Musiques actuelles"
                ],
                "precision_du_sous_domaine": [
                    "Folk-Trad-World; Jazz"
                ],
                "metiers_artistiques": "Musicien·ne, Musique: compositeur·rice, Musique: arrangements",
                "niveau_x_et_ou_type_s_d_enseignement": [
                    "Niveau fondamental - primaire",
                    "Niveau secondaire - inférieur",
                    "Niveau secondaire - supérieur"
                ],
                "bassin_s_scolaire_s": [
                    "Bruxelles",
                    "Brabant wallon",
                    "Hainaut Centre",
                    "Hainaut Sud",
                    "Wallonie picarde",
                    "Huy Waremme",
                    "Liège",
                    "Verviers",
                    "Namur",
                    "Luxembourg"
                ],
                "type_s_d_intervention_s": [
                    "Rencontre ponctuelle (1 séance d'1 ou 2 heures)",
                    "Accompagnement de projet (3 à 5 séances de 2 heures chacune)"
                ],
                "site_web": null,
                "descriptif": null
            }
        },
        {
            "type": "Feature",
            "geometry": {
                "type": "Point",
                "coordinates": [
                    4.343463448726441,
                    50.83044911483679
                ]
            },
            "properties": {
                "prenom": "Guillaume",
                "nom": "Cazalet",
                "nom_d_artiste_ou_du_groupe_artistique": null,
                "adresse_courriel": "guillaumecazalet@gmail.com",
                "cp": "1060",
                "domaine_s_artistique_s": [
                    "Musique"
                ],
                "sous_domaine_artistique": [
                    "Musique classique et contemporaine",
                    "Musiques actuelles"
                ],
                "precision_du_sous_domaine": [
                    "Folk-Trad-World; Jazz; Musiques électroniques; Rock dur; Musique classique et contemporaine (soliste)"
                ],
                "metiers_artistiques": "Musicien·ne, Texte: auteur·rice, Musique: compositeur·rice, Musique: arrangements, Graphisme, Vidéo",
                "niveau_x_et_ou_type_s_d_enseignement": [
                    "Niveau fondamental - primaire",
                    "Niveau secondaire - inférieur",
                    "Niveau secondaire - supérieur"
                ],
                "bassin_s_scolaire_s": [
                    "Bruxelles",
                    "Brabant wallon",
                    "Hainaut Centre",
                    "Huy Waremme",
                    "Liège",
                    "Namur"
                ],
                "type_s_d_intervention_s": [
                    "Rencontre ponctuelle (1 séance d'1 ou 2 heures)"
                ],
                "site_web": null,
                "descriptif": null
            }
        },
        {
            "type": "Feature",
            "geometry": {
                "type": "Point",
                "coordinates": [
                    4.343463448726441,
                    50.83044911483679
                ]
            },
            "properties": {
                "prenom": "Lila",
                "nom": "Magnin",
                "nom_d_artiste_ou_du_groupe_artistique": "Lila Magnin (les magnifiques)",
                "adresse_courriel": "cielesmagnifiques@gmail.com",
                "cp": "1060",
                "domaine_s_artistique_s": [
                    "Arts vivants"
                ],
                "sous_domaine_artistique": [
                    "Art chorégraphique",
                    "Spectacle pluridisciplinaire"
                ],
                "precision_du_sous_domaine": [
                    "Danse urbaine; Spectacle pluridisciplinaire"
                ],
                "metiers_artistiques": "Danseur·se, Chanteur·se, Comédien·ne, Texte: auteur·rice, Musique: compositeur·rice, Chorégraphie, Mise en scène, Vidéo",
                "niveau_x_et_ou_type_s_d_enseignement": [
                    "Niveau secondaire - inférieur",
                    "Niveau secondaire - supérieur"
                ],
                "bassin_s_scolaire_s": [
                    "Bruxelles",
                    "Brabant wallon",
                    "Hainaut Centre",
                    "Hainaut Sud",
                    "Wallonie picarde",
                    "Huy Waremme",
                    "Liège",
                    "Verviers",
                    "Namur",
                    "Luxembourg"
                ],
                "type_s_d_intervention_s": [
                    "Rencontre ponctuelle (1 séance d'1 ou 2 heures)",
                    "Accompagnement de projet (3 à 5 séances de 2 heures chacune)"
                ],
                "site_web": null,
                "descriptif": null
            }
        },
        {
            "type": "Feature",
            "geometry": {
                "type": "Point",
                "coordinates": [
                    5.719074889614479,
                    50.46903442378002
                ]
            },
            "properties": {
                "prenom": "Alice",
                "nom": "Janne",
                "nom_d_artiste_ou_du_groupe_artistique": null,
                "adresse_courriel": "ecila.janne@gmail.com",
                "cp": "4920",
                "domaine_s_artistique_s": [
                    "Arts visuels"
                ],
                "sous_domaine_artistique": [
                    "Arts numériques et technologiques"
                ],
                "precision_du_sous_domaine": [
                    "Peinture; Sculpture; Vidéo d'art"
                ],
                "metiers_artistiques": "Artiste plasticien",
                "niveau_x_et_ou_type_s_d_enseignement": [
                    "Niveau fondamental - primaire",
                    "Niveau secondaire - inférieur",
                    "Niveau secondaire - supérieur"
                ],
                "bassin_s_scolaire_s": [
                    "Bruxelles",
                    "Liège",
                    "Verviers",
                    "Luxembourg"
                ],
                "type_s_d_intervention_s": [
                    "Rencontre ponctuelle (1 séance d'1 ou 2 heures)",
                    "Accompagnement de projet (3 à 5 séances de 2 heures chacune)"
                ],
                "site_web": null,
                "descriptif": null
            }
        },
        {
            "type": "Feature",
            "geometry": {
                "type": "Point",
                "coordinates": [
                    4.343463448726441,
                    50.83044911483679
                ]
            },
            "properties": {
                "prenom": "Reshma",
                "nom": "Goolamy",
                "nom_d_artiste_ou_du_groupe_artistique": "Neptunian Maximalism",
                "adresse_courriel": "reshmagoolamy@gmail.com",
                "cp": "1060",
                "domaine_s_artistique_s": [
                    "Musique"
                ],
                "sous_domaine_artistique": [
                    "Musiques actuelles"
                ],
                "precision_du_sous_domaine": [
                    "Rock dur"
                ],
                "metiers_artistiques": "Musicien·ne, Lyriciste, Texte: auteur·rice, Texte: adaptation",
                "niveau_x_et_ou_type_s_d_enseignement": [
                    "Niveau secondaire - inférieur"
                ],
                "bassin_s_scolaire_s": [
                    "Bruxelles"
                ],
                "type_s_d_intervention_s": [
                    "Rencontre ponctuelle (1 séance d'1 ou 2 heures)"
                ],
                "site_web": null,
                "descriptif": null
            }
        },
        {
            "type": "Feature",
            "geometry": {
                "type": "Point",
                "coordinates": [
                    5.203050664341222,
                    50.549259810061635
                ]
            },
            "properties": {
                "prenom": "Tatiana",
                "nom": "Bohm",
                "nom_d_artiste_ou_du_groupe_artistique": null,
                "adresse_courriel": "tatianabohm@gmail.com",
                "cp": "4520",
                "domaine_s_artistique_s": [
                    "Arts visuels"
                ],
                "sous_domaine_artistique": [
                    "Dessin",
                    "Illustration"
                ],
                "precision_du_sous_domaine": [
                    "Gravure; Peinture; Photographie; Sculpture; Vidéo d'art"
                ],
                "metiers_artistiques": "Artiste plasticien",
                "niveau_x_et_ou_type_s_d_enseignement": [
                    "Niveau fondamental - primaire",
                    "Niveau secondaire - inférieur",
                    "Niveau secondaire - supérieur"
                ],
                "bassin_s_scolaire_s": [
                    "Bruxelles",
                    "Brabant wallon",
                    "Hainaut Centre",
                    "Hainaut Sud",
                    "Wallonie picarde",
                    "Huy Waremme",
                    "Liège",
                    "Verviers",
                    "Namur",
                    "Luxembourg"
                ],
                "type_s_d_intervention_s": [
                    "Rencontre ponctuelle (1 séance d'1 ou 2 heures)",
                    "Accompagnement de projet (3 à 5 séances de 2 heures chacune)"
                ],
                "site_web": null,
                "descriptif": null
            }
        },
        {
            "type": "Feature",
            "geometry": {
                "type": "Point",
                "coordinates": [
                    4.376217020664074,
                    50.82661313830635
                ]
            },
            "properties": {
                "prenom": "Guillaume-Alexandre",
                "nom": "Brault",
                "nom_d_artiste_ou_du_groupe_artistique": "Guillaume ALEXANDRE",
                "adresse_courriel": "guillaumealexandre.ga@gmail.com",
                "cp": "1050",
                "domaine_s_artistique_s": [
                    "Arts vivants"
                ],
                "sous_domaine_artistique": [
                    "Art dramatique",
                    "Marionnettes",
                    "théâtre d'objets",
                    "théâtre d'ombres"
                ],
                "precision_du_sous_domaine": [
                    "Théâtre général; Marionnettes",
                    "théâtre d'objets",
                    "théâtre d'ombres; Marionnettes",
                    "théâtre d'objets",
                    "théâtre d'ombres jeune public"
                ],
                "metiers_artistiques": "Manipulateur·rice - marionnettiste, Comédien·ne, Texte: auteur·rice, Texte: adaptation, Marionnettes, Mise en scène, Scénographie",
                "niveau_x_et_ou_type_s_d_enseignement": [
                    "Niveau fondamental - maternel",
                    "Niveau fondamental - primaire",
                    "Niveau secondaire - inférieur",
                    "Niveau secondaire - supérieur"
                ],
                "bassin_s_scolaire_s": [
                    "Bruxelles"
                ],
                "type_s_d_intervention_s": [
                    "Rencontre ponctuelle (1 séance d'1 ou 2 heures)",
                    "Accompagnement de projet (3 à 5 séances de 2 heures chacune)"
                ],
                "site_web": null,
                "descriptif": null
            }
        },
        {
            "type": "Feature",
            "geometry": {
                "type": "Point",
                "coordinates": [
                    4.343463448726441,
                    50.83044911483679
                ]
            },
            "properties": {
                "prenom": "Mathilde",
                "nom": "Collard",
                "nom_d_artiste_ou_du_groupe_artistique": null,
                "adresse_courriel": "mathilde.collard@hotmail.com",
                "cp": "1060",
                "domaine_s_artistique_s": [
                    "Arts vivants"
                ],
                "sous_domaine_artistique": [
                    "Art dramatique",
                    "Marionnettes",
                    "théâtre d'objets",
                    "théâtre d'ombres"
                ],
                "precision_du_sous_domaine": [
                    "Théâtre général; Théâtre général Jeune Public; Théâtre action; Théâtre action Jeune Public; Marionnettes",
                    "théâtre d'objets",
                    "théâtre d'ombres; Marionnettes",
                    "théâtre d'objets",
                    "théâtre d'ombres jeune public"
                ],
                "metiers_artistiques": "Artiste plasticien·ne, Manipulateur·rice - marionnettiste, Comédien·ne, Texte: auteur·rice, Texte: adaptation, Masques, Marionnettes, Mise en scène",
                "niveau_x_et_ou_type_s_d_enseignement": [
                    "Niveau fondamental - primaire",
                    "Niveau secondaire - inférieur",
                    "Niveau secondaire - supérieur"
                ],
                "bassin_s_scolaire_s": [
                    "Bruxelles",
                    "Brabant wallon",
                    "Hainaut Centre",
                    "Hainaut Sud",
                    "Wallonie picarde",
                    "Huy Waremme",
                    "Liège",
                    "Verviers",
                    "Namur",
                    "Luxembourg"
                ],
                "type_s_d_intervention_s": [
                    "Rencontre ponctuelle (1 séance d'1 ou 2 heures)",
                    "Accompagnement de projet (3 à 5 séances de 2 heures chacune)"
                ],
                "site_web": null,
                "descriptif": null
            }
        },
        {
            "type": "Feature",
            "geometry": {
                "type": "Point",
                "coordinates": [
                    4.325860589138366,
                    50.816704879551345
                ]
            },
            "properties": {
                "prenom": "Herbert",
                "nom": "Celis",
                "nom_d_artiste_ou_du_groupe_artistique": "Herb Cells (Fokkop.era)",
                "adresse_courriel": "dodge330@gmail.com",
                "cp": "1190",
                "domaine_s_artistique_s": [
                    "Musique"
                ],
                "sous_domaine_artistique": [
                    "Musiques actuelles"
                ],
                "precision_du_sous_domaine": [
                    "Jazz; Musiques électroniques"
                ],
                "metiers_artistiques": "Artiste plasticien·ne, Chanteur·se, Musicien·ne, Texte: auteur·rice, Musique: compositeur·rice, Graphisme",
                "niveau_x_et_ou_type_s_d_enseignement": [
                    "Niveau fondamental - primaire",
                    "Niveau secondaire - inférieur"
                ],
                "bassin_s_scolaire_s": [
                    "Bruxelles",
                    "Brabant wallon",
                    "Hainaut Centre",
                    "Liège",
                    "Namur"
                ],
                "type_s_d_intervention_s": [
                    "Accompagnement de projet (3 à 5 séances de 2 heures chacune)"
                ],
                "site_web": null,
                "descriptif": null
            }
        },
        {
            "type": "Feature",
            "geometry": {
                "type": "Point",
                "coordinates": [
                    4.318752891748991,
                    50.855119755562214
                ]
            },
            "properties": {
                "prenom": "Eve",
                "nom": "Beuvens",
                "nom_d_artiste_ou_du_groupe_artistique": null,
                "adresse_courriel": "ebeuvens@gmail.com",
                "cp": "1080",
                "domaine_s_artistique_s": [
                    "Musique"
                ],
                "sous_domaine_artistique": [
                    "Musiques actuelles"
                ],
                "precision_du_sous_domaine": [
                    "Jazz"
                ],
                "metiers_artistiques": "Musicien·ne, Musique: compositeur·rice, Musique: arrangements",
                "niveau_x_et_ou_type_s_d_enseignement": [
                    "Niveau secondaire - inférieur",
                    "Niveau secondaire - supérieur"
                ],
                "bassin_s_scolaire_s": [
                    "Bruxelles",
                    "Brabant wallon",
                    "Namur"
                ],
                "type_s_d_intervention_s": [
                    "Rencontre ponctuelle (1 séance d'1 ou 2 heures)"
                ],
                "site_web": null,
                "descriptif": null
            }
        },
        {
            "type": "Feature",
            "geometry": {
                "type": "Point",
                "coordinates": [
                    4.376217020664074,
                    50.82661313830635
                ]
            },
            "properties": {
                "prenom": "Gea Zazil",
                "nom": "Hernandez Castro",
                "nom_d_artiste_ou_du_groupe_artistique": "Gea Zazil",
                "adresse_courriel": "zazilproject@glail.com",
                "cp": "1050",
                "domaine_s_artistique_s": [
                    "Arts vivants"
                ],
                "sous_domaine_artistique": [
                    "Art chorégraphique",
                    "Conte",
                    "Spectacle pluridisciplinaire"
                ],
                "precision_du_sous_domaine": [
                    "Danse contemporaine; Danse jeune public; Conte Jeune Public; Spectacle pluridisciplinaire Jeune Public"
                ],
                "metiers_artistiques": "Danseur·se, Texte: auteur·rice, Costumes, Maquillage, Chorégraphie, Mise en scène, éclairages: conception, Vidéo, Régie lumière/son et création de contenue pour réseaux sociaux",
                "niveau_x_et_ou_type_s_d_enseignement": [
                    "Niveau fondamental - maternel",
                    "Niveau fondamental - primaire"
                ],
                "bassin_s_scolaire_s": [
                    "Bruxelles",
                    "Brabant wallon",
                    "Hainaut Centre",
                    "Hainaut Sud",
                    "Wallonie picarde",
                    "Huy Waremme",
                    "Liège",
                    "Verviers",
                    "Namur",
                    "Luxembourg"
                ],
                "type_s_d_intervention_s": [
                    "Rencontre ponctuelle (1 séance d'1 ou 2 heures)",
                    "Accompagnement de projet (3 à 5 séances de 2 heures chacune)"
                ],
                "site_web": null,
                "descriptif": null
            }
        },
        {
            "type": "Feature",
            "geometry": {
                "type": "Point",
                "coordinates": [
                    4.343463448726441,
                    50.83044911483679
                ]
            },
            "properties": {
                "prenom": "Axel",
                "nom": "Korban",
                "nom_d_artiste_ou_du_groupe_artistique": null,
                "adresse_courriel": "korban.axel@gmail.com",
                "cp": "1060",
                "domaine_s_artistique_s": [
                    "Arts visuels"
                ],
                "sous_domaine_artistique": [
                    "Arts numériques et technologiques"
                ],
                "precision_du_sous_domaine": [
                    "Design; Photographie; Sculpture"
                ],
                "metiers_artistiques": "Artiste plasticien",
                "niveau_x_et_ou_type_s_d_enseignement": [
                    "Niveau secondaire - inférieur",
                    "Niveau secondaire - supérieur"
                ],
                "bassin_s_scolaire_s": [
                    "Bruxelles",
                    "Brabant wallon",
                    "Hainaut Centre",
                    "Hainaut Sud",
                    "Wallonie picarde",
                    "Huy Waremme",
                    "Liège",
                    "Verviers",
                    "Namur",
                    "Luxembourg"
                ],
                "type_s_d_intervention_s": [
                    "Rencontre ponctuelle (1 séance d'1 ou 2 heures)",
                    "Accompagnement de projet (3 à 5 séances de 2 heures chacune)"
                ],
                "site_web": null,
                "descriptif": null
            }
        },
        {
            "type": "Feature",
            "geometry": {
                "type": "Point",
                "coordinates": [
                    5.405616275569958,
                    50.51065401440085
                ]
            },
            "properties": {
                "prenom": "Aurélie",
                "nom": "Dorzée",
                "nom_d_artiste_ou_du_groupe_artistique": "Aurélie Dorzée et AURELIA",
                "adresse_courriel": "aurelie.dorzee@hotmail.com",
                "cp": "4550",
                "domaine_s_artistique_s": [
                    "Musique"
                ],
                "sous_domaine_artistique": [
                    "Musiques actuelles"
                ],
                "precision_du_sous_domaine": [
                    "Folk-Trad-World; Musique jeune public; Spectacle musical"
                ],
                "metiers_artistiques": "Chanteur·se, Musicien·ne, Conteur·se, Musique: compositeur·rice, Musique: arrangements",
                "niveau_x_et_ou_type_s_d_enseignement": [
                    "Niveau fondamental - primaire",
                    "Niveau secondaire - inférieur",
                    "Niveau secondaire - supérieur"
                ],
                "bassin_s_scolaire_s": [
                    "Brabant wallon",
                    "Huy Waremme",
                    "Liège",
                    "Namur",
                    "Luxembourg"
                ],
                "type_s_d_intervention_s": [
                    "Rencontre ponctuelle (1 séance d'1 ou 2 heures)",
                    "Accompagnement de projet (3 à 5 séances de 2 heures chacune)"
                ],
                "site_web": null,
                "descriptif": null
            }
        },
        {
            "type": "Feature",
            "geometry": {
                "type": "Point",
                "coordinates": [
                    4.325860589138366,
                    50.816704879551345
                ]
            },
            "properties": {
                "prenom": "Phil",
                "nom": "Abraham",
                "nom_d_artiste_ou_du_groupe_artistique": null,
                "adresse_courriel": "viens@philabraham.com",
                "cp": "1190",
                "domaine_s_artistique_s": [
                    "Musique"
                ],
                "sous_domaine_artistique": [
                    "Musiques actuelles"
                ],
                "precision_du_sous_domaine": [
                    "Jazz"
                ],
                "metiers_artistiques": "Musicien·ne, Musique: compositeur·rice, Musique: arrangements",
                "niveau_x_et_ou_type_s_d_enseignement": [
                    "Niveau secondaire - inférieur",
                    "Niveau secondaire - supérieur"
                ],
                "bassin_s_scolaire_s": [
                    "Bruxelles",
                    "Brabant wallon",
                    "Hainaut Centre"
                ],
                "type_s_d_intervention_s": [
                    "Rencontre ponctuelle (1 séance d'1 ou 2 heures)"
                ],
                "site_web": null,
                "descriptif": null
            }
        },
        {
            "type": "Feature",
            "geometry": {
                "type": "Point",
                "coordinates": [
                    4.350645306371014,
                    50.797511521371305
                ]
            },
            "properties": {
                "prenom": "Maria",
                "nom": "Baoli",
                "nom_d_artiste_ou_du_groupe_artistique": "Maria Baoli",
                "adresse_courriel": "himariab@gmail.com",
                "cp": "1180",
                "domaine_s_artistique_s": [
                    "Arts visuels"
                ],
                "sous_domaine_artistique": [
                    "Photographie"
                ],
                "precision_du_sous_domaine": null,
                "metiers_artistiques": "Artiste plasticien",
                "niveau_x_et_ou_type_s_d_enseignement": [
                    "Niveau fondamental - maternel",
                    "Niveau fondamental - primaire",
                    "Niveau secondaire - inférieur"
                ],
                "bassin_s_scolaire_s": [
                    "Bruxelles"
                ],
                "type_s_d_intervention_s": [
                    "Rencontre ponctuelle (1 séance d'1 ou 2 heures)"
                ],
                "site_web": null,
                "descriptif": null
            }
        },
        {
            "type": "Feature",
            "geometry": {
                "type": "Point",
                "coordinates": [
                    4.343463448726441,
                    50.83044911483679
                ]
            },
            "properties": {
                "prenom": "Amélie",
                "nom": "Berrodier",
                "nom_d_artiste_ou_du_groupe_artistique": null,
                "adresse_courriel": "amelie.berrodier@gmail.com",
                "cp": "1060",
                "domaine_s_artistique_s": [
                    "Arts visuels"
                ],
                "sous_domaine_artistique": [
                    "Arts numériques et technologiques"
                ],
                "precision_du_sous_domaine": [
                    "Peinture; Photographie; Sculpture; Vidéo d'art"
                ],
                "metiers_artistiques": "Artiste plasticien",
                "niveau_x_et_ou_type_s_d_enseignement": [
                    "Niveau fondamental - maternel",
                    "Niveau fondamental - primaire",
                    "Niveau secondaire - inférieur",
                    "Niveau secondaire - supérieur"
                ],
                "bassin_s_scolaire_s": [
                    "Bruxelles",
                    "Brabant wallon",
                    "Hainaut Centre",
                    "Hainaut Sud",
                    "Wallonie picarde",
                    "Huy Waremme",
                    "Liège",
                    "Verviers",
                    "Namur",
                    "Luxembourg"
                ],
                "type_s_d_intervention_s": [
                    "Rencontre ponctuelle (1 séance d'1 ou 2 heures)",
                    "Accompagnement de projet (3 à 5 séances de 2 heures chacune)"
                ],
                "site_web": null,
                "descriptif": null
            }
        },
        {
            "type": "Feature",
            "geometry": {
                "type": "Point",
                "coordinates": [
                    5.149106171244382,
                    50.44339878376263
                ]
            },
            "properties": {
                "prenom": "David",
                "nom": "Lombard",
                "nom_d_artiste_ou_du_groupe_artistique": "David Lombard (D35-C, Alterlight, Constantine)",
                "adresse_courriel": "davidlombardbe@gmail.com",
                "cp": "5351",
                "domaine_s_artistique_s": [
                    "Musique"
                ],
                "sous_domaine_artistique": [
                    "Musiques actuelles"
                ],
                "precision_du_sous_domaine": [
                    "Folk-Trad-World; Chanson et Musique d'expression francophone; Pop/Rock; Rock dur"
                ],
                "metiers_artistiques": "Chanteur·se, Musicien·ne, Texte: auteur·rice, Texte: adaptation, Musique: compositeur·rice, Musique: arrangements",
                "niveau_x_et_ou_type_s_d_enseignement": [
                    "Niveau secondaire - inférieur",
                    "Niveau secondaire - supérieur"
                ],
                "bassin_s_scolaire_s": [
                    "Huy Waremme",
                    "Liège",
                    "Namur"
                ],
                "type_s_d_intervention_s": [
                    "Accompagnement de projet (3 à 5 séances de 2 heures chacune)"
                ],
                "site_web": null,
                "descriptif": null
            }
        },
        {
            "type": "Feature",
            "geometry": {
                "type": "Point",
                "coordinates": [
                    4.325860589138366,
                    50.816704879551345
                ]
            },
            "properties": {
                "prenom": "Ennio",
                "nom": "Dal Farra",
                "nom_d_artiste_ou_du_groupe_artistique": "Apophenia 23",
                "adresse_courriel": "apopheniamailbox@gmail.com",
                "cp": "1190",
                "domaine_s_artistique_s": [
                    "Arts visuels"
                ],
                "sous_domaine_artistique": [
                    "Arts numériques et technologiques"
                ],
                "precision_du_sous_domaine": [
                    "Dessin",
                    "Illustration"
                ],
                "metiers_artistiques": "Artiste plasticien",
                "niveau_x_et_ou_type_s_d_enseignement": [
                    "Niveau fondamental - maternel",
                    "Niveau fondamental - primaire",
                    "Niveau secondaire - inférieur",
                    "Niveau secondaire - supérieur"
                ],
                "bassin_s_scolaire_s": [
                    "Bruxelles"
                ],
                "type_s_d_intervention_s": [
                    "Rencontre ponctuelle (1 séance d'1 ou 2 heures)",
                    "Accompagnement de projet (3 à 5 séances de 2 heures chacune)"
                ],
                "site_web": null,
                "descriptif": null
            }
        },
        {
            "type": "Feature",
            "geometry": {
                "type": "Point",
                "coordinates": [
                    3.478280190748814,
                    50.54663926172319
                ]
            },
            "properties": {
                "prenom": "Bruno",
                "nom": "Charrier",
                "nom_d_artiste_ou_du_groupe_artistique": null,
                "adresse_courriel": "lescheveuxdepaille@hotmail.com",
                "cp": "7640",
                "domaine_s_artistique_s": [
                    "Arts vivants"
                ],
                "sous_domaine_artistique": [
                    "Art dramatique"
                ],
                "precision_du_sous_domaine": [
                    "Théâtre général; Théâtre général Jeune Public"
                ],
                "metiers_artistiques": "Comédien·ne, Conteur·se, Texte: auteur·rice, Mise en scène",
                "niveau_x_et_ou_type_s_d_enseignement": [
                    "Niveau fondamental - maternel",
                    "Niveau fondamental - primaire",
                    "Niveau secondaire - inférieur",
                    "Niveau secondaire - supérieur"
                ],
                "bassin_s_scolaire_s": [
                    "Bruxelles",
                    "Hainaut Centre",
                    "Hainaut Sud"
                ],
                "type_s_d_intervention_s": [
                    "Rencontre ponctuelle (1 séance d'1 ou 2 heures)",
                    "Accompagnement de projet (3 à 5 séances de 2 heures chacune)"
                ],
                "site_web": null,
                "descriptif": null
            }
        },
        {
            "type": "Feature",
            "geometry": {
                "type": "Point",
                "coordinates": [
                    4.380744543764381,
                    50.86661416180231
                ]
            },
            "properties": {
                "prenom": "Léa",
                "nom": "Le Fell",
                "nom_d_artiste_ou_du_groupe_artistique": "Hold Up",
                "adresse_courriel": "lealefell@gmail.com",
                "cp": "1030",
                "domaine_s_artistique_s": [
                    "Arts vivants"
                ],
                "sous_domaine_artistique": [
                    "Art dramatique",
                    "Marionnettes",
                    "théâtre d'objets",
                    "théâtre d'ombres"
                ],
                "precision_du_sous_domaine": [
                    "Théâtre général; Théâtre général Jeune Public; Marionnettes",
                    "théâtre d'objets",
                    "théâtre d'ombres; Marionnettes",
                    "théâtre d'objets",
                    "théâtre d'ombres jeune public"
                ],
                "metiers_artistiques": "Chanteur·se, Manipulateur·rice - marionnettiste, Comédien·ne, Musicien·ne, Texte: auteur·rice, Musique: arrangements, Marionnettes, Mise en scène",
                "niveau_x_et_ou_type_s_d_enseignement": [
                    "Niveau fondamental - maternel",
                    "Niveau fondamental - primaire",
                    "Niveau secondaire - inférieur",
                    "Niveau secondaire - supérieur"
                ],
                "bassin_s_scolaire_s": [
                    "Bruxelles",
                    "Brabant wallon",
                    "Hainaut Centre",
                    "Hainaut Sud",
                    "Wallonie picarde",
                    "Huy Waremme",
                    "Liège",
                    "Verviers",
                    "Namur",
                    "Luxembourg"
                ],
                "type_s_d_intervention_s": [
                    "Rencontre ponctuelle (1 séance d'1 ou 2 heures)",
                    "Accompagnement de projet (3 à 5 séances de 2 heures chacune)"
                ],
                "site_web": null,
                "descriptif": null
            }
        },
        {
            "type": "Feature",
            "geometry": {
                "type": "Point",
                "coordinates": [
                    4.29266566264007,
                    50.83150217114286
                ]
            },
            "properties": {
                "prenom": "Laura",
                "nom": "Colmenares",
                "nom_d_artiste_ou_du_groupe_artistique": null,
                "adresse_courriel": "ulara.org@gmail.com",
                "cp": "1070",
                "domaine_s_artistique_s": [
                    "Arts visuels"
                ],
                "sous_domaine_artistique": [
                    "Arts numériques et technologiques"
                ],
                "precision_du_sous_domaine": [
                    "Vidéo d'art"
                ],
                "metiers_artistiques": "Artiste plasticien",
                "niveau_x_et_ou_type_s_d_enseignement": [
                    "Niveau secondaire - supérieur"
                ],
                "bassin_s_scolaire_s": [
                    "Bruxelles"
                ],
                "type_s_d_intervention_s": [
                    "Rencontre ponctuelle (1 séance d'1 ou 2 heures)",
                    "Accompagnement de projet (3 à 5 séances de 2 heures chacune)"
                ],
                "site_web": null,
                "descriptif": null
            }
        },
        {
            "type": "Feature",
            "geometry": {
                "type": "Point",
                "coordinates": [
                    5.526528927892428,
                    50.65988642680974
                ]
            },
            "properties": {
                "prenom": "Chloé",
                "nom": "Petit",
                "nom_d_artiste_ou_du_groupe_artistique": null,
                "adresse_courriel": "chloepetit@hotmail.com",
                "cp": "4430",
                "domaine_s_artistique_s": [
                    "Arts vivants"
                ],
                "sous_domaine_artistique": [
                    "Art dramatique",
                    "Arts forains",
                    "du cirque et de la rue",
                    "Marionnettes",
                    "théâtre d'objets",
                    "théâtre d'ombres",
                    "Spectacle pluridisciplinaire"
                ],
                "precision_du_sous_domaine": [
                    "Théâtre général; Théâtre général Jeune Public; Arts forains",
                    "du cirque et de la rue adulte et public familial; Arts forains",
                    "du cirque et de la rue jeune public; Marionnettes",
                    "théâtre d'objets",
                    "théâtre d'ombres; Spectacle pluridisciplinaire; Spectacle pluridisciplinaire Jeune Public"
                ],
                "metiers_artistiques": "Comédien·ne, Mise en scène, Scénographie",
                "niveau_x_et_ou_type_s_d_enseignement": [
                    "Niveau fondamental - primaire",
                    "Niveau secondaire - inférieur",
                    "Niveau secondaire - supérieur"
                ],
                "bassin_s_scolaire_s": [
                    "Liège"
                ],
                "type_s_d_intervention_s": [
                    "Rencontre ponctuelle (1 séance d'1 ou 2 heures)",
                    "Accompagnement de projet (3 à 5 séances de 2 heures chacune)"
                ],
                "site_web": null,
                "descriptif": null
            }
        },
        {
            "type": "Feature",
            "geometry": {
                "type": "Point",
                "coordinates": [
                    5.3196570067028945,
                    50.41599232000008
                ]
            },
            "properties": {
                "prenom": "Quentin",
                "nom": "Dujardin",
                "nom_d_artiste_ou_du_groupe_artistique": "Quentin Dujardin",
                "adresse_courriel": "info@aguamusic.be",
                "cp": "4560",
                "domaine_s_artistique_s": [
                    "Musique"
                ],
                "sous_domaine_artistique": [
                    "Musiques actuelles"
                ],
                "precision_du_sous_domaine": [
                    "Blues; Folk-Trad-World; Jazz"
                ],
                "metiers_artistiques": "Musicien·ne, producteur, Musique: compositeur·rice, Musique: arrangements",
                "niveau_x_et_ou_type_s_d_enseignement": [
                    "Niveau secondaire - inférieur",
                    "Niveau secondaire - supérieur"
                ],
                "bassin_s_scolaire_s": [
                    "Bruxelles",
                    "Brabant wallon",
                    "Hainaut Centre",
                    "Hainaut Sud",
                    "Huy Waremme",
                    "Liège",
                    "Verviers",
                    "Namur",
                    "Luxembourg"
                ],
                "type_s_d_intervention_s": [
                    "Rencontre ponctuelle (1 séance d'1 ou 2 heures)",
                    "Accompagnement de projet (3 à 5 séances de 2 heures chacune)"
                ],
                "site_web": null,
                "descriptif": null
            }
        },
        {
            "type": "Feature",
            "geometry": {
                "type": "Point",
                "coordinates": [
                    4.343463448726441,
                    50.83044911483679
                ]
            },
            "properties": {
                "prenom": "Ema",
                "nom": "Grandcolas",
                "nom_d_artiste_ou_du_groupe_artistique": "Zonmai",
                "adresse_courriel": "zonzonmai@gmail.com",
                "cp": "1060",
                "domaine_s_artistique_s": [
                    "Musique"
                ],
                "sous_domaine_artistique": [
                    "Musiques actuelles"
                ],
                "precision_du_sous_domaine": [
                    "Musiques électroniques; Musiques urbaines; Pop/Rock"
                ],
                "metiers_artistiques": "Artiste plasticien·ne, Chanteur·se, Texte: auteur·rice",
                "niveau_x_et_ou_type_s_d_enseignement": [
                    "Niveau fondamental - primaire",
                    "Niveau secondaire - inférieur"
                ],
                "bassin_s_scolaire_s": [
                    "Bruxelles",
                    "Brabant wallon",
                    "Hainaut Sud",
                    "Wallonie picarde",
                    "Liège",
                    "Namur"
                ],
                "type_s_d_intervention_s": [
                    "Rencontre ponctuelle (1 séance d'1 ou 2 heures)",
                    "Accompagnement de projet (3 à 5 séances de 2 heures chacune)"
                ],
                "site_web": null,
                "descriptif": null
            }
        },
        {
            "type": "Feature",
            "geometry": {
                "type": "Point",
                "coordinates": [
                    3.7809796731996967,
                    50.39570595650842
                ]
            },
            "properties": {
                "prenom": "Sébastien",
                "nom": "Domogalla",
                "nom_d_artiste_ou_du_groupe_artistique": "Compagnie du Plat pays ! Asbl",
                "adresse_courriel": "cieduplatpays@gmail.com",
                "cp": "7370",
                "domaine_s_artistique_s": [
                    "Arts vivants"
                ],
                "sous_domaine_artistique": [
                    "Arts forains",
                    "du cirque et de la rue",
                    "Spectacle pluridisciplinaire"
                ],
                "precision_du_sous_domaine": [
                    "Arts forains",
                    "du cirque et de la rue adulte et public familial; Arts forains",
                    "du cirque et de la rue jeune public; Spectacle pluridisciplinaire; Spectacle pluridisciplinaire Jeune Public"
                ],
                "metiers_artistiques": "Artiste de cirque - Arts forains, Danseur·se, Artiste plasticien·ne, Comédien·ne, Texte: auteur·rice, Mise en scène, Scénographie, Graphisme, Vidéo",
                "niveau_x_et_ou_type_s_d_enseignement": [
                    "Niveau fondamental - primaire",
                    "Niveau secondaire - inférieur"
                ],
                "bassin_s_scolaire_s": [
                    "Hainaut Centre",
                    "Hainaut Sud",
                    "Wallonie picarde"
                ],
                "type_s_d_intervention_s": [
                    "Rencontre ponctuelle (1 séance d'1 ou 2 heures)"
                ],
                "site_web": null,
                "descriptif": null
            }
        },
        {
            "type": "Feature",
            "geometry": {
                "type": "Point",
                "coordinates": [
                    5.389756309838109,
                    50.483672637279454
                ]
            },
            "properties": {
                "prenom": "Nicolas",
                "nom": "Swysen",
                "nom_d_artiste_ou_du_groupe_artistique": "Compagnie Gambalo",
                "adresse_courriel": "nicolas.swysen@gmail.com",
                "cp": "4557",
                "domaine_s_artistique_s": [
                    "Arts vivants"
                ],
                "sous_domaine_artistique": [
                    "Art dramatique",
                    "Spectacle pluridisciplinaire"
                ],
                "precision_du_sous_domaine": [
                    "Théâtre général; Théâtre général Jeune Public; Spectacle pluridisciplinaire; Spectacle pluridisciplinaire Jeune Public"
                ],
                "metiers_artistiques": "Comédien·ne, Texte: auteur·rice, Texte: adaptation, Mise en scène",
                "niveau_x_et_ou_type_s_d_enseignement": [
                    "Niveau secondaire - inférieur",
                    "Niveau secondaire - supérieur"
                ],
                "bassin_s_scolaire_s": [
                    "Bruxelles",
                    "Huy Waremme",
                    "Liège"
                ],
                "type_s_d_intervention_s": [
                    "Rencontre ponctuelle (1 séance d'1 ou 2 heures)",
                    "Accompagnement de projet (3 à 5 séances de 2 heures chacune)"
                ],
                "site_web": null,
                "descriptif": null
            }
        },
        {
            "type": "Feature",
            "geometry": {
                "type": "Point",
                "coordinates": [
                    4.788870709601514,
                    50.32609102566368
                ]
            },
            "properties": {
                "prenom": "Baptiste",
                "nom": "Moulart",
                "nom_d_artiste_ou_du_groupe_artistique": "Collectif Illicium",
                "adresse_courriel": "baptiste.moulart@hotmail.com",
                "cp": "5537",
                "domaine_s_artistique_s": [
                    "Arts vivants"
                ],
                "sous_domaine_artistique": [
                    "Art dramatique"
                ],
                "precision_du_sous_domaine": [
                    "Théâtre général; Théâtre général Jeune Public; Théâtre action; Théâtre action Jeune Public"
                ],
                "metiers_artistiques": "Comédien·ne, vidéaste, Mise en scène, Vidéo",
                "niveau_x_et_ou_type_s_d_enseignement": [
                    "Niveau fondamental - primaire",
                    "Niveau secondaire - inférieur",
                    "Niveau secondaire - supérieur"
                ],
                "bassin_s_scolaire_s": [
                    "Namur"
                ],
                "type_s_d_intervention_s": [
                    "Rencontre ponctuelle (1 séance d'1 ou 2 heures)",
                    "Accompagnement de projet (3 à 5 séances de 2 heures chacune)"
                ],
                "site_web": null,
                "descriptif": null
            }
        },
        {
            "type": "Feature",
            "geometry": {
                "type": "Point",
                "coordinates": [
                    4.325860589138366,
                    50.816704879551345
                ]
            },
            "properties": {
                "prenom": "Bárbara",
                "nom": "Branco",
                "nom_d_artiste_ou_du_groupe_artistique": "Baralha (PEGATuvalu)",
                "adresse_courriel": "wildgoosechaserecords@gmail.com",
                "cp": "1190",
                "domaine_s_artistique_s": [
                    "Musique"
                ],
                "sous_domaine_artistique": [
                    "Musiques actuelles"
                ],
                "precision_du_sous_domaine": [
                    "Folk-Trad-World; Pop/Rock"
                ],
                "metiers_artistiques": "Artiste plasticien·ne, Chanteur·se, Musicien·ne, Musique: compositeur·rice",
                "niveau_x_et_ou_type_s_d_enseignement": [
                    "Niveau fondamental - maternel",
                    "Niveau fondamental - primaire",
                    "Niveau secondaire - inférieur",
                    "Niveau secondaire - supérieur"
                ],
                "bassin_s_scolaire_s": [
                    "Bruxelles"
                ],
                "type_s_d_intervention_s": [
                    "Rencontre ponctuelle (1 séance d'1 ou 2 heures)"
                ],
                "site_web": null,
                "descriptif": null
            }
        },
        {
            "type": "Feature",
            "geometry": {
                "type": "Point",
                "coordinates": [
                    4.29266566264007,
                    50.83150217114286
                ]
            },
            "properties": {
                "prenom": "Marie Rose",
                "nom": "Venneman",
                "nom_d_artiste_ou_du_groupe_artistique": "Marie-Rose Mayele (Compagnie sQueezz)",
                "adresse_courriel": "marierose.mayele@gmail.com",
                "cp": "1070",
                "domaine_s_artistique_s": [
                    "Musique"
                ],
                "sous_domaine_artistique": [
                    "Musiques actuelles"
                ],
                "precision_du_sous_domaine": [
                    "Folk-Trad-World; Musique jeune public"
                ],
                "metiers_artistiques": "Danseur·se, Chanteur·se, Conteur·se, Texte: auteur·rice, Musique: compositeur·rice, Chorégraphie",
                "niveau_x_et_ou_type_s_d_enseignement": [
                    "Niveau fondamental - maternel",
                    "Niveau fondamental - primaire",
                    "Niveau secondaire - supérieur"
                ],
                "bassin_s_scolaire_s": [
                    "Bruxelles",
                    "Liège",
                    "Namur"
                ],
                "type_s_d_intervention_s": [
                    "Rencontre ponctuelle (1 séance d'1 ou 2 heures)"
                ],
                "site_web": null,
                "descriptif": null
            }
        },
        {
            "type": "Feature",
            "geometry": {
                "type": "Point",
                "coordinates": [
                    3.8687641820887344,
                    50.69639852262778
                ]
            },
            "properties": {
                "prenom": "France",
                "nom": "Everard",
                "nom_d_artiste_ou_du_groupe_artistique": "ARTS NOMADES",
                "adresse_courriel": "france@artsnomades.be",
                "cp": "7866",
                "domaine_s_artistique_s": [
                    "Arts vivants"
                ],
                "sous_domaine_artistique": [
                    "Marionnettes",
                    "théâtre d'objets",
                    "théâtre d'ombres",
                    "Spectacle pluridisciplinaire"
                ],
                "precision_du_sous_domaine": [
                    "Marionnettes",
                    "théâtre d'objets",
                    "théâtre d'ombres; Marionnettes",
                    "théâtre d'objets",
                    "théâtre d'ombres jeune public; Spectacle pluridisciplinaire; Spectacle pluridisciplinaire Jeune Public"
                ],
                "metiers_artistiques": "Artiste plasticien·ne, Manipulateur·rice - marionnettiste, Marionnettes, Scénographie",
                "niveau_x_et_ou_type_s_d_enseignement": [
                    "Niveau fondamental - primaire",
                    "Niveau secondaire - inférieur",
                    "Niveau secondaire - supérieur"
                ],
                "bassin_s_scolaire_s": [
                    "Wallonie picarde"
                ],
                "type_s_d_intervention_s": [
                    "Rencontre ponctuelle (1 séance d'1 ou 2 heures)"
                ],
                "site_web": null,
                "descriptif": null
            }
        },
        {
            "type": "Feature",
            "geometry": {
                "type": "Point",
                "coordinates": [
                    4.350645306371014,
                    50.797511521371305
                ]
            },
            "properties": {
                "prenom": "Jean François",
                "nom": "Diord",
                "nom_d_artiste_ou_du_groupe_artistique": null,
                "adresse_courriel": "diord55@gmail.com",
                "cp": "1180",
                "domaine_s_artistique_s": [
                    "Arts visuels"
                ],
                "sous_domaine_artistique": [
                    "Arts numériques et technologiques"
                ],
                "precision_du_sous_domaine": [
                    "Dessin",
                    "Illustration; Sculpture"
                ],
                "metiers_artistiques": "Artiste plasticien",
                "niveau_x_et_ou_type_s_d_enseignement": [
                    "Niveau secondaire - supérieur"
                ],
                "bassin_s_scolaire_s": [
                    "Bruxelles"
                ],
                "type_s_d_intervention_s": [
                    "Rencontre ponctuelle (1 séance d'1 ou 2 heures)",
                    "Accompagnement de projet (3 à 5 séances de 2 heures chacune)"
                ],
                "site_web": null,
                "descriptif": null
            }
        },
        {
            "type": "Feature",
            "geometry": {
                "type": "Point",
                "coordinates": [
                    4.29266566264007,
                    50.83150217114286
                ]
            },
            "properties": {
                "prenom": "Tiphaine",
                "nom": "Van Der Haegen",
                "nom_d_artiste_ou_du_groupe_artistique": "Les souffleuses de chaos",
                "adresse_courriel": "tiphaine.vanderhaegen@proton.me",
                "cp": "1070",
                "domaine_s_artistique_s": [
                    "Arts vivants"
                ],
                "sous_domaine_artistique": [
                    "Art dramatique",
                    "Arts forains",
                    "du cirque et de la rue"
                ],
                "precision_du_sous_domaine": [
                    "Théâtre général; Arts forains",
                    "du cirque et de la rue adulte et public familial"
                ],
                "metiers_artistiques": "Comédien·ne, Texte: adaptation, Mise en scène",
                "niveau_x_et_ou_type_s_d_enseignement": [
                    "Niveau fondamental - maternel",
                    "Niveau fondamental - primaire",
                    "Niveau secondaire - inférieur",
                    "Niveau secondaire - supérieur"
                ],
                "bassin_s_scolaire_s": [
                    "Bruxelles",
                    "Brabant wallon",
                    "Hainaut Centre",
                    "Hainaut Sud",
                    "Wallonie picarde",
                    "Huy Waremme",
                    "Liège",
                    "Verviers",
                    "Namur",
                    "Luxembourg"
                ],
                "type_s_d_intervention_s": [
                    "Rencontre ponctuelle (1 séance d'1 ou 2 heures)",
                    "Accompagnement de projet (3 à 5 séances de 2 heures chacune)"
                ],
                "site_web": null,
                "descriptif": null
            }
        },
        {
            "type": "Feature",
            "geometry": {
                "type": "Point",
                "coordinates": [
                    4.325860589138366,
                    50.816704879551345
                ]
            },
            "properties": {
                "prenom": "Natacha",
                "nom": "Nicora",
                "nom_d_artiste_ou_du_groupe_artistique": null,
                "adresse_courriel": "natachan@yahoo.com",
                "cp": "1190",
                "domaine_s_artistique_s": [
                    "Arts vivants"
                ],
                "sous_domaine_artistique": [
                    "Art chorégraphique",
                    "Art dramatique"
                ],
                "precision_du_sous_domaine": [
                    "Théâtre général; Danse contemporaine"
                ],
                "metiers_artistiques": "Danseur·se, Comédien·ne, Chorégraphie, Mise en scène",
                "niveau_x_et_ou_type_s_d_enseignement": [
                    "Niveau fondamental - primaire",
                    "Niveau secondaire - inférieur",
                    "Niveau secondaire - supérieur"
                ],
                "bassin_s_scolaire_s": [
                    "Bruxelles"
                ],
                "type_s_d_intervention_s": [
                    "Rencontre ponctuelle (1 séance d'1 ou 2 heures)"
                ],
                "site_web": null,
                "descriptif": null
            }
        },
        {
            "type": "Feature",
            "geometry": {
                "type": "Point",
                "coordinates": [
                    4.343463448726441,
                    50.83044911483679
                ]
            },
            "properties": {
                "prenom": "Priscilla",
                "nom": "Beccari",
                "nom_d_artiste_ou_du_groupe_artistique": "Mono Siren",
                "adresse_courriel": "monamiloiseau@gmail.com",
                "cp": "1060",
                "domaine_s_artistique_s": [
                    "Arts visuels",
                    "Musique"
                ],
                "sous_domaine_artistique": [
                    "Dessin",
                    "Illustration",
                    "Musiques actuelles"
                ],
                "precision_du_sous_domaine": [
                    "Gravure; Peinture; Photographie; Sculpture; Vidéo d'art; Musiques électroniques"
                ],
                "metiers_artistiques": "Artiste plasticien, Artiste plasticien·ne, Musicien·ne",
                "niveau_x_et_ou_type_s_d_enseignement": [
                    "Niveau secondaire - inférieur",
                    "Niveau secondaire - supérieur"
                ],
                "bassin_s_scolaire_s": [
                    "Bruxelles",
                    "Wallonie picarde"
                ],
                "type_s_d_intervention_s": [
                    "Rencontre ponctuelle (1 séance d'1 ou 2 heures)",
                    "Accompagnement de projet (3 à 5 séances de 2 heures chacune)"
                ],
                "site_web": null,
                "descriptif": null
            }
        },
        {
            "type": "Feature",
            "geometry": {
                "type": "Point",
                "coordinates": [
                    5.074988033973531,
                    50.67834457456578
                ]
            },
            "properties": {
                "prenom": "Emile",
                "nom": "Postic",
                "nom_d_artiste_ou_du_groupe_artistique": "Accords Perdus, Tempo d'Eole",
                "adresse_courriel": "e.postic@gmail.com",
                "cp": "4280",
                "domaine_s_artistique_s": [
                    "Arts vivants",
                    "Musique"
                ],
                "sous_domaine_artistique": [
                    "Art dramatique",
                    "Arts forains",
                    "du cirque et de la rue",
                    "Musiques actuelles",
                    "Spectacle pluridisciplinaire"
                ],
                "precision_du_sous_domaine": [
                    "Théâtre général Jeune Public; Arts forains",
                    "du cirque et de la rue adulte et public familial; Spectacle pluridisciplinaire Jeune Public; Folk-Trad-World; Chanson et Musique d'expression francophone; Musique jeune public; Spectacle musical"
                ],
                "metiers_artistiques": "Musicien·ne, Texte: auteur·rice, Texte: adaptation, Musique: compositeur·rice, Musique: arrangements, Comédien·ne",
                "niveau_x_et_ou_type_s_d_enseignement": [
                    "Niveau secondaire - inférieur",
                    "Niveau secondaire - supérieur"
                ],
                "bassin_s_scolaire_s": [
                    "Huy Waremme",
                    "Liège",
                    "Verviers",
                    "Namur"
                ],
                "type_s_d_intervention_s": [
                    "Rencontre ponctuelle (1 séance d'1 ou 2 heures)"
                ],
                "site_web": null,
                "descriptif": null
            }
        },
        {
            "type": "Feature",
            "geometry": {
                "type": "Point",
                "coordinates": [
                    4.343463448726441,
                    50.83044911483679
                ]
            },
            "properties": {
                "prenom": "Josselin",
                "nom": "Moinet",
                "nom_d_artiste_ou_du_groupe_artistique": "Collectif La Canopée",
                "adresse_courriel": "josselin.moinet@netcourrier.com",
                "cp": "1060",
                "domaine_s_artistique_s": [
                    "Arts vivants"
                ],
                "sous_domaine_artistique": [
                    "Art dramatique",
                    "Marionnettes",
                    "théâtre d'objets",
                    "théâtre d'ombres",
                    "Spectacle pluridisciplinaire"
                ],
                "precision_du_sous_domaine": [
                    "Théâtre général Jeune Public; Marionnettes",
                    "théâtre d'objets",
                    "théâtre d'ombres jeune public; Spectacle pluridisciplinaire Jeune Public"
                ],
                "metiers_artistiques": "Manipulateur·rice - marionnettiste, Comédien·ne, Musicien·ne, Texte: auteur·rice, Musique: compositeur·rice, Musique: arrangements, Musique: décor sonore",
                "niveau_x_et_ou_type_s_d_enseignement": [
                    "Niveau fondamental - primaire"
                ],
                "bassin_s_scolaire_s": [
                    "Bruxelles"
                ],
                "type_s_d_intervention_s": [
                    "Rencontre ponctuelle (1 séance d'1 ou 2 heures)",
                    "Accompagnement de projet (3 à 5 séances de 2 heures chacune)"
                ],
                "site_web": null,
                "descriptif": null
            }
        },
        {
            "type": "Feature",
            "geometry": {
                "type": "Point",
                "coordinates": [
                    4.335443719662361,
                    50.770204809258615
                ]
            },
            "properties": {
                "prenom": "Aurélie",
                "nom": "Muller",
                "nom_d_artiste_ou_du_groupe_artistique": "Blondy Brownie",
                "adresse_courriel": "mulleraurelie@hotmail.com",
                "cp": "1630",
                "domaine_s_artistique_s": [
                    "Musique"
                ],
                "sous_domaine_artistique": [
                    "Musiques actuelles"
                ],
                "precision_du_sous_domaine": [
                    "Chanson et Musique d'expression francophone; Pop/Rock; Musique jeune public"
                ],
                "metiers_artistiques": "Musicien·ne, Texte: auteur·rice, Musique: arrangements, Coiffure, Musique: décor sonore",
                "niveau_x_et_ou_type_s_d_enseignement": [
                    "Niveau fondamental - primaire",
                    "Niveau secondaire - inférieur",
                    "Niveau secondaire - supérieur"
                ],
                "bassin_s_scolaire_s": [
                    "Bruxelles",
                    "Brabant wallon"
                ],
                "type_s_d_intervention_s": [
                    "Rencontre ponctuelle (1 séance d'1 ou 2 heures)",
                    "Accompagnement de projet (3 à 5 séances de 2 heures chacune)"
                ],
                "site_web": null,
                "descriptif": null
            }
        },
        {
            "type": "Feature",
            "geometry": {
                "type": "Point",
                "coordinates": [
                    4.376217020664074,
                    50.82661313830635
                ]
            },
            "properties": {
                "prenom": "Dilan",
                "nom": "Ozsu",
                "nom_d_artiste_ou_du_groupe_artistique": "Turkish Kebap",
                "adresse_courriel": "dilanozsu@gmail.com",
                "cp": "1050",
                "domaine_s_artistique_s": [
                    "Musique"
                ],
                "sous_domaine_artistique": [
                    "Musiques actuelles"
                ],
                "precision_du_sous_domaine": [
                    "Folk-Trad-World"
                ],
                "metiers_artistiques": "Chanteur·se, Musicien·ne, Musique: compositeur·rice, Musique: arrangements",
                "niveau_x_et_ou_type_s_d_enseignement": [
                    "Niveau fondamental - primaire",
                    "Niveau secondaire - inférieur"
                ],
                "bassin_s_scolaire_s": [
                    "Bruxelles"
                ],
                "type_s_d_intervention_s": [
                    "Rencontre ponctuelle (1 séance d'1 ou 2 heures)"
                ],
                "site_web": null,
                "descriptif": null
            }
        },
        {
            "type": "Feature",
            "geometry": {
                "type": "Point",
                "coordinates": [
                    4.380744543764381,
                    50.86661416180231
                ]
            },
            "properties": {
                "prenom": "Samir",
                "nom": "Barris",
                "nom_d_artiste_ou_du_groupe_artistique": "Ici Baba / Le Ba Ya trio",
                "adresse_courriel": "samir@samirbarris.com",
                "cp": "1030",
                "domaine_s_artistique_s": [
                    "Musique"
                ],
                "sous_domaine_artistique": [
                    "Musiques actuelles"
                ],
                "precision_du_sous_domaine": [
                    "Chanson et Musique d'expression francophone; Musique jeune public"
                ],
                "metiers_artistiques": "Chanteur·se, Musicien·ne, Texte: auteur·rice, Texte: adaptation, Musique: compositeur·rice, Musique: arrangements",
                "niveau_x_et_ou_type_s_d_enseignement": [
                    "Niveau fondamental - primaire"
                ],
                "bassin_s_scolaire_s": [
                    "Bruxelles",
                    "Brabant wallon",
                    "Huy Waremme",
                    "Liège",
                    "Namur"
                ],
                "type_s_d_intervention_s": [
                    "Rencontre ponctuelle (1 séance d'1 ou 2 heures)"
                ],
                "site_web": null,
                "descriptif": null
            }
        },
        {
            "type": "Feature",
            "geometry": {
                "type": "Point",
                "coordinates": [
                    4.325860589138366,
                    50.816704879551345
                ]
            },
            "properties": {
                "prenom": "Castex",
                "nom": "Eric",
                "nom_d_artiste_ou_du_groupe_artistique": "RESEAU7 ASBL",
                "adresse_courriel": "erik@amerzonik.com",
                "cp": "1190",
                "domaine_s_artistique_s": [
                    "Musique"
                ],
                "sous_domaine_artistique": [
                    "Musiques actuelles"
                ],
                "precision_du_sous_domaine": [
                    "Blues; Pop/Rock; Musique jeune public; Spectacle musical"
                ],
                "metiers_artistiques": "Comédien·ne, Musicien·ne, Musique: compositeur·rice, Musique: arrangements",
                "niveau_x_et_ou_type_s_d_enseignement": [
                    "Niveau fondamental - maternel",
                    "Niveau fondamental - primaire",
                    "Niveau secondaire - inférieur",
                    "Niveau secondaire - supérieur"
                ],
                "bassin_s_scolaire_s": [
                    "Bruxelles"
                ],
                "type_s_d_intervention_s": [
                    "Rencontre ponctuelle (1 séance d'1 ou 2 heures)",
                    "Accompagnement de projet (3 à 5 séances de 2 heures chacune)"
                ],
                "site_web": null,
                "descriptif": null
            }
        },
        {
            "type": "Feature",
            "geometry": {
                "type": "Point",
                "coordinates": [
                    5.560439577436734,
                    50.64762245632328
                ]
            },
            "properties": {
                "prenom": "Clément",
                "nom": "Dechambre",
                "nom_d_artiste_ou_du_groupe_artistique": "The Brums",
                "adresse_courriel": "dechambreclem@gmail.com",
                "cp": "4000",
                "domaine_s_artistique_s": [
                    "Musique"
                ],
                "sous_domaine_artistique": [
                    "Musiques actuelles"
                ],
                "precision_du_sous_domaine": [
                    "Jazz; Musiques électroniques"
                ],
                "metiers_artistiques": "Musicien·ne, Musique: compositeur·rice, Musique: arrangements",
                "niveau_x_et_ou_type_s_d_enseignement": [
                    "Niveau fondamental - maternel",
                    "Niveau fondamental - primaire",
                    "Niveau secondaire - inférieur",
                    "Niveau secondaire - supérieur"
                ],
                "bassin_s_scolaire_s": [
                    "Huy Waremme",
                    "Liège",
                    "Verviers",
                    "Namur"
                ],
                "type_s_d_intervention_s": [
                    "Rencontre ponctuelle (1 séance d'1 ou 2 heures)",
                    "Accompagnement de projet (3 à 5 séances de 2 heures chacune)"
                ],
                "site_web": null,
                "descriptif": null
            }
        },
        {
            "type": "Feature",
            "geometry": {
                "type": "Point",
                "coordinates": [
                    4.35012989814735,
                    50.8475911319432
                ]
            },
            "properties": {
                "prenom": "Styliani",
                "nom": "Lamprinou",
                "nom_d_artiste_ou_du_groupe_artistique": "ASTERO",
                "adresse_courriel": "asterolamprinou@gmail.com",
                "cp": "1000",
                "domaine_s_artistique_s": [
                    "Arts vivants"
                ],
                "sous_domaine_artistique": [
                    "Art chorégraphique"
                ],
                "precision_du_sous_domaine": [
                    "Danse contemporaine"
                ],
                "metiers_artistiques": "Danseur·se, Chorégraphe de danse contemporaine pour la scene et pour films de danse (court métrages), Chorégraphie",
                "niveau_x_et_ou_type_s_d_enseignement": [
                    "Niveau fondamental - primaire",
                    "Niveau secondaire - inférieur",
                    "Niveau secondaire - supérieur"
                ],
                "bassin_s_scolaire_s": [
                    "Bruxelles",
                    "Brabant wallon",
                    "Hainaut Centre",
                    "Hainaut Sud",
                    "Wallonie picarde",
                    "Huy Waremme",
                    "Liège",
                    "Verviers",
                    "Namur",
                    "Luxembourg"
                ],
                "type_s_d_intervention_s": [
                    "Rencontre ponctuelle (1 séance d'1 ou 2 heures)",
                    "Accompagnement de projet (3 à 5 séances de 2 heures chacune)"
                ],
                "site_web": null,
                "descriptif": null
            }
        },
        {
            "type": "Feature",
            "geometry": {
                "type": "Point",
                "coordinates": [
                    4.371085599919197,
                    50.37892334740185
                ]
            },
            "properties": {
                "prenom": "Laurent",
                "nom": "Haye",
                "nom_d_artiste_ou_du_groupe_artistique": null,
                "adresse_courriel": "laurenthaye72@gmail.com",
                "cp": "6110",
                "domaine_s_artistique_s": [
                    "Musique"
                ],
                "sous_domaine_artistique": [
                    "Musique classique et contemporaine"
                ],
                "precision_du_sous_domaine": [
                    "Musique classique et contemporaine (ensemble); Musique classique et contemporaine (soliste)"
                ],
                "metiers_artistiques": "Musicien·ne",
                "niveau_x_et_ou_type_s_d_enseignement": [
                    "Niveau fondamental - primaire",
                    "Niveau secondaire - inférieur",
                    "Niveau secondaire - supérieur"
                ],
                "bassin_s_scolaire_s": [
                    "Hainaut Sud"
                ],
                "type_s_d_intervention_s": [
                    "Rencontre ponctuelle (1 séance d'1 ou 2 heures)"
                ],
                "site_web": null,
                "descriptif": null
            }
        },
        {
            "type": "Feature",
            "geometry": {
                "type": "Point",
                "coordinates": [
                    4.343463448726441,
                    50.83044911483679
                ]
            },
            "properties": {
                "prenom": "Ezra",
                "nom": "Weill",
                "nom_d_artiste_ou_du_groupe_artistique": "Keeping Company",
                "adresse_courriel": "letskeepcompany@gmail.com",
                "cp": "1060",
                "domaine_s_artistique_s": [
                    "Arts vivants"
                ],
                "sous_domaine_artistique": [
                    "Arts forains",
                    "du cirque et de la rue",
                    "Spectacle pluridisciplinaire"
                ],
                "precision_du_sous_domaine": [
                    "Arts forains",
                    "du cirque et de la rue adulte et public familial; Spectacle pluridisciplinaire"
                ],
                "metiers_artistiques": "Artiste de cirque - Arts forains, Danseur·se",
                "niveau_x_et_ou_type_s_d_enseignement": [
                    "Niveau secondaire - inférieur",
                    "Niveau secondaire - supérieur"
                ],
                "bassin_s_scolaire_s": [
                    "Bruxelles"
                ],
                "type_s_d_intervention_s": [
                    "Rencontre ponctuelle (1 séance d'1 ou 2 heures)"
                ],
                "site_web": null,
                "descriptif": null
            }
        },
        {
            "type": "Feature",
            "geometry": {
                "type": "Point",
                "coordinates": [
                    3.837021471354311,
                    50.486975365074485
                ]
            },
            "properties": {
                "prenom": "Elora",
                "nom": "Pasin",
                "nom_d_artiste_ou_du_groupe_artistique": "FUGU (Double Impro)",
                "adresse_courriel": "elorapasin@gmail.com",
                "cp": "7331",
                "domaine_s_artistique_s": [
                    "Arts vivants"
                ],
                "sous_domaine_artistique": [
                    "Art chorégraphique"
                ],
                "precision_du_sous_domaine": [
                    "Danse contemporaine; Danse urbaine"
                ],
                "metiers_artistiques": "Danseur·se",
                "niveau_x_et_ou_type_s_d_enseignement": [
                    "Niveau secondaire - inférieur",
                    "Niveau secondaire - supérieur"
                ],
                "bassin_s_scolaire_s": [
                    "Brabant wallon",
                    "Hainaut Centre",
                    "Hainaut Sud",
                    "Wallonie picarde",
                    "Huy Waremme",
                    "Liège",
                    "Verviers",
                    "Namur"
                ],
                "type_s_d_intervention_s": [
                    "Rencontre ponctuelle (1 séance d'1 ou 2 heures)",
                    "Accompagnement de projet (3 à 5 séances de 2 heures chacune)"
                ],
                "site_web": null,
                "descriptif": null
            }
        },
        {
            "type": "Feature",
            "geometry": {
                "type": "Point",
                "coordinates": [
                    4.391869712225169,
                    50.83227128877207
                ]
            },
            "properties": {
                "prenom": "Massie",
                "nom": "Mucedda",
                "nom_d_artiste_ou_du_groupe_artistique": null,
                "adresse_courriel": "mmucedda@gmail.com",
                "cp": "1040",
                "domaine_s_artistique_s": [
                    "Arts vivants"
                ],
                "sous_domaine_artistique": [
                    "Art dramatique"
                ],
                "precision_du_sous_domaine": [
                    "Théâtre général; Théâtre général Jeune Public"
                ],
                "metiers_artistiques": "Humoriste, Chanteur·se, drag-queen, Texte: auteur·rice, Maquillage",
                "niveau_x_et_ou_type_s_d_enseignement": [
                    "Niveau secondaire - supérieur"
                ],
                "bassin_s_scolaire_s": [
                    "Bruxelles",
                    "Brabant wallon",
                    "Hainaut Centre",
                    "Hainaut Sud",
                    "Wallonie picarde",
                    "Huy Waremme",
                    "Liège",
                    "Verviers",
                    "Namur",
                    "Luxembourg"
                ],
                "type_s_d_intervention_s": [
                    "Rencontre ponctuelle (1 séance d'1 ou 2 heures)",
                    "Accompagnement de projet (3 à 5 séances de 2 heures chacune)"
                ],
                "site_web": null,
                "descriptif": null
            }
        },
        {
            "type": "Feature",
            "geometry": {
                "type": "Point",
                "coordinates": [
                    4.392339883209628,
                    50.900317322371656
                ]
            },
            "properties": {
                "prenom": "Ahmed",
                "nom": "Fenidek",
                "nom_d_artiste_ou_du_groupe_artistique": "Fen",
                "adresse_courriel": "info@fenmusique.be",
                "cp": "1120",
                "domaine_s_artistique_s": [
                    "Musique"
                ],
                "sous_domaine_artistique": [
                    "Musiques actuelles"
                ],
                "precision_du_sous_domaine": [
                    "Pop/Rock"
                ],
                "metiers_artistiques": "Musicien·ne, Texte: auteur·rice, Costumes, Texte: adaptation, Musique: compositeur·rice, Musique: arrangements, Chorégraphie, Mise en scène, Scénographie, Décors, Vidéo",
                "niveau_x_et_ou_type_s_d_enseignement": [
                    "Niveau secondaire - inférieur",
                    "Niveau secondaire - supérieur"
                ],
                "bassin_s_scolaire_s": [
                    "Bruxelles",
                    "Brabant wallon",
                    "Hainaut Centre",
                    "Hainaut Sud"
                ],
                "type_s_d_intervention_s": [
                    "Rencontre ponctuelle (1 séance d'1 ou 2 heures)",
                    "Accompagnement de projet (3 à 5 séances de 2 heures chacune)"
                ],
                "site_web": null,
                "descriptif": null
            }
        },
        {
            "type": "Feature",
            "geometry": {
                "type": "Point",
                "coordinates": [
                    4.343463448726441,
                    50.83044911483679
                ]
            },
            "properties": {
                "prenom": "Marian",
                "nom": "Del Valle",
                "nom_d_artiste_ou_du_groupe_artistique": null,
                "adresse_courriel": "delvallemarian@gmail.com",
                "cp": "1060",
                "domaine_s_artistique_s": [
                    "Arts vivants"
                ],
                "sous_domaine_artistique": [
                    "Art chorégraphique"
                ],
                "precision_du_sous_domaine": [
                    "Danse contemporaine; Danse jeune public"
                ],
                "metiers_artistiques": "Danseur·se, Chorégraphie",
                "niveau_x_et_ou_type_s_d_enseignement": [
                    "Niveau secondaire - inférieur",
                    "Niveau secondaire - supérieur"
                ],
                "bassin_s_scolaire_s": [
                    "Bruxelles"
                ],
                "type_s_d_intervention_s": [
                    "Rencontre ponctuelle (1 séance d'1 ou 2 heures)"
                ],
                "site_web": null,
                "descriptif": null
            }
        },
        {
            "type": "Feature",
            "geometry": {
                "type": "Point",
                "coordinates": [
                    4.318752891748991,
                    50.855119755562214
                ]
            },
            "properties": {
                "prenom": "Gregory",
                "nom": "Grosjean",
                "nom_d_artiste_ou_du_groupe_artistique": "madebyhands asbl",
                "adresse_courriel": "gregorygrosjean0@gmail.com",
                "cp": "1080",
                "domaine_s_artistique_s": [
                    "Arts vivants"
                ],
                "sous_domaine_artistique": [
                    "Art chorégraphique",
                    "Spectacle pluridisciplinaire"
                ],
                "precision_du_sous_domaine": [
                    "Danse contemporaine; Danse jeune public; Spectacle pluridisciplinaire; Spectacle pluridisciplinaire Jeune Public"
                ],
                "metiers_artistiques": "Danseur·se, Chorégraphie, Vidéo",
                "niveau_x_et_ou_type_s_d_enseignement": [
                    "Niveau fondamental - primaire",
                    "Niveau secondaire - inférieur",
                    "Niveau secondaire - supérieur"
                ],
                "bassin_s_scolaire_s": [
                    "Bruxelles",
                    "Brabant wallon",
                    "Hainaut Centre",
                    "Liège",
                    "Namur"
                ],
                "type_s_d_intervention_s": [
                    "Rencontre ponctuelle (1 séance d'1 ou 2 heures)",
                    "Accompagnement de projet (3 à 5 séances de 2 heures chacune)"
                ],
                "site_web": null,
                "descriptif": null
            }
        },
        {
            "type": "Feature",
            "geometry": {
                "type": "Point",
                "coordinates": [
                    4.376217020664074,
                    50.82661313830635
                ]
            },
            "properties": {
                "prenom": "Amaury",
                "nom": "Massion",
                "nom_d_artiste_ou_du_groupe_artistique": "LYLAC",
                "adresse_courriel": "amassion@hotmail.com",
                "cp": "1050",
                "domaine_s_artistique_s": [
                    "Musique"
                ],
                "sous_domaine_artistique": [
                    "Musiques actuelles"
                ],
                "precision_du_sous_domaine": [
                    "Folk-Trad-World; Chanson et Musique d'expression francophone"
                ],
                "metiers_artistiques": "Chanteur·se, Musicien·ne, Texte: auteur·rice, Musique: compositeur·rice, Musique: arrangements",
                "niveau_x_et_ou_type_s_d_enseignement": [
                    "Niveau fondamental - primaire",
                    "Niveau secondaire - inférieur",
                    "Niveau secondaire - supérieur"
                ],
                "bassin_s_scolaire_s": [
                    "Bruxelles",
                    "Brabant wallon",
                    "Hainaut Centre",
                    "Hainaut Sud",
                    "Wallonie picarde",
                    "Huy Waremme",
                    "Liège",
                    "Verviers",
                    "Namur",
                    "Luxembourg"
                ],
                "type_s_d_intervention_s": [
                    "Rencontre ponctuelle (1 séance d'1 ou 2 heures)",
                    "Accompagnement de projet (3 à 5 séances de 2 heures chacune)"
                ],
                "site_web": null,
                "descriptif": null
            }
        },
        {
            "type": "Feature",
            "geometry": {
                "type": "Point",
                "coordinates": [
                    4.433787157937867,
                    50.81910346031945
                ]
            },
            "properties": {
                "prenom": "Jean",
                "nom": "Impe",
                "nom_d_artiste_ou_du_groupe_artistique": "Les Menus-Plaisirs du Roy",
                "adresse_courriel": "jl.impe@gmail.com",
                "cp": "1160",
                "domaine_s_artistique_s": [
                    "Musique"
                ],
                "sous_domaine_artistique": [
                    "Musique classique et contemporaine"
                ],
                "precision_du_sous_domaine": [
                    "Musique classique et contemporaine (ensemble)"
                ],
                "metiers_artistiques": "Musicien·ne, Musique: arrangements, Marionnettes, Mise en scène",
                "niveau_x_et_ou_type_s_d_enseignement": [
                    "Niveau fondamental - primaire",
                    "Niveau secondaire - inférieur",
                    "Niveau secondaire - supérieur"
                ],
                "bassin_s_scolaire_s": [
                    "Bruxelles",
                    "Brabant wallon",
                    "Hainaut Centre",
                    "Hainaut Sud",
                    "Wallonie picarde",
                    "Huy Waremme",
                    "Liège",
                    "Verviers",
                    "Namur",
                    "Luxembourg"
                ],
                "type_s_d_intervention_s": [
                    "Rencontre ponctuelle (1 séance d'1 ou 2 heures)",
                    "Accompagnement de projet (3 à 5 séances de 2 heures chacune)"
                ],
                "site_web": null,
                "descriptif": null
            }
        },
        {
            "type": "Feature",
            "geometry": {
                "type": "Point",
                "coordinates": [
                    4.376217020664074,
                    50.82661313830635
                ]
            },
            "properties": {
                "prenom": "Marc",
                "nom": "Van Eyck",
                "nom_d_artiste_ou_du_groupe_artistique": "M-A-R-C (The Grey Stars, Le Rythme des Fourmis, Taïkophonic, TomBack, Techncally normal, Dalton Drum Syndicate, …)",
                "adresse_courriel": "marcvaneyck@skynet.be",
                "cp": "1050",
                "domaine_s_artistique_s": [
                    "Musique"
                ],
                "sous_domaine_artistique": [
                    "Musique classique et contemporaine",
                    "Musiques actuelles"
                ],
                "precision_du_sous_domaine": [
                    "Blues; Folk-Trad-World; Chanson et Musique d'expression francophone; Musiques électroniques; Musiques urbaines; Pop/Rock; Musique classique et contemporaine (soliste)"
                ],
                "metiers_artistiques": "Chanteur·se, Musicien·ne, producteur, manager, booker, technicien son, ..., Texte: auteur·rice, Texte: adaptation, Musique: compositeur·rice, Musique: arrangements, Musique: décor sonore",
                "niveau_x_et_ou_type_s_d_enseignement": [
                    "Niveau fondamental - primaire",
                    "Niveau secondaire - inférieur",
                    "Niveau secondaire - supérieur"
                ],
                "bassin_s_scolaire_s": [
                    "Bruxelles",
                    "Brabant wallon",
                    "Hainaut Centre",
                    "Hainaut Sud",
                    "Wallonie picarde",
                    "Huy Waremme",
                    "Liège",
                    "Verviers",
                    "Namur",
                    "Luxembourg"
                ],
                "type_s_d_intervention_s": [
                    "Rencontre ponctuelle (1 séance d'1 ou 2 heures)"
                ],
                "site_web": null,
                "descriptif": null
            }
        },
        {
            "type": "Feature",
            "geometry": {
                "type": "Point",
                "coordinates": [
                    4.350645306371014,
                    50.797511521371305
                ]
            },
            "properties": {
                "prenom": "Valéry",
                "nom": "Bendjilali",
                "nom_d_artiste_ou_du_groupe_artistique": "Benji lali (chanteur)ou Valéry Bendjilali(comédien)",
                "adresse_courriel": "valerybendjilali@hotmail.com",
                "cp": "1180",
                "domaine_s_artistique_s": [
                    "Musique"
                ],
                "sous_domaine_artistique": [
                    "Musiques actuelles"
                ],
                "precision_du_sous_domaine": [
                    "Chanson et Musique d'expression francophone"
                ],
                "metiers_artistiques": "Chanteur·se, Comédien·ne, Musicien·ne, Texte: auteur·rice, Musique: compositeur·rice",
                "niveau_x_et_ou_type_s_d_enseignement": [
                    "Niveau fondamental - primaire",
                    "Niveau secondaire - inférieur",
                    "Niveau secondaire - supérieur"
                ],
                "bassin_s_scolaire_s": [
                    "Bruxelles",
                    "Brabant wallon",
                    "Hainaut Centre",
                    "Hainaut Sud",
                    "Wallonie picarde",
                    "Huy Waremme",
                    "Liège",
                    "Verviers",
                    "Namur",
                    "Luxembourg"
                ],
                "type_s_d_intervention_s": [
                    "Rencontre ponctuelle (1 séance d'1 ou 2 heures)",
                    "Accompagnement de projet (3 à 5 séances de 2 heures chacune)"
                ],
                "site_web": null,
                "descriptif": null
            }
        },
        {
            "type": "Feature",
            "geometry": {
                "type": "Point",
                "coordinates": [
                    4.29266566264007,
                    50.83150217114286
                ]
            },
            "properties": {
                "prenom": "Renaud",
                "nom": "Patigny",
                "nom_d_artiste_ou_du_groupe_artistique": null,
                "adresse_courriel": "renaud.patigny@gmail.com",
                "cp": "1070",
                "domaine_s_artistique_s": [
                    "Musique"
                ],
                "sous_domaine_artistique": [
                    "Musiques actuelles"
                ],
                "precision_du_sous_domaine": [
                    "Blues; Jazz; Spectacle musical"
                ],
                "metiers_artistiques": "Musicien·ne, Conteur·se, Texte: auteur·rice, Musique: compositeur·rice, Maquillage, Musique: arrangements, Graphisme, Vidéo",
                "niveau_x_et_ou_type_s_d_enseignement": [
                    "Niveau fondamental - primaire",
                    "Niveau secondaire - inférieur",
                    "Niveau secondaire - supérieur"
                ],
                "bassin_s_scolaire_s": [
                    "Bruxelles",
                    "Brabant wallon",
                    "Hainaut Centre",
                    "Wallonie picarde"
                ],
                "type_s_d_intervention_s": [
                    "Rencontre ponctuelle (1 séance d'1 ou 2 heures)"
                ],
                "site_web": null,
                "descriptif": null
            }
        },
        {
            "type": "Feature",
            "geometry": {
                "type": "Point",
                "coordinates": [
                    4.373780241253666,
                    50.853511397740434
                ]
            },
            "properties": {
                "prenom": "Deborah",
                "nom": "Marchal",
                "nom_d_artiste_ou_du_groupe_artistique": null,
                "adresse_courriel": "deborah_marchal@hotmail.com",
                "cp": "1210",
                "domaine_s_artistique_s": [
                    "Arts vivants"
                ],
                "sous_domaine_artistique": [
                    "Art dramatique",
                    "Marionnettes",
                    "théâtre d'objets",
                    "théâtre d'ombres",
                    "Spectacle pluridisciplinaire"
                ],
                "precision_du_sous_domaine": [
                    "Théâtre général; Théâtre général Jeune Public; Marionnettes",
                    "théâtre d'objets",
                    "théâtre d'ombres jeune public; Spectacle pluridisciplinaire; Spectacle pluridisciplinaire Jeune Public"
                ],
                "metiers_artistiques": "Comédien·ne",
                "niveau_x_et_ou_type_s_d_enseignement": [
                    "Niveau fondamental - primaire",
                    "Niveau secondaire - inférieur",
                    "Niveau secondaire - supérieur"
                ],
                "bassin_s_scolaire_s": [
                    "Bruxelles",
                    "Brabant wallon",
                    "Hainaut Centre",
                    "Hainaut Sud",
                    "Wallonie picarde",
                    "Huy Waremme",
                    "Liège",
                    "Verviers",
                    "Namur",
                    "Luxembourg"
                ],
                "type_s_d_intervention_s": [
                    "Rencontre ponctuelle (1 séance d'1 ou 2 heures)"
                ],
                "site_web": null,
                "descriptif": null
            }
        },
        {
            "type": "Feature",
            "geometry": {
                "type": "Point",
                "coordinates": [
                    4.78686009095611,
                    50.69915880345033
                ]
            },
            "properties": {
                "prenom": "Jérôme",
                "nom": "Poncin",
                "nom_d_artiste_ou_du_groupe_artistique": "Théâtre des 4 Mains",
                "adresse_courriel": "poncinjerome@hotmail.com",
                "cp": "1315",
                "domaine_s_artistique_s": [
                    "Arts vivants"
                ],
                "sous_domaine_artistique": [
                    "Art dramatique",
                    "Marionnettes",
                    "théâtre d'objets",
                    "théâtre d'ombres"
                ],
                "precision_du_sous_domaine": [
                    "Théâtre général Jeune Public; Marionnettes",
                    "théâtre d'objets",
                    "théâtre d'ombres jeune public"
                ],
                "metiers_artistiques": "Manipulateur·rice - marionnettiste, Comédien·ne, Texte: auteur·rice, Texte: adaptation, Marionnettes, Mise en scène",
                "niveau_x_et_ou_type_s_d_enseignement": [
                    "Niveau fondamental - primaire"
                ],
                "bassin_s_scolaire_s": [
                    "Bruxelles",
                    "Brabant wallon",
                    "Hainaut Centre",
                    "Hainaut Sud",
                    "Wallonie picarde",
                    "Huy Waremme",
                    "Liège",
                    "Verviers",
                    "Namur",
                    "Luxembourg"
                ],
                "type_s_d_intervention_s": [
                    "Rencontre ponctuelle (1 séance d'1 ou 2 heures)"
                ],
                "site_web": null,
                "descriptif": null
            }
        },
        {
            "type": "Feature",
            "geometry": {
                "type": "Point",
                "coordinates": [
                    4.376217020664074,
                    50.82661313830635
                ]
            },
            "properties": {
                "prenom": "Carmela",
                "nom": "Giusto",
                "nom_d_artiste_ou_du_groupe_artistique": null,
                "adresse_courriel": "carmela.giusto@uclouvain.be",
                "cp": "1050",
                "domaine_s_artistique_s": [
                    "Arts vivants"
                ],
                "sous_domaine_artistique": [
                    "Art dramatique",
                    "Spectacle pluridisciplinaire"
                ],
                "precision_du_sous_domaine": [
                    "Théâtre général; Spectacle pluridisciplinaire"
                ],
                "metiers_artistiques": "Humoriste, Chanteur·se, Comédien·ne, Texte: auteur·rice, Mise en scène",
                "niveau_x_et_ou_type_s_d_enseignement": [
                    "Niveau secondaire - supérieur"
                ],
                "bassin_s_scolaire_s": [
                    "Bruxelles",
                    "Brabant wallon",
                    "Hainaut Centre",
                    "Hainaut Sud",
                    "Wallonie picarde",
                    "Huy Waremme",
                    "Liège",
                    "Verviers",
                    "Namur",
                    "Luxembourg"
                ],
                "type_s_d_intervention_s": [
                    "Rencontre ponctuelle (1 séance d'1 ou 2 heures)",
                    "Accompagnement de projet (3 à 5 séances de 2 heures chacune)"
                ],
                "site_web": null,
                "descriptif": null
            }
        },
        {
            "type": "Feature",
            "geometry": {
                "type": "Point",
                "coordinates": [
                    4.380744543764381,
                    50.86661416180231
                ]
            },
            "properties": {
                "prenom": "Benjamin",
                "nom": "Ottoz",
                "nom_d_artiste_ou_du_groupe_artistique": null,
                "adresse_courriel": "benjamin.ottoz@gmail.com",
                "cp": "1030",
                "domaine_s_artistique_s": [
                    "Arts visuels"
                ],
                "sous_domaine_artistique": [
                    "Peinture"
                ],
                "precision_du_sous_domaine": [
                    "Photographie; Sculpture"
                ],
                "metiers_artistiques": "Artiste plasticien",
                "niveau_x_et_ou_type_s_d_enseignement": [
                    "Niveau fondamental - primaire",
                    "Niveau secondaire - inférieur",
                    "Niveau secondaire - supérieur"
                ],
                "bassin_s_scolaire_s": [
                    "Bruxelles",
                    "Brabant wallon"
                ],
                "type_s_d_intervention_s": [
                    "Rencontre ponctuelle (1 séance d'1 ou 2 heures)",
                    "Accompagnement de projet (3 à 5 séances de 2 heures chacune)"
                ],
                "site_web": null,
                "descriptif": null
            }
        },
        {
            "type": "Feature",
            "geometry": {
                "type": "Point",
                "coordinates": [
                    4.391869712225169,
                    50.83227128877207
                ]
            },
            "properties": {
                "prenom": "Rémi",
                "nom": "Pons",
                "nom_d_artiste_ou_du_groupe_artistique": "esquifs",
                "adresse_courriel": "remi@esquifs.be",
                "cp": "1040",
                "domaine_s_artistique_s": [
                    "Arts vivants"
                ],
                "sous_domaine_artistique": [
                    "Art dramatique"
                ],
                "precision_du_sous_domaine": [
                    "Théâtre général; Théâtre général Jeune Public"
                ],
                "metiers_artistiques": "Lecture de textes, Texte: auteur·rice, Texte: adaptation, Mise en scène, Réalisateur radio / direction d'ateliers",
                "niveau_x_et_ou_type_s_d_enseignement": [
                    "Niveau fondamental - primaire",
                    "Niveau secondaire - inférieur",
                    "Niveau secondaire - supérieur"
                ],
                "bassin_s_scolaire_s": [
                    "Bruxelles"
                ],
                "type_s_d_intervention_s": [
                    "Rencontre ponctuelle (1 séance d'1 ou 2 heures)"
                ],
                "site_web": null,
                "descriptif": null
            }
        },
        {
            "type": "Feature",
            "geometry": {
                "type": "Point",
                "coordinates": [
                    4.318752891748991,
                    50.855119755562214
                ]
            },
            "properties": {
                "prenom": "Miriam",
                "nom": "Vender",
                "nom_d_artiste_ou_du_groupe_artistique": "Miriam Vender de la Cie La Grande Lézarde",
                "adresse_courriel": "lagrandelezarde@yahoo.com",
                "cp": "1080",
                "domaine_s_artistique_s": [
                    "Arts vivants"
                ],
                "sous_domaine_artistique": [
                    "Arts forains",
                    "du cirque et de la rue"
                ],
                "precision_du_sous_domaine": [
                    "Arts forains",
                    "du cirque et de la rue adulte et public familial"
                ],
                "metiers_artistiques": "Artiste de cirque - Arts forains, Manipulateur·rice - marionnettiste, Comédien·ne",
                "niveau_x_et_ou_type_s_d_enseignement": [
                    "Niveau fondamental - primaire"
                ],
                "bassin_s_scolaire_s": [
                    "Bruxelles"
                ],
                "type_s_d_intervention_s": [
                    "Accompagnement de projet (3 à 5 séances de 2 heures chacune)"
                ],
                "site_web": null,
                "descriptif": null
            }
        },
        {
            "type": "Feature",
            "geometry": {
                "type": "Point",
                "coordinates": [
                    4.376217020664074,
                    50.82661313830635
                ]
            },
            "properties": {
                "prenom": "Gaspard",
                "nom": "Rozenwajn",
                "nom_d_artiste_ou_du_groupe_artistique": null,
                "adresse_courriel": "rozenwajn.gaspard@gmail.com",
                "cp": "1050",
                "domaine_s_artistique_s": [
                    "Arts vivants"
                ],
                "sous_domaine_artistique": [
                    "Art chorégraphique",
                    "Art dramatique"
                ],
                "precision_du_sous_domaine": [
                    "Théâtre général; Théâtre général Jeune Public; Danse contemporaine; Danse urbaine"
                ],
                "metiers_artistiques": "Danseur·se, Comédien·ne",
                "niveau_x_et_ou_type_s_d_enseignement": [
                    "Niveau fondamental - primaire",
                    "Niveau secondaire - inférieur",
                    "Niveau secondaire - supérieur"
                ],
                "bassin_s_scolaire_s": [
                    "Bruxelles",
                    "Brabant wallon",
                    "Hainaut Centre",
                    "Hainaut Sud",
                    "Wallonie picarde",
                    "Huy Waremme",
                    "Liège",
                    "Verviers",
                    "Namur",
                    "Luxembourg"
                ],
                "type_s_d_intervention_s": [
                    "Rencontre ponctuelle (1 séance d'1 ou 2 heures)",
                    "Accompagnement de projet (3 à 5 séances de 2 heures chacune)"
                ],
                "site_web": null,
                "descriptif": null
            }
        },
        {
            "type": "Feature",
            "geometry": {
                "type": "Point",
                "coordinates": [
                    4.373780241253666,
                    50.853511397740434
                ]
            },
            "properties": {
                "prenom": "Hector",
                "nom": "Robinet",
                "nom_d_artiste_ou_du_groupe_artistique": "Stonks",
                "adresse_courriel": "Hectorr.robinet@gmail.com",
                "cp": "1210",
                "domaine_s_artistique_s": [
                    "Musique"
                ],
                "sous_domaine_artistique": [
                    "Musiques actuelles"
                ],
                "precision_du_sous_domaine": [
                    "Pop/Rock"
                ],
                "metiers_artistiques": "Chanteur·se, Musicien·ne, Texte: auteur·rice, Musique: compositeur·rice, Musique: arrangements, Graphisme",
                "niveau_x_et_ou_type_s_d_enseignement": [
                    "Niveau fondamental - maternel",
                    "Niveau fondamental - primaire",
                    "Niveau secondaire - inférieur",
                    "Niveau secondaire - supérieur"
                ],
                "bassin_s_scolaire_s": [
                    "Bruxelles",
                    "Brabant wallon",
                    "Hainaut Centre",
                    "Hainaut Sud",
                    "Wallonie picarde",
                    "Huy Waremme",
                    "Liège",
                    "Verviers",
                    "Namur"
                ],
                "type_s_d_intervention_s": [
                    "Rencontre ponctuelle (1 séance d'1 ou 2 heures)",
                    "Accompagnement de projet (3 à 5 séances de 2 heures chacune)"
                ],
                "site_web": null,
                "descriptif": null
            }
        },
        {
            "type": "Feature",
            "geometry": {
                "type": "Point",
                "coordinates": [
                    4.569464603093961,
                    50.6664097955255
                ]
            },
            "properties": {
                "prenom": "Amandine",
                "nom": "Chevigny",
                "nom_d_artiste_ou_du_groupe_artistique": "CROLLES",
                "adresse_courriel": "chevignyaa@gmail.com",
                "cp": "1340",
                "domaine_s_artistique_s": [
                    "Arts vivants",
                    "Musique"
                ],
                "sous_domaine_artistique": [
                    "Art dramatique",
                    "Musiques actuelles"
                ],
                "precision_du_sous_domaine": [
                    "Théâtre général; Théâtre général Jeune Public; Chanson et Musique d'expression francophone"
                ],
                "metiers_artistiques": "Comédien·ne, Chanteur·se, Texte: auteur·rice, Texte: adaptation, Musique: compositeur·rice",
                "niveau_x_et_ou_type_s_d_enseignement": [
                    "Niveau fondamental - maternel",
                    "Niveau fondamental - primaire",
                    "Niveau secondaire - inférieur",
                    "Niveau secondaire - supérieur"
                ],
                "bassin_s_scolaire_s": [
                    "Bruxelles",
                    "Brabant wallon",
                    "Liège",
                    "Namur"
                ],
                "type_s_d_intervention_s": [
                    "Rencontre ponctuelle (1 séance d'1 ou 2 heures)",
                    "Accompagnement de projet (3 à 5 séances de 2 heures chacune)"
                ],
                "site_web": null,
                "descriptif": null
            }
        },
        {
            "type": "Feature",
            "geometry": {
                "type": "Point",
                "coordinates": [
                    4.35012989814735,
                    50.8475911319432
                ]
            },
            "properties": {
                "prenom": "Judy",
                "nom": "Croquefer",
                "nom_d_artiste_ou_du_groupe_artistique": "Dorothy Gale",
                "adresse_courriel": "croqueferjudy@gmail.com",
                "cp": "1000",
                "domaine_s_artistique_s": [
                    "Musique"
                ],
                "sous_domaine_artistique": [
                    "Musiques actuelles"
                ],
                "precision_du_sous_domaine": [
                    "Musiques électroniques; Pop/Rock"
                ],
                "metiers_artistiques": "Chanteur·se, Texte: auteur·rice, Costumes, Mise en scène, Scénographie, Décors, Vidéo",
                "niveau_x_et_ou_type_s_d_enseignement": [
                    "Niveau fondamental - primaire",
                    "Niveau secondaire - inférieur",
                    "Niveau secondaire - supérieur"
                ],
                "bassin_s_scolaire_s": [
                    "Bruxelles",
                    "Brabant wallon",
                    "Hainaut Centre",
                    "Hainaut Sud",
                    "Wallonie picarde",
                    "Huy Waremme",
                    "Liège",
                    "Verviers",
                    "Namur",
                    "Luxembourg"
                ],
                "type_s_d_intervention_s": [
                    "Rencontre ponctuelle (1 séance d'1 ou 2 heures)",
                    "Accompagnement de projet (3 à 5 séances de 2 heures chacune)"
                ],
                "site_web": null,
                "descriptif": null
            }
        },
        {
            "type": "Feature",
            "geometry": {
                "type": "Point",
                "coordinates": [
                    5.128054551307351,
                    50.364139608442656
                ]
            },
            "properties": {
                "prenom": "Blanche",
                "nom": "Tirtiaux",
                "nom_d_artiste_ou_du_groupe_artistique": "Club PEPS / cie la Pigeonnière",
                "adresse_courriel": "blanche.tirtiaux@gmail.com",
                "cp": "5364",
                "domaine_s_artistique_s": [
                    "Arts vivants"
                ],
                "sous_domaine_artistique": [
                    "Arts forains",
                    "du cirque et de la rue",
                    "Spectacle pluridisciplinaire"
                ],
                "precision_du_sous_domaine": [
                    "Arts forains",
                    "du cirque et de la rue adulte et public familial; Spectacle pluridisciplinaire; Spectacle pluridisciplinaire Jeune Public"
                ],
                "metiers_artistiques": "Comédien·ne, Musicien·ne, Texte: auteur·rice, Mise en scène, Dramaturge",
                "niveau_x_et_ou_type_s_d_enseignement": [
                    "Niveau secondaire - inférieur",
                    "Niveau secondaire - supérieur"
                ],
                "bassin_s_scolaire_s": [
                    "Namur"
                ],
                "type_s_d_intervention_s": [
                    "Rencontre ponctuelle (1 séance d'1 ou 2 heures)",
                    "Accompagnement de projet (3 à 5 séances de 2 heures chacune)"
                ],
                "site_web": null,
                "descriptif": null
            }
        },
        {
            "type": "Feature",
            "geometry": {
                "type": "Point",
                "coordinates": [
                    5.66075918033997,
                    49.61367852523676
                ]
            },
            "properties": {
                "prenom": "Ulrich",
                "nom": "Schadeck",
                "nom_d_artiste_ou_du_groupe_artistique": "FOWV",
                "adresse_courriel": "ulrichschadeck@hotmail.com",
                "cp": "6747",
                "domaine_s_artistique_s": [
                    "Musique"
                ],
                "sous_domaine_artistique": [
                    "Musiques actuelles"
                ],
                "precision_du_sous_domaine": [
                    "Pop/Rock; Rock dur"
                ],
                "metiers_artistiques": "Chanteur·se, Musicien·ne, Texte: auteur·rice, Musique: compositeur·rice, Musique: arrangements",
                "niveau_x_et_ou_type_s_d_enseignement": [
                    "Niveau secondaire - inférieur",
                    "Niveau secondaire - supérieur"
                ],
                "bassin_s_scolaire_s": [
                    "Namur",
                    "Luxembourg"
                ],
                "type_s_d_intervention_s": [
                    "Rencontre ponctuelle (1 séance d'1 ou 2 heures)",
                    "Accompagnement de projet (3 à 5 séances de 2 heures chacune)"
                ],
                "site_web": null,
                "descriptif": null
            }
        },
        {
            "type": "Feature",
            "geometry": {
                "type": "Point",
                "coordinates": [
                    4.615440181720137,
                    50.71750176256393
                ]
            },
            "properties": {
                "prenom": "Christophe",
                "nom": "Herrada",
                "nom_d_artiste_ou_du_groupe_artistique": "Compagnie du Simorgh",
                "adresse_courriel": "chrisherrada@gmail.com",
                "cp": "1300",
                "domaine_s_artistique_s": [
                    "Arts vivants"
                ],
                "sous_domaine_artistique": [
                    "Art dramatique",
                    "Arts forains",
                    "du cirque et de la rue"
                ],
                "precision_du_sous_domaine": [
                    "Théâtre général; Théâtre général Jeune Public; Arts forains",
                    "du cirque et de la rue adulte et public familial; Arts forains",
                    "du cirque et de la rue jeune public"
                ],
                "metiers_artistiques": "Artiste de cirque - Arts forains, Chanteur·se, Comédien·ne, Texte: adaptation, Masques, Mise en scène",
                "niveau_x_et_ou_type_s_d_enseignement": [
                    "Niveau secondaire - inférieur",
                    "Niveau secondaire - supérieur"
                ],
                "bassin_s_scolaire_s": [
                    "Bruxelles",
                    "Brabant wallon",
                    "Hainaut Centre",
                    "Hainaut Sud",
                    "Huy Waremme",
                    "Liège",
                    "Verviers",
                    "Namur"
                ],
                "type_s_d_intervention_s": [
                    "Rencontre ponctuelle (1 séance d'1 ou 2 heures)",
                    "Accompagnement de projet (3 à 5 séances de 2 heures chacune)"
                ],
                "site_web": null,
                "descriptif": null
            }
        },
        {
            "type": "Feature",
            "geometry": {
                "type": "Point",
                "coordinates": [
                    4.419545932344844,
                    50.79968484315967
                ]
            },
            "properties": {
                "prenom": "Anne",
                "nom": "Festraets",
                "nom_d_artiste_ou_du_groupe_artistique": null,
                "adresse_courriel": "anne@modulable.be",
                "cp": "1170",
                "domaine_s_artistique_s": [
                    "Arts vivants"
                ],
                "sous_domaine_artistique": [
                    "Art dramatique",
                    "Spectacle pluridisciplinaire"
                ],
                "precision_du_sous_domaine": [
                    "Théâtre général; Théâtre général Jeune Public; Spectacle pluridisciplinaire; Spectacle pluridisciplinaire Jeune Public"
                ],
                "metiers_artistiques": "N'ayant pas de formation d'interprète, je ne joue que dans mes propres spectacles (comédienne, musicienne, manipulatrice), Texte: auteur·rice, Mise en scène, dramaturge et productrice",
                "niveau_x_et_ou_type_s_d_enseignement": [
                    "Niveau fondamental - maternel",
                    "Niveau fondamental - primaire",
                    "Niveau secondaire - inférieur",
                    "Niveau secondaire - supérieur"
                ],
                "bassin_s_scolaire_s": [
                    "Bruxelles",
                    "Brabant wallon"
                ],
                "type_s_d_intervention_s": [
                    "Rencontre ponctuelle (1 séance d'1 ou 2 heures)",
                    "Accompagnement de projet (3 à 5 séances de 2 heures chacune)"
                ],
                "site_web": null,
                "descriptif": null
            }
        },
        {
            "type": "Feature",
            "geometry": {
                "type": "Point",
                "coordinates": [
                    4.325860589138366,
                    50.816704879551345
                ]
            },
            "properties": {
                "prenom": "Melissa",
                "nom": "Leon Martin",
                "nom_d_artiste_ou_du_groupe_artistique": "D3 Drama Company et Insomniaque Cie",
                "adresse_courriel": "melissa.leonm@gmail.com",
                "cp": "1190",
                "domaine_s_artistique_s": [
                    "Arts vivants"
                ],
                "sous_domaine_artistique": [
                    "Art dramatique",
                    "Marionnettes",
                    "théâtre d'objets",
                    "théâtre d'ombres",
                    "Spectacle pluridisciplinaire"
                ],
                "precision_du_sous_domaine": [
                    "Théâtre général; Théâtre général Jeune Public; Marionnettes",
                    "théâtre d'objets",
                    "théâtre d'ombres jeune public; Spectacle pluridisciplinaire; Spectacle pluridisciplinaire Jeune Public"
                ],
                "metiers_artistiques": "Comédien·ne, Texte: auteur·rice, Texte: adaptation, Mise en scène",
                "niveau_x_et_ou_type_s_d_enseignement": [
                    "Niveau fondamental - primaire",
                    "Niveau secondaire - inférieur",
                    "Niveau secondaire - supérieur"
                ],
                "bassin_s_scolaire_s": [
                    "Bruxelles",
                    "Brabant wallon",
                    "Hainaut Centre",
                    "Hainaut Sud",
                    "Namur"
                ],
                "type_s_d_intervention_s": [
                    "Rencontre ponctuelle (1 séance d'1 ou 2 heures)",
                    "Accompagnement de projet (3 à 5 séances de 2 heures chacune)"
                ],
                "site_web": null,
                "descriptif": null
            }
        },
        {
            "type": "Feature",
            "geometry": {
                "type": "Point",
                "coordinates": [
                    4.428070404189694,
                    50.44534731582339
                ]
            },
            "properties": {
                "prenom": "Zouratié",
                "nom": "Koné",
                "nom_d_artiste_ou_du_groupe_artistique": null,
                "adresse_courriel": "zouratiekoneensemble@gmail.com",
                "cp": "6040",
                "domaine_s_artistique_s": [
                    "Musique"
                ],
                "sous_domaine_artistique": [
                    "Musiques actuelles"
                ],
                "precision_du_sous_domaine": [
                    "Folk-Trad-World"
                ],
                "metiers_artistiques": "Musicien·ne, Texte: auteur·rice, Musique: compositeur·rice, Musique: arrangements",
                "niveau_x_et_ou_type_s_d_enseignement": [
                    "Niveau fondamental - primaire",
                    "Niveau secondaire - inférieur",
                    "Niveau secondaire - supérieur"
                ],
                "bassin_s_scolaire_s": [
                    "Bruxelles",
                    "Brabant wallon",
                    "Hainaut Centre",
                    "Hainaut Sud"
                ],
                "type_s_d_intervention_s": [
                    "Rencontre ponctuelle (1 séance d'1 ou 2 heures)",
                    "Accompagnement de projet (3 à 5 séances de 2 heures chacune)"
                ],
                "site_web": null,
                "descriptif": null
            }
        },
        {
            "type": "Feature",
            "geometry": {
                "type": "Point",
                "coordinates": [
                    4.343463448726441,
                    50.83044911483679
                ]
            },
            "properties": {
                "prenom": "Silvia",
                "nom": "Guerra",
                "nom_d_artiste_ou_du_groupe_artistique": "silvia guerra (g)old star",
                "adresse_courriel": "cabaretritalia@gmail.com",
                "cp": "1060",
                "domaine_s_artistique_s": [
                    "Arts vivants",
                    "Musique"
                ],
                "sous_domaine_artistique": [
                    "Art dramatique",
                    "Arts forains",
                    "du cirque et de la rue",
                    "Musiques actuelles",
                    "Spectacle pluridisciplinaire"
                ],
                "precision_du_sous_domaine": [
                    "Théâtre général; Théâtre action; Arts forains",
                    "du cirque et de la rue adulte et public familial; Spectacle pluridisciplinaire; Folk-Trad-World; Chanson et Musique d'expression francophone; Spectacle musical"
                ],
                "metiers_artistiques": "Comédien·ne, Musicien·ne, Conteur·se, Texte: auteur·rice, Musique: arrangements, Mise en scène, Artiste plasticien·ne, je navigue (et je me produit ) entre plusieurs domaines depuis plus que 20 ans :-)",
                "niveau_x_et_ou_type_s_d_enseignement": [
                    "Niveau fondamental - maternel",
                    "Niveau fondamental - primaire",
                    "Niveau secondaire - inférieur",
                    "Niveau secondaire - supérieur"
                ],
                "bassin_s_scolaire_s": [
                    "Bruxelles",
                    "Hainaut Centre",
                    "Liège"
                ],
                "type_s_d_intervention_s": [
                    "Rencontre ponctuelle (1 séance d'1 ou 2 heures)",
                    "Accompagnement de projet (3 à 5 séances de 2 heures chacune)"
                ],
                "site_web": null,
                "descriptif": null
            }
        },
        {
            "type": "Feature",
            "geometry": {
                "type": "Point",
                "coordinates": [
                    5.560439577436734,
                    50.64762245632328
                ]
            },
            "properties": {
                "prenom": "Jerry",
                "nom": "Tshiani",
                "nom_d_artiste_ou_du_groupe_artistique": "Nectar Kultur",
                "adresse_courriel": "nectarasbl@gmail.com",
                "cp": "4000",
                "domaine_s_artistique_s": [
                    "Musique"
                ],
                "sous_domaine_artistique": [
                    "Musiques actuelles"
                ],
                "precision_du_sous_domaine": [
                    "Chanson et Musique d'expression francophone; Musiques urbaines; Musique jeune public"
                ],
                "metiers_artistiques": "Chanteur·se, M.A.O (Musique assisté par ordinateur), Texte: auteur·rice, Musique: compositeur·rice, Vidéo",
                "niveau_x_et_ou_type_s_d_enseignement": [
                    "Niveau fondamental - primaire",
                    "Niveau secondaire - inférieur",
                    "Niveau secondaire - supérieur"
                ],
                "bassin_s_scolaire_s": [
                    "Brabant wallon",
                    "Huy Waremme",
                    "Liège",
                    "Verviers"
                ],
                "type_s_d_intervention_s": [
                    "Rencontre ponctuelle (1 séance d'1 ou 2 heures)",
                    "Accompagnement de projet (3 à 5 séances de 2 heures chacune)"
                ],
                "site_web": null,
                "descriptif": null
            }
        },
        {
            "type": "Feature",
            "geometry": {
                "type": "Point",
                "coordinates": [
                    3.77568942935315,
                    50.63239413310116
                ]
            },
            "properties": {
                "prenom": "Thomas",
                "nom": "Corbisier",
                "nom_d_artiste_ou_du_groupe_artistique": "Oui! Mais…",
                "adresse_courriel": "thomascorbisier@gmail.com",
                "cp": "7800",
                "domaine_s_artistique_s": [
                    "Arts vivants"
                ],
                "sous_domaine_artistique": [
                    "Marionnettes",
                    "théâtre d'objets",
                    "théâtre d'ombres"
                ],
                "precision_du_sous_domaine": [
                    "Marionnettes",
                    "théâtre d'objets",
                    "théâtre d'ombres; Marionnettes",
                    "théâtre d'objets",
                    "théâtre d'ombres jeune public"
                ],
                "metiers_artistiques": "Artiste plasticien·ne, Masques, Marionnettes, Graphisme, Vidéo, Land art",
                "niveau_x_et_ou_type_s_d_enseignement": [
                    "Niveau fondamental - maternel",
                    "Niveau fondamental - primaire",
                    "Niveau secondaire - inférieur",
                    "Niveau secondaire - supérieur"
                ],
                "bassin_s_scolaire_s": [
                    "Bruxelles",
                    "Brabant wallon",
                    "Hainaut Centre",
                    "Wallonie picarde"
                ],
                "type_s_d_intervention_s": [
                    "Accompagnement de projet (3 à 5 séances de 2 heures chacune)"
                ],
                "site_web": null,
                "descriptif": null
            }
        },
        {
            "type": "Feature",
            "geometry": {
                "type": "Point",
                "coordinates": [
                    5.62540099838149,
                    50.64228140116468
                ]
            },
            "properties": {
                "prenom": "Rudy",
                "nom": "Goddin",
                "nom_d_artiste_ou_du_groupe_artistique": "Potaufeu Théâtre",
                "adresse_courriel": "rudy.goddin@yahoo.fr",
                "cp": "4020",
                "domaine_s_artistique_s": [
                    "Arts vivants"
                ],
                "sous_domaine_artistique": [
                    "Art dramatique",
                    "Arts forains",
                    "du cirque et de la rue",
                    "Marionnettes",
                    "théâtre d'objets",
                    "théâtre d'ombres"
                ],
                "precision_du_sous_domaine": [
                    "Théâtre général; Théâtre général Jeune Public; Théâtre action; Théâtre action Jeune Public; Arts forains",
                    "du cirque et de la rue adulte et public familial; Marionnettes",
                    "théâtre d'objets",
                    "théâtre d'ombres; Marionnettes",
                    "théâtre d'objets",
                    "théâtre d'ombres jeune public"
                ],
                "metiers_artistiques": "Artiste de cirque - Arts forains, Comédien·ne, Mime et Clown, Texte: auteur·rice, Texte: adaptation, Musique: compositeur·rice, Musique: arrangements, Musique: décor sonore, Mise en scène, Vidéo",
                "niveau_x_et_ou_type_s_d_enseignement": [
                    "Niveau fondamental - maternel",
                    "Niveau fondamental - primaire",
                    "Niveau secondaire - inférieur",
                    "Niveau secondaire - supérieur"
                ],
                "bassin_s_scolaire_s": [
                    "Bruxelles",
                    "Brabant wallon",
                    "Wallonie picarde",
                    "Huy Waremme",
                    "Liège",
                    "Verviers",
                    "Namur",
                    "Luxembourg"
                ],
                "type_s_d_intervention_s": [
                    "Rencontre ponctuelle (1 séance d'1 ou 2 heures)",
                    "Accompagnement de projet (3 à 5 séances de 2 heures chacune)"
                ],
                "site_web": null,
                "descriptif": null
            }
        },
        {
            "type": "Feature",
            "geometry": {
                "type": "Point",
                "coordinates": [
                    5.144676291779546,
                    50.1786164568405
                ]
            },
            "properties": {
                "prenom": "Nicolas",
                "nom": "Canta",
                "nom_d_artiste_ou_du_groupe_artistique": "Furio",
                "adresse_courriel": "furio.booking@gmail.com",
                "cp": "5580",
                "domaine_s_artistique_s": [
                    "Musique"
                ],
                "sous_domaine_artistique": [
                    "Musiques actuelles"
                ],
                "precision_du_sous_domaine": [
                    "Musiques urbaines"
                ],
                "metiers_artistiques": "Chanteur·se, Texte: auteur·rice, Mise en scène",
                "niveau_x_et_ou_type_s_d_enseignement": [
                    "Niveau secondaire - inférieur",
                    "Niveau secondaire - supérieur"
                ],
                "bassin_s_scolaire_s": [
                    "Hainaut Sud",
                    "Huy Waremme",
                    "Liège",
                    "Namur",
                    "Luxembourg"
                ],
                "type_s_d_intervention_s": [
                    "Rencontre ponctuelle (1 séance d'1 ou 2 heures)",
                    "Accompagnement de projet (3 à 5 séances de 2 heures chacune)"
                ],
                "site_web": null,
                "descriptif": null
            }
        },
        {
            "type": "Feature",
            "geometry": {
                "type": "Point",
                "coordinates": [
                    5.526528927892428,
                    50.65988642680974
                ]
            },
            "properties": {
                "prenom": "Antonino (Nino)",
                "nom": "Patuano",
                "nom_d_artiste_ou_du_groupe_artistique": "Nino",
                "adresse_courriel": "ninomystik@gmail.com",
                "cp": "4430",
                "domaine_s_artistique_s": [
                    "Arts vivants"
                ],
                "sous_domaine_artistique": [
                    "Art chorégraphique"
                ],
                "precision_du_sous_domaine": [
                    "Danse contemporaine; Danse urbaine; Danse jeune public"
                ],
                "metiers_artistiques": "Danseur·se, Chorégraphie",
                "niveau_x_et_ou_type_s_d_enseignement": [
                    "Niveau fondamental - primaire",
                    "Niveau secondaire - inférieur",
                    "Niveau secondaire - supérieur"
                ],
                "bassin_s_scolaire_s": [
                    "Bruxelles",
                    "Brabant wallon",
                    "Huy Waremme",
                    "Liège",
                    "Verviers",
                    "Namur"
                ],
                "type_s_d_intervention_s": [
                    "Rencontre ponctuelle (1 séance d'1 ou 2 heures)",
                    "Accompagnement de projet (3 à 5 séances de 2 heures chacune)"
                ],
                "site_web": null,
                "descriptif": null
            }
        },
        {
            "type": "Feature",
            "geometry": {
                "type": "Point",
                "coordinates": [
                    4.380744543764381,
                    50.86661416180231
                ]
            },
            "properties": {
                "prenom": "Gil",
                "nom": "Van Nieuwenhoven",
                "nom_d_artiste_ou_du_groupe_artistique": "Ligue d'improvisation professionnel",
                "adresse_courriel": "gil.vannieuwenhoven@gmail.com",
                "cp": "1030",
                "domaine_s_artistique_s": [
                    "Arts vivants"
                ],
                "sous_domaine_artistique": [
                    "Art dramatique"
                ],
                "precision_du_sous_domaine": [
                    "Théâtre général; Théâtre général Jeune Public; Spectacle d'improvisation"
                ],
                "metiers_artistiques": "Comédien·ne, Marionnettes, Mise en scène",
                "niveau_x_et_ou_type_s_d_enseignement": [
                    "Niveau fondamental - primaire",
                    "Niveau secondaire - inférieur",
                    "Niveau secondaire - supérieur"
                ],
                "bassin_s_scolaire_s": [
                    "Bruxelles",
                    "Brabant wallon"
                ],
                "type_s_d_intervention_s": [
                    "Rencontre ponctuelle (1 séance d'1 ou 2 heures)",
                    "Accompagnement de projet (3 à 5 séances de 2 heures chacune)"
                ],
                "site_web": null,
                "descriptif": null
            }
        },
        {
            "type": "Feature",
            "geometry": {
                "type": "Point",
                "coordinates": [
                    4.376217020664074,
                    50.82661313830635
                ]
            },
            "properties": {
                "prenom": "Claire",
                "nom": "Spineux",
                "nom_d_artiste_ou_du_groupe_artistique": "Clair Silence",
                "adresse_courriel": "clairespineux@gmail.com",
                "cp": "1050",
                "domaine_s_artistique_s": [
                    "Musique"
                ],
                "sous_domaine_artistique": [
                    "Musique classique et contemporaine",
                    "Musiques actuelles"
                ],
                "precision_du_sous_domaine": [
                    "Chanson et Musique d'expression francophone; Musique classique et contemporaine (soliste)"
                ],
                "metiers_artistiques": "Chanteur·se, Musicien·ne, Récitant·e, auteur compositeur interprète pianiste ainsi que chef de choeur, Musique: compositeur·rice, parolière",
                "niveau_x_et_ou_type_s_d_enseignement": [
                    "Niveau fondamental - primaire",
                    "Niveau secondaire - inférieur",
                    "Niveau secondaire - supérieur"
                ],
                "bassin_s_scolaire_s": [
                    "Bruxelles"
                ],
                "type_s_d_intervention_s": [
                    "Rencontre ponctuelle (1 séance d'1 ou 2 heures)",
                    "Accompagnement de projet (3 à 5 séances de 2 heures chacune)"
                ],
                "site_web": null,
                "descriptif": null
            }
        },
        {
            "type": "Feature",
            "geometry": {
                "type": "Point",
                "coordinates": [
                    4.318752891748991,
                    50.855119755562214
                ]
            },
            "properties": {
                "prenom": "Jérôme",
                "nom": "Decock",
                "nom_d_artiste_ou_du_groupe_artistique": "LAB(AU)",
                "adresse_courriel": "jerome@lab-au.com",
                "cp": "1080",
                "domaine_s_artistique_s": [
                    "Arts visuels"
                ],
                "sous_domaine_artistique": [
                    "Arts numériques et technologiques"
                ],
                "precision_du_sous_domaine": [
                    "Peinture; Sculpture"
                ],
                "metiers_artistiques": "Artiste plasticien",
                "niveau_x_et_ou_type_s_d_enseignement": [
                    "Niveau fondamental - primaire",
                    "Niveau secondaire - inférieur",
                    "Niveau secondaire - supérieur"
                ],
                "bassin_s_scolaire_s": [
                    "Bruxelles",
                    "Brabant wallon"
                ],
                "type_s_d_intervention_s": [
                    "Rencontre ponctuelle (1 séance d'1 ou 2 heures)"
                ],
                "site_web": null,
                "descriptif": null
            }
        },
        {
            "type": "Feature",
            "geometry": {
                "type": "Point",
                "coordinates": [
                    4.355701499664294,
                    50.693949049009674
                ]
            },
            "properties": {
                "prenom": "Marcella",
                "nom": "Di Troia",
                "nom_d_artiste_ou_du_groupe_artistique": "Black Mirrors",
                "adresse_courriel": "marcelladitroia@gmail.com",
                "cp": "1420",
                "domaine_s_artistique_s": [
                    "Musique"
                ],
                "sous_domaine_artistique": [
                    "Musiques actuelles"
                ],
                "precision_du_sous_domaine": [
                    "Blues; Pop/Rock; Rock dur"
                ],
                "metiers_artistiques": "Chanteur·se, Musicien·ne, Texte: auteur·rice, Musique: compositeur·rice, Musique: arrangements, Scénographie, Vidéo",
                "niveau_x_et_ou_type_s_d_enseignement": [
                    "Niveau fondamental - maternel",
                    "Niveau fondamental - primaire",
                    "Niveau secondaire - inférieur",
                    "Niveau secondaire - supérieur"
                ],
                "bassin_s_scolaire_s": [
                    "Bruxelles",
                    "Brabant wallon",
                    "Hainaut Centre",
                    "Hainaut Sud"
                ],
                "type_s_d_intervention_s": [
                    "Rencontre ponctuelle (1 séance d'1 ou 2 heures)",
                    "Accompagnement de projet (3 à 5 séances de 2 heures chacune)"
                ],
                "site_web": null,
                "descriptif": null
            }
        },
        {
            "type": "Feature",
            "geometry": {
                "type": "Point",
                "coordinates": [
                    4.29266566264007,
                    50.83150217114286
                ]
            },
            "properties": {
                "prenom": "Lucie",
                "nom": "Lefauconnier",
                "nom_d_artiste_ou_du_groupe_artistique": "Lou K",
                "adresse_courriel": "info@lou-k.be",
                "cp": "1070",
                "domaine_s_artistique_s": [
                    "Musique"
                ],
                "sous_domaine_artistique": [
                    "Musiques actuelles"
                ],
                "precision_du_sous_domaine": [
                    "Folk-Trad-World; Chanson et Musique d'expression francophone; Pop/Rock; Rock dur"
                ],
                "metiers_artistiques": "Chanteur·se, Musicien·ne, Texte: auteur·rice, Musique: compositeur·rice",
                "niveau_x_et_ou_type_s_d_enseignement": [
                    "Niveau fondamental - maternel",
                    "Niveau fondamental - primaire",
                    "Niveau secondaire - inférieur",
                    "Niveau secondaire - supérieur"
                ],
                "bassin_s_scolaire_s": [
                    "Bruxelles",
                    "Liège",
                    "Namur"
                ],
                "type_s_d_intervention_s": [
                    "Rencontre ponctuelle (1 séance d'1 ou 2 heures)",
                    "Accompagnement de projet (3 à 5 séances de 2 heures chacune)"
                ],
                "site_web": null,
                "descriptif": null
            }
        },
        {
            "type": "Feature",
            "geometry": {
                "type": "Point",
                "coordinates": [
                    5.560439577436734,
                    50.64762245632328
                ]
            },
            "properties": {
                "prenom": "Mélissa",
                "nom": "Roces Buelga",
                "nom_d_artiste_ou_du_groupe_artistique": "Compagnie HikéNunk",
                "adresse_courriel": "ciehikenunk@gmail.com",
                "cp": "4000",
                "domaine_s_artistique_s": [
                    "Arts vivants"
                ],
                "sous_domaine_artistique": [
                    "Arts forains",
                    "du cirque et de la rue"
                ],
                "precision_du_sous_domaine": [
                    "Arts forains",
                    "du cirque et de la rue adulte et public familial; Arts forains",
                    "du cirque et de la rue jeune public"
                ],
                "metiers_artistiques": "Artiste de cirque - Arts forains",
                "niveau_x_et_ou_type_s_d_enseignement": [
                    "Niveau secondaire - supérieur"
                ],
                "bassin_s_scolaire_s": [
                    "Bruxelles",
                    "Brabant wallon",
                    "Hainaut Centre",
                    "Hainaut Sud",
                    "Wallonie picarde",
                    "Huy Waremme",
                    "Liège",
                    "Verviers",
                    "Namur",
                    "Luxembourg"
                ],
                "type_s_d_intervention_s": [
                    "Accompagnement de projet (3 à 5 séances de 2 heures chacune)"
                ],
                "site_web": null,
                "descriptif": null
            }
        },
        {
            "type": "Feature",
            "geometry": {
                "type": "Point",
                "coordinates": [
                    4.700963588417397,
                    50.63885884080529
                ]
            },
            "properties": {
                "prenom": "Jean",
                "nom": "Litt",
                "nom_d_artiste_ou_du_groupe_artistique": null,
                "adresse_courriel": "jeanlittmusique@gmail.com",
                "cp": "1457",
                "domaine_s_artistique_s": [
                    "Musique"
                ],
                "sous_domaine_artistique": [
                    "Musiques actuelles"
                ],
                "precision_du_sous_domaine": [
                    "Chanson et Musique d'expression francophone"
                ],
                "metiers_artistiques": "Chanteur·se, Comédien·ne, Musicien·ne, Texte: auteur·rice, Musique: compositeur·rice, Musique: arrangements",
                "niveau_x_et_ou_type_s_d_enseignement": [
                    "Niveau fondamental - primaire",
                    "Niveau secondaire - inférieur",
                    "Niveau secondaire - supérieur"
                ],
                "bassin_s_scolaire_s": [
                    "Bruxelles",
                    "Brabant wallon",
                    "Hainaut Centre",
                    "Hainaut Sud",
                    "Huy Waremme",
                    "Liège",
                    "Namur"
                ],
                "type_s_d_intervention_s": [
                    "Rencontre ponctuelle (1 séance d'1 ou 2 heures)",
                    "Accompagnement de projet (3 à 5 séances de 2 heures chacune)"
                ],
                "site_web": null,
                "descriptif": null
            }
        },
        {
            "type": "Feature",
            "geometry": {
                "type": "Point",
                "coordinates": [
                    4.624845694681677,
                    50.58987166003846
                ]
            },
            "properties": {
                "prenom": "Théophile",
                "nom": "Renier",
                "nom_d_artiste_ou_du_groupe_artistique": null,
                "adresse_courriel": "theophile.renier@raginharimusicgroup.com",
                "cp": "1450",
                "domaine_s_artistique_s": [
                    "Musique"
                ],
                "sous_domaine_artistique": [
                    "Musiques actuelles"
                ],
                "precision_du_sous_domaine": [
                    "Chanson et Musique d'expression francophone; Musiques électroniques; Pop/Rock; Musique jeune public"
                ],
                "metiers_artistiques": "Chanteur·se, Musicien·ne, Production édition, Texte: auteur·rice, Texte: adaptation, Musique: compositeur·rice, Musique: arrangements",
                "niveau_x_et_ou_type_s_d_enseignement": [
                    "Niveau fondamental - primaire",
                    "Niveau secondaire - inférieur",
                    "Niveau secondaire - supérieur"
                ],
                "bassin_s_scolaire_s": [
                    "Bruxelles",
                    "Brabant wallon",
                    "Namur"
                ],
                "type_s_d_intervention_s": [
                    "Rencontre ponctuelle (1 séance d'1 ou 2 heures)",
                    "Accompagnement de projet (3 à 5 séances de 2 heures chacune)"
                ],
                "site_web": null,
                "descriptif": null
            }
        },
        {
            "type": "Feature",
            "geometry": {
                "type": "Point",
                "coordinates": [
                    5.560439577436734,
                    50.64762245632328
                ]
            },
            "properties": {
                "prenom": "Estelle",
                "nom": "Bourgeois",
                "nom_d_artiste_ou_du_groupe_artistique": null,
                "adresse_courriel": "estelle.bourgeois@hotmail.be",
                "cp": "4000",
                "domaine_s_artistique_s": [
                    "Musique"
                ],
                "sous_domaine_artistique": [
                    "Musiques actuelles"
                ],
                "precision_du_sous_domaine": [
                    "Folk-Trad-World; Chanson et Musique d'expression francophone; Pop/Rock"
                ],
                "metiers_artistiques": "Chanteur·se, Musicien·ne, Texte: auteur·rice, Texte: adaptation, Musique: compositeur·rice, Musique: arrangements",
                "niveau_x_et_ou_type_s_d_enseignement": [
                    "Niveau fondamental - maternel",
                    "Niveau fondamental - primaire",
                    "Niveau secondaire - inférieur",
                    "Niveau secondaire - supérieur"
                ],
                "bassin_s_scolaire_s": [
                    "Huy Waremme",
                    "Liège",
                    "Verviers"
                ],
                "type_s_d_intervention_s": [
                    "Rencontre ponctuelle (1 séance d'1 ou 2 heures)"
                ],
                "site_web": null,
                "descriptif": null
            }
        },
        {
            "type": "Feature",
            "geometry": {
                "type": "Point",
                "coordinates": [
                    4.325860589138366,
                    50.816704879551345
                ]
            },
            "properties": {
                "prenom": "Baptiste",
                "nom": "Conte",
                "nom_d_artiste_ou_du_groupe_artistique": null,
                "adresse_courriel": "contact@baptisteconte.com",
                "cp": "1190",
                "domaine_s_artistique_s": [
                    "Arts vivants"
                ],
                "sous_domaine_artistique": [
                    "Art chorégraphique"
                ],
                "precision_du_sous_domaine": [
                    "Danse contemporaine"
                ],
                "metiers_artistiques": "Danseur·se, Costumes, Chorégraphie, Mise en scène, Scénographie, Graphisme",
                "niveau_x_et_ou_type_s_d_enseignement": [
                    "Niveau secondaire - supérieur"
                ],
                "bassin_s_scolaire_s": [
                    "Bruxelles",
                    "Brabant wallon",
                    "Hainaut Centre",
                    "Huy Waremme",
                    "Namur"
                ],
                "type_s_d_intervention_s": [
                    "Rencontre ponctuelle (1 séance d'1 ou 2 heures)",
                    "Accompagnement de projet (3 à 5 séances de 2 heures chacune)"
                ],
                "site_web": null,
                "descriptif": null
            }
        },
        {
            "type": "Feature",
            "geometry": {
                "type": "Point",
                "coordinates": [
                    4.343463448726441,
                    50.83044911483679
                ]
            },
            "properties": {
                "prenom": "Cedric",
                "nom": "Le Goulven",
                "nom_d_artiste_ou_du_groupe_artistique": "Le Matahari Kollectif",
                "adresse_courriel": "legoulvencedric@gmail.com",
                "cp": "1060",
                "domaine_s_artistique_s": [
                    "Arts vivants"
                ],
                "sous_domaine_artistique": [
                    "Art dramatique",
                    "Spectacle pluridisciplinaire"
                ],
                "precision_du_sous_domaine": [
                    "Théâtre général; Spectacle pluridisciplinaire"
                ],
                "metiers_artistiques": "Comédien·ne, Metteur en scène, Texte: auteur·rice, Texte: adaptation, Musique: arrangements, Musique: décor sonore, Mise en scène, éclairages: conception, Scénographie, Vidéo",
                "niveau_x_et_ou_type_s_d_enseignement": [
                    "Niveau secondaire - inférieur",
                    "Niveau secondaire - supérieur"
                ],
                "bassin_s_scolaire_s": [
                    "Bruxelles",
                    "Brabant wallon",
                    "Liège"
                ],
                "type_s_d_intervention_s": [
                    "Rencontre ponctuelle (1 séance d'1 ou 2 heures)",
                    "Accompagnement de projet (3 à 5 séances de 2 heures chacune)"
                ],
                "site_web": null,
                "descriptif": null
            }
        },
        {
            "type": "Feature",
            "geometry": {
                "type": "Point",
                "coordinates": [
                    4.376217020664074,
                    50.82661313830635
                ]
            },
            "properties": {
                "prenom": "Andrea",
                "nom": "Bardos",
                "nom_d_artiste_ou_du_groupe_artistique": null,
                "adresse_courriel": "andreabardos@yahoo.fr",
                "cp": "1050",
                "domaine_s_artistique_s": [
                    "Arts vivants"
                ],
                "sous_domaine_artistique": [
                    "Marionnettes",
                    "théâtre d'objets",
                    "théâtre d'ombres"
                ],
                "precision_du_sous_domaine": [
                    "Marionnettes",
                    "théâtre d'objets",
                    "théâtre d'ombres jeune public"
                ],
                "metiers_artistiques": "Comédien·ne, Mise en scène",
                "niveau_x_et_ou_type_s_d_enseignement": [
                    "Niveau secondaire - inférieur",
                    "Niveau secondaire - supérieur"
                ],
                "bassin_s_scolaire_s": [
                    "Bruxelles",
                    "Brabant wallon",
                    "Hainaut Centre",
                    "Hainaut Sud",
                    "Wallonie picarde",
                    "Huy Waremme",
                    "Liège",
                    "Verviers",
                    "Namur",
                    "Luxembourg"
                ],
                "type_s_d_intervention_s": [
                    "Rencontre ponctuelle (1 séance d'1 ou 2 heures)"
                ],
                "site_web": null,
                "descriptif": null
            }
        },
        {
            "type": "Feature",
            "geometry": {
                "type": "Point",
                "coordinates": [
                    4.391869712225169,
                    50.83227128877207
                ]
            },
            "properties": {
                "prenom": "Sophie",
                "nom": "Clerfayt",
                "nom_d_artiste_ou_du_groupe_artistique": "Polypluriel",
                "adresse_courriel": "Clerfaytsophie@gmail.com",
                "cp": "1040",
                "domaine_s_artistique_s": [
                    "Arts vivants"
                ],
                "sous_domaine_artistique": [
                    "Conte"
                ],
                "precision_du_sous_domaine": [
                    "Conte"
                ],
                "metiers_artistiques": "Conteur·se, Texte: auteur·rice, Texte: adaptation, Mise en scène",
                "niveau_x_et_ou_type_s_d_enseignement": [
                    "Niveau fondamental - primaire",
                    "Niveau secondaire - inférieur",
                    "Niveau secondaire - supérieur"
                ],
                "bassin_s_scolaire_s": [
                    "Bruxelles",
                    "Brabant wallon",
                    "Luxembourg"
                ],
                "type_s_d_intervention_s": [
                    "Rencontre ponctuelle (1 séance d'1 ou 2 heures)",
                    "Accompagnement de projet (3 à 5 séances de 2 heures chacune)"
                ],
                "site_web": null,
                "descriptif": null
            }
        },
        {
            "type": "Feature",
            "geometry": {
                "type": "Point",
                "coordinates": [
                    4.343463448726441,
                    50.83044911483679
                ]
            },
            "properties": {
                "prenom": "Pol",
                "nom": "Cliquet",
                "nom_d_artiste_ou_du_groupe_artistique": "Stonks",
                "adresse_courriel": "polcliquet@gmail.com",
                "cp": "1060",
                "domaine_s_artistique_s": [
                    "Musique"
                ],
                "sous_domaine_artistique": [
                    "Musiques actuelles"
                ],
                "precision_du_sous_domaine": [
                    "Pop/Rock"
                ],
                "metiers_artistiques": "Musicien·ne, Musique: compositeur·rice",
                "niveau_x_et_ou_type_s_d_enseignement": [
                    "Niveau fondamental - maternel",
                    "Niveau fondamental - primaire",
                    "Niveau secondaire - inférieur",
                    "Niveau secondaire - supérieur"
                ],
                "bassin_s_scolaire_s": [
                    "Bruxelles",
                    "Brabant wallon",
                    "Hainaut Centre",
                    "Hainaut Sud",
                    "Wallonie picarde",
                    "Huy Waremme",
                    "Liège",
                    "Verviers",
                    "Namur",
                    "Luxembourg"
                ],
                "type_s_d_intervention_s": [
                    "Rencontre ponctuelle (1 séance d'1 ou 2 heures)",
                    "Accompagnement de projet (3 à 5 séances de 2 heures chacune)"
                ],
                "site_web": null,
                "descriptif": null
            }
        },
        {
            "type": "Feature",
            "geometry": {
                "type": "Point",
                "coordinates": [
                    4.350645306371014,
                    50.797511521371305
                ]
            },
            "properties": {
                "prenom": "Théo",
                "nom": "Zipper",
                "nom_d_artiste_ou_du_groupe_artistique": null,
                "adresse_courriel": "theozipper@pm.me",
                "cp": "1180",
                "domaine_s_artistique_s": [
                    "Musique"
                ],
                "sous_domaine_artistique": [
                    "Musique classique et contemporaine"
                ],
                "precision_du_sous_domaine": [
                    "Musique classique et contemporaine (soliste)"
                ],
                "metiers_artistiques": "Musicien·ne, Musique: compositeur·rice, Musique: arrangements, Musique: décor sonore",
                "niveau_x_et_ou_type_s_d_enseignement": [
                    "Niveau fondamental - maternel",
                    "Niveau fondamental - primaire",
                    "Niveau secondaire - inférieur",
                    "Niveau secondaire - supérieur"
                ],
                "bassin_s_scolaire_s": [
                    "Bruxelles"
                ],
                "type_s_d_intervention_s": [
                    "Rencontre ponctuelle (1 séance d'1 ou 2 heures)",
                    "Accompagnement de projet (3 à 5 séances de 2 heures chacune)"
                ],
                "site_web": null,
                "descriptif": null
            }
        },
        {
            "type": "Feature",
            "geometry": {
                "type": "Point",
                "coordinates": [
                    5.560439577436734,
                    50.64762245632328
                ]
            },
            "properties": {
                "prenom": "Mnoian",
                "nom": "Naira",
                "nom_d_artiste_ou_du_groupe_artistique": "Nara Noïan",
                "adresse_courriel": "nara@nara-noian.com",
                "cp": "4000",
                "domaine_s_artistique_s": [
                    "Musique"
                ],
                "sous_domaine_artistique": [
                    "Musique classique et contemporaine",
                    "Musiques actuelles"
                ],
                "precision_du_sous_domaine": [
                    "Folk-Trad-World; Chanson et Musique d'expression francophone"
                ],
                "metiers_artistiques": "Musicien·ne, Conteur·se, productrice, coach vocal, directrice artistique, Texte: auteur·rice, Texte: adaptation, Musique: compositeur·rice, Musique: arrangements, Musique: décor sonore",
                "niveau_x_et_ou_type_s_d_enseignement": [
                    "Niveau fondamental - primaire",
                    "Niveau secondaire - inférieur",
                    "Niveau secondaire - supérieur"
                ],
                "bassin_s_scolaire_s": [
                    "Liège"
                ],
                "type_s_d_intervention_s": [
                    "Rencontre ponctuelle (1 séance d'1 ou 2 heures)",
                    "Accompagnement de projet (3 à 5 séances de 2 heures chacune)"
                ],
                "site_web": null,
                "descriptif": null
            }
        },
        {
            "type": "Feature",
            "geometry": {
                "type": "Point",
                "coordinates": [
                    4.380744543764381,
                    50.86661416180231
                ]
            },
            "properties": {
                "prenom": "Jordi",
                "nom": "Vidal",
                "nom_d_artiste_ou_du_groupe_artistique": "Jordi L. Vidal",
                "adresse_courriel": "bcnbxl@yahoo.fr",
                "cp": "1030",
                "domaine_s_artistique_s": [
                    "Arts vivants"
                ],
                "sous_domaine_artistique": [
                    "Art chorégraphique",
                    "Art dramatique",
                    "Arts forains",
                    "du cirque et de la rue",
                    "Marionnettes",
                    "théâtre d'objets",
                    "théâtre d'ombres"
                ],
                "precision_du_sous_domaine": [
                    "Théâtre général; Théâtre général Jeune Public; Danse contemporaine; Danse jeune public; Arts forains",
                    "du cirque et de la rue adulte et public familial; Arts forains",
                    "du cirque et de la rue jeune public; Marionnettes",
                    "théâtre d'objets",
                    "théâtre d'ombres; Marionnettes",
                    "théâtre d'objets",
                    "théâtre d'ombres jeune public"
                ],
                "metiers_artistiques": "Danseur·se, Manipulateur·rice - marionnettiste, Comédien·ne, Chorégraphie, Mise en scène",
                "niveau_x_et_ou_type_s_d_enseignement": [
                    "Niveau fondamental - primaire",
                    "Niveau secondaire - inférieur",
                    "Niveau secondaire - supérieur"
                ],
                "bassin_s_scolaire_s": [
                    "Bruxelles",
                    "Brabant wallon",
                    "Hainaut Centre",
                    "Hainaut Sud",
                    "Wallonie picarde",
                    "Huy Waremme",
                    "Liège",
                    "Verviers",
                    "Namur",
                    "Luxembourg"
                ],
                "type_s_d_intervention_s": [
                    "Rencontre ponctuelle (1 séance d'1 ou 2 heures)",
                    "Accompagnement de projet (3 à 5 séances de 2 heures chacune)"
                ],
                "site_web": null,
                "descriptif": null
            }
        },
        {
            "type": "Feature",
            "geometry": {
                "type": "Point",
                "coordinates": [
                    4.279118065634292,
                    50.67931892185548
                ]
            },
            "properties": {
                "prenom": "Céline",
                "nom": "Charlier",
                "nom_d_artiste_ou_du_groupe_artistique": null,
                "adresse_courriel": "celine.charlier@hotmail.be",
                "cp": "1440",
                "domaine_s_artistique_s": [
                    "Arts vivants"
                ],
                "sous_domaine_artistique": [
                    "Art dramatique"
                ],
                "precision_du_sous_domaine": [
                    "Théâtre général"
                ],
                "metiers_artistiques": "Mise en scène, Vidéo",
                "niveau_x_et_ou_type_s_d_enseignement": [
                    "Niveau fondamental - maternel",
                    "Niveau fondamental - primaire",
                    "Niveau secondaire - inférieur",
                    "Niveau secondaire - supérieur"
                ],
                "bassin_s_scolaire_s": [
                    "Bruxelles",
                    "Brabant wallon",
                    "Hainaut Centre",
                    "Hainaut Sud",
                    "Wallonie picarde",
                    "Namur"
                ],
                "type_s_d_intervention_s": [
                    "Rencontre ponctuelle (1 séance d'1 ou 2 heures)",
                    "Accompagnement de projet (3 à 5 séances de 2 heures chacune)"
                ],
                "site_web": null,
                "descriptif": null
            }
        },
        {
            "type": "Feature",
            "geometry": {
                "type": "Point",
                "coordinates": [
                    5.62540099838149,
                    50.64228140116468
                ]
            },
            "properties": {
                "prenom": "Michel",
                "nom": "Debrulle",
                "nom_d_artiste_ou_du_groupe_artistique": null,
                "adresse_courriel": "micheldebrulle@gmail.com",
                "cp": "4020",
                "domaine_s_artistique_s": [
                    "Musique"
                ],
                "sous_domaine_artistique": [
                    "Musiques actuelles"
                ],
                "precision_du_sous_domaine": [
                    "Jazz; Musiques urbaines; Pop/Rock; Spectacle musical"
                ],
                "metiers_artistiques": "Musicien·ne, directeur artistique du collectif du lion asbl",
                "niveau_x_et_ou_type_s_d_enseignement": [
                    "Niveau secondaire - inférieur",
                    "Niveau secondaire - supérieur"
                ],
                "bassin_s_scolaire_s": [
                    "Bruxelles",
                    "Brabant wallon",
                    "Hainaut Centre",
                    "Hainaut Sud",
                    "Wallonie picarde",
                    "Huy Waremme",
                    "Liège",
                    "Verviers",
                    "Namur",
                    "Luxembourg"
                ],
                "type_s_d_intervention_s": [
                    "Rencontre ponctuelle (1 séance d'1 ou 2 heures)",
                    "Accompagnement de projet (3 à 5 séances de 2 heures chacune)"
                ],
                "site_web": null,
                "descriptif": null
            }
        },
        {
            "type": "Feature",
            "geometry": {
                "type": "Point",
                "coordinates": [
                    4.401943539411795,
                    50.713830338729835
                ]
            },
            "properties": {
                "prenom": "François",
                "nom": "Dumortier",
                "nom_d_artiste_ou_du_groupe_artistique": null,
                "adresse_courriel": "fd@sganarelle.be",
                "cp": "1410",
                "domaine_s_artistique_s": [
                    "Arts vivants"
                ],
                "sous_domaine_artistique": [
                    "Art dramatique"
                ],
                "precision_du_sous_domaine": [
                    "Théâtre général"
                ],
                "metiers_artistiques": "Texte: auteur·rice, Mise en scène",
                "niveau_x_et_ou_type_s_d_enseignement": [
                    "Niveau secondaire - inférieur",
                    "Niveau secondaire - supérieur"
                ],
                "bassin_s_scolaire_s": [
                    "Brabant wallon",
                    "Hainaut Centre",
                    "Namur"
                ],
                "type_s_d_intervention_s": [
                    "Rencontre ponctuelle (1 séance d'1 ou 2 heures)",
                    "Accompagnement de projet (3 à 5 séances de 2 heures chacune)"
                ],
                "site_web": null,
                "descriptif": null
            }
        },
        {
            "type": "Feature",
            "geometry": {
                "type": "Point",
                "coordinates": [
                    3.989404291246818,
                    50.40329082988078
                ]
            },
            "properties": {
                "prenom": "Sandra",
                "nom": "Nazé",
                "nom_d_artiste_ou_du_groupe_artistique": "Cie Kasanna",
                "adresse_courriel": "sandranaze@kasanna.be",
                "cp": "7022",
                "domaine_s_artistique_s": [
                    "Arts vivants",
                    "Musique"
                ],
                "sous_domaine_artistique": [
                    "Art dramatique",
                    "Musique classique et contemporaine"
                ],
                "precision_du_sous_domaine": [
                    "Théâtre général; Théâtre général Jeune Public; Musique classique et contemporaine (ensemble); Musique classique et contemporaine (soliste)"
                ],
                "metiers_artistiques": "Chanteur·se, Comédien·ne",
                "niveau_x_et_ou_type_s_d_enseignement": [
                    "Niveau fondamental - primaire",
                    "Niveau secondaire - inférieur",
                    "Niveau secondaire - supérieur"
                ],
                "bassin_s_scolaire_s": [
                    "Bruxelles",
                    "Brabant wallon",
                    "Hainaut Centre",
                    "Hainaut Sud",
                    "Wallonie picarde"
                ],
                "type_s_d_intervention_s": [
                    "Rencontre ponctuelle (1 séance d'1 ou 2 heures)",
                    "Accompagnement de projet (3 à 5 séances de 2 heures chacune)"
                ],
                "site_web": null,
                "descriptif": null
            }
        },
        {
            "type": "Feature",
            "geometry": {
                "type": "Point",
                "coordinates": [
                    4.325860589138366,
                    50.816704879551345
                ]
            },
            "properties": {
                "prenom": "Isabelle",
                "nom": "Colassin",
                "nom_d_artiste_ou_du_groupe_artistique": "Semences d'Art",
                "adresse_courriel": "isabellecolassin@msn.com",
                "cp": "1190",
                "domaine_s_artistique_s": [
                    "Arts vivants"
                ],
                "sous_domaine_artistique": [
                    "Art dramatique",
                    "Conte",
                    "Marionnettes",
                    "théâtre d'objets",
                    "théâtre d'ombres"
                ],
                "precision_du_sous_domaine": [
                    "Théâtre général Jeune Public; Conte Jeune Public; Marionnettes",
                    "théâtre d'objets",
                    "théâtre d'ombres jeune public"
                ],
                "metiers_artistiques": "Manipulateur·rice - marionnettiste, Comédien·ne, Conteur·se, Texte: auteur·rice, Texte: adaptation, Mise en scène",
                "niveau_x_et_ou_type_s_d_enseignement": [
                    "Niveau fondamental - maternel",
                    "Niveau fondamental - primaire"
                ],
                "bassin_s_scolaire_s": [
                    "Bruxelles",
                    "Brabant wallon"
                ],
                "type_s_d_intervention_s": [
                    "Rencontre ponctuelle (1 séance d'1 ou 2 heures)",
                    "Accompagnement de projet (3 à 5 séances de 2 heures chacune)"
                ],
                "site_web": null,
                "descriptif": null
            }
        },
        {
            "type": "Feature",
            "geometry": {
                "type": "Point",
                "coordinates": [
                    5.62540099838149,
                    50.64228140116468
                ]
            },
            "properties": {
                "prenom": "Cécile",
                "nom": "Gonay",
                "nom_d_artiste_ou_du_groupe_artistique": "Seesayle",
                "adresse_courriel": "seesayle@gmail.com",
                "cp": "4020",
                "domaine_s_artistique_s": [
                    "Musique"
                ],
                "sous_domaine_artistique": [
                    "Musiques actuelles"
                ],
                "precision_du_sous_domaine": [
                    "Chanson et Musique d'expression francophone; Pop/Rock"
                ],
                "metiers_artistiques": "Musicien·ne, Texte: auteur·rice, Musique: compositeur·rice, Musique: arrangements",
                "niveau_x_et_ou_type_s_d_enseignement": [
                    "Niveau secondaire - supérieur"
                ],
                "bassin_s_scolaire_s": [
                    "Bruxelles",
                    "Huy Waremme",
                    "Liège",
                    "Verviers",
                    "Namur",
                    "Luxembourg"
                ],
                "type_s_d_intervention_s": [
                    "Rencontre ponctuelle (1 séance d'1 ou 2 heures)"
                ],
                "site_web": null,
                "descriptif": null
            }
        },
        {
            "type": "Feature",
            "geometry": {
                "type": "Point",
                "coordinates": [
                    4.392339883209628,
                    50.900317322371656
                ]
            },
            "properties": {
                "prenom": "Benjamin",
                "nom": "Mouchette",
                "nom_d_artiste_ou_du_groupe_artistique": "NAR",
                "adresse_courriel": "hello@collectifnar.com",
                "cp": "1120",
                "domaine_s_artistique_s": [
                    "Arts vivants"
                ],
                "sous_domaine_artistique": [
                    "Art dramatique",
                    "Arts forains",
                    "du cirque et de la rue",
                    "Conte",
                    "Marionnettes",
                    "théâtre d'objets",
                    "théâtre d'ombres",
                    "Spectacle pluridisciplinaire"
                ],
                "precision_du_sous_domaine": [
                    "Théâtre général; Théâtre général Jeune Public; Arts forains",
                    "du cirque et de la rue adulte et public familial; Arts forains",
                    "du cirque et de la rue jeune public; Conte; Conte Jeune Public; Marionnettes",
                    "théâtre d'objets",
                    "théâtre d'ombres; Marionnettes",
                    "théâtre d'objets",
                    "théâtre d'ombres jeune public; Spectacle pluridisciplinaire; Spectacle pluridisciplinaire Jeune Public"
                ],
                "metiers_artistiques": "Artiste de cirque - Arts forains, Artiste plasticien·ne, Chanteur·se, Manipulateur·rice - marionnettiste, Comédien·ne, Musicien·ne, Conteur·se, Texte: auteur·rice, Masques, Accessoires, Marionnettes, Scénographie, Graphisme, Décors",
                "niveau_x_et_ou_type_s_d_enseignement": [
                    "Niveau fondamental - primaire",
                    "Niveau secondaire - inférieur",
                    "Niveau secondaire - supérieur"
                ],
                "bassin_s_scolaire_s": [
                    "Bruxelles"
                ],
                "type_s_d_intervention_s": [
                    "Rencontre ponctuelle (1 séance d'1 ou 2 heures)",
                    "Accompagnement de projet (3 à 5 séances de 2 heures chacune)"
                ],
                "site_web": null,
                "descriptif": null
            }
        },
        {
            "type": "Feature",
            "geometry": {
                "type": "Point",
                "coordinates": [
                    4.380744543764381,
                    50.86661416180231
                ]
            },
            "properties": {
                "prenom": "Toine",
                "nom": "Thys",
                "nom_d_artiste_ou_du_groupe_artistique": null,
                "adresse_courriel": "info@toinethys.com",
                "cp": "1030",
                "domaine_s_artistique_s": [
                    "Musique"
                ],
                "sous_domaine_artistique": [
                    "Musiques actuelles"
                ],
                "precision_du_sous_domaine": [
                    "Jazz"
                ],
                "metiers_artistiques": "Musicien·ne, Musique: compositeur·rice",
                "niveau_x_et_ou_type_s_d_enseignement": [
                    "Niveau secondaire - inférieur",
                    "Niveau secondaire - supérieur"
                ],
                "bassin_s_scolaire_s": [
                    "Bruxelles",
                    "Brabant wallon"
                ],
                "type_s_d_intervention_s": [
                    "Rencontre ponctuelle (1 séance d'1 ou 2 heures)"
                ],
                "site_web": null,
                "descriptif": null
            }
        },
        {
            "type": "Feature",
            "geometry": {
                "type": "Point",
                "coordinates": [
                    5.368440116313818,
                    49.71918532762751
                ]
            },
            "properties": {
                "prenom": "Laurie",
                "nom": "Jedwab",
                "nom_d_artiste_ou_du_groupe_artistique": "Compagnie Scraboutcha",
                "adresse_courriel": "scraboutcha@collectifs.net",
                "cp": "6810",
                "domaine_s_artistique_s": [
                    "Arts vivants"
                ],
                "sous_domaine_artistique": [
                    "Marionnettes",
                    "théâtre d'objets",
                    "théâtre d'ombres"
                ],
                "precision_du_sous_domaine": [
                    "Marionnettes",
                    "théâtre d'objets",
                    "théâtre d'ombres jeune public"
                ],
                "metiers_artistiques": "Artiste de cirque - Arts forains, Manipulateur·rice - marionnettiste, Comédien·ne",
                "niveau_x_et_ou_type_s_d_enseignement": [
                    "Niveau fondamental - primaire"
                ],
                "bassin_s_scolaire_s": [
                    "Luxembourg"
                ],
                "type_s_d_intervention_s": [
                    "Rencontre ponctuelle (1 séance d'1 ou 2 heures)"
                ],
                "site_web": null,
                "descriptif": null
            }
        },
        {
            "type": "Feature",
            "geometry": {
                "type": "Point",
                "coordinates": [
                    4.325860589138366,
                    50.816704879551345
                ]
            },
            "properties": {
                "prenom": "Lorena",
                "nom": "Spindler",
                "nom_d_artiste_ou_du_groupe_artistique": null,
                "adresse_courriel": "lorenaspindlerpro@gmail.com",
                "cp": "1190",
                "domaine_s_artistique_s": [
                    "Arts vivants"
                ],
                "sous_domaine_artistique": [
                    "Art chorégraphique",
                    "Art dramatique",
                    "Spectacle pluridisciplinaire"
                ],
                "precision_du_sous_domaine": [
                    "Théâtre général; Danse contemporaine; Danse urbaine; Spectacle pluridisciplinaire; Spectacle pluridisciplinaire Jeune Public"
                ],
                "metiers_artistiques": "Texte: auteur·rice, Chorégraphie, Mise en scène",
                "niveau_x_et_ou_type_s_d_enseignement": [
                    "Niveau secondaire - supérieur"
                ],
                "bassin_s_scolaire_s": [
                    "Bruxelles"
                ],
                "type_s_d_intervention_s": [
                    "Rencontre ponctuelle (1 séance d'1 ou 2 heures)",
                    "Accompagnement de projet (3 à 5 séances de 2 heures chacune)"
                ],
                "site_web": null,
                "descriptif": null
            }
        },
        {
            "type": "Feature",
            "geometry": {
                "type": "Point",
                "coordinates": [
                    4.838583582764899,
                    50.726088836722234
                ]
            },
            "properties": {
                "prenom": "Maxime",
                "nom": "Membrive",
                "nom_d_artiste_ou_du_groupe_artistique": "Cie QjsGe , Cie Charlie",
                "adresse_courriel": "maxime@compagniecharlie.be",
                "cp": "1370",
                "domaine_s_artistique_s": [
                    "Arts vivants"
                ],
                "sous_domaine_artistique": [
                    "Arts forains",
                    "du cirque et de la rue"
                ],
                "precision_du_sous_domaine": [
                    "Arts forains",
                    "du cirque et de la rue adulte et public familial"
                ],
                "metiers_artistiques": "Artiste de cirque - Arts forains, Comédien·ne, Texte: auteur·rice, Accessoires, Marionnettes, Mise en scène, Scénographie, Décors",
                "niveau_x_et_ou_type_s_d_enseignement": [
                    "Niveau fondamental - primaire",
                    "Niveau secondaire - inférieur",
                    "Niveau secondaire - supérieur"
                ],
                "bassin_s_scolaire_s": [
                    "Bruxelles",
                    "Brabant wallon",
                    "Huy Waremme"
                ],
                "type_s_d_intervention_s": [
                    "Rencontre ponctuelle (1 séance d'1 ou 2 heures)",
                    "Accompagnement de projet (3 à 5 séances de 2 heures chacune)"
                ],
                "site_web": null,
                "descriptif": null
            }
        },
        {
            "type": "Feature",
            "geometry": {
                "type": "Point",
                "coordinates": [
                    5.560439577436734,
                    50.64762245632328
                ]
            },
            "properties": {
                "prenom": "Bénédicte",
                "nom": "Massenaux",
                "nom_d_artiste_ou_du_groupe_artistique": "Ensemble Filia",
                "adresse_courriel": "benedictemassenaux@gmail.com",
                "cp": "4000",
                "domaine_s_artistique_s": [
                    "Musique"
                ],
                "sous_domaine_artistique": [
                    "Musique classique et contemporaine"
                ],
                "precision_du_sous_domaine": [
                    "Musique classique et contemporaine (ensemble)"
                ],
                "metiers_artistiques": "Musicien·ne, Texte: auteur·rice, Texte: adaptation, Musique: arrangements, Musique: décor sonore, Accessoires, Mise en scène",
                "niveau_x_et_ou_type_s_d_enseignement": [
                    "Niveau fondamental - maternel",
                    "Niveau fondamental - primaire"
                ],
                "bassin_s_scolaire_s": [
                    "Huy Waremme",
                    "Liège",
                    "Verviers"
                ],
                "type_s_d_intervention_s": [
                    "Rencontre ponctuelle (1 séance d'1 ou 2 heures)"
                ],
                "site_web": null,
                "descriptif": null
            }
        },
        {
            "type": "Feature",
            "geometry": {
                "type": "Point",
                "coordinates": [
                    5.560439577436734,
                    50.64762245632328
                ]
            },
            "properties": {
                "prenom": "Morgane",
                "nom": "Prohaczka",
                "nom_d_artiste_ou_du_groupe_artistique": "Slouchaï",
                "adresse_courriel": "morgane@kyoka.be",
                "cp": "4000",
                "domaine_s_artistique_s": [
                    "Arts vivants"
                ],
                "sous_domaine_artistique": [
                    "Art chorégraphique",
                    "Marionnettes",
                    "théâtre d'objets",
                    "théâtre d'ombres"
                ],
                "precision_du_sous_domaine": [
                    "Danse jeune public; Marionnettes",
                    "théâtre d'objets",
                    "théâtre d'ombres jeune public"
                ],
                "metiers_artistiques": "artiste pluridisciplinaire, Marionnettes, Scénographie, Décors",
                "niveau_x_et_ou_type_s_d_enseignement": [
                    "Niveau fondamental - maternel",
                    "Niveau fondamental - primaire"
                ],
                "bassin_s_scolaire_s": [
                    "Liège"
                ],
                "type_s_d_intervention_s": [
                    "Rencontre ponctuelle (1 séance d'1 ou 2 heures)",
                    "Accompagnement de projet (3 à 5 séances de 2 heures chacune)"
                ],
                "site_web": null,
                "descriptif": null
            }
        },
        {
            "type": "Feature",
            "geometry": {
                "type": "Point",
                "coordinates": [
                    4.350645306371014,
                    50.797511521371305
                ]
            },
            "properties": {
                "prenom": "Laurent",
                "nom": "Stelleman",
                "nom_d_artiste_ou_du_groupe_artistique": null,
                "adresse_courriel": "laurentstelleman@gmail.com",
                "cp": "1180",
                "domaine_s_artistique_s": [
                    "Musique"
                ],
                "sous_domaine_artistique": [
                    "Musiques actuelles"
                ],
                "precision_du_sous_domaine": [
                    "Blues; Jazz; Chanson et Musique d'expression francophone; Musiques électroniques; Pop/Rock; Rock dur; Spectacle musical"
                ],
                "metiers_artistiques": "Musicien·ne, Musique: compositeur·rice, Musique: arrangements, Musique: décor sonore",
                "niveau_x_et_ou_type_s_d_enseignement": [
                    "Niveau secondaire - inférieur",
                    "Niveau secondaire - supérieur"
                ],
                "bassin_s_scolaire_s": [
                    "Bruxelles",
                    "Brabant wallon",
                    "Namur"
                ],
                "type_s_d_intervention_s": [
                    "Rencontre ponctuelle (1 séance d'1 ou 2 heures)",
                    "Accompagnement de projet (3 à 5 séances de 2 heures chacune)"
                ],
                "site_web": null,
                "descriptif": null
            }
        },
        {
            "type": "Feature",
            "geometry": {
                "type": "Point",
                "coordinates": [
                    4.380744543764381,
                    50.86661416180231
                ]
            },
            "properties": {
                "prenom": "Noémie",
                "nom": "Crosse",
                "nom_d_artiste_ou_du_groupe_artistique": "Boîte à Clous",
                "adresse_courriel": "noemiecrosse@gmail.com",
                "cp": "1030",
                "domaine_s_artistique_s": [
                    "Arts vivants"
                ],
                "sous_domaine_artistique": [
                    "Marionnettes",
                    "théâtre d'objets",
                    "théâtre d'ombres",
                    "Spectacle pluridisciplinaire"
                ],
                "precision_du_sous_domaine": [
                    "Marionnettes",
                    "théâtre d'objets",
                    "théâtre d'ombres; Marionnettes",
                    "théâtre d'objets",
                    "théâtre d'ombres jeune public; Spectacle pluridisciplinaire; Spectacle pluridisciplinaire Jeune Public"
                ],
                "metiers_artistiques": "Artiste plasticien·ne, Manipulateur·rice - marionnettiste, Costumes, Accessoires, Marionnettes, Scénographie",
                "niveau_x_et_ou_type_s_d_enseignement": [
                    "Niveau fondamental - primaire",
                    "Niveau secondaire - supérieur"
                ],
                "bassin_s_scolaire_s": [
                    "Bruxelles"
                ],
                "type_s_d_intervention_s": [
                    "Accompagnement de projet (3 à 5 séances de 2 heures chacune)"
                ],
                "site_web": null,
                "descriptif": null
            }
        },
        {
            "type": "Feature",
            "geometry": {
                "type": "Point",
                "coordinates": [
                    4.3107534979170286,
                    50.8762943496576
                ]
            },
            "properties": {
                "prenom": "Iota",
                "nom": "Gaganas",
                "nom_d_artiste_ou_du_groupe_artistique": null,
                "adresse_courriel": "ciefriteetmoussaka@gmx.com",
                "cp": "1083",
                "domaine_s_artistique_s": [
                    "Arts vivants"
                ],
                "sous_domaine_artistique": [
                    "Art dramatique",
                    "Conte",
                    "Marionnettes",
                    "théâtre d'objets",
                    "théâtre d'ombres",
                    "Spectacle pluridisciplinaire"
                ],
                "precision_du_sous_domaine": [
                    "Théâtre général; Théâtre général Jeune Public; Conte; Conte Jeune Public; Marionnettes",
                    "théâtre d'objets",
                    "théâtre d'ombres jeune public; Spectacle pluridisciplinaire; Spectacle pluridisciplinaire Jeune Public"
                ],
                "metiers_artistiques": "Manipulateur·rice - marionnettiste, Comédien·ne, Conteur·se, Texte: auteur·rice, Texte: adaptation, Marionnettes, Mise en scène, Scénographie",
                "niveau_x_et_ou_type_s_d_enseignement": [
                    "Niveau fondamental - maternel",
                    "Niveau fondamental - primaire"
                ],
                "bassin_s_scolaire_s": [
                    "Bruxelles",
                    "Liège",
                    "Namur",
                    "Luxembourg"
                ],
                "type_s_d_intervention_s": [
                    "Rencontre ponctuelle (1 séance d'1 ou 2 heures)"
                ],
                "site_web": null,
                "descriptif": null
            }
        },
        {
            "type": "Feature",
            "geometry": {
                "type": "Point",
                "coordinates": [
                    4.325860589138366,
                    50.816704879551345
                ]
            },
            "properties": {
                "prenom": "Stéphane",
                "nom": "Mercier",
                "nom_d_artiste_ou_du_groupe_artistique": null,
                "adresse_courriel": "stepmercier@gmail.com",
                "cp": "1190",
                "domaine_s_artistique_s": [
                    "Musique"
                ],
                "sous_domaine_artistique": [
                    "Musiques actuelles"
                ],
                "precision_du_sous_domaine": [
                    "Jazz"
                ],
                "metiers_artistiques": "Musicien·ne, Musique: compositeur·rice, Musique: arrangements",
                "niveau_x_et_ou_type_s_d_enseignement": [
                    "Niveau fondamental - primaire",
                    "Niveau secondaire - inférieur",
                    "Niveau secondaire - supérieur"
                ],
                "bassin_s_scolaire_s": [
                    "Bruxelles",
                    "Brabant wallon",
                    "Hainaut Centre",
                    "Hainaut Sud",
                    "Wallonie picarde",
                    "Huy Waremme",
                    "Liège",
                    "Verviers",
                    "Namur",
                    "Luxembourg"
                ],
                "type_s_d_intervention_s": [
                    "Rencontre ponctuelle (1 séance d'1 ou 2 heures)",
                    "Accompagnement de projet (3 à 5 séances de 2 heures chacune)"
                ],
                "site_web": null,
                "descriptif": null
            }
        },
        {
            "type": "Feature",
            "geometry": {
                "type": "Point",
                "coordinates": [
                    4.391869712225169,
                    50.83227128877207
                ]
            },
            "properties": {
                "prenom": "Lionel",
                "nom": "Robyr",
                "nom_d_artiste_ou_du_groupe_artistique": "K.A.R.L.",
                "adresse_courriel": "lionel.robyr@gmail.com",
                "cp": "1040",
                "domaine_s_artistique_s": [
                    "Arts vivants"
                ],
                "sous_domaine_artistique": [
                    "Art dramatique",
                    "Conte",
                    "Spectacle pluridisciplinaire"
                ],
                "precision_du_sous_domaine": [
                    "Théâtre général; Théâtre général Jeune Public; Conte; Spectacle pluridisciplinaire; Spectacle pluridisciplinaire Jeune Public"
                ],
                "metiers_artistiques": "Comédien·ne, Conteur·se, Texte: auteur·rice, Texte: adaptation, Mise en scène",
                "niveau_x_et_ou_type_s_d_enseignement": [
                    "Niveau fondamental - primaire",
                    "Niveau secondaire - inférieur",
                    "Niveau secondaire - supérieur"
                ],
                "bassin_s_scolaire_s": [
                    "Bruxelles",
                    "Brabant wallon",
                    "Hainaut Centre",
                    "Huy Waremme",
                    "Liège",
                    "Namur"
                ],
                "type_s_d_intervention_s": [
                    "Rencontre ponctuelle (1 séance d'1 ou 2 heures)"
                ],
                "site_web": null,
                "descriptif": null
            }
        },
        {
            "type": "Feature",
            "geometry": {
                "type": "Point",
                "coordinates": [
                    4.325860589138366,
                    50.816704879551345
                ]
            },
            "properties": {
                "prenom": "Julien",
                "nom": "Tassin",
                "nom_d_artiste_ou_du_groupe_artistique": null,
                "adresse_courriel": "Julientassin@hotmail.com",
                "cp": "1190",
                "domaine_s_artistique_s": [
                    "Musique"
                ],
                "sous_domaine_artistique": [
                    "Musiques actuelles"
                ],
                "precision_du_sous_domaine": [
                    "Blues; Folk-Trad-World; Jazz"
                ],
                "metiers_artistiques": "Musicien·ne, Musique: compositeur·rice, Musique: arrangements",
                "niveau_x_et_ou_type_s_d_enseignement": [
                    "Niveau fondamental - primaire",
                    "Niveau secondaire - inférieur",
                    "Niveau secondaire - supérieur"
                ],
                "bassin_s_scolaire_s": [
                    "Bruxelles",
                    "Brabant wallon",
                    "Wallonie picarde",
                    "Namur"
                ],
                "type_s_d_intervention_s": [
                    "Rencontre ponctuelle (1 séance d'1 ou 2 heures)"
                ],
                "site_web": null,
                "descriptif": null
            }
        },
        {
            "type": "Feature",
            "geometry": {
                "type": "Point",
                "coordinates": [
                    4.318752891748991,
                    50.855119755562214
                ]
            },
            "properties": {
                "prenom": "Laurette",
                "nom": "Atrux-Tallau",
                "nom_d_artiste_ou_du_groupe_artistique": null,
                "adresse_courriel": "latruxtallau@yahoo.com",
                "cp": "1080",
                "domaine_s_artistique_s": [
                    "Arts visuels"
                ],
                "sous_domaine_artistique": [
                    "Dessin",
                    "Illustration"
                ],
                "precision_du_sous_domaine": [
                    "Peinture; Photographie; Sculpture"
                ],
                "metiers_artistiques": "Artiste plasticien",
                "niveau_x_et_ou_type_s_d_enseignement": [
                    "Niveau fondamental - maternel",
                    "Niveau fondamental - primaire",
                    "Niveau secondaire - inférieur",
                    "Niveau secondaire - supérieur"
                ],
                "bassin_s_scolaire_s": [
                    "Bruxelles"
                ],
                "type_s_d_intervention_s": [
                    "Rencontre ponctuelle (1 séance d'1 ou 2 heures)",
                    "Accompagnement de projet (3 à 5 séances de 2 heures chacune)"
                ],
                "site_web": null,
                "descriptif": null
            }
        },
        {
            "type": "Feature",
            "geometry": {
                "type": "Point",
                "coordinates": [
                    5.428970512314142,
                    50.59441601718158
                ]
            },
            "properties": {
                "prenom": "Jean-Philippe",
                "nom": "Jacob",
                "nom_d_artiste_ou_du_groupe_artistique": "Lost In Between",
                "adresse_courriel": "we.are.lost.in.between@gmail.com",
                "cp": "4400",
                "domaine_s_artistique_s": [
                    "Musique"
                ],
                "sous_domaine_artistique": [
                    "Musiques actuelles"
                ],
                "precision_du_sous_domaine": [
                    "Rock dur"
                ],
                "metiers_artistiques": "Musicien·ne, Musique: compositeur·rice, Musique: arrangements, Musique: décor sonore, Mise en scène, Graphisme, Vidéo",
                "niveau_x_et_ou_type_s_d_enseignement": [
                    "Niveau secondaire - inférieur",
                    "Niveau secondaire - supérieur"
                ],
                "bassin_s_scolaire_s": [
                    "Huy Waremme",
                    "Liège",
                    "Verviers",
                    "Namur",
                    "Luxembourg"
                ],
                "type_s_d_intervention_s": [
                    "Rencontre ponctuelle (1 séance d'1 ou 2 heures)",
                    "Accompagnement de projet (3 à 5 séances de 2 heures chacune)"
                ],
                "site_web": null,
                "descriptif": null
            }
        },
        {
            "type": "Feature",
            "geometry": {
                "type": "Point",
                "coordinates": [
                    5.01672795753093,
                    50.61981998419341
                ]
            },
            "properties": {
                "prenom": "Simon",
                "nom": "Laffineur",
                "nom_d_artiste_ou_du_groupe_artistique": "Trio Chansons d'Enfance",
                "adresse_courriel": "simon.laffineur@gmail.com",
                "cp": "4219",
                "domaine_s_artistique_s": [
                    "Musique"
                ],
                "sous_domaine_artistique": [
                    "Musiques actuelles"
                ],
                "precision_du_sous_domaine": [
                    "Chanson et Musique d'expression francophone; Musique jeune public; Spectacle musical"
                ],
                "metiers_artistiques": "Chanteur·se, Musicien·ne, Texte: auteur·rice, Musique: compositeur·rice, Musique: arrangements, Scénographie",
                "niveau_x_et_ou_type_s_d_enseignement": [
                    "Niveau fondamental - maternel",
                    "Niveau fondamental - primaire"
                ],
                "bassin_s_scolaire_s": [
                    "Bruxelles",
                    "Brabant wallon",
                    "Hainaut Centre",
                    "Hainaut Sud",
                    "Wallonie picarde",
                    "Huy Waremme",
                    "Liège",
                    "Verviers",
                    "Namur",
                    "Luxembourg"
                ],
                "type_s_d_intervention_s": [
                    "Rencontre ponctuelle (1 séance d'1 ou 2 heures)"
                ],
                "site_web": null,
                "descriptif": null
            }
        },
        {
            "type": "Feature",
            "geometry": {
                "type": "Point",
                "coordinates": [
                    4.535622580947082,
                    50.351081839126245
                ]
            },
            "properties": {
                "prenom": "Catherine",
                "nom": "Jandrain",
                "nom_d_artiste_ou_du_groupe_artistique": null,
                "adresse_courriel": "catherinePjandrain@gmail.com",
                "cp": "6280",
                "domaine_s_artistique_s": [
                    "Arts vivants"
                ],
                "sous_domaine_artistique": [
                    "Art dramatique"
                ],
                "precision_du_sous_domaine": [
                    "Théâtre général"
                ],
                "metiers_artistiques": "Comédien·ne, Texte: auteur·rice",
                "niveau_x_et_ou_type_s_d_enseignement": [
                    "Niveau fondamental - maternel",
                    "Niveau fondamental - primaire",
                    "Niveau secondaire - inférieur",
                    "Niveau secondaire - supérieur"
                ],
                "bassin_s_scolaire_s": [
                    "Bruxelles",
                    "Brabant wallon",
                    "Hainaut Centre",
                    "Hainaut Sud",
                    "Wallonie picarde",
                    "Huy Waremme",
                    "Liège",
                    "Verviers",
                    "Namur",
                    "Luxembourg"
                ],
                "type_s_d_intervention_s": [
                    "Rencontre ponctuelle (1 séance d'1 ou 2 heures)",
                    "Accompagnement de projet (3 à 5 séances de 2 heures chacune)"
                ],
                "site_web": null,
                "descriptif": null
            }
        },
        {
            "type": "Feature",
            "geometry": {
                "type": "Point",
                "coordinates": [
                    4.350645306371014,
                    50.797511521371305
                ]
            },
            "properties": {
                "prenom": "Anna",
                "nom": "Raimondo",
                "nom_d_artiste_ou_du_groupe_artistique": null,
                "adresse_courriel": "studioannaraimondo@gmail.com",
                "cp": "1180",
                "domaine_s_artistique_s": [
                    "Arts visuels"
                ],
                "sous_domaine_artistique": [
                    "Arts numériques et technologiques"
                ],
                "precision_du_sous_domaine": [
                    "Vidéo d'art"
                ],
                "metiers_artistiques": "Artiste plasticien, Curateur, artiste sonore et podcasteuse",
                "niveau_x_et_ou_type_s_d_enseignement": [
                    "Niveau fondamental - maternel",
                    "Niveau fondamental - primaire",
                    "Niveau secondaire - inférieur",
                    "Niveau secondaire - supérieur"
                ],
                "bassin_s_scolaire_s": [
                    "Bruxelles",
                    "Brabant wallon"
                ],
                "type_s_d_intervention_s": [
                    "Rencontre ponctuelle (1 séance d'1 ou 2 heures)",
                    "Accompagnement de projet (3 à 5 séances de 2 heures chacune)"
                ],
                "site_web": null,
                "descriptif": null
            }
        },
        {
            "type": "Feature",
            "geometry": {
                "type": "Point",
                "coordinates": [
                    4.35012989814735,
                    50.8475911319432
                ]
            },
            "properties": {
                "prenom": "Ludwine",
                "nom": "Deblon",
                "nom_d_artiste_ou_du_groupe_artistique": null,
                "adresse_courriel": "ludwine.deblon2@gmail.com",
                "cp": "1000",
                "domaine_s_artistique_s": [
                    "Arts vivants"
                ],
                "sous_domaine_artistique": [
                    "Conte",
                    "Marionnettes",
                    "théâtre d'objets",
                    "théâtre d'ombres"
                ],
                "precision_du_sous_domaine": [
                    "Conte; Conte Jeune Public; Marionnettes",
                    "théâtre d'objets",
                    "théâtre d'ombres; Marionnettes",
                    "théâtre d'objets",
                    "théâtre d'ombres jeune public"
                ],
                "metiers_artistiques": "Manipulateur·rice - marionnettiste, Conteur·se, Texte: auteur·rice, Marionnettes, Mise en scène",
                "niveau_x_et_ou_type_s_d_enseignement": [
                    "Niveau fondamental - primaire",
                    "Niveau secondaire - inférieur",
                    "Niveau secondaire - supérieur"
                ],
                "bassin_s_scolaire_s": [
                    "Bruxelles",
                    "Brabant wallon",
                    "Hainaut Centre",
                    "Hainaut Sud",
                    "Wallonie picarde",
                    "Huy Waremme",
                    "Liège",
                    "Verviers",
                    "Namur",
                    "Luxembourg"
                ],
                "type_s_d_intervention_s": [
                    "Rencontre ponctuelle (1 séance d'1 ou 2 heures)",
                    "Accompagnement de projet (3 à 5 séances de 2 heures chacune)"
                ],
                "site_web": null,
                "descriptif": null
            }
        },
        {
            "type": "Feature",
            "geometry": {
                "type": "Point",
                "coordinates": [
                    5.641231095383231,
                    50.52098608711742
                ]
            },
            "properties": {
                "prenom": "Christophe",
                "nom": "Waeytens",
                "nom_d_artiste_ou_du_groupe_artistique": "Gregoire Gerstmans",
                "adresse_courriel": "christophe@granvia.be",
                "cp": "4140",
                "domaine_s_artistique_s": [
                    "Musique"
                ],
                "sous_domaine_artistique": [
                    "Musique classique et contemporaine"
                ],
                "precision_du_sous_domaine": [
                    "Musique classique et contemporaine (soliste)"
                ],
                "metiers_artistiques": "Musicien·ne, Musique: compositeur·rice",
                "niveau_x_et_ou_type_s_d_enseignement": [
                    "Niveau fondamental - maternel",
                    "Niveau fondamental - primaire",
                    "Niveau secondaire - inférieur",
                    "Niveau secondaire - supérieur"
                ],
                "bassin_s_scolaire_s": [
                    "Bruxelles",
                    "Brabant wallon",
                    "Hainaut Centre",
                    "Hainaut Sud",
                    "Wallonie picarde",
                    "Huy Waremme",
                    "Liège",
                    "Verviers",
                    "Namur",
                    "Luxembourg"
                ],
                "type_s_d_intervention_s": [
                    "Rencontre ponctuelle (1 séance d'1 ou 2 heures)",
                    "Accompagnement de projet (3 à 5 séances de 2 heures chacune)"
                ],
                "site_web": null,
                "descriptif": null
            }
        },
        {
            "type": "Feature",
            "geometry": {
                "type": "Point",
                "coordinates": [
                    4.343463448726441,
                    50.83044911483679
                ]
            },
            "properties": {
                "prenom": "Jerome",
                "nom": "Hauptman",
                "nom_d_artiste_ou_du_groupe_artistique": "Haupstudio Collectif",
                "adresse_courriel": "studiohaup@gmail.com",
                "cp": "1060",
                "domaine_s_artistique_s": [
                    "Arts vivants"
                ],
                "sous_domaine_artistique": [
                    "Art dramatique",
                    "Conte",
                    "Spectacle pluridisciplinaire"
                ],
                "precision_du_sous_domaine": [
                    "Théâtre général; Théâtre général Jeune Public; Théâtre action; Théâtre action Jeune Public; Spectacle d'improvisation; Conte; Conte Jeune Public; Spectacle pluridisciplinaire; Spectacle pluridisciplinaire Jeune Public"
                ],
                "metiers_artistiques": "Humoriste, Comédien·ne, Texte: auteur·rice, Costumes, Texte: adaptation, Accessoires, Mise en scène, éclairages: conception, Scénographie, Graphisme, Décors, Vidéo",
                "niveau_x_et_ou_type_s_d_enseignement": [
                    "Niveau fondamental - primaire",
                    "Niveau secondaire - inférieur",
                    "Niveau secondaire - supérieur"
                ],
                "bassin_s_scolaire_s": [
                    "Bruxelles",
                    "Brabant wallon",
                    "Hainaut Centre",
                    "Hainaut Sud",
                    "Wallonie picarde",
                    "Huy Waremme",
                    "Liège",
                    "Verviers",
                    "Namur"
                ],
                "type_s_d_intervention_s": [
                    "Rencontre ponctuelle (1 séance d'1 ou 2 heures)",
                    "Accompagnement de projet (3 à 5 séances de 2 heures chacune)"
                ],
                "site_web": null,
                "descriptif": null
            }
        },
        {
            "type": "Feature",
            "geometry": {
                "type": "Point",
                "coordinates": [
                    4.335443719662361,
                    50.770204809258615
                ]
            },
            "properties": {
                "prenom": "Emily",
                "nom": "Allison",
                "nom_d_artiste_ou_du_groupe_artistique": null,
                "adresse_courriel": "emily.j.allison@gmail.com",
                "cp": "1630",
                "domaine_s_artistique_s": [
                    "Musique"
                ],
                "sous_domaine_artistique": [
                    "Musiques actuelles"
                ],
                "precision_du_sous_domaine": [
                    "Jazz; Pop/Rock"
                ],
                "metiers_artistiques": "Chanteur·se",
                "niveau_x_et_ou_type_s_d_enseignement": [
                    "Niveau fondamental - primaire"
                ],
                "bassin_s_scolaire_s": [
                    "Bruxelles"
                ],
                "type_s_d_intervention_s": [
                    "Rencontre ponctuelle (1 séance d'1 ou 2 heures)",
                    "Accompagnement de projet (3 à 5 séances de 2 heures chacune)"
                ],
                "site_web": null,
                "descriptif": null
            }
        },
        {
            "type": "Feature",
            "geometry": {
                "type": "Point",
                "coordinates": [
                    4.8650544250430565,
                    50.463078674381016
                ]
            },
            "properties": {
                "prenom": "Valentin",
                "nom": "Demarcin",
                "nom_d_artiste_ou_du_groupe_artistique": "La Fraude",
                "adresse_courriel": "valentin@lafraude.be",
                "cp": "5000",
                "domaine_s_artistique_s": [
                    "Arts vivants"
                ],
                "sous_domaine_artistique": [
                    "Art dramatique",
                    "Arts forains",
                    "du cirque et de la rue",
                    "Marionnettes",
                    "théâtre d'objets",
                    "théâtre d'ombres",
                    "Spectacle pluridisciplinaire"
                ],
                "precision_du_sous_domaine": [
                    "Théâtre général; Théâtre général Jeune Public; Arts forains",
                    "du cirque et de la rue adulte et public familial; Marionnettes",
                    "théâtre d'objets",
                    "théâtre d'ombres; Spectacle pluridisciplinaire; Spectacle pluridisciplinaire Jeune Public"
                ],
                "metiers_artistiques": "Chanteur·se, Comédien·ne, Musicien·ne, Texte: auteur·rice, Texte: adaptation, Musique: compositeur·rice, Musique: arrangements, Musique: décor sonore, Accessoires, Mise en scène, éclairages: conception, Scénographie, Graphisme, Vidéo",
                "niveau_x_et_ou_type_s_d_enseignement": [
                    "Niveau secondaire - inférieur",
                    "Niveau secondaire - supérieur"
                ],
                "bassin_s_scolaire_s": [
                    "Bruxelles",
                    "Brabant wallon",
                    "Hainaut Centre",
                    "Hainaut Sud",
                    "Wallonie picarde",
                    "Huy Waremme",
                    "Liège",
                    "Verviers",
                    "Namur",
                    "Luxembourg"
                ],
                "type_s_d_intervention_s": [
                    "Rencontre ponctuelle (1 séance d'1 ou 2 heures)",
                    "Accompagnement de projet (3 à 5 séances de 2 heures chacune)"
                ],
                "site_web": null,
                "descriptif": null
            }
        },
        {
            "type": "Feature",
            "geometry": {
                "type": "Point",
                "coordinates": [
                    4.335443719662361,
                    50.770204809258615
                ]
            },
            "properties": {
                "prenom": "Serena",
                "nom": "Galante",
                "nom_d_artiste_ou_du_groupe_artistique": "Bricophonik",
                "adresse_courriel": "bricophonik@gmail.com",
                "cp": "1630",
                "domaine_s_artistique_s": [
                    "Arts vivants"
                ],
                "sous_domaine_artistique": [
                    "Art dramatique",
                    "Arts forains",
                    "du cirque et de la rue",
                    "Conte",
                    "Spectacle pluridisciplinaire"
                ],
                "precision_du_sous_domaine": [
                    "Théâtre général; Théâtre général Jeune Public; Théâtre action Jeune Public; Arts forains",
                    "du cirque et de la rue adulte et public familial; Arts forains",
                    "du cirque et de la rue jeune public; Conte Jeune Public; Spectacle pluridisciplinaire; Spectacle pluridisciplinaire Jeune Public"
                ],
                "metiers_artistiques": "Chanteur·se, Comédien·ne, Conteur·se, Texte: auteur·rice, Mise en scène",
                "niveau_x_et_ou_type_s_d_enseignement": [
                    "Niveau fondamental - maternel",
                    "Niveau fondamental - primaire",
                    "Niveau secondaire - inférieur",
                    "Niveau secondaire - supérieur"
                ],
                "bassin_s_scolaire_s": [
                    "Bruxelles",
                    "Wallonie picarde"
                ],
                "type_s_d_intervention_s": [
                    "Rencontre ponctuelle (1 séance d'1 ou 2 heures)",
                    "Accompagnement de projet (3 à 5 séances de 2 heures chacune)"
                ],
                "site_web": null,
                "descriptif": null
            }
        },
        {
            "type": "Feature",
            "geometry": {
                "type": "Point",
                "coordinates": [
                    4.8650544250430565,
                    50.463078674381016
                ]
            },
            "properties": {
                "prenom": "Edith",
                "nom": "Van Malder",
                "nom_d_artiste_ou_du_groupe_artistique": "Théâtre Coeur de Terre",
                "adresse_courriel": "theatrecoeurdeterre@gmail.com",
                "cp": "5000",
                "domaine_s_artistique_s": [
                    "Arts vivants"
                ],
                "sous_domaine_artistique": [
                    "Art dramatique",
                    "Arts forains",
                    "du cirque et de la rue",
                    "Conte",
                    "Spectacle pluridisciplinaire"
                ],
                "precision_du_sous_domaine": [
                    "Théâtre général; Théâtre général Jeune Public; Arts forains",
                    "du cirque et de la rue adulte et public familial; Conte; Spectacle pluridisciplinaire"
                ],
                "metiers_artistiques": "Comédien·ne, metteuse en scène, directrice artistique de festival, Texte: adaptation, Mise en scène, dramaturgie",
                "niveau_x_et_ou_type_s_d_enseignement": [
                    "Niveau secondaire - inférieur",
                    "Niveau secondaire - supérieur"
                ],
                "bassin_s_scolaire_s": [
                    "Namur"
                ],
                "type_s_d_intervention_s": [
                    "Rencontre ponctuelle (1 séance d'1 ou 2 heures)"
                ],
                "site_web": null,
                "descriptif": null
            }
        },
        {
            "type": "Feature",
            "geometry": {
                "type": "Point",
                "coordinates": [
                    4.343463448726441,
                    50.83044911483679
                ]
            },
            "properties": {
                "prenom": "Françoise",
                "nom": "Berlanger",
                "nom_d_artiste_ou_du_groupe_artistique": null,
                "adresse_courriel": "fberlanger@gmail.com",
                "cp": "1060",
                "domaine_s_artistique_s": [
                    "Arts vivants"
                ],
                "sous_domaine_artistique": [
                    "Art dramatique",
                    "Spectacle pluridisciplinaire"
                ],
                "precision_du_sous_domaine": [
                    "Théâtre général; Spectacle pluridisciplinaire"
                ],
                "metiers_artistiques": "Chanteur·se, Comédien·ne, Récitant·e, Texte: auteur·rice, Texte: adaptation, Mise en scène",
                "niveau_x_et_ou_type_s_d_enseignement": [
                    "Niveau fondamental - maternel",
                    "Niveau fondamental - primaire",
                    "Niveau secondaire - supérieur"
                ],
                "bassin_s_scolaire_s": [
                    "Bruxelles"
                ],
                "type_s_d_intervention_s": [
                    "Rencontre ponctuelle (1 séance d'1 ou 2 heures)",
                    "Accompagnement de projet (3 à 5 séances de 2 heures chacune)"
                ],
                "site_web": null,
                "descriptif": null
            }
        },
        {
            "type": "Feature",
            "geometry": {
                "type": "Point",
                "coordinates": [
                    5.620365396266152,
                    50.677145011413316
                ]
            },
            "properties": {
                "prenom": "Alexis",
                "nom": "Garcia",
                "nom_d_artiste_ou_du_groupe_artistique": "Adoc Compagnie",
                "adresse_courriel": "adoc.compagnie@gmail.com",
                "cp": "4040",
                "domaine_s_artistique_s": [
                    "Arts vivants"
                ],
                "sous_domaine_artistique": [
                    "Art dramatique"
                ],
                "precision_du_sous_domaine": [
                    "Théâtre général"
                ],
                "metiers_artistiques": "Comédien·ne, Texte: auteur·rice, Mise en scène",
                "niveau_x_et_ou_type_s_d_enseignement": [
                    "Niveau secondaire - inférieur",
                    "Niveau secondaire - supérieur"
                ],
                "bassin_s_scolaire_s": [
                    "Bruxelles",
                    "Brabant wallon",
                    "Hainaut Centre",
                    "Hainaut Sud",
                    "Wallonie picarde",
                    "Huy Waremme",
                    "Liège",
                    "Verviers",
                    "Namur",
                    "Luxembourg"
                ],
                "type_s_d_intervention_s": [
                    "Rencontre ponctuelle (1 séance d'1 ou 2 heures)"
                ],
                "site_web": null,
                "descriptif": null
            }
        },
        {
            "type": "Feature",
            "geometry": {
                "type": "Point",
                "coordinates": [
                    5.560439577436734,
                    50.64762245632328
                ]
            },
            "properties": {
                "prenom": "Julie",
                "nom": "Odeurs",
                "nom_d_artiste_ou_du_groupe_artistique": "Chaton Laveur",
                "adresse_courriel": "julie.odeurs@gmail.com",
                "cp": "4000",
                "domaine_s_artistique_s": [
                    "Musique"
                ],
                "sous_domaine_artistique": [
                    "Musiques actuelles"
                ],
                "precision_du_sous_domaine": [
                    "Pop/Rock"
                ],
                "metiers_artistiques": "Musicien·ne, Musique: compositeur·rice, Musique: arrangements",
                "niveau_x_et_ou_type_s_d_enseignement": [
                    "Niveau secondaire - inférieur",
                    "Niveau secondaire - supérieur"
                ],
                "bassin_s_scolaire_s": [
                    "Huy Waremme",
                    "Liège",
                    "Verviers"
                ],
                "type_s_d_intervention_s": [
                    "Rencontre ponctuelle (1 séance d'1 ou 2 heures)",
                    "Accompagnement de projet (3 à 5 séances de 2 heures chacune)"
                ],
                "site_web": null,
                "descriptif": null
            }
        },
        {
            "type": "Feature",
            "geometry": {
                "type": "Point",
                "coordinates": [
                    5.560439577436734,
                    50.64762245632328
                ]
            },
            "properties": {
                "prenom": "Olivier",
                "nom": "Bovy",
                "nom_d_artiste_ou_du_groupe_artistique": null,
                "adresse_courriel": "olivierbovy@msn.com",
                "cp": "4000",
                "domaine_s_artistique_s": [
                    "Arts visuels"
                ],
                "sous_domaine_artistique": [
                    "Sculpture"
                ],
                "precision_du_sous_domaine": null,
                "metiers_artistiques": "Artiste plasticien",
                "niveau_x_et_ou_type_s_d_enseignement": [
                    "Niveau fondamental - maternel",
                    "Niveau fondamental - primaire",
                    "Niveau secondaire - inférieur",
                    "Niveau secondaire - supérieur"
                ],
                "bassin_s_scolaire_s": [
                    "Huy Waremme",
                    "Liège",
                    "Verviers"
                ],
                "type_s_d_intervention_s": [
                    "Rencontre ponctuelle (1 séance d'1 ou 2 heures)",
                    "Accompagnement de projet (3 à 5 séances de 2 heures chacune)"
                ],
                "site_web": null,
                "descriptif": null
            }
        },
        {
            "type": "Feature",
            "geometry": {
                "type": "Point",
                "coordinates": [
                    4.343463448726441,
                    50.83044911483679
                ]
            },
            "properties": {
                "prenom": "Gaetano",
                "nom": "Boutcher",
                "nom_d_artiste_ou_du_groupe_artistique": "GETCH",
                "adresse_courriel": "gaetano.info@gmail.com",
                "cp": "1060",
                "domaine_s_artistique_s": [
                    "Musique"
                ],
                "sous_domaine_artistique": [
                    "Musiques actuelles"
                ],
                "precision_du_sous_domaine": [
                    "Chanson et Musique d'expression francophone; Spectacle musical"
                ],
                "metiers_artistiques": "Chanteur·se, Musicien·ne, éducateur Spécialisé",
                "niveau_x_et_ou_type_s_d_enseignement": [
                    "Niveau fondamental - maternel",
                    "Niveau fondamental - primaire",
                    "Niveau secondaire - inférieur",
                    "Niveau secondaire - supérieur"
                ],
                "bassin_s_scolaire_s": [
                    "Bruxelles",
                    "Brabant wallon",
                    "Hainaut Centre",
                    "Hainaut Sud",
                    "Wallonie picarde",
                    "Huy Waremme",
                    "Liège",
                    "Verviers",
                    "Namur",
                    "Luxembourg"
                ],
                "type_s_d_intervention_s": [
                    "Rencontre ponctuelle (1 séance d'1 ou 2 heures)",
                    "Accompagnement de projet (3 à 5 séances de 2 heures chacune)"
                ],
                "site_web": null,
                "descriptif": null
            }
        },
        {
            "type": "Feature",
            "geometry": {
                "type": "Point",
                "coordinates": [
                    4.61869887561951,
                    50.666545502188264
                ]
            },
            "properties": {
                "prenom": "Simon",
                "nom": "Bériaux",
                "nom_d_artiste_ou_du_groupe_artistique": "Dérivation",
                "adresse_courriel": "simonberiaux@gmail.com",
                "cp": "1348",
                "domaine_s_artistique_s": [
                    "Musique"
                ],
                "sous_domaine_artistique": [
                    "Musiques actuelles"
                ],
                "precision_du_sous_domaine": [
                    "Chanson et Musique d'expression francophone; Pop/Rock; Musique jeune public; Spectacle musical"
                ],
                "metiers_artistiques": "Manipulateur·rice - marionnettiste, Musicien·ne, Créateur sonore, réalisateur podcast, Musique: compositeur·rice, Musique: arrangements, Musique: décor sonore, Réalisateur podcast, chef de chorale",
                "niveau_x_et_ou_type_s_d_enseignement": [
                    "Niveau fondamental - primaire",
                    "Niveau secondaire - supérieur"
                ],
                "bassin_s_scolaire_s": [
                    "Bruxelles",
                    "Brabant wallon",
                    "Namur"
                ],
                "type_s_d_intervention_s": [
                    "Rencontre ponctuelle (1 séance d'1 ou 2 heures)",
                    "Accompagnement de projet (3 à 5 séances de 2 heures chacune)"
                ],
                "site_web": null,
                "descriptif": null
            }
        },
        {
            "type": "Feature",
            "geometry": {
                "type": "Point",
                "coordinates": [
                    4.34897102171571,
                    50.8842476270858
                ]
            },
            "properties": {
                "prenom": "François",
                "nom": "Zajega",
                "nom_d_artiste_ou_du_groupe_artistique": null,
                "adresse_courriel": "frankie@frankiezafe.org",
                "cp": "1020",
                "domaine_s_artistique_s": [
                    "Arts visuels"
                ],
                "sous_domaine_artistique": [
                    "Arts numériques et technologiques"
                ],
                "precision_du_sous_domaine": [
                    "Design; Dessin",
                    "Illustration; Sculpture"
                ],
                "metiers_artistiques": "Artiste plasticien",
                "niveau_x_et_ou_type_s_d_enseignement": [
                    "Niveau fondamental - maternel",
                    "Niveau fondamental - primaire",
                    "Niveau secondaire - inférieur",
                    "Niveau secondaire - supérieur"
                ],
                "bassin_s_scolaire_s": [
                    "Bruxelles",
                    "Brabant wallon",
                    "Hainaut Centre",
                    "Hainaut Sud",
                    "Wallonie picarde",
                    "Huy Waremme",
                    "Liège",
                    "Verviers",
                    "Namur",
                    "Luxembourg"
                ],
                "type_s_d_intervention_s": [
                    "Rencontre ponctuelle (1 séance d'1 ou 2 heures)",
                    "Accompagnement de projet (3 à 5 séances de 2 heures chacune)"
                ],
                "site_web": null,
                "descriptif": null
            }
        },
        {
            "type": "Feature",
            "geometry": {
                "type": "Point",
                "coordinates": [
                    4.318752891748991,
                    50.855119755562214
                ]
            },
            "properties": {
                "prenom": "Justine",
                "nom": "Bougerol",
                "nom_d_artiste_ou_du_groupe_artistique": null,
                "adresse_courriel": "bougeroljustine@gmail.com",
                "cp": "1080",
                "domaine_s_artistique_s": [
                    "Arts visuels"
                ],
                "sous_domaine_artistique": [
                    "Sculpture"
                ],
                "precision_du_sous_domaine": null,
                "metiers_artistiques": "Artiste plasticien",
                "niveau_x_et_ou_type_s_d_enseignement": [
                    "Niveau secondaire - inférieur",
                    "Niveau secondaire - supérieur"
                ],
                "bassin_s_scolaire_s": [
                    "Bruxelles"
                ],
                "type_s_d_intervention_s": [
                    "Rencontre ponctuelle (1 séance d'1 ou 2 heures)",
                    "Accompagnement de projet (3 à 5 séances de 2 heures chacune)"
                ],
                "site_web": null,
                "descriptif": null
            }
        },
        {
            "type": "Feature",
            "geometry": {
                "type": "Point",
                "coordinates": [
                    4.135904940821364,
                    50.67738924934366
                ]
            },
            "properties": {
                "prenom": "Johnathan",
                "nom": "Manzitto",
                "nom_d_artiste_ou_du_groupe_artistique": "Billions Of Comrades",
                "adresse_courriel": "john@manzitto.be",
                "cp": "1430",
                "domaine_s_artistique_s": [
                    "Musique"
                ],
                "sous_domaine_artistique": [
                    "Musiques actuelles"
                ],
                "precision_du_sous_domaine": [
                    "Musiques électroniques; Pop/Rock; Musique jeune public"
                ],
                "metiers_artistiques": "Chanteur·se, Musicien·ne, Musique: compositeur·rice, Musique: arrangements, Musique: décor sonore, Graphisme, Vidéo",
                "niveau_x_et_ou_type_s_d_enseignement": [
                    "Niveau fondamental - maternel",
                    "Niveau fondamental - primaire",
                    "Niveau secondaire - inférieur",
                    "Niveau secondaire - supérieur"
                ],
                "bassin_s_scolaire_s": [
                    "Bruxelles",
                    "Brabant wallon",
                    "Hainaut Centre",
                    "Hainaut Sud",
                    "Wallonie picarde",
                    "Huy Waremme",
                    "Namur"
                ],
                "type_s_d_intervention_s": [
                    "Rencontre ponctuelle (1 séance d'1 ou 2 heures)",
                    "Accompagnement de projet (3 à 5 séances de 2 heures chacune)"
                ],
                "site_web": null,
                "descriptif": null
            }
        },
        {
            "type": "Feature",
            "geometry": {
                "type": "Point",
                "coordinates": [
                    4.700963588417397,
                    50.63885884080529
                ]
            },
            "properties": {
                "prenom": "Manuela",
                "nom": "Leone",
                "nom_d_artiste_ou_du_groupe_artistique": "Pile&Art (Ixelles)",
                "adresse_courriel": "pileetart@gmail.com",
                "cp": "1457",
                "domaine_s_artistique_s": [
                    "Arts vivants"
                ],
                "sous_domaine_artistique": [
                    "Art dramatique"
                ],
                "precision_du_sous_domaine": [
                    "Théâtre général; Théâtre général Jeune Public; Théâtre action; Théâtre action Jeune Public"
                ],
                "metiers_artistiques": "Comédien·ne, Mise en scène, Art-thérapeute, animatrice intervenante spécialisée",
                "niveau_x_et_ou_type_s_d_enseignement": [
                    "Niveau fondamental - primaire",
                    "Niveau secondaire - inférieur",
                    "Niveau secondaire - supérieur"
                ],
                "bassin_s_scolaire_s": [
                    "Bruxelles",
                    "Brabant wallon",
                    "Namur"
                ],
                "type_s_d_intervention_s": [
                    "Rencontre ponctuelle (1 séance d'1 ou 2 heures)",
                    "Accompagnement de projet (3 à 5 séances de 2 heures chacune)"
                ],
                "site_web": null,
                "descriptif": null
            }
        },
        {
            "type": "Feature",
            "geometry": {
                "type": "Point",
                "coordinates": [
                    4.325860589138366,
                    50.816704879551345
                ]
            },
            "properties": {
                "prenom": "Mohamed Salim",
                "nom": "Haouach",
                "nom_d_artiste_ou_du_groupe_artistique": "Ras El Hanout",
                "adresse_courriel": "salim@ras-el-hanout.be",
                "cp": "1190",
                "domaine_s_artistique_s": [
                    "Arts vivants"
                ],
                "sous_domaine_artistique": [
                    "Art dramatique"
                ],
                "precision_du_sous_domaine": [
                    "Théâtre action; Théâtre action Jeune Public; Spectacle d'improvisation"
                ],
                "metiers_artistiques": "Comédien·ne, Mise en scène, Scénographie",
                "niveau_x_et_ou_type_s_d_enseignement": [
                    "Niveau fondamental - primaire",
                    "Niveau secondaire - inférieur",
                    "Niveau secondaire - supérieur"
                ],
                "bassin_s_scolaire_s": [
                    "Bruxelles"
                ],
                "type_s_d_intervention_s": [
                    "Rencontre ponctuelle (1 séance d'1 ou 2 heures)"
                ],
                "site_web": null,
                "descriptif": null
            }
        },
        {
            "type": "Feature",
            "geometry": {
                "type": "Point",
                "coordinates": [
                    5.853108144364677,
                    50.58994191833555
                ]
            },
            "properties": {
                "prenom": "Sandrine",
                "nom": "Calmant",
                "nom_d_artiste_ou_du_groupe_artistique": "dwish théâtre",
                "adresse_courriel": "contact@mediacite-asbl.org",
                "cp": "4800",
                "domaine_s_artistique_s": [
                    "Arts vivants"
                ],
                "sous_domaine_artistique": [
                    "Marionnettes",
                    "théâtre d'objets",
                    "théâtre d'ombres"
                ],
                "precision_du_sous_domaine": [
                    "Marionnettes",
                    "théâtre d'objets",
                    "théâtre d'ombres jeune public"
                ],
                "metiers_artistiques": "Artiste plasticien·ne, Manipulateur·rice - marionnettiste, Marionnettes",
                "niveau_x_et_ou_type_s_d_enseignement": [
                    "Niveau fondamental - maternel",
                    "Niveau fondamental - primaire"
                ],
                "bassin_s_scolaire_s": [
                    "Verviers"
                ],
                "type_s_d_intervention_s": [
                    "Rencontre ponctuelle (1 séance d'1 ou 2 heures)"
                ],
                "site_web": null,
                "descriptif": null
            }
        },
        {
            "type": "Feature",
            "geometry": {
                "type": "Point",
                "coordinates": [
                    4.343463448726441,
                    50.83044911483679
                ]
            },
            "properties": {
                "prenom": "Juliette",
                "nom": "Bibasse",
                "nom_d_artiste_ou_du_groupe_artistique": null,
                "adresse_courriel": "jbibasse@gmail.com",
                "cp": "1060",
                "domaine_s_artistique_s": [
                    "Arts visuels"
                ],
                "sous_domaine_artistique": [
                    "Arts numériques et technologiques"
                ],
                "precision_du_sous_domaine": null,
                "metiers_artistiques": "Artiste plasticien, Curateur, Agent et productrice d'artistes",
                "niveau_x_et_ou_type_s_d_enseignement": [
                    "Niveau secondaire - supérieur"
                ],
                "bassin_s_scolaire_s": [
                    "Bruxelles",
                    "Namur"
                ],
                "type_s_d_intervention_s": [
                    "Rencontre ponctuelle (1 séance d'1 ou 2 heures)"
                ],
                "site_web": null,
                "descriptif": null
            }
        },
        {
            "type": "Feature",
            "geometry": {
                "type": "Point",
                "coordinates": [
                    4.343463448726441,
                    50.83044911483679
                ]
            },
            "properties": {
                "prenom": "Thomas",
                "nom": "Champagne",
                "nom_d_artiste_ou_du_groupe_artistique": "GribouJazz / Thomas Champagne Random House / Kind of Blue Tribute / Desafinado",
                "adresse_courriel": "chamatho@gmail.com",
                "cp": "1060",
                "domaine_s_artistique_s": [
                    "Musique"
                ],
                "sous_domaine_artistique": [
                    "Musiques actuelles"
                ],
                "precision_du_sous_domaine": [
                    "Jazz; Musique jeune public"
                ],
                "metiers_artistiques": "Musicien·ne, Musique: compositeur·rice, Musique: arrangements",
                "niveau_x_et_ou_type_s_d_enseignement": [
                    "Niveau fondamental - maternel",
                    "Niveau fondamental - primaire",
                    "Niveau secondaire - inférieur",
                    "Niveau secondaire - supérieur"
                ],
                "bassin_s_scolaire_s": [
                    "Bruxelles"
                ],
                "type_s_d_intervention_s": [
                    "Rencontre ponctuelle (1 séance d'1 ou 2 heures)"
                ],
                "site_web": null,
                "descriptif": null
            }
        },
        {
            "type": "Feature",
            "geometry": {
                "type": "Point",
                "coordinates": [
                    4.391869712225169,
                    50.83227128877207
                ]
            },
            "properties": {
                "prenom": "Noemi",
                "nom": "Tiberghien",
                "nom_d_artiste_ou_du_groupe_artistique": null,
                "adresse_courriel": "tiberghiennoemi@gmail.com",
                "cp": "1040",
                "domaine_s_artistique_s": [
                    "Arts vivants"
                ],
                "sous_domaine_artistique": [
                    "Art dramatique",
                    "Spectacle pluridisciplinaire"
                ],
                "precision_du_sous_domaine": [
                    "Théâtre général Jeune Public; Spectacle pluridisciplinaire Jeune Public"
                ],
                "metiers_artistiques": "Chanteur·se, Comédien·ne, Texte: auteur·rice, Musique: compositeur·rice, Mise en scène",
                "niveau_x_et_ou_type_s_d_enseignement": [
                    "Niveau fondamental - maternel",
                    "Niveau fondamental - primaire"
                ],
                "bassin_s_scolaire_s": [
                    "Bruxelles",
                    "Brabant wallon",
                    "Hainaut Centre",
                    "Hainaut Sud",
                    "Wallonie picarde",
                    "Huy Waremme",
                    "Liège",
                    "Verviers",
                    "Namur",
                    "Luxembourg"
                ],
                "type_s_d_intervention_s": [
                    "Rencontre ponctuelle (1 séance d'1 ou 2 heures)",
                    "Accompagnement de projet (3 à 5 séances de 2 heures chacune)"
                ],
                "site_web": null,
                "descriptif": null
            }
        },
        {
            "type": "Feature",
            "geometry": {
                "type": "Point",
                "coordinates": [
                    4.376217020664074,
                    50.82661313830635
                ]
            },
            "properties": {
                "prenom": "Cécile",
                "nom": "Massart",
                "nom_d_artiste_ou_du_groupe_artistique": null,
                "adresse_courriel": "cecile.massart@gmail.com",
                "cp": "1050",
                "domaine_s_artistique_s": [
                    "Arts visuels"
                ],
                "sous_domaine_artistique": [
                    "Arts numériques et technologiques"
                ],
                "precision_du_sous_domaine": [
                    "Photographie; Vidéo d'art"
                ],
                "metiers_artistiques": "Artiste plasticien",
                "niveau_x_et_ou_type_s_d_enseignement": [
                    "Niveau secondaire - inférieur",
                    "Niveau secondaire - supérieur"
                ],
                "bassin_s_scolaire_s": [
                    "Bruxelles",
                    "Hainaut Sud",
                    "Wallonie picarde",
                    "Huy Waremme"
                ],
                "type_s_d_intervention_s": [
                    "Accompagnement de projet (3 à 5 séances de 2 heures chacune)"
                ],
                "site_web": null,
                "descriptif": null
            }
        },
        {
            "type": "Feature",
            "geometry": {
                "type": "Point",
                "coordinates": [
                    4.838583582764899,
                    50.726088836722234
                ]
            },
            "properties": {
                "prenom": "Piwi",
                "nom": "Leman",
                "nom_d_artiste_ou_du_groupe_artistique": null,
                "adresse_courriel": "piwimusik@gmail.com",
                "cp": "1370",
                "domaine_s_artistique_s": [
                    "Musique"
                ],
                "sous_domaine_artistique": [
                    "Musiques actuelles"
                ],
                "precision_du_sous_domaine": [
                    "Folk-Trad-World; Chanson et Musique d'expression francophone; Musique jeune public; Spectacle musical"
                ],
                "metiers_artistiques": "Chanteur·se, Comédien·ne, Musicien·ne, Conteur·se, Texte: auteur·rice, Texte: adaptation, Musique: compositeur·rice, Musique: arrangements, Musique: décor sonore, Accessoires, Mise en scène, Scénographie",
                "niveau_x_et_ou_type_s_d_enseignement": [
                    "Niveau fondamental - maternel",
                    "Niveau fondamental - primaire",
                    "Niveau secondaire - inférieur",
                    "Niveau secondaire - supérieur"
                ],
                "bassin_s_scolaire_s": [
                    "Bruxelles",
                    "Brabant wallon",
                    "Hainaut Centre",
                    "Hainaut Sud",
                    "Wallonie picarde",
                    "Huy Waremme",
                    "Liège",
                    "Verviers",
                    "Namur",
                    "Luxembourg"
                ],
                "type_s_d_intervention_s": [
                    "Rencontre ponctuelle (1 séance d'1 ou 2 heures)",
                    "Accompagnement de projet (3 à 5 séances de 2 heures chacune)"
                ],
                "site_web": null,
                "descriptif": null
            }
        },
        {
            "type": "Feature",
            "geometry": {
                "type": "Point",
                "coordinates": [
                    5.323873223033452,
                    50.226851277723284
                ]
            },
            "properties": {
                "prenom": "Elodie",
                "nom": "Paternostre",
                "nom_d_artiste_ou_du_groupe_artistique": null,
                "adresse_courriel": "elodie_paternostre@hotmail.com",
                "cp": "6900",
                "domaine_s_artistique_s": [
                    "Arts vivants"
                ],
                "sous_domaine_artistique": [
                    "Art chorégraphique"
                ],
                "precision_du_sous_domaine": [
                    "Danse contemporaine; Danse jeune public"
                ],
                "metiers_artistiques": "Danseur·se, Chorégraphie, Mise en scène",
                "niveau_x_et_ou_type_s_d_enseignement": [
                    "Niveau fondamental - maternel",
                    "Niveau fondamental - primaire"
                ],
                "bassin_s_scolaire_s": [
                    "Namur",
                    "Luxembourg"
                ],
                "type_s_d_intervention_s": [
                    "Rencontre ponctuelle (1 séance d'1 ou 2 heures)",
                    "Accompagnement de projet (3 à 5 séances de 2 heures chacune)"
                ],
                "site_web": null,
                "descriptif": null
            }
        },
        {
            "type": "Feature",
            "geometry": {
                "type": "Point",
                "coordinates": [
                    5.4014036046432565,
                    49.943486197517934
                ]
            },
            "properties": {
                "prenom": "Sophie",
                "nom": "Didier",
                "nom_d_artiste_ou_du_groupe_artistique": null,
                "adresse_courriel": "sophie@lesacteursdesophie.com",
                "cp": "6800",
                "domaine_s_artistique_s": [
                    "Arts vivants"
                ],
                "sous_domaine_artistique": [
                    "Art dramatique",
                    "Conte"
                ],
                "precision_du_sous_domaine": [
                    "Théâtre général; Théâtre action; Spectacle d'improvisation; Conte; Conte Jeune Public"
                ],
                "metiers_artistiques": "Comédien·ne, Conteur·se, Pole dance et cerceau aérien, Texte: auteur·rice, Texte: adaptation, Mise en scène",
                "niveau_x_et_ou_type_s_d_enseignement": [
                    "Niveau fondamental - primaire",
                    "Niveau secondaire - inférieur",
                    "Niveau secondaire - supérieur"
                ],
                "bassin_s_scolaire_s": [
                    "Namur",
                    "Luxembourg"
                ],
                "type_s_d_intervention_s": [
                    "Rencontre ponctuelle (1 séance d'1 ou 2 heures)"
                ],
                "site_web": null,
                "descriptif": null
            }
        },
        {
            "type": "Feature",
            "geometry": {
                "type": "Point",
                "coordinates": [
                    4.34897102171571,
                    50.8842476270858
                ]
            },
            "properties": {
                "prenom": "Sara",
                "nom": "Zerguine",
                "nom_d_artiste_ou_du_groupe_artistique": null,
                "adresse_courriel": "sara.zerguine.artiste@gmail.com",
                "cp": "1020",
                "domaine_s_artistique_s": [
                    "Arts visuels"
                ],
                "sous_domaine_artistique": [
                    "Arts numériques et technologiques"
                ],
                "precision_du_sous_domaine": [
                    "Sculpture; Vidéo d'art"
                ],
                "metiers_artistiques": "Artiste plasticien, Curateur",
                "niveau_x_et_ou_type_s_d_enseignement": [
                    "Niveau secondaire - supérieur"
                ],
                "bassin_s_scolaire_s": [
                    "Bruxelles"
                ],
                "type_s_d_intervention_s": [
                    "Accompagnement de projet (3 à 5 séances de 2 heures chacune)"
                ],
                "site_web": null,
                "descriptif": null
            }
        },
        {
            "type": "Feature",
            "geometry": {
                "type": "Point",
                "coordinates": [
                    4.325860589138366,
                    50.816704879551345
                ]
            },
            "properties": {
                "prenom": "Loris",
                "nom": "Liberale",
                "nom_d_artiste_ou_du_groupe_artistique": null,
                "adresse_courriel": "sequenza@live.be",
                "cp": "1190",
                "domaine_s_artistique_s": [
                    "Arts vivants"
                ],
                "sous_domaine_artistique": [
                    "Art dramatique"
                ],
                "precision_du_sous_domaine": [
                    "Théâtre général Jeune Public"
                ],
                "metiers_artistiques": "Comédien·ne, Texte: auteur·rice, Mise en scène",
                "niveau_x_et_ou_type_s_d_enseignement": [
                    "Niveau fondamental - primaire",
                    "Niveau secondaire - inférieur",
                    "Niveau secondaire - supérieur"
                ],
                "bassin_s_scolaire_s": [
                    "Bruxelles",
                    "Brabant wallon",
                    "Hainaut Centre"
                ],
                "type_s_d_intervention_s": [
                    "Rencontre ponctuelle (1 séance d'1 ou 2 heures)",
                    "Accompagnement de projet (3 à 5 séances de 2 heures chacune)"
                ],
                "site_web": null,
                "descriptif": null
            }
        },
        {
            "type": "Feature",
            "geometry": {
                "type": "Point",
                "coordinates": [
                    4.429877668611897,
                    50.25358293697932
                ]
            },
            "properties": {
                "prenom": "Marine",
                "nom": "Haelterman",
                "nom_d_artiste_ou_du_groupe_artistique": "COLLECTIF LIBERTALIA",
                "adresse_courriel": "collectif.libertalia@gmail.com",
                "cp": "5650",
                "domaine_s_artistique_s": [
                    "Arts vivants"
                ],
                "sous_domaine_artistique": [
                    "Art dramatique"
                ],
                "precision_du_sous_domaine": [
                    "Théâtre action"
                ],
                "metiers_artistiques": "Comédien·ne",
                "niveau_x_et_ou_type_s_d_enseignement": [
                    "Niveau secondaire - inférieur",
                    "Niveau secondaire - supérieur"
                ],
                "bassin_s_scolaire_s": [
                    "Bruxelles",
                    "Brabant wallon",
                    "Hainaut Centre",
                    "Hainaut Sud",
                    "Wallonie picarde",
                    "Huy Waremme",
                    "Liège",
                    "Verviers",
                    "Namur"
                ],
                "type_s_d_intervention_s": [
                    "Rencontre ponctuelle (1 séance d'1 ou 2 heures)",
                    "Accompagnement de projet (3 à 5 séances de 2 heures chacune)"
                ],
                "site_web": null,
                "descriptif": null
            }
        },
        {
            "type": "Feature",
            "geometry": {
                "type": "Point",
                "coordinates": [
                    4.376217020664074,
                    50.82661313830635
                ]
            },
            "properties": {
                "prenom": "Solenne",
                "nom": "Hubeau",
                "nom_d_artiste_ou_du_groupe_artistique": "Solstice",
                "adresse_courriel": "solstice.officielle@gmail.com",
                "cp": "1050",
                "domaine_s_artistique_s": [
                    "Musique"
                ],
                "sous_domaine_artistique": [
                    "Musiques actuelles"
                ],
                "precision_du_sous_domaine": [
                    "Chanson et Musique d'expression francophone; Pop/Rock"
                ],
                "metiers_artistiques": "Chanteur·se, Musicien·ne, Texte: auteur·rice, Musique: compositeur·rice",
                "niveau_x_et_ou_type_s_d_enseignement": [
                    "Niveau fondamental - primaire",
                    "Niveau secondaire - inférieur",
                    "Niveau secondaire - supérieur"
                ],
                "bassin_s_scolaire_s": [
                    "Bruxelles",
                    "Brabant wallon",
                    "Hainaut Centre",
                    "Hainaut Sud",
                    "Wallonie picarde",
                    "Huy Waremme",
                    "Liège",
                    "Verviers",
                    "Namur",
                    "Luxembourg"
                ],
                "type_s_d_intervention_s": [
                    "Rencontre ponctuelle (1 séance d'1 ou 2 heures)"
                ],
                "site_web": null,
                "descriptif": null
            }
        },
        {
            "type": "Feature",
            "geometry": {
                "type": "Point",
                "coordinates": [
                    4.34897102171571,
                    50.8842476270858
                ]
            },
            "properties": {
                "prenom": "Clarice",
                "nom": "Malamba Nsangu",
                "nom_d_artiste_ou_du_groupe_artistique": "Nsangu",
                "adresse_courriel": "claricemalamba@hotmail.com",
                "cp": "1020",
                "domaine_s_artistique_s": [
                    "Musique"
                ],
                "sous_domaine_artistique": [
                    "Musiques actuelles"
                ],
                "precision_du_sous_domaine": [
                    "Chanson et Musique d'expression francophone; Musiques urbaines"
                ],
                "metiers_artistiques": "Chanteur·se, Comédien·ne, Texte: auteur·rice, Texte: adaptation",
                "niveau_x_et_ou_type_s_d_enseignement": [
                    "Niveau fondamental - maternel",
                    "Niveau fondamental - primaire",
                    "Niveau secondaire - inférieur",
                    "Niveau secondaire - supérieur"
                ],
                "bassin_s_scolaire_s": [
                    "Bruxelles"
                ],
                "type_s_d_intervention_s": [
                    "Rencontre ponctuelle (1 séance d'1 ou 2 heures)"
                ],
                "site_web": null,
                "descriptif": null
            }
        },
        {
            "type": "Feature",
            "geometry": {
                "type": "Point",
                "coordinates": [
                    4.343463448726441,
                    50.83044911483679
                ]
            },
            "properties": {
                "prenom": "Caroline",
                "nom": "Husson",
                "nom_d_artiste_ou_du_groupe_artistique": "laroukhyne",
                "adresse_courriel": "cie.laroukhyne@gmail.com",
                "cp": "1060",
                "domaine_s_artistique_s": [
                    "Arts vivants"
                ],
                "sous_domaine_artistique": [
                    "Art dramatique"
                ],
                "precision_du_sous_domaine": [
                    "Théâtre général Jeune Public"
                ],
                "metiers_artistiques": "Comédien·ne, Texte: auteur·rice, Texte: adaptation, Mise en scène, Scénographie",
                "niveau_x_et_ou_type_s_d_enseignement": [
                    "Niveau secondaire - supérieur"
                ],
                "bassin_s_scolaire_s": [
                    "Bruxelles",
                    "Brabant wallon",
                    "Hainaut Centre",
                    "Hainaut Sud",
                    "Wallonie picarde",
                    "Huy Waremme",
                    "Liège",
                    "Verviers",
                    "Namur",
                    "Luxembourg"
                ],
                "type_s_d_intervention_s": [
                    "Rencontre ponctuelle (1 séance d'1 ou 2 heures)",
                    "Accompagnement de projet (3 à 5 séances de 2 heures chacune)"
                ],
                "site_web": null,
                "descriptif": null
            }
        },
        {
            "type": "Feature",
            "geometry": {
                "type": "Point",
                "coordinates": [
                    4.433787157937867,
                    50.81910346031945
                ]
            },
            "properties": {
                "prenom": "Julie",
                "nom": "Nayer",
                "nom_d_artiste_ou_du_groupe_artistique": "Cimarra",
                "adresse_courriel": "julie.loin@gmail.com",
                "cp": "1160",
                "domaine_s_artistique_s": [
                    "Arts vivants"
                ],
                "sous_domaine_artistique": [
                    "Art dramatique",
                    "Conte"
                ],
                "precision_du_sous_domaine": [
                    "Théâtre général Jeune Public; Conte; Conte Jeune Public"
                ],
                "metiers_artistiques": "Comédien·ne, Musicien·ne, Mise en scène",
                "niveau_x_et_ou_type_s_d_enseignement": [
                    "Niveau fondamental - primaire",
                    "Niveau secondaire - inférieur",
                    "Niveau secondaire - supérieur"
                ],
                "bassin_s_scolaire_s": [
                    "Bruxelles"
                ],
                "type_s_d_intervention_s": [
                    "Rencontre ponctuelle (1 séance d'1 ou 2 heures)"
                ],
                "site_web": null,
                "descriptif": null
            }
        },
        {
            "type": "Feature",
            "geometry": {
                "type": "Point",
                "coordinates": [
                    4.323530346330873,
                    50.88320144793592
                ]
            },
            "properties": {
                "prenom": "Ernesto",
                "nom": "Gonzalez",
                "nom_d_artiste_ou_du_groupe_artistique": "Bear Bones, Lay Low",
                "adresse_courriel": "egr.bbll@protonmail.com",
                "cp": "1090",
                "domaine_s_artistique_s": [
                    "Musique"
                ],
                "sous_domaine_artistique": [
                    "Musiques actuelles"
                ],
                "precision_du_sous_domaine": [
                    "Musiques électroniques"
                ],
                "metiers_artistiques": "Musicien·ne, Musique: décor sonore",
                "niveau_x_et_ou_type_s_d_enseignement": [
                    "Niveau fondamental - primaire",
                    "Niveau secondaire - inférieur",
                    "Niveau secondaire - supérieur"
                ],
                "bassin_s_scolaire_s": [
                    "Bruxelles",
                    "Brabant wallon",
                    "Hainaut Centre",
                    "Hainaut Sud",
                    "Wallonie picarde",
                    "Huy Waremme",
                    "Liège",
                    "Verviers",
                    "Namur"
                ],
                "type_s_d_intervention_s": [
                    "Rencontre ponctuelle (1 séance d'1 ou 2 heures)",
                    "Accompagnement de projet (3 à 5 séances de 2 heures chacune)"
                ],
                "site_web": null,
                "descriptif": null
            }
        },
        {
            "type": "Feature",
            "geometry": {
                "type": "Point",
                "coordinates": [
                    4.343463448726441,
                    50.83044911483679
                ]
            },
            "properties": {
                "prenom": "Kalliopi",
                "nom": "Bolovinou",
                "nom_d_artiste_ou_du_groupe_artistique": "Kaleidoscope asbl",
                "adresse_courriel": "kalliopi.bolovinou@kaleidoscopeasbl.be",
                "cp": "1060",
                "domaine_s_artistique_s": [
                    "Musique"
                ],
                "sous_domaine_artistique": [
                    "Musique classique et contemporaine"
                ],
                "precision_du_sous_domaine": [
                    "Musique classique et contemporaine (ensemble); Musique classique et contemporaine (soliste)"
                ],
                "metiers_artistiques": "Musicien·ne, Texte: adaptation, Musique: arrangements, Musique: décor sonore",
                "niveau_x_et_ou_type_s_d_enseignement": [
                    "Niveau fondamental - maternel",
                    "Niveau fondamental - primaire",
                    "Niveau secondaire - inférieur"
                ],
                "bassin_s_scolaire_s": [
                    "Bruxelles"
                ],
                "type_s_d_intervention_s": [
                    "Rencontre ponctuelle (1 séance d'1 ou 2 heures)",
                    "Accompagnement de projet (3 à 5 séances de 2 heures chacune)"
                ],
                "site_web": null,
                "descriptif": null
            }
        },
        {
            "type": "Feature",
            "geometry": {
                "type": "Point",
                "coordinates": [
                    5.560439577436734,
                    50.64762245632328
                ]
            },
            "properties": {
                "prenom": "François-Jean",
                "nom": "Yzambart",
                "nom_d_artiste_ou_du_groupe_artistique": null,
                "adresse_courriel": "fj.yzambart@gmail.com",
                "cp": "4000",
                "domaine_s_artistique_s": [
                    "Musique"
                ],
                "sous_domaine_artistique": [
                    "Musique classique et contemporaine"
                ],
                "precision_du_sous_domaine": [
                    "Musique classique et contemporaine (ensemble); Musique classique et contemporaine (soliste)"
                ],
                "metiers_artistiques": "Musicien·ne",
                "niveau_x_et_ou_type_s_d_enseignement": [
                    "Niveau fondamental - maternel",
                    "Niveau fondamental - primaire",
                    "Niveau secondaire - inférieur",
                    "Niveau secondaire - supérieur"
                ],
                "bassin_s_scolaire_s": [
                    "Bruxelles",
                    "Brabant wallon",
                    "Huy Waremme",
                    "Liège",
                    "Verviers",
                    "Luxembourg"
                ],
                "type_s_d_intervention_s": [
                    "Rencontre ponctuelle (1 séance d'1 ou 2 heures)"
                ],
                "site_web": null,
                "descriptif": null
            }
        },
        {
            "type": "Feature",
            "geometry": {
                "type": "Point",
                "coordinates": [
                    4.29266566264007,
                    50.83150217114286
                ]
            },
            "properties": {
                "prenom": "François",
                "nom": "Lourtie",
                "nom_d_artiste_ou_du_groupe_artistique": "François Lourtie (O!BOY)",
                "adresse_courriel": "flourtie@gmail.com",
                "cp": "1070",
                "domaine_s_artistique_s": [
                    "Musique"
                ],
                "sous_domaine_artistique": [
                    "Musiques actuelles"
                ],
                "precision_du_sous_domaine": [
                    "Folk-Trad-World; Jazz; Chanson et Musique d'expression francophone; Pop/Rock; Musique jeune public; Spectacle musical"
                ],
                "metiers_artistiques": "Chanteur·se, Comédien·ne, Musicien·ne",
                "niveau_x_et_ou_type_s_d_enseignement": [
                    "Niveau fondamental - primaire",
                    "Niveau secondaire - inférieur",
                    "Niveau secondaire - supérieur"
                ],
                "bassin_s_scolaire_s": [
                    "Bruxelles",
                    "Brabant wallon",
                    "Hainaut Centre",
                    "Namur"
                ],
                "type_s_d_intervention_s": [
                    "Rencontre ponctuelle (1 séance d'1 ou 2 heures)",
                    "Accompagnement de projet (3 à 5 séances de 2 heures chacune)"
                ],
                "site_web": null,
                "descriptif": null
            }
        },
        {
            "type": "Feature",
            "geometry": {
                "type": "Point",
                "coordinates": [
                    4.419545932344844,
                    50.79968484315967
                ]
            },
            "properties": {
                "prenom": "Olivia",
                "nom": "De Prelle",
                "nom_d_artiste_ou_du_groupe_artistique": "Olivia Hernaïz",
                "adresse_courriel": "olivia.hernaiz@gmail.com",
                "cp": "1170",
                "domaine_s_artistique_s": [
                    "Arts visuels"
                ],
                "sous_domaine_artistique": [
                    "Dessin",
                    "Illustration"
                ],
                "precision_du_sous_domaine": [
                    "Peinture; Sculpture; Vidéo d'art"
                ],
                "metiers_artistiques": "Artiste plasticien",
                "niveau_x_et_ou_type_s_d_enseignement": [
                    "Niveau fondamental - maternel",
                    "Niveau fondamental - primaire",
                    "Niveau secondaire - inférieur",
                    "Niveau secondaire - supérieur"
                ],
                "bassin_s_scolaire_s": [
                    "Bruxelles",
                    "Brabant wallon",
                    "Namur"
                ],
                "type_s_d_intervention_s": [
                    "Rencontre ponctuelle (1 séance d'1 ou 2 heures)",
                    "Accompagnement de projet (3 à 5 séances de 2 heures chacune)"
                ],
                "site_web": null,
                "descriptif": null
            }
        },
        {
            "type": "Feature",
            "geometry": {
                "type": "Point",
                "coordinates": [
                    4.325860589138366,
                    50.816704879551345
                ]
            },
            "properties": {
                "prenom": "Mousta",
                "nom": "Largo",
                "nom_d_artiste_ou_du_groupe_artistique": null,
                "adresse_courriel": "largomousta@gmail.com",
                "cp": "1190",
                "domaine_s_artistique_s": [
                    "Arts vivants",
                    "Musique"
                ],
                "sous_domaine_artistique": [
                    "Conte",
                    "Musiques actuelles",
                    "Spectacle pluridisciplinaire"
                ],
                "precision_du_sous_domaine": [
                    "Conte; Conte Jeune Public; Spectacle pluridisciplinaire; Spectacle pluridisciplinaire Jeune Public; Folk-Trad-World; Musique jeune public; Spectacle musical"
                ],
                "metiers_artistiques": "Chanteur·se, Musicien·ne, Conteur·se, Texte: auteur·rice, Musique: compositeur·rice",
                "niveau_x_et_ou_type_s_d_enseignement": [
                    "Niveau fondamental - maternel",
                    "Niveau fondamental - primaire",
                    "Niveau secondaire - inférieur",
                    "Niveau secondaire - supérieur"
                ],
                "bassin_s_scolaire_s": [
                    "Bruxelles",
                    "Brabant wallon",
                    "Hainaut Centre",
                    "Hainaut Sud",
                    "Wallonie picarde",
                    "Huy Waremme",
                    "Liège",
                    "Verviers",
                    "Namur"
                ],
                "type_s_d_intervention_s": [
                    "Rencontre ponctuelle (1 séance d'1 ou 2 heures)"
                ],
                "site_web": null,
                "descriptif": null
            }
        },
        {
            "type": "Feature",
            "geometry": {
                "type": "Point",
                "coordinates": [
                    4.34897102171571,
                    50.8842476270858
                ]
            },
            "properties": {
                "prenom": "Erika",
                "nom": "Faccini",
                "nom_d_artiste_ou_du_groupe_artistique": null,
                "adresse_courriel": "faccinierika@yahoo.it",
                "cp": "1020",
                "domaine_s_artistique_s": [
                    "Arts vivants"
                ],
                "sous_domaine_artistique": [
                    "Art chorégraphique"
                ],
                "precision_du_sous_domaine": [
                    "Danse contemporaine; Danse jeune public"
                ],
                "metiers_artistiques": "Danseur·se, Chorégraphie, Mise en scène",
                "niveau_x_et_ou_type_s_d_enseignement": [
                    "Niveau fondamental - maternel",
                    "Niveau fondamental - primaire"
                ],
                "bassin_s_scolaire_s": [
                    "Bruxelles"
                ],
                "type_s_d_intervention_s": [
                    "Rencontre ponctuelle (1 séance d'1 ou 2 heures)",
                    "Accompagnement de projet (3 à 5 séances de 2 heures chacune)"
                ],
                "site_web": null,
                "descriptif": null
            }
        },
        {
            "type": "Feature",
            "geometry": {
                "type": "Point",
                "coordinates": [
                    5.647641313153354,
                    50.71020167848174
                ]
            },
            "properties": {
                "prenom": "Cécile",
                "nom": "Didelot",
                "nom_d_artiste_ou_du_groupe_artistique": null,
                "adresse_courriel": "cdidelot@hotmail.be",
                "cp": "4681",
                "domaine_s_artistique_s": [
                    "Arts vivants"
                ],
                "sous_domaine_artistique": [
                    "Conte"
                ],
                "precision_du_sous_domaine": [
                    "Conte; Conte Jeune Public"
                ],
                "metiers_artistiques": "Conteur·se, Récitant·e",
                "niveau_x_et_ou_type_s_d_enseignement": [
                    "Niveau fondamental - maternel",
                    "Niveau fondamental - primaire",
                    "Niveau secondaire - inférieur",
                    "Niveau secondaire - supérieur"
                ],
                "bassin_s_scolaire_s": [
                    "Liège",
                    "Verviers"
                ],
                "type_s_d_intervention_s": [
                    "Rencontre ponctuelle (1 séance d'1 ou 2 heures)",
                    "Accompagnement de projet (3 à 5 séances de 2 heures chacune)"
                ],
                "site_web": null,
                "descriptif": null
            }
        },
        {
            "type": "Feature",
            "geometry": {
                "type": "Point",
                "coordinates": [
                    4.350645306371014,
                    50.797511521371305
                ]
            },
            "properties": {
                "prenom": "Marco",
                "nom": "Locurcio",
                "nom_d_artiste_ou_du_groupe_artistique": "Marco Locurcio",
                "adresse_courriel": "marcolocurcio@hotmail.com",
                "cp": "1180",
                "domaine_s_artistique_s": [
                    "Musique"
                ],
                "sous_domaine_artistique": [
                    "Musiques actuelles"
                ],
                "precision_du_sous_domaine": [
                    "Jazz; Chanson et Musique d'expression francophone; Musiques électroniques; Pop/Rock"
                ],
                "metiers_artistiques": "Musicien·ne, Musique: compositeur·rice, Musique: arrangements, Musique: décor sonore, Vidéo",
                "niveau_x_et_ou_type_s_d_enseignement": [
                    "Niveau fondamental - primaire",
                    "Niveau secondaire - inférieur",
                    "Niveau secondaire - supérieur"
                ],
                "bassin_s_scolaire_s": [
                    "Bruxelles",
                    "Brabant wallon",
                    "Liège",
                    "Namur"
                ],
                "type_s_d_intervention_s": [
                    "Rencontre ponctuelle (1 séance d'1 ou 2 heures)",
                    "Accompagnement de projet (3 à 5 séances de 2 heures chacune)"
                ],
                "site_web": null,
                "descriptif": null
            }
        },
        {
            "type": "Feature",
            "geometry": {
                "type": "Point",
                "coordinates": [
                    5.718526295615364,
                    50.58770743829555
                ]
            },
            "properties": {
                "prenom": "André",
                "nom": "Borbé",
                "nom_d_artiste_ou_du_groupe_artistique": null,
                "adresse_courriel": "andreborbe.contact@gmail.com",
                "cp": "4877",
                "domaine_s_artistique_s": [
                    "Musique"
                ],
                "sous_domaine_artistique": [
                    "Musiques actuelles"
                ],
                "precision_du_sous_domaine": [
                    "Chanson et Musique d'expression francophone; Musiques électroniques; Pop/Rock; Musique jeune public; Spectacle musical"
                ],
                "metiers_artistiques": "Chanteur·se, Musicien·ne, Conteur·se, Texte: auteur·rice, Musique: compositeur·rice, Musique: arrangements, Mise en scène",
                "niveau_x_et_ou_type_s_d_enseignement": [
                    "Niveau fondamental - primaire",
                    "Niveau secondaire - inférieur"
                ],
                "bassin_s_scolaire_s": [
                    "Bruxelles",
                    "Brabant wallon",
                    "Hainaut Centre",
                    "Hainaut Sud",
                    "Wallonie picarde",
                    "Huy Waremme",
                    "Liège",
                    "Verviers",
                    "Namur",
                    "Luxembourg"
                ],
                "type_s_d_intervention_s": [
                    "Rencontre ponctuelle (1 séance d'1 ou 2 heures)",
                    "Accompagnement de projet (3 à 5 séances de 2 heures chacune)"
                ],
                "site_web": null,
                "descriptif": null
            }
        },
        {
            "type": "Feature",
            "geometry": {
                "type": "Point",
                "coordinates": [
                    3.5174400981162455,
                    50.62650803612162
                ]
            },
            "properties": {
                "prenom": "Luc",
                "nom": "Depret",
                "nom_d_artiste_ou_du_groupe_artistique": null,
                "adresse_courriel": "luc.depret@gmail.com",
                "cp": "7532",
                "domaine_s_artistique_s": [
                    "Musique"
                ],
                "sous_domaine_artistique": [
                    "Musiques actuelles"
                ],
                "precision_du_sous_domaine": [
                    "Folk-Trad-World"
                ],
                "metiers_artistiques": "Musicien·ne, Musique: compositeur·rice, Musique: arrangements",
                "niveau_x_et_ou_type_s_d_enseignement": [
                    "Niveau fondamental - maternel",
                    "Niveau fondamental - primaire",
                    "Niveau secondaire - inférieur",
                    "Niveau secondaire - supérieur"
                ],
                "bassin_s_scolaire_s": [
                    "Bruxelles",
                    "Brabant wallon",
                    "Hainaut Centre",
                    "Hainaut Sud",
                    "Wallonie picarde",
                    "Luxembourg"
                ],
                "type_s_d_intervention_s": [
                    "Rencontre ponctuelle (1 séance d'1 ou 2 heures)",
                    "Accompagnement de projet (3 à 5 séances de 2 heures chacune)"
                ],
                "site_web": null,
                "descriptif": null
            }
        },
        {
            "type": "Feature",
            "geometry": {
                "type": "Point",
                "coordinates": [
                    4.325860589138366,
                    50.816704879551345
                ]
            },
            "properties": {
                "prenom": "Pierre",
                "nom": "Legrand",
                "nom_d_artiste_ou_du_groupe_artistique": "Obêtre (Sarendip)",
                "adresse_courriel": "derriere-lecran@protonmail.com",
                "cp": "1190",
                "domaine_s_artistique_s": [
                    "Arts visuels"
                ],
                "sous_domaine_artistique": [
                    "Dessin",
                    "Illustration"
                ],
                "precision_du_sous_domaine": [
                    "Peinture; Sculpture; Vidéo d'art"
                ],
                "metiers_artistiques": "Artiste plasticien, Curateur",
                "niveau_x_et_ou_type_s_d_enseignement": [
                    "Niveau fondamental - maternel",
                    "Niveau fondamental - primaire",
                    "Niveau secondaire - inférieur",
                    "Niveau secondaire - supérieur"
                ],
                "bassin_s_scolaire_s": [
                    "Bruxelles",
                    "Brabant wallon",
                    "Hainaut Centre",
                    "Hainaut Sud",
                    "Wallonie picarde",
                    "Huy Waremme",
                    "Liège",
                    "Verviers",
                    "Namur",
                    "Luxembourg"
                ],
                "type_s_d_intervention_s": [
                    "Accompagnement de projet (3 à 5 séances de 2 heures chacune)"
                ],
                "site_web": null,
                "descriptif": null
            }
        },
        {
            "type": "Feature",
            "geometry": {
                "type": "Point",
                "coordinates": [
                    5.128740814345303,
                    50.52460249723633
                ]
            },
            "properties": {
                "prenom": "Noémie",
                "nom": "Romain",
                "nom_d_artiste_ou_du_groupe_artistique": "Noémie Rhéa",
                "adresse_courriel": "noemierhea@gmail.com",
                "cp": "4218",
                "domaine_s_artistique_s": [
                    "Musique"
                ],
                "sous_domaine_artistique": [
                    "Musiques actuelles"
                ],
                "precision_du_sous_domaine": [
                    "Chanson et Musique d'expression francophone"
                ],
                "metiers_artistiques": "Chanteur·se, Comédien·ne, Musicien·ne, Texte: auteur·rice, Musique: compositeur·rice",
                "niveau_x_et_ou_type_s_d_enseignement": [
                    "Niveau fondamental - primaire",
                    "Niveau secondaire - inférieur",
                    "Niveau secondaire - supérieur"
                ],
                "bassin_s_scolaire_s": [
                    "Bruxelles",
                    "Brabant wallon",
                    "Hainaut Centre",
                    "Hainaut Sud",
                    "Wallonie picarde",
                    "Huy Waremme",
                    "Liège",
                    "Verviers",
                    "Namur",
                    "Luxembourg"
                ],
                "type_s_d_intervention_s": [
                    "Rencontre ponctuelle (1 séance d'1 ou 2 heures)",
                    "Accompagnement de projet (3 à 5 séances de 2 heures chacune)"
                ],
                "site_web": null,
                "descriptif": null
            }
        },
        {
            "type": "Feature",
            "geometry": {
                "type": "Point",
                "coordinates": [
                    4.563804500126532,
                    50.28998767948604
                ]
            },
            "properties": {
                "prenom": "Raphaël",
                "nom": "Sentjens",
                "nom_d_artiste_ou_du_groupe_artistique": "Clair de Plume",
                "adresse_courriel": "raphael@tarento.be",
                "cp": "5621",
                "domaine_s_artistique_s": [
                    "Arts vivants"
                ],
                "sous_domaine_artistique": [
                    "Art dramatique"
                ],
                "precision_du_sous_domaine": [
                    "Théâtre général; Théâtre général Jeune Public"
                ],
                "metiers_artistiques": "Texte: auteur·rice, Mise en scène",
                "niveau_x_et_ou_type_s_d_enseignement": [
                    "Niveau fondamental - maternel",
                    "Niveau fondamental - primaire",
                    "Niveau secondaire - inférieur",
                    "Niveau secondaire - supérieur"
                ],
                "bassin_s_scolaire_s": [
                    "Bruxelles",
                    "Brabant wallon",
                    "Hainaut Centre",
                    "Hainaut Sud",
                    "Wallonie picarde",
                    "Huy Waremme",
                    "Liège",
                    "Verviers",
                    "Namur"
                ],
                "type_s_d_intervention_s": [
                    "Rencontre ponctuelle (1 séance d'1 ou 2 heures)",
                    "Accompagnement de projet (3 à 5 séances de 2 heures chacune)"
                ],
                "site_web": null,
                "descriptif": null
            }
        },
        {
            "type": "Feature",
            "geometry": {
                "type": "Point",
                "coordinates": [
                    4.419545932344844,
                    50.79968484315967
                ]
            },
            "properties": {
                "prenom": "Alix",
                "nom": "Le Grouyellec",
                "nom_d_artiste_ou_du_groupe_artistique": "Alix Van Ripato",
                "adresse_courriel": "alixmj@gmail.com",
                "cp": "1170",
                "domaine_s_artistique_s": [
                    "Arts visuels"
                ],
                "sous_domaine_artistique": [
                    "Arts numériques et technologiques"
                ],
                "precision_du_sous_domaine": [
                    "Dessin",
                    "Illustration; Vidéo d'art"
                ],
                "metiers_artistiques": "Artiste plasticien",
                "niveau_x_et_ou_type_s_d_enseignement": [
                    "Niveau fondamental - primaire",
                    "Niveau secondaire - inférieur",
                    "Niveau secondaire - supérieur"
                ],
                "bassin_s_scolaire_s": [
                    "Bruxelles",
                    "Brabant wallon",
                    "Hainaut Centre",
                    "Hainaut Sud",
                    "Wallonie picarde",
                    "Huy Waremme",
                    "Liège",
                    "Verviers",
                    "Namur",
                    "Luxembourg"
                ],
                "type_s_d_intervention_s": [
                    "Rencontre ponctuelle (1 séance d'1 ou 2 heures)",
                    "Accompagnement de projet (3 à 5 séances de 2 heures chacune)"
                ],
                "site_web": null,
                "descriptif": null
            }
        },
        {
            "type": "Feature",
            "geometry": {
                "type": "Point",
                "coordinates": [
                    4.318752891748991,
                    50.855119755562214
                ]
            },
            "properties": {
                "prenom": "Sibel",
                "nom": "Dincer",
                "nom_d_artiste_ou_du_groupe_artistique": null,
                "adresse_courriel": "sibel@skynet.be",
                "cp": "1080",
                "domaine_s_artistique_s": [
                    "Arts vivants"
                ],
                "sous_domaine_artistique": [
                    "Art dramatique"
                ],
                "precision_du_sous_domaine": [
                    "Théâtre général"
                ],
                "metiers_artistiques": "Comédien·ne, Musicien·ne, Texte: auteur·rice, Texte: adaptation, Musique: compositeur·rice, Musique: arrangements, Mise en scène, Vidéo",
                "niveau_x_et_ou_type_s_d_enseignement": [
                    "Niveau fondamental - maternel",
                    "Niveau fondamental - primaire",
                    "Niveau secondaire - inférieur",
                    "Niveau secondaire - supérieur"
                ],
                "bassin_s_scolaire_s": [
                    "Bruxelles",
                    "Brabant wallon",
                    "Hainaut Centre",
                    "Hainaut Sud",
                    "Wallonie picarde",
                    "Huy Waremme",
                    "Liège",
                    "Verviers",
                    "Namur",
                    "Luxembourg"
                ],
                "type_s_d_intervention_s": [
                    "Rencontre ponctuelle (1 séance d'1 ou 2 heures)",
                    "Accompagnement de projet (3 à 5 séances de 2 heures chacune)"
                ],
                "site_web": null,
                "descriptif": null
            }
        },
        {
            "type": "Feature",
            "geometry": {
                "type": "Point",
                "coordinates": [
                    4.4233419503166855,
                    50.85035634033195
                ]
            },
            "properties": {
                "prenom": "Harold",
                "nom": "George",
                "nom_d_artiste_ou_du_groupe_artistique": "Dunia Dance Theatre",
                "adresse_courriel": "duniadance@gmail.com",
                "cp": "1200",
                "domaine_s_artistique_s": [
                    "Arts vivants"
                ],
                "sous_domaine_artistique": [
                    "Art chorégraphique"
                ],
                "precision_du_sous_domaine": [
                    "Danse contemporaine"
                ],
                "metiers_artistiques": "Chorégraphie",
                "niveau_x_et_ou_type_s_d_enseignement": [
                    "Niveau secondaire - supérieur"
                ],
                "bassin_s_scolaire_s": [
                    "Bruxelles",
                    "Brabant wallon",
                    "Hainaut Centre",
                    "Hainaut Sud",
                    "Wallonie picarde",
                    "Huy Waremme",
                    "Liège",
                    "Verviers",
                    "Namur",
                    "Luxembourg"
                ],
                "type_s_d_intervention_s": [
                    "Rencontre ponctuelle (1 séance d'1 ou 2 heures)",
                    "Accompagnement de projet (3 à 5 séances de 2 heures chacune)"
                ],
                "site_web": null,
                "descriptif": null
            }
        },
        {
            "type": "Feature",
            "geometry": {
                "type": "Point",
                "coordinates": [
                    5.494502807712686,
                    49.679738949267666
                ]
            },
            "properties": {
                "prenom": "Céline",
                "nom": "Trujillo Trujillo",
                "nom_d_artiste_ou_du_groupe_artistique": "Le Bouton, Compagnie de théâtre poétique",
                "adresse_courriel": "compagniedubouton@gmail.com",
                "cp": "6730",
                "domaine_s_artistique_s": [
                    "Arts vivants"
                ],
                "sous_domaine_artistique": [
                    "Art dramatique",
                    "Spectacle pluridisciplinaire"
                ],
                "precision_du_sous_domaine": [
                    "Théâtre général; Théâtre général Jeune Public; Théâtre action; Théâtre action Jeune Public; Spectacle d'improvisation; Spectacle pluridisciplinaire; Spectacle pluridisciplinaire Jeune Public"
                ],
                "metiers_artistiques": "Comédien·ne, Clowne, Texte: auteur·rice, Texte: adaptation, Musique: compositeur·rice, Mise en scène",
                "niveau_x_et_ou_type_s_d_enseignement": [
                    "Niveau fondamental - maternel",
                    "Niveau fondamental - primaire",
                    "Niveau secondaire - inférieur",
                    "Niveau secondaire - supérieur"
                ],
                "bassin_s_scolaire_s": [
                    "Luxembourg"
                ],
                "type_s_d_intervention_s": [
                    "Rencontre ponctuelle (1 séance d'1 ou 2 heures)",
                    "Accompagnement de projet (3 à 5 séances de 2 heures chacune)"
                ],
                "site_web": null,
                "descriptif": null
            }
        },
        {
            "type": "Feature",
            "geometry": {
                "type": "Point",
                "coordinates": [
                    5.502996436523854,
                    50.58354192119967
                ]
            },
            "properties": {
                "prenom": "Marie-Helena",
                "nom": "Sanchez Fernandez",
                "nom_d_artiste_ou_du_groupe_artistique": "NENA",
                "adresse_courriel": "lanena.contact@gmail.com",
                "cp": "4100",
                "domaine_s_artistique_s": [
                    "Musique"
                ],
                "sous_domaine_artistique": [
                    "Musiques actuelles"
                ],
                "precision_du_sous_domaine": [
                    "Folk-Trad-World"
                ],
                "metiers_artistiques": "Chanteur·se, Musicien·ne, Texte: auteur·rice, Musique: compositeur·rice, Musique: arrangements, Productrice en indé, direction artistique diverse pour le projet allant de la réalisation au graphisme à l'identité visuelle globale du projet",
                "niveau_x_et_ou_type_s_d_enseignement": [
                    "Niveau secondaire - inférieur",
                    "Niveau secondaire - supérieur"
                ],
                "bassin_s_scolaire_s": [
                    "Bruxelles",
                    "Brabant wallon",
                    "Hainaut Centre",
                    "Hainaut Sud",
                    "Wallonie picarde",
                    "Huy Waremme",
                    "Liège",
                    "Verviers",
                    "Namur",
                    "Luxembourg"
                ],
                "type_s_d_intervention_s": [
                    "Rencontre ponctuelle (1 séance d'1 ou 2 heures)",
                    "Accompagnement de projet (3 à 5 séances de 2 heures chacune)"
                ],
                "site_web": null,
                "descriptif": null
            }
        },
        {
            "type": "Feature",
            "geometry": {
                "type": "Point",
                "coordinates": [
                    4.350645306371014,
                    50.797511521371305
                ]
            },
            "properties": {
                "prenom": "Christine",
                "nom": "Andrien",
                "nom_d_artiste_ou_du_groupe_artistique": "Théâtre de la parole",
                "adresse_courriel": "christine.andrien@theatredelaparole.be",
                "cp": "1180",
                "domaine_s_artistique_s": [
                    "Arts vivants"
                ],
                "sous_domaine_artistique": [
                    "Conte"
                ],
                "precision_du_sous_domaine": [
                    "Conte; Conte Jeune Public"
                ],
                "metiers_artistiques": "Conteur·se, Texte: auteur·rice, Texte: adaptation",
                "niveau_x_et_ou_type_s_d_enseignement": [
                    "Niveau fondamental - primaire",
                    "Niveau secondaire - inférieur",
                    "Niveau secondaire - supérieur"
                ],
                "bassin_s_scolaire_s": [
                    "Bruxelles"
                ],
                "type_s_d_intervention_s": [
                    "Rencontre ponctuelle (1 séance d'1 ou 2 heures)",
                    "Accompagnement de projet (3 à 5 séances de 2 heures chacune)"
                ],
                "site_web": null,
                "descriptif": null
            }
        },
        {
            "type": "Feature",
            "geometry": {
                "type": "Point",
                "coordinates": [
                    4.294210274903974,
                    50.86512294398552
                ]
            },
            "properties": {
                "prenom": "Youri",
                "nom": "Garfinkiel",
                "nom_d_artiste_ou_du_groupe_artistique": "Youri Garfinkiel",
                "adresse_courriel": "youri.garfinkiel@gmail.com",
                "cp": "1082",
                "domaine_s_artistique_s": [
                    "Arts vivants"
                ],
                "sous_domaine_artistique": [
                    "Art chorégraphique",
                    "Art dramatique",
                    "Spectacle pluridisciplinaire"
                ],
                "precision_du_sous_domaine": [
                    "Théâtre général; Danse urbaine; Danse jeune public; Spectacle pluridisciplinaire; Spectacle pluridisciplinaire Jeune Public"
                ],
                "metiers_artistiques": "Danseur·se, Humoriste, Comédien·ne, Texte: auteur·rice, Texte: adaptation, Chorégraphie, Mise en scène, Vidéo",
                "niveau_x_et_ou_type_s_d_enseignement": [
                    "Niveau secondaire - supérieur"
                ],
                "bassin_s_scolaire_s": [
                    "Bruxelles",
                    "Brabant wallon"
                ],
                "type_s_d_intervention_s": [
                    "Rencontre ponctuelle (1 séance d'1 ou 2 heures)",
                    "Accompagnement de projet (3 à 5 séances de 2 heures chacune)"
                ],
                "site_web": null,
                "descriptif": null
            }
        },
        {
            "type": "Feature",
            "geometry": {
                "type": "Point",
                "coordinates": [
                    4.343463448726441,
                    50.83044911483679
                ]
            },
            "properties": {
                "prenom": "Marion",
                "nom": "Pillé",
                "nom_d_artiste_ou_du_groupe_artistique": null,
                "adresse_courriel": "marion.pille@gmail.com",
                "cp": "1060",
                "domaine_s_artistique_s": [
                    "Arts vivants"
                ],
                "sous_domaine_artistique": [
                    "Art dramatique"
                ],
                "precision_du_sous_domaine": [
                    "Théâtre général"
                ],
                "metiers_artistiques": "Comédien·ne, Mise en scène, éclairages: conception",
                "niveau_x_et_ou_type_s_d_enseignement": [
                    "Niveau fondamental - primaire",
                    "Niveau secondaire - inférieur",
                    "Niveau secondaire - supérieur"
                ],
                "bassin_s_scolaire_s": [
                    "Bruxelles"
                ],
                "type_s_d_intervention_s": [
                    "Rencontre ponctuelle (1 séance d'1 ou 2 heures)"
                ],
                "site_web": null,
                "descriptif": null
            }
        },
        {
            "type": "Feature",
            "geometry": {
                "type": "Point",
                "coordinates": [
                    4.29266566264007,
                    50.83150217114286
                ]
            },
            "properties": {
                "prenom": "éléonore",
                "nom": "Saintagnan",
                "nom_d_artiste_ou_du_groupe_artistique": null,
                "adresse_courriel": "esaintagnan@gmail.com",
                "cp": "1070",
                "domaine_s_artistique_s": [
                    "Arts visuels"
                ],
                "sous_domaine_artistique": [
                    "Sculpture"
                ],
                "precision_du_sous_domaine": [
                    "Vidéo d'art"
                ],
                "metiers_artistiques": "Artiste plasticien",
                "niveau_x_et_ou_type_s_d_enseignement": [
                    "Niveau secondaire - supérieur"
                ],
                "bassin_s_scolaire_s": [
                    "Bruxelles"
                ],
                "type_s_d_intervention_s": [
                    "Rencontre ponctuelle (1 séance d'1 ou 2 heures)"
                ],
                "site_web": null,
                "descriptif": null
            }
        },
        {
            "type": "Feature",
            "geometry": {
                "type": "Point",
                "coordinates": [
                    4.376217020664074,
                    50.82661313830635
                ]
            },
            "properties": {
                "prenom": "Romain",
                "nom": "Cinter",
                "nom_d_artiste_ou_du_groupe_artistique": "Eutopia",
                "adresse_courriel": "cinter.romain@gmail.com",
                "cp": "1050",
                "domaine_s_artistique_s": [
                    "Arts vivants"
                ],
                "sous_domaine_artistique": [
                    "Art dramatique"
                ],
                "precision_du_sous_domaine": [
                    "Théâtre général"
                ],
                "metiers_artistiques": "Comédien·ne",
                "niveau_x_et_ou_type_s_d_enseignement": [
                    "Niveau secondaire - inférieur",
                    "Niveau secondaire - supérieur"
                ],
                "bassin_s_scolaire_s": [
                    "Bruxelles"
                ],
                "type_s_d_intervention_s": [
                    "Rencontre ponctuelle (1 séance d'1 ou 2 heures)",
                    "Accompagnement de projet (3 à 5 séances de 2 heures chacune)"
                ],
                "site_web": null,
                "descriptif": null
            }
        },
        {
            "type": "Feature",
            "geometry": {
                "type": "Point",
                "coordinates": [
                    3.391479646159741,
                    50.638932105710474
                ]
            },
            "properties": {
                "prenom": "Laurence",
                "nom": "Dervaux",
                "nom_d_artiste_ou_du_groupe_artistique": null,
                "adresse_courriel": "laurence.dervaux@yahoo.fr",
                "cp": "7540",
                "domaine_s_artistique_s": [
                    "Arts visuels"
                ],
                "sous_domaine_artistique": [
                    "Dessin",
                    "Illustration"
                ],
                "precision_du_sous_domaine": [
                    "Gravure; Peinture; Sculpture; Vidéo d'art"
                ],
                "metiers_artistiques": "Artiste plasticien",
                "niveau_x_et_ou_type_s_d_enseignement": [
                    "Niveau fondamental - primaire",
                    "Niveau secondaire - inférieur",
                    "Niveau secondaire - supérieur"
                ],
                "bassin_s_scolaire_s": [
                    "Bruxelles",
                    "Hainaut Centre",
                    "Hainaut Sud",
                    "Wallonie picarde",
                    "Namur"
                ],
                "type_s_d_intervention_s": [
                    "Rencontre ponctuelle (1 séance d'1 ou 2 heures)",
                    "Accompagnement de projet (3 à 5 séances de 2 heures chacune)"
                ],
                "site_web": null,
                "descriptif": null
            }
        },
        {
            "type": "Feature",
            "geometry": {
                "type": "Point",
                "coordinates": [
                    3.294289719569184,
                    50.62402284275268
                ]
            },
            "properties": {
                "prenom": "Charlotte",
                "nom": "Vancoppenolle",
                "nom_d_artiste_ou_du_groupe_artistique": "TOUM",
                "adresse_courriel": "charlotte.vancop@gmail.com",
                "cp": "7522",
                "domaine_s_artistique_s": [
                    "Musique"
                ],
                "sous_domaine_artistique": [
                    "Musiques actuelles"
                ],
                "precision_du_sous_domaine": [
                    "Chanson et Musique d'expression francophone; Musique jeune public; Spectacle musical"
                ],
                "metiers_artistiques": "Chanteur·se, Comédien·ne, Texte: auteur·rice, Mise en scène",
                "niveau_x_et_ou_type_s_d_enseignement": [
                    "Niveau fondamental - primaire"
                ],
                "bassin_s_scolaire_s": [
                    "Hainaut Centre",
                    "Hainaut Sud",
                    "Wallonie picarde"
                ],
                "type_s_d_intervention_s": [
                    "Rencontre ponctuelle (1 séance d'1 ou 2 heures)"
                ],
                "site_web": null,
                "descriptif": null
            }
        },
        {
            "type": "Feature",
            "geometry": {
                "type": "Point",
                "coordinates": [
                    5.560439577436734,
                    50.64762245632328
                ]
            },
            "properties": {
                "prenom": "Justine",
                "nom": "Duchesne",
                "nom_d_artiste_ou_du_groupe_artistique": "Le Zet",
                "adresse_courriel": "j.du@zetetiquetheatre.be",
                "cp": "4000",
                "domaine_s_artistique_s": [
                    "Arts vivants"
                ],
                "sous_domaine_artistique": [
                    "Art dramatique"
                ],
                "precision_du_sous_domaine": [
                    "Théâtre général Jeune Public"
                ],
                "metiers_artistiques": "Mise en scène",
                "niveau_x_et_ou_type_s_d_enseignement": [
                    "Niveau fondamental - maternel",
                    "Niveau fondamental - primaire",
                    "Niveau secondaire - inférieur"
                ],
                "bassin_s_scolaire_s": [
                    "Huy Waremme",
                    "Liège",
                    "Verviers"
                ],
                "type_s_d_intervention_s": [
                    "Rencontre ponctuelle (1 séance d'1 ou 2 heures)",
                    "Accompagnement de projet (3 à 5 séances de 2 heures chacune)"
                ],
                "site_web": null,
                "descriptif": null
            }
        },
        {
            "type": "Feature",
            "geometry": {
                "type": "Point",
                "coordinates": [
                    4.8650544250430565,
                    50.463078674381016
                ]
            },
            "properties": {
                "prenom": "Lucas",
                "nom": "Lemage",
                "nom_d_artiste_ou_du_groupe_artistique": "Pirlot (Glauque/Duo24b)",
                "adresse_courriel": "lucas.oa.lemage@gmail.com",
                "cp": "5000",
                "domaine_s_artistique_s": [
                    "Musique"
                ],
                "sous_domaine_artistique": [
                    "Musique classique et contemporaine",
                    "Musiques actuelles"
                ],
                "precision_du_sous_domaine": [
                    "Musiques électroniques; Musiques urbaines; Pop/Rock; Musique classique et contemporaine (ensemble); Musique classique et contemporaine (soliste)"
                ],
                "metiers_artistiques": "Musicien·ne, Texte: auteur·rice, Musique: compositeur·rice, Musique: arrangements, Musique: décor sonore, Graphisme, Vidéo",
                "niveau_x_et_ou_type_s_d_enseignement": [
                    "Niveau fondamental - primaire",
                    "Niveau secondaire - inférieur",
                    "Niveau secondaire - supérieur"
                ],
                "bassin_s_scolaire_s": [
                    "Bruxelles",
                    "Brabant wallon",
                    "Liège",
                    "Namur"
                ],
                "type_s_d_intervention_s": [
                    "Rencontre ponctuelle (1 séance d'1 ou 2 heures)",
                    "Accompagnement de projet (3 à 5 séances de 2 heures chacune)"
                ],
                "site_web": null,
                "descriptif": null
            }
        },
        {
            "type": "Feature",
            "geometry": {
                "type": "Point",
                "coordinates": [
                    4.35012989814735,
                    50.8475911319432
                ]
            },
            "properties": {
                "prenom": "Delphine",
                "nom": "Bougard",
                "nom_d_artiste_ou_du_groupe_artistique": "Compagnie de la Sonnette asbl",
                "adresse_courriel": "compagniedelasonnette@gmail.com",
                "cp": "1000",
                "domaine_s_artistique_s": [
                    "Arts vivants"
                ],
                "sous_domaine_artistique": [
                    "Conte"
                ],
                "precision_du_sous_domaine": [
                    "Conte"
                ],
                "metiers_artistiques": "Comédien·ne, Texte: auteur·rice, Costumes, Mise en scène",
                "niveau_x_et_ou_type_s_d_enseignement": [
                    "Niveau secondaire - inférieur",
                    "Niveau secondaire - supérieur"
                ],
                "bassin_s_scolaire_s": [
                    "Bruxelles",
                    "Brabant wallon",
                    "Hainaut Centre",
                    "Hainaut Sud",
                    "Wallonie picarde",
                    "Huy Waremme",
                    "Liège",
                    "Verviers",
                    "Namur",
                    "Luxembourg"
                ],
                "type_s_d_intervention_s": [
                    "Rencontre ponctuelle (1 séance d'1 ou 2 heures)"
                ],
                "site_web": null,
                "descriptif": null
            }
        },
        {
            "type": "Feature",
            "geometry": {
                "type": "Point",
                "coordinates": [
                    5.560439577436734,
                    50.64762245632328
                ]
            },
            "properties": {
                "prenom": "Jérémy",
                "nom": "Joncheray",
                "nom_d_artiste_ou_du_groupe_artistique": null,
                "adresse_courriel": "jeremy@signesduquotidien.org",
                "cp": "4000",
                "domaine_s_artistique_s": [
                    "Arts visuels"
                ],
                "sous_domaine_artistique": [
                    "Arts numériques et technologiques"
                ],
                "precision_du_sous_domaine": [
                    "Dessin",
                    "Illustration"
                ],
                "metiers_artistiques": "Artiste plasticien",
                "niveau_x_et_ou_type_s_d_enseignement": [
                    "Niveau fondamental - maternel",
                    "Niveau fondamental - primaire",
                    "Niveau secondaire - inférieur",
                    "Niveau secondaire - supérieur"
                ],
                "bassin_s_scolaire_s": [
                    "Bruxelles",
                    "Huy Waremme",
                    "Liège",
                    "Verviers",
                    "Namur"
                ],
                "type_s_d_intervention_s": [
                    "Rencontre ponctuelle (1 séance d'1 ou 2 heures)",
                    "Accompagnement de projet (3 à 5 séances de 2 heures chacune)"
                ],
                "site_web": null,
                "descriptif": null
            }
        },
        {
            "type": "Feature",
            "geometry": {
                "type": "Point",
                "coordinates": [
                    4.325860589138366,
                    50.816704879551345
                ]
            },
            "properties": {
                "prenom": "Philippe",
                "nom": "Rasse",
                "nom_d_artiste_ou_du_groupe_artistique": "Tadam",
                "adresse_courriel": "philipperasse@gmail.com",
                "cp": "1190",
                "domaine_s_artistique_s": [
                    "Arts vivants"
                ],
                "sous_domaine_artistique": [
                    "Art dramatique"
                ],
                "precision_du_sous_domaine": [
                    "Théâtre général; Spectacle d'improvisation"
                ],
                "metiers_artistiques": "Comédien·ne, Texte: auteur·rice, Musique: compositeur·rice, Mise en scène",
                "niveau_x_et_ou_type_s_d_enseignement": [
                    "Niveau secondaire - supérieur"
                ],
                "bassin_s_scolaire_s": [
                    "Bruxelles",
                    "Brabant wallon"
                ],
                "type_s_d_intervention_s": [
                    "Rencontre ponctuelle (1 séance d'1 ou 2 heures)",
                    "Accompagnement de projet (3 à 5 séances de 2 heures chacune)"
                ],
                "site_web": null,
                "descriptif": null
            }
        },
        {
            "type": "Feature",
            "geometry": {
                "type": "Point",
                "coordinates": [
                    5.50408222170567,
                    50.38327165524856
                ]
            },
            "properties": {
                "prenom": "Stany",
                "nom": "Paquay",
                "nom_d_artiste_ou_du_groupe_artistique": null,
                "adresse_courriel": "stany@spcomedien.be",
                "cp": "6941",
                "domaine_s_artistique_s": [
                    "Arts vivants"
                ],
                "sous_domaine_artistique": [
                    "Art dramatique",
                    "Spectacle pluridisciplinaire"
                ],
                "precision_du_sous_domaine": [
                    "Théâtre général; Spectacle d'improvisation; Spectacle pluridisciplinaire"
                ],
                "metiers_artistiques": "Humoriste, Comédien·ne, Mise en scène, Graphisme",
                "niveau_x_et_ou_type_s_d_enseignement": [
                    "Niveau secondaire - inférieur",
                    "Niveau secondaire - supérieur"
                ],
                "bassin_s_scolaire_s": [
                    "Huy Waremme",
                    "Verviers",
                    "Luxembourg"
                ],
                "type_s_d_intervention_s": [
                    "Accompagnement de projet (3 à 5 séances de 2 heures chacune)"
                ],
                "site_web": null,
                "descriptif": null
            }
        },
        {
            "type": "Feature",
            "geometry": {
                "type": "Point",
                "coordinates": [
                    5.560439577436734,
                    50.64762245632328
                ]
            },
            "properties": {
                "prenom": "Laura",
                "nom": "Pepe",
                "nom_d_artiste_ou_du_groupe_artistique": "PEPE",
                "adresse_courriel": "pepebookingpepe@gmail.com",
                "cp": "4000",
                "domaine_s_artistique_s": [
                    "Musique"
                ],
                "sous_domaine_artistique": [
                    "Musiques actuelles"
                ],
                "precision_du_sous_domaine": [
                    "Chanson et Musique d'expression francophone; Musiques électroniques; Pop/Rock; Musique jeune public; Spectacle musical"
                ],
                "metiers_artistiques": "Chanteur·se, Musicien·ne, Texte: auteur·rice, Texte: adaptation, Musique: compositeur·rice, Musique: arrangements",
                "niveau_x_et_ou_type_s_d_enseignement": [
                    "Niveau fondamental - maternel",
                    "Niveau fondamental - primaire",
                    "Niveau secondaire - inférieur",
                    "Niveau secondaire - supérieur"
                ],
                "bassin_s_scolaire_s": [
                    "Bruxelles",
                    "Brabant wallon",
                    "Wallonie picarde",
                    "Huy Waremme",
                    "Liège",
                    "Verviers",
                    "Namur"
                ],
                "type_s_d_intervention_s": [
                    "Rencontre ponctuelle (1 séance d'1 ou 2 heures)",
                    "Accompagnement de projet (3 à 5 séances de 2 heures chacune)"
                ],
                "site_web": null,
                "descriptif": null
            }
        },
        {
            "type": "Feature",
            "geometry": {
                "type": "Point",
                "coordinates": [
                    5.560439577436734,
                    50.64762245632328
                ]
            },
            "properties": {
                "prenom": "Pauline",
                "nom": "Moureau",
                "nom_d_artiste_ou_du_groupe_artistique": null,
                "adresse_courriel": "pauline.moureau@gmail.com",
                "cp": "4000",
                "domaine_s_artistique_s": [
                    "Arts vivants"
                ],
                "sous_domaine_artistique": [
                    "Art dramatique",
                    "Conte",
                    "Marionnettes",
                    "théâtre d'objets",
                    "théâtre d'ombres"
                ],
                "precision_du_sous_domaine": [
                    "Théâtre général; Théâtre général Jeune Public; Conte; Conte Jeune Public; Marionnettes",
                    "théâtre d'objets",
                    "théâtre d'ombres jeune public"
                ],
                "metiers_artistiques": "Comédien·ne, Texte: auteur·rice, Texte: adaptation, Mise en scène",
                "niveau_x_et_ou_type_s_d_enseignement": [
                    "Niveau fondamental - maternel",
                    "Niveau fondamental - primaire",
                    "Niveau secondaire - inférieur",
                    "Niveau secondaire - supérieur"
                ],
                "bassin_s_scolaire_s": [
                    "Bruxelles",
                    "Brabant wallon",
                    "Hainaut Centre",
                    "Hainaut Sud",
                    "Wallonie picarde",
                    "Huy Waremme",
                    "Liège",
                    "Verviers",
                    "Namur",
                    "Luxembourg"
                ],
                "type_s_d_intervention_s": [
                    "Rencontre ponctuelle (1 séance d'1 ou 2 heures)",
                    "Accompagnement de projet (3 à 5 séances de 2 heures chacune)"
                ],
                "site_web": null,
                "descriptif": null
            }
        },
        {
            "type": "Feature",
            "geometry": {
                "type": "Point",
                "coordinates": [
                    5.807186416208354,
                    49.67423651952514
                ]
            },
            "properties": {
                "prenom": "Raphaël",
                "nom": "Rufo",
                "nom_d_artiste_ou_du_groupe_artistique": "The Flynts",
                "adresse_courriel": "rufo.raphael@gmail.com",
                "cp": "6700",
                "domaine_s_artistique_s": [
                    "Musique"
                ],
                "sous_domaine_artistique": [
                    "Musiques actuelles"
                ],
                "precision_du_sous_domaine": [
                    "Blues; Pop/Rock; Rock dur"
                ],
                "metiers_artistiques": "Chanteur·se, Musicien·ne, Texte: auteur·rice, Musique: compositeur·rice, Musique: arrangements",
                "niveau_x_et_ou_type_s_d_enseignement": [
                    "Niveau fondamental - maternel",
                    "Niveau fondamental - primaire",
                    "Niveau secondaire - inférieur",
                    "Niveau secondaire - supérieur"
                ],
                "bassin_s_scolaire_s": [
                    "Bruxelles",
                    "Brabant wallon",
                    "Liège",
                    "Luxembourg"
                ],
                "type_s_d_intervention_s": [
                    "Rencontre ponctuelle (1 séance d'1 ou 2 heures)"
                ],
                "site_web": null,
                "descriptif": null
            }
        },
        {
            "type": "Feature",
            "geometry": {
                "type": "Point",
                "coordinates": [
                    5.560439577436734,
                    50.64762245632328
                ]
            },
            "properties": {
                "prenom": "Maxime",
                "nom": "Lhussier",
                "nom_d_artiste_ou_du_groupe_artistique": "Pale Grey",
                "adresse_courriel": "max@odessamusic.be",
                "cp": "4000",
                "domaine_s_artistique_s": [
                    "Musique"
                ],
                "sous_domaine_artistique": [
                    "Musiques actuelles"
                ],
                "precision_du_sous_domaine": [
                    "Pop/Rock"
                ],
                "metiers_artistiques": "Musicien·ne, Musique: compositeur·rice, Musique: arrangements",
                "niveau_x_et_ou_type_s_d_enseignement": [
                    "Niveau secondaire - inférieur",
                    "Niveau secondaire - supérieur"
                ],
                "bassin_s_scolaire_s": [
                    "Liège",
                    "Verviers"
                ],
                "type_s_d_intervention_s": [
                    "Rencontre ponctuelle (1 séance d'1 ou 2 heures)"
                ],
                "site_web": null,
                "descriptif": null
            }
        },
        {
            "type": "Feature",
            "geometry": {
                "type": "Point",
                "coordinates": [
                    4.694899301029344,
                    50.74763686954809
                ]
            },
            "properties": {
                "prenom": "Valérie",
                "nom": "Chaminaud-Davreux",
                "nom_d_artiste_ou_du_groupe_artistique": "Valerian Solo",
                "adresse_courriel": "valdavreux@gmail.com",
                "cp": "1390",
                "domaine_s_artistique_s": [
                    "Musique"
                ],
                "sous_domaine_artistique": [
                    "Musiques actuelles"
                ],
                "precision_du_sous_domaine": [
                    "Folk-Trad-World; Chanson et Musique d'expression francophone"
                ],
                "metiers_artistiques": "Danseur·se, Chanteur·se, Comédien·ne, Musique: compositeur·rice",
                "niveau_x_et_ou_type_s_d_enseignement": [
                    "Niveau secondaire - inférieur",
                    "Niveau secondaire - supérieur"
                ],
                "bassin_s_scolaire_s": [
                    "Bruxelles",
                    "Brabant wallon",
                    "Namur"
                ],
                "type_s_d_intervention_s": [
                    "Rencontre ponctuelle (1 séance d'1 ou 2 heures)",
                    "Accompagnement de projet (3 à 5 séances de 2 heures chacune)"
                ],
                "site_web": null,
                "descriptif": null
            }
        },
        {
            "type": "Feature",
            "geometry": {
                "type": "Point",
                "coordinates": [
                    3.391479646159741,
                    50.638932105710474
                ]
            },
            "properties": {
                "prenom": "Olivier",
                "nom": "Loin",
                "nom_d_artiste_ou_du_groupe_artistique": null,
                "adresse_courriel": "info.olivierloin@gmail.com",
                "cp": "7540",
                "domaine_s_artistique_s": [
                    "Musique"
                ],
                "sous_domaine_artistique": [
                    "Musiques actuelles"
                ],
                "precision_du_sous_domaine": [
                    "Chanson et Musique d'expression francophone"
                ],
                "metiers_artistiques": "Chanteur·se, Texte: auteur·rice, Musique: compositeur·rice, Interprète de mes chansons",
                "niveau_x_et_ou_type_s_d_enseignement": [
                    "Niveau fondamental - primaire",
                    "Niveau secondaire - inférieur",
                    "Niveau secondaire - supérieur"
                ],
                "bassin_s_scolaire_s": [
                    "Bruxelles",
                    "Brabant wallon",
                    "Hainaut Centre",
                    "Hainaut Sud",
                    "Wallonie picarde",
                    "Huy Waremme",
                    "Liège",
                    "Verviers",
                    "Namur",
                    "Luxembourg"
                ],
                "type_s_d_intervention_s": [
                    "Rencontre ponctuelle (1 séance d'1 ou 2 heures)",
                    "Accompagnement de projet (3 à 5 séances de 2 heures chacune)"
                ],
                "site_web": null,
                "descriptif": null
            }
        },
        {
            "type": "Feature",
            "geometry": {
                "type": "Point",
                "coordinates": [
                    5.563626613423726,
                    49.73348162092416
                ]
            },
            "properties": {
                "prenom": "Anne-Sophie",
                "nom": "Krier",
                "nom_d_artiste_ou_du_groupe_artistique": "L'Ananas Givré :: compagnie créative",
                "adresse_courriel": "lananasgivre@gmail.com",
                "cp": "6724",
                "domaine_s_artistique_s": [
                    "Arts vivants"
                ],
                "sous_domaine_artistique": [
                    "Art dramatique"
                ],
                "precision_du_sous_domaine": [
                    "Théâtre général; Théâtre général Jeune Public"
                ],
                "metiers_artistiques": "Comédien·ne, Texte: auteur·rice, Texte: adaptation, Mise en scène",
                "niveau_x_et_ou_type_s_d_enseignement": [
                    "Niveau fondamental - primaire",
                    "Niveau secondaire - inférieur",
                    "Niveau secondaire - supérieur"
                ],
                "bassin_s_scolaire_s": [
                    "Luxembourg"
                ],
                "type_s_d_intervention_s": [
                    "Rencontre ponctuelle (1 séance d'1 ou 2 heures)",
                    "Accompagnement de projet (3 à 5 séances de 2 heures chacune)"
                ],
                "site_web": null,
                "descriptif": null
            }
        },
        {
            "type": "Feature",
            "geometry": {
                "type": "Point",
                "coordinates": [
                    4.391869712225169,
                    50.83227128877207
                ]
            },
            "properties": {
                "prenom": "Alexis",
                "nom": "Zounguere Sokambi",
                "nom_d_artiste_ou_du_groupe_artistique": "White Corbeau",
                "adresse_courriel": "whitecorbeau.management@gmail.com",
                "cp": "1040",
                "domaine_s_artistique_s": [
                    "Musique"
                ],
                "sous_domaine_artistique": [
                    "Musiques actuelles"
                ],
                "precision_du_sous_domaine": [
                    "Musiques urbaines; Pop/Rock; Musique jeune public"
                ],
                "metiers_artistiques": "Chanteur·se, Musicien·ne, Musique: compositeur·rice",
                "niveau_x_et_ou_type_s_d_enseignement": [
                    "Niveau fondamental - maternel",
                    "Niveau fondamental - primaire",
                    "Niveau secondaire - inférieur",
                    "Niveau secondaire - supérieur"
                ],
                "bassin_s_scolaire_s": [
                    "Bruxelles",
                    "Brabant wallon",
                    "Liège",
                    "Verviers",
                    "Namur"
                ],
                "type_s_d_intervention_s": [
                    "Rencontre ponctuelle (1 séance d'1 ou 2 heures)",
                    "Accompagnement de projet (3 à 5 séances de 2 heures chacune)"
                ],
                "site_web": null,
                "descriptif": null
            }
        },
        {
            "type": "Feature",
            "geometry": {
                "type": "Point",
                "coordinates": [
                    4.433787157937867,
                    50.81910346031945
                ]
            },
            "properties": {
                "prenom": "Kyung",
                "nom": "Wilputte",
                "nom_d_artiste_ou_du_groupe_artistique": "T'es conte ou quoi!? asbl",
                "adresse_courriel": "kwilputte@gmail.com",
                "cp": "1160",
                "domaine_s_artistique_s": [
                    "Arts vivants"
                ],
                "sous_domaine_artistique": [
                    "Conte"
                ],
                "precision_du_sous_domaine": [
                    "Conte; Conte Jeune Public"
                ],
                "metiers_artistiques": "Conteur·se, Texte: auteur·rice",
                "niveau_x_et_ou_type_s_d_enseignement": [
                    "Niveau fondamental - primaire",
                    "Niveau secondaire - inférieur",
                    "Niveau secondaire - supérieur"
                ],
                "bassin_s_scolaire_s": [
                    "Bruxelles",
                    "Brabant wallon"
                ],
                "type_s_d_intervention_s": [
                    "Rencontre ponctuelle (1 séance d'1 ou 2 heures)"
                ],
                "site_web": null,
                "descriptif": null
            }
        },
        {
            "type": "Feature",
            "geometry": {
                "type": "Point",
                "coordinates": [
                    4.624845694681677,
                    50.58987166003846
                ]
            },
            "properties": {
                "prenom": "Julie",
                "nom": "Antoine",
                "nom_d_artiste_ou_du_groupe_artistique": "Berdache Production",
                "adresse_courriel": "berdacheproduction@gmail.com",
                "cp": "1450",
                "domaine_s_artistique_s": [
                    "Arts vivants"
                ],
                "sous_domaine_artistique": [
                    "Marionnettes",
                    "théâtre d'objets",
                    "théâtre d'ombres"
                ],
                "precision_du_sous_domaine": [
                    "Marionnettes",
                    "théâtre d'objets",
                    "théâtre d'ombres jeune public"
                ],
                "metiers_artistiques": "Manipulateur·rice - marionnettiste, Texte: auteur·rice, Marionnettes",
                "niveau_x_et_ou_type_s_d_enseignement": [
                    "Niveau fondamental - primaire",
                    "Niveau secondaire - inférieur",
                    "Niveau secondaire - supérieur"
                ],
                "bassin_s_scolaire_s": [
                    "Brabant wallon",
                    "Liège",
                    "Namur"
                ],
                "type_s_d_intervention_s": [
                    "Rencontre ponctuelle (1 séance d'1 ou 2 heures)",
                    "Accompagnement de projet (3 à 5 séances de 2 heures chacune)"
                ],
                "site_web": null,
                "descriptif": null
            }
        },
        {
            "type": "Feature",
            "geometry": {
                "type": "Point",
                "coordinates": [
                    4.433787157937867,
                    50.81910346031945
                ]
            },
            "properties": {
                "prenom": "Yann-Gaël",
                "nom": "Monfort",
                "nom_d_artiste_ou_du_groupe_artistique": "Cie du chien qui tousse",
                "adresse_courriel": "Yg.monfort@gmail.com",
                "cp": "1160",
                "domaine_s_artistique_s": [
                    "Arts vivants"
                ],
                "sous_domaine_artistique": [
                    "Art dramatique"
                ],
                "precision_du_sous_domaine": [
                    "Théâtre général; Théâtre général Jeune Public"
                ],
                "metiers_artistiques": "Comédien·ne, Masques",
                "niveau_x_et_ou_type_s_d_enseignement": [
                    "Niveau fondamental - primaire",
                    "Niveau secondaire - inférieur",
                    "Niveau secondaire - supérieur"
                ],
                "bassin_s_scolaire_s": [
                    "Bruxelles"
                ],
                "type_s_d_intervention_s": [
                    "Rencontre ponctuelle (1 séance d'1 ou 2 heures)",
                    "Accompagnement de projet (3 à 5 séances de 2 heures chacune)"
                ],
                "site_web": null,
                "descriptif": null
            }
        },
        {
            "type": "Feature",
            "geometry": {
                "type": "Point",
                "coordinates": [
                    4.400494802057514,
                    50.873092793108306
                ]
            },
            "properties": {
                "prenom": "Thibault",
                "nom": "Dille",
                "nom_d_artiste_ou_du_groupe_artistique": null,
                "adresse_courriel": "info@thibaultdille.com",
                "cp": "1140",
                "domaine_s_artistique_s": [
                    "Musique"
                ],
                "sous_domaine_artistique": [
                    "Musiques actuelles"
                ],
                "precision_du_sous_domaine": [
                    "Folk-Trad-World; Jazz; Pop/Rock; Spectacle musical"
                ],
                "metiers_artistiques": "Musicien·ne, Musique: compositeur·rice, Musique: arrangements, Musique: décor sonore",
                "niveau_x_et_ou_type_s_d_enseignement": [
                    "Niveau fondamental - primaire",
                    "Niveau secondaire - inférieur",
                    "Niveau secondaire - supérieur"
                ],
                "bassin_s_scolaire_s": [
                    "Bruxelles",
                    "Brabant wallon",
                    "Liège",
                    "Namur"
                ],
                "type_s_d_intervention_s": [
                    "Rencontre ponctuelle (1 séance d'1 ou 2 heures)"
                ],
                "site_web": null,
                "descriptif": null
            }
        },
        {
            "type": "Feature",
            "geometry": {
                "type": "Point",
                "coordinates": [
                    4.447732369727739,
                    50.830748271873325
                ]
            },
            "properties": {
                "prenom": "Lambert",
                "nom": "Colson",
                "nom_d_artiste_ou_du_groupe_artistique": "Ensemble InAlto (Là-haut productions)",
                "adresse_courriel": "lambertcolson@gmail.com",
                "cp": "1150",
                "domaine_s_artistique_s": [
                    "Musique"
                ],
                "sous_domaine_artistique": [
                    "Musique classique et contemporaine"
                ],
                "precision_du_sous_domaine": [
                    "Musique classique et contemporaine (ensemble)"
                ],
                "metiers_artistiques": "Musicien·ne",
                "niveau_x_et_ou_type_s_d_enseignement": [
                    "Niveau fondamental - primaire",
                    "Niveau secondaire - inférieur",
                    "Niveau secondaire - supérieur"
                ],
                "bassin_s_scolaire_s": [
                    "Bruxelles",
                    "Brabant wallon",
                    "Liège",
                    "Namur"
                ],
                "type_s_d_intervention_s": [
                    "Rencontre ponctuelle (1 séance d'1 ou 2 heures)",
                    "Accompagnement de projet (3 à 5 séances de 2 heures chacune)"
                ],
                "site_web": null,
                "descriptif": null
            }
        },
        {
            "type": "Feature",
            "geometry": {
                "type": "Point",
                "coordinates": [
                    4.318752891748991,
                    50.855119755562214
                ]
            },
            "properties": {
                "prenom": "Renette",
                "nom": "Désir",
                "nom_d_artiste_ou_du_groupe_artistique": "Désir & Fiorini",
                "adresse_courriel": "renettedesir@yahoo.fr",
                "cp": "1080",
                "domaine_s_artistique_s": [
                    "Musique"
                ],
                "sous_domaine_artistique": [
                    "Musiques actuelles"
                ],
                "precision_du_sous_domaine": [
                    "Chanson et Musique d'expression francophone"
                ],
                "metiers_artistiques": "Chanteur·se, Musique: compositeur·rice, Musique: arrangements",
                "niveau_x_et_ou_type_s_d_enseignement": [
                    "Niveau secondaire - inférieur",
                    "Niveau secondaire - supérieur"
                ],
                "bassin_s_scolaire_s": [
                    "Bruxelles",
                    "Brabant wallon",
                    "Hainaut Centre",
                    "Hainaut Sud",
                    "Wallonie picarde",
                    "Huy Waremme",
                    "Liège",
                    "Verviers",
                    "Namur",
                    "Luxembourg"
                ],
                "type_s_d_intervention_s": [
                    "Rencontre ponctuelle (1 séance d'1 ou 2 heures)"
                ],
                "site_web": null,
                "descriptif": null
            }
        },
        {
            "type": "Feature",
            "geometry": {
                "type": "Point",
                "coordinates": [
                    4.335443719662361,
                    50.770204809258615
                ]
            },
            "properties": {
                "prenom": "Marka",
                "nom": "Marka",
                "nom_d_artiste_ou_du_groupe_artistique": null,
                "adresse_courriel": "markassou@gmail.com",
                "cp": "1630",
                "domaine_s_artistique_s": [
                    "Musique"
                ],
                "sous_domaine_artistique": [
                    "Musiques actuelles"
                ],
                "precision_du_sous_domaine": [
                    "Blues; Chanson et Musique d'expression francophone; Pop/Rock"
                ],
                "metiers_artistiques": "Chanteur·se, Musicien·ne, Texte: auteur·rice, Musique: compositeur·rice, Vidéo",
                "niveau_x_et_ou_type_s_d_enseignement": [
                    "Niveau secondaire - supérieur"
                ],
                "bassin_s_scolaire_s": [
                    "Brabant wallon",
                    "Huy Waremme",
                    "Liège",
                    "Verviers",
                    "Namur",
                    "Luxembourg"
                ],
                "type_s_d_intervention_s": [
                    "Rencontre ponctuelle (1 séance d'1 ou 2 heures)",
                    "Accompagnement de projet (3 à 5 séances de 2 heures chacune)"
                ],
                "site_web": null,
                "descriptif": null
            }
        },
        {
            "type": "Feature",
            "geometry": {
                "type": "Point",
                "coordinates": [
                    4.463937537006366,
                    50.737100604702206
                ]
            },
            "properties": {
                "prenom": "Pierre",
                "nom": "De Surgères",
                "nom_d_artiste_ou_du_groupe_artistique": null,
                "adresse_courriel": "pierredesurgeres@gmail.com",
                "cp": "1310",
                "domaine_s_artistique_s": [
                    "Musique"
                ],
                "sous_domaine_artistique": [
                    "Musiques actuelles"
                ],
                "precision_du_sous_domaine": [
                    "Jazz"
                ],
                "metiers_artistiques": "Musicien·ne, Musique: compositeur·rice",
                "niveau_x_et_ou_type_s_d_enseignement": [
                    "Niveau fondamental - primaire",
                    "Niveau secondaire - inférieur",
                    "Niveau secondaire - supérieur"
                ],
                "bassin_s_scolaire_s": [
                    "Bruxelles",
                    "Brabant wallon",
                    "Hainaut Centre",
                    "Hainaut Sud",
                    "Wallonie picarde",
                    "Huy Waremme",
                    "Liège",
                    "Verviers",
                    "Namur",
                    "Luxembourg"
                ],
                "type_s_d_intervention_s": [
                    "Rencontre ponctuelle (1 séance d'1 ou 2 heures)",
                    "Accompagnement de projet (3 à 5 séances de 2 heures chacune)"
                ],
                "site_web": null,
                "descriptif": null
            }
        },
        {
            "type": "Feature",
            "geometry": {
                "type": "Point",
                "coordinates": [
                    4.29266566264007,
                    50.83150217114286
                ]
            },
            "properties": {
                "prenom": "Diego",
                "nom": "Leyder",
                "nom_d_artiste_ou_du_groupe_artistique": "Dièze (Fondry, BRNS)",
                "adresse_courriel": "diegoleyder@gmail.com",
                "cp": "1070",
                "domaine_s_artistique_s": [
                    "Arts vivants",
                    "Musique"
                ],
                "sous_domaine_artistique": [
                    "Musiques actuelles",
                    "Spectacle pluridisciplinaire"
                ],
                "precision_du_sous_domaine": [
                    "Spectacle pluridisciplinaire Jeune Public; Pop/Rock; Musique jeune public; Spectacle musical"
                ],
                "metiers_artistiques": "Musicien·ne, Musique: compositeur·rice, Musique: arrangements, Musique: décor sonore",
                "niveau_x_et_ou_type_s_d_enseignement": [
                    "Niveau fondamental - primaire",
                    "Niveau secondaire - inférieur",
                    "Niveau secondaire - supérieur"
                ],
                "bassin_s_scolaire_s": [
                    "Bruxelles",
                    "Brabant wallon",
                    "Hainaut Centre",
                    "Hainaut Sud",
                    "Wallonie picarde",
                    "Huy Waremme",
                    "Liège",
                    "Verviers",
                    "Namur",
                    "Luxembourg"
                ],
                "type_s_d_intervention_s": [
                    "Rencontre ponctuelle (1 séance d'1 ou 2 heures)",
                    "Accompagnement de projet (3 à 5 séances de 2 heures chacune)"
                ],
                "site_web": null,
                "descriptif": null
            }
        },
        {
            "type": "Feature",
            "geometry": {
                "type": "Point",
                "coordinates": [
                    5.62540099838149,
                    50.64228140116468
                ]
            },
            "properties": {
                "prenom": "Elias",
                "nom": "Tetey",
                "nom_d_artiste_ou_du_groupe_artistique": "ONHA",
                "adresse_courriel": "onha.book@gmail.com",
                "cp": "4020",
                "domaine_s_artistique_s": [
                    "Musique"
                ],
                "sous_domaine_artistique": [
                    "Musiques actuelles"
                ],
                "precision_du_sous_domaine": [
                    "Chanson et Musique d'expression francophone; Musiques urbaines; Musique jeune public"
                ],
                "metiers_artistiques": "Chanteur·se, Musicien·ne, Rappeur/chanteur, Texte: auteur·rice, Texte: adaptation, Musique: compositeur·rice, Musique: arrangements, Mise en scène",
                "niveau_x_et_ou_type_s_d_enseignement": [
                    "Niveau fondamental - maternel",
                    "Niveau fondamental - primaire",
                    "Niveau secondaire - inférieur",
                    "Niveau secondaire - supérieur"
                ],
                "bassin_s_scolaire_s": [
                    "Bruxelles",
                    "Brabant wallon",
                    "Hainaut Centre",
                    "Hainaut Sud",
                    "Wallonie picarde",
                    "Huy Waremme",
                    "Liège",
                    "Verviers",
                    "Namur",
                    "Luxembourg"
                ],
                "type_s_d_intervention_s": [
                    "Rencontre ponctuelle (1 séance d'1 ou 2 heures)",
                    "Accompagnement de projet (3 à 5 séances de 2 heures chacune)"
                ],
                "site_web": null,
                "descriptif": null
            }
        },
        {
            "type": "Feature",
            "geometry": {
                "type": "Point",
                "coordinates": [
                    4.380744543764381,
                    50.86661416180231
                ]
            },
            "properties": {
                "prenom": "Daniel",
                "nom": "Barbenel",
                "nom_d_artiste_ou_du_groupe_artistique": "Mr Diagonal",
                "adresse_courriel": "daniel.barbenel@gmail.com",
                "cp": "1030",
                "domaine_s_artistique_s": [
                    "Musique"
                ],
                "sous_domaine_artistique": [
                    "Musiques actuelles"
                ],
                "precision_du_sous_domaine": [
                    "Pop/Rock; Spectacle musical"
                ],
                "metiers_artistiques": "Humoriste, Musicien·ne, compositeur de textes et de musique, pianiste / guitariste / clarinettiste / chanteur, Texte: auteur·rice, Costumes, Texte: adaptation, Musique: compositeur·rice, Musique: arrangements, Musique: décor sonore, Vidéo",
                "niveau_x_et_ou_type_s_d_enseignement": [
                    "Niveau fondamental - primaire",
                    "Niveau secondaire - inférieur",
                    "Niveau secondaire - supérieur"
                ],
                "bassin_s_scolaire_s": [
                    "Bruxelles",
                    "Brabant wallon",
                    "Hainaut Centre",
                    "Hainaut Sud",
                    "Wallonie picarde",
                    "Huy Waremme",
                    "Liège",
                    "Verviers",
                    "Namur",
                    "Luxembourg"
                ],
                "type_s_d_intervention_s": [
                    "Rencontre ponctuelle (1 séance d'1 ou 2 heures)",
                    "Accompagnement de projet (3 à 5 séances de 2 heures chacune)"
                ],
                "site_web": null,
                "descriptif": null
            }
        }
    ]
}