{
    "type": "FeatureCollection",
    "features": [
        {
            "type": "Feature",
            "geometry": {
                "type": "Point",
                "coordinates": [
                    5.57418764394268,
                    50.631012074408275
                ]
            },
            "properties": {
                "salle": "Palais des Congrès de Liège - Liège Expo",
                "province": "Liège",
                "bassin_de_vie": "Liège",
                "adresse": "Esplanade de l'Europe 2",
                "code_postal": 4020.0,
                "ville": "Liège",
                "telephone": "04 340 38 88",
                "e_mail": "info@hallesdesfoires.be",
                "site_web": "http://www.palaisdescongresliege.be/fr",
                "categorie": [
                    "Musique"
                ],
                "jauge_maximale": 5000.0
            }
        },
        {
            "type": "Feature",
            "geometry": {
                "type": "Point",
                "coordinates": [
                    5.297510139673102,
                    50.4832011542654
                ]
            },
            "properties": {
                "salle": "Deux Ours",
                "province": "Liège",
                "bassin_de_vie": "Huy Waremme",
                "adresse": "Place Georges Hubin 2",
                "code_postal": 4577.0,
                "ville": "Modave",
                "telephone": null,
                "e_mail": "deuxoursasbl@gmail.com",
                "site_web": "https://deuxours.be/",
                "categorie": [
                    "Musique",
                    "Théâtre"
                ],
                "jauge_maximale": 150.0
            }
        },
        {
            "type": "Feature",
            "geometry": {
                "type": "Point",
                "coordinates": [
                    4.404891697340325,
                    50.41337107263776
                ]
            },
            "properties": {
                "salle": "Rockerill",
                "province": "Hainaut",
                "bassin_de_vie": "Hainaut sud",
                "adresse": "Rue de la Providence 136",
                "code_postal": 6030.0,
                "ville": "Marchienne-au-Pont",
                "telephone": "071 70 20 19",
                "e_mail": "globulrockerill@gmail.com",
                "site_web": "https://www.rockerill.com/",
                "categorie": [
                    "Musique"
                ],
                "jauge_maximale": 300.0
            }
        },
        {
            "type": "Feature",
            "geometry": {
                "type": "Point",
                "coordinates": [
                    4.359646143952698,
                    50.85200798646905
                ]
            },
            "properties": {
                "salle": "Théâtre de La Montagne Magique",
                "province": "Bruxelles-Capitale",
                "bassin_de_vie": "Bruxelles",
                "adresse": "Rue du Marais 57",
                "code_postal": 1000.0,
                "ville": "Bruxelles",
                "telephone": "02 210 15 90",
                "e_mail": "info@montagnemagique.be",
                "site_web": "https://lamontagnemagique.be/",
                "categorie": [
                    "Théâtre"
                ],
                "jauge_maximale": 100.0
            }
        },
        {
            "type": "Feature",
            "geometry": {
                "type": "Point",
                "coordinates": [
                    4.340536724351249,
                    50.899643800731134
                ]
            },
            "properties": {
                "salle": "Brussels Expo - Auditorium 2000",
                "province": "Bruxelles-Capitale",
                "bassin_de_vie": "Bruxelles",
                "adresse": "Avenue de Miramar 11",
                "code_postal": 1020.0,
                "ville": "Laeken",
                "telephone": "02 732 25 98",
                "e_mail": "info@brussels-expo.com",
                "site_web": "https://www.brussels-expo.com/",
                "categorie": [
                    "Musique",
                    "Théâtre"
                ],
                "jauge_maximale": 800.0
            }
        },
        {
            "type": "Feature",
            "geometry": {
                "type": "Point",
                "coordinates": [
                    4.336740768524035,
                    50.8304283023112
                ]
            },
            "properties": {
                "salle": "La Tricoterie - Fabrique de liens",
                "province": "Bruxelles-Capitale",
                "bassin_de_vie": "Bruxelles",
                "adresse": "Rue Théodore Verhaegen 158",
                "code_postal": 1060.0,
                "ville": "Saint-Gilles",
                "telephone": "02 537 96 69",
                "e_mail": "reservations@tricoterie.be",
                "site_web": "https://www.tricoterie.be/fr/",
                "categorie": [
                    "Musique"
                ],
                "jauge_maximale": 150.0
            }
        },
        {
            "type": "Feature",
            "geometry": {
                "type": "Point",
                "coordinates": [
                    4.447615639669304,
                    50.40042795838815
                ]
            },
            "properties": {
                "salle": "La Ruche Théâtre Royal",
                "province": "Hainaut",
                "bassin_de_vie": "Hainaut sud",
                "adresse": "Avenue Marius Meurée 1",
                "code_postal": 6001.0,
                "ville": "Charleroi",
                "telephone": null,
                "e_mail": "info@laruchetheatre.be",
                "site_web": "https://laruchetheatre.be/",
                "categorie": [
                    "Théâtre"
                ],
                "jauge_maximale": 300.0
            }
        },
        {
            "type": "Feature",
            "geometry": {
                "type": "Point",
                "coordinates": [
                    5.075060582161798,
                    49.82428982393477
                ]
            },
            "properties": {
                "salle": "Halle du Bouillon Blanc",
                "province": "Luxembourg",
                "bassin_de_vie": "Luxembourg",
                "adresse": "Rue Saint Lambert 65",
                "code_postal": 6832.0,
                "ville": "Bouillon",
                "telephone": "061 21 40 93",
                "e_mail": "bouillon.blanc@skynet.be",
                "site_web": "http://www.bouillonblanc.be/",
                "categorie": [
                    "Musique"
                ],
                "jauge_maximale": 120.0
            }
        },
        {
            "type": "Feature",
            "geometry": {
                "type": "Point",
                "coordinates": [
                    4.371295039688789,
                    50.828963222804056
                ]
            },
            "properties": {
                "salle": "Théâtre Marni",
                "province": "Bruxelles-Capitale",
                "bassin_de_vie": "Bruxelles",
                "adresse": "Rue de Vergnies 25",
                "code_postal": 1050.0,
                "ville": "Ixelles",
                "telephone": "02 639 09 82",
                "e_mail": "info@theatremarni.com",
                "site_web": "https://theatremarni.com/",
                "categorie": [
                    "Théâtre"
                ],
                "jauge_maximale": 400.0
            }
        },
        {
            "type": "Feature",
            "geometry": {
                "type": "Point",
                "coordinates": [
                    4.295617353182526,
                    50.81419776502665
                ]
            },
            "properties": {
                "salle": "Auditorim Jacques Brel (Céria)",
                "province": "Bruxelles-Capitale",
                "bassin_de_vie": "Bruxelles",
                "adresse": "Avenue Emile Gryzon 1",
                "code_postal": 1070.0,
                "ville": "Anderlecht",
                "telephone": "02 526 70 20",
                "e_mail": "auditoriumjb@spfb.brussels",
                "site_web": "https://auditoriumjbrel.ceria.brussels/",
                "categorie": [
                    "Théâtre"
                ],
                "jauge_maximale": 830.0
            }
        },
        {
            "type": "Feature",
            "geometry": {
                "type": "Point",
                "coordinates": [
                    4.760939026377212,
                    50.680340327455355
                ]
            },
            "properties": {
                "salle": "Le 71 - Travers Emotion",
                "province": "Brabant wallon",
                "bassin_de_vie": "Brabant wallon",
                "adresse": "Rue Alphonse Robert 71",
                "code_postal": 1315.0,
                "ville": "Incourt",
                "telephone": null,
                "e_mail": "Jules@travers.be",
                "site_web": "https://www.travers.be/",
                "categorie": [
                    "Musique"
                ],
                "jauge_maximale": 100.0
            }
        },
        {
            "type": "Feature",
            "geometry": {
                "type": "Point",
                "coordinates": [
                    4.794401524345258,
                    50.7681949117688
                ]
            },
            "properties": {
                "salle": "Théâtre des Quatre Mains",
                "province": "Brabant wallon",
                "bassin_de_vie": "Brabant wallon",
                "adresse": "Rue Longue 152",
                "code_postal": 1320.0,
                "ville": "Beauvechain",
                "telephone": "010 86 07 31",
                "e_mail": "infos@4mains.be",
                "site_web": "https://theatre4mains.be/",
                "categorie": [
                    "Théâtre"
                ],
                "jauge_maximale": 100.0
            }
        },
        {
            "type": "Feature",
            "geometry": {
                "type": "Point",
                "coordinates": [
                    4.639132955022573,
                    50.675158156380746
                ]
            },
            "properties": {
                "salle": "Boabop Théâtre",
                "province": "Brabant wallon",
                "bassin_de_vie": "Brabant wallon",
                "adresse": "Rue du Fraignat 18",
                "code_postal": 1325.0,
                "ville": "Chaumont-Gistoux",
                "telephone": "010 45 86 36",
                "e_mail": "boaboptheatre@gmail.com",
                "site_web": "https://www.boabop.org/",
                "categorie": [
                    "Musique"
                ],
                "jauge_maximale": 50.0
            }
        },
        {
            "type": "Feature",
            "geometry": {
                "type": "Point",
                "coordinates": [
                    5.574708595504265,
                    50.640843947957464
                ]
            },
            "properties": {
                "salle": "Théâtre de Liège",
                "province": "Liège",
                "bassin_de_vie": "Liège",
                "adresse": "Place du Vingt Août 16",
                "code_postal": 4000.0,
                "ville": "Liège",
                "telephone": "04 342 00 00",
                "e_mail": "billetterie@theatredeliege.be",
                "site_web": "https://theatredeliege.be/",
                "categorie": [
                    "Théâtre"
                ],
                "jauge_maximale": 560.0
            }
        },
        {
            "type": "Feature",
            "geometry": {
                "type": "Point",
                "coordinates": [
                    5.536482841525075,
                    50.60781708595721
                ]
            },
            "properties": {
                "salle": "OM",
                "province": "Liège",
                "bassin_de_vie": "Liège",
                "adresse": "Quai Louva 1",
                "code_postal": 4102.0,
                "ville": "Seraing",
                "telephone": "04 340 30 80",
                "e_mail": "info@omconcerts.be",
                "site_web": "https://omconcerts.be/",
                "categorie": [
                    "Musique"
                ],
                "jauge_maximale": 1700.0
            }
        },
        {
            "type": "Feature",
            "geometry": {
                "type": "Point",
                "coordinates": [
                    5.239330853356321,
                    50.520541235727585
                ]
            },
            "properties": {
                "salle": "Atelier Rock",
                "province": "Liège",
                "bassin_de_vie": "Huy Waremme",
                "adresse": "Quai Dautrebande 7",
                "code_postal": 4500.0,
                "ville": "Huy",
                "telephone": null,
                "e_mail": "info@atelierrock.be",
                "site_web": "http://www.atelierrock.be/",
                "categorie": [
                    "Musique"
                ],
                "jauge_maximale": 240.0
            }
        },
        {
            "type": "Feature",
            "geometry": {
                "type": "Point",
                "coordinates": [
                    4.351345255030473,
                    50.8498197197315
                ]
            },
            "properties": {
                "salle": "Viage Theater Bruxelles",
                "province": "Bruxelles-Capitale",
                "bassin_de_vie": "Bruxelles",
                "adresse": "Boulevard Anspach 30",
                "code_postal": 1000.0,
                "ville": "Bruxelles",
                "telephone": "02 300 01 00",
                "e_mail": "info@viage.be",
                "site_web": "https://www.viage.be/",
                "categorie": [
                    "Théâtre"
                ],
                "jauge_maximale": 100.0
            }
        },
        {
            "type": "Feature",
            "geometry": {
                "type": "Point",
                "coordinates": [
                    4.338946443544643,
                    50.82786495540452
                ]
            },
            "properties": {
                "salle": "Les Ateliers Claus",
                "province": "Bruxelles-Capitale",
                "bassin_de_vie": "Bruxelles",
                "adresse": "Rue Crickx 15",
                "code_postal": 1060.0,
                "ville": "Saint-Gilles",
                "telephone": "02 538 63 68",
                "e_mail": "info@lesateliersclaus.com",
                "site_web": "https://www.lesateliersclaus.com/",
                "categorie": [
                    "Musique"
                ],
                "jauge_maximale": 200.0
            }
        },
        {
            "type": "Feature",
            "geometry": {
                "type": "Point",
                "coordinates": [
                    4.369546626195495,
                    50.854389751925204
                ]
            },
            "properties": {
                "salle": "Théâtre de la Vie",
                "province": "Bruxelles-Capitale",
                "bassin_de_vie": "Bruxelles",
                "adresse": "Rue Traversière 45",
                "code_postal": 1210.0,
                "ville": "Saint-Josse-ten-Noode",
                "telephone": "02 219 11 86",
                "e_mail": "coordination.generale@theatredelavie.be",
                "site_web": "https://www.theatredelavie.be/",
                "categorie": [
                    "Musique",
                    "Théâtre"
                ],
                "jauge_maximale": 120.0
            }
        },
        {
            "type": "Feature",
            "geometry": {
                "type": "Point",
                "coordinates": [
                    4.5011019820133376,
                    50.71722135887197
                ]
            },
            "properties": {
                "salle": "Théâtre des Compagnons du Flétry",
                "province": "Brabant wallon",
                "bassin_de_vie": "Brabant wallon",
                "adresse": "Avenue des Combattants 27",
                "code_postal": 1332.0,
                "ville": "Rixensart",
                "telephone": null,
                "e_mail": "info@fletry.be",
                "site_web": "https://www.fletry.be/",
                "categorie": [
                    "Théâtre"
                ],
                "jauge_maximale": 50.0
            }
        },
        {
            "type": "Feature",
            "geometry": {
                "type": "Point",
                "coordinates": [
                    5.570558739680007,
                    50.63554207213064
                ]
            },
            "properties": {
                "salle": "Salle Philharmonique de Liège",
                "province": "Liège",
                "bassin_de_vie": "Liège",
                "adresse": "Boulevard Piercot 25-27",
                "code_postal": 4000.0,
                "ville": "Liège",
                "telephone": "04 220 00 00",
                "e_mail": null,
                "site_web": "https://www.oprl.be/fr",
                "categorie": [
                    "Musique"
                ],
                "jauge_maximale": 1130.0
            }
        },
        {
            "type": "Feature",
            "geometry": {
                "type": "Point",
                "coordinates": [
                    5.565205812690779,
                    50.628359040684366
                ]
            },
            "properties": {
                "salle": "Le Comédie Centrale Liège",
                "province": "Liège",
                "bassin_de_vie": "Liège",
                "adresse": "Rue du Plan Incliné 87",
                "code_postal": 4000.0,
                "ville": "Liège",
                "telephone": "04 254 05 00",
                "e_mail": "liege@comediecentrale.com",
                "site_web": "https://comediecentrale.com/",
                "categorie": [
                    "Théâtre"
                ],
                "jauge_maximale": 130.0
            }
        },
        {
            "type": "Feature",
            "geometry": {
                "type": "Point",
                "coordinates": [
                    4.359594536872765,
                    50.84416918465024
                ]
            },
            "properties": {
                "salle": "Bozar",
                "province": "Bruxelles-Capitale",
                "bassin_de_vie": "Bruxelles",
                "adresse": "Rue Ravenstein 23",
                "code_postal": 1000.0,
                "ville": "Bruxelles",
                "telephone": "02 507 84 30",
                "e_mail": "tickets@bozar.be",
                "site_web": "https://www.bozar.be/fr",
                "categorie": [
                    "Musique"
                ],
                "jauge_maximale": 2200.0
            }
        },
        {
            "type": "Feature",
            "geometry": {
                "type": "Point",
                "coordinates": [
                    4.35400436852462,
                    50.84260719309348
                ]
            },
            "properties": {
                "salle": "Maison des Musiques",
                "province": "Bruxelles-Capitale",
                "bassin_de_vie": "Bruxelles",
                "adresse": "Rue Lebeau 39",
                "code_postal": 1000.0,
                "ville": "Bruxelles",
                "telephone": "02 550 13 20",
                "e_mail": "info@maisondesmusiques.be",
                "site_web": "https://maisondesmusiques.be/",
                "categorie": [
                    "Musique"
                ],
                "jauge_maximale": 100.0
            }
        },
        {
            "type": "Feature",
            "geometry": {
                "type": "Point",
                "coordinates": [
                    4.4882134653956935,
                    50.700012158506404
                ]
            },
            "properties": {
                "salle": "Le Rideau Rouge Lasne",
                "province": "Brabant wallon",
                "bassin_de_vie": "Brabant wallon",
                "adresse": "Route de Renipont 70",
                "code_postal": 1380.0,
                "ville": "Lasne",
                "telephone": "02 653 92 58",
                "e_mail": "info@lerideaurouge.be",
                "site_web": "http://www.lerideaurouge.be/",
                "categorie": [
                    "Musique"
                ],
                "jauge_maximale": 200.0
            }
        },
        {
            "type": "Feature",
            "geometry": {
                "type": "Point",
                "coordinates": [
                    4.262871039680659,
                    50.64997082826284
                ]
            },
            "properties": {
                "salle": "Heptone Ittre",
                "province": "Brabant wallon",
                "bassin_de_vie": "Brabant wallon",
                "adresse": "Rue Haute 7",
                "code_postal": 1460.0,
                "ville": "Ittre",
                "telephone": null,
                "e_mail": "asbl.heptone@gmail.com",
                "site_web": "https://heptone.wordpress.com/",
                "categorie": [
                    "Musique"
                ],
                "jauge_maximale": 100.0
            }
        },
        {
            "type": "Feature",
            "geometry": {
                "type": "Point",
                "coordinates": [
                    5.566793210844591,
                    50.63018879954787
                ]
            },
            "properties": {
                "salle": "A La Courte Echelle",
                "province": "Liège",
                "bassin_de_vie": "Liège",
                "adresse": "Rue de Rotterdam 29",
                "code_postal": 4000.0,
                "ville": "Liège",
                "telephone": "04 229 39 39",
                "e_mail": "info@courte-echelle.be",
                "site_web": "https://courte-echelle.be/",
                "categorie": [
                    "Musique",
                    "Théâtre"
                ],
                "jauge_maximale": 70.0
            }
        },
        {
            "type": "Feature",
            "geometry": {
                "type": "Point",
                "coordinates": [
                    4.675987997344887,
                    50.514434906112136
                ]
            },
            "properties": {
                "salle": "Jazz9",
                "province": "Namur",
                "bassin_de_vie": "Namur",
                "adresse": "Rue de l'Usine 9A",
                "code_postal": 5032.0,
                "ville": "Gembloux",
                "telephone": "081 75 11 18",
                "e_mail": "hello@jazz9-mazy.org",
                "site_web": "https://jazz9-mazy.org/",
                "categorie": [
                    "Musique"
                ],
                "jauge_maximale": 100.0
            }
        },
        {
            "type": "Feature",
            "geometry": {
                "type": "Point",
                "coordinates": [
                    4.371630526193615,
                    50.81269059115646
                ]
            },
            "properties": {
                "salle": "Théâtre de Poche",
                "province": "Bruxelles-Capitale",
                "bassin_de_vie": "Bruxelles",
                "adresse": "Chemin du Gymnase 1A",
                "code_postal": 1000.0,
                "ville": "Bruxelles",
                "telephone": "0 2 649 17 27",
                "e_mail": "info@poche.be",
                "site_web": "https://poche.be/",
                "categorie": [
                    "Théâtre"
                ],
                "jauge_maximale": 90.0
            }
        },
        {
            "type": "Feature",
            "geometry": {
                "type": "Point",
                "coordinates": [
                    4.55069999735318,
                    50.69722511352104
                ]
            },
            "properties": {
                "salle": "eccART- Espace culturel de Profonsart",
                "province": "Brabant wallon",
                "bassin_de_vie": "Brabant wallon",
                "adresse": "Rue de Grandsart 13",
                "code_postal": 1300.0,
                "ville": "Wavre",
                "telephone": null,
                "e_mail": "info@eccart.be",
                "site_web": "https://www.eccart.be/",
                "categorie": [
                    "Musique",
                    "Théâtre"
                ],
                "jauge_maximale": 100.0
            }
        },
        {
            "type": "Feature",
            "geometry": {
                "type": "Point",
                "coordinates": [
                    5.580443310844938,
                    50.63785655171626
                ]
            },
            "properties": {
                "salle": "La Zone",
                "province": "Liège",
                "bassin_de_vie": "Liège",
                "adresse": "Rue Méan 27",
                "code_postal": 4020.0,
                "ville": "Liège",
                "telephone": "04 341 07 27",
                "e_mail": "info@lazone.be",
                "site_web": "http://www.lazone.be/",
                "categorie": [
                    "Musique",
                    "Théâtre"
                ],
                "jauge_maximale": 200.0
            }
        },
        {
            "type": "Feature",
            "geometry": {
                "type": "Point",
                "coordinates": [
                    4.345530768524062,
                    50.83047541951156
                ]
            },
            "properties": {
                "salle": "Maison du Peuple",
                "province": "Bruxelles-Capitale",
                "bassin_de_vie": "Bruxelles",
                "adresse": "Parvis Saint-Gilles 37",
                "code_postal": 1060.0,
                "ville": "Saint-Gilles",
                "telephone": "02 537 82 45",
                "e_mail": "info@lamaisondupeuple.be",
                "site_web": "https://www.lamaisondupeuple.be/",
                "categorie": [
                    "Théâtre"
                ],
                "jauge_maximale": 100.0
            }
        },
        {
            "type": "Feature",
            "geometry": {
                "type": "Point",
                "coordinates": [
                    4.318268926194476,
                    50.83165419875205
                ]
            },
            "properties": {
                "salle": "Magasin 4",
                "province": "Bruxelles-Capitale",
                "bassin_de_vie": "Bruxelles",
                "adresse": "Rue des Goujons 158",
                "code_postal": 1070.0,
                "ville": "Anderlecht",
                "telephone": "02 223 34 74",
                "e_mail": "info@magasin4.be",
                "site_web": "https://www.magasin4.be/",
                "categorie": [
                    "Musique"
                ],
                "jauge_maximale": 400.0
            }
        },
        {
            "type": "Feature",
            "geometry": {
                "type": "Point",
                "coordinates": [
                    4.263697159990149,
                    50.64902524535623
                ]
            },
            "properties": {
                "salle": "Théâtre de la Valette",
                "province": "Brabant wallon",
                "bassin_de_vie": "Brabant wallon",
                "adresse": "Rue Basse 11",
                "code_postal": 1460.0,
                "ville": "Ittre",
                "telephone": null,
                "e_mail": "info@theatrelavalette.be",
                "site_web": "https://theatrelavalette.be/",
                "categorie": [
                    "Théâtre"
                ],
                "jauge_maximale": 100.0
            }
        },
        {
            "type": "Feature",
            "geometry": {
                "type": "Point",
                "coordinates": [
                    4.450074912689916,
                    50.608976892409274
                ]
            },
            "properties": {
                "salle": "Le Monty",
                "province": "Brabant wallon",
                "bassin_de_vie": "Brabant wallon",
                "adresse": "Rue de Charleroi 58",
                "code_postal": 1470.0,
                "ville": "Genappe",
                "telephone": null,
                "e_mail": "info[@]lemonty.be",
                "site_web": "https://lemonty.be/",
                "categorie": [
                    "Musique",
                    "Théâtre"
                ],
                "jauge_maximale": 150.0
            }
        },
        {
            "type": "Feature",
            "geometry": {
                "type": "Point",
                "coordinates": [
                    4.188416739681327,
                    50.665799580128215
                ]
            },
            "properties": {
                "salle": "Le Moulin fantôme",
                "province": "Brabant wallon",
                "bassin_de_vie": "Brabant wallon",
                "adresse": "Rue de Coeurcq 142",
                "code_postal": 1480.0,
                "ville": "Tubize",
                "telephone": null,
                "e_mail": "moulinfantome@hotmail.com",
                "site_web": "https://www.facebook.com/profile.php?id=100057694950566",
                "categorie": [
                    "Musique"
                ],
                "jauge_maximale": 150.0
            }
        },
        {
            "type": "Feature",
            "geometry": {
                "type": "Point",
                "coordinates": [
                    5.581033396780291,
                    50.63810151092756
                ]
            },
            "properties": {
                "salle": "Comédie en île",
                "province": "Liège",
                "bassin_de_vie": "Liège",
                "adresse": "Rue Méan 11",
                "code_postal": 4020.0,
                "ville": "Liège",
                "telephone": "04 254 05 00",
                "e_mail": "info@comedieenile.be",
                "site_web": "https://comedieenile.be/",
                "categorie": [
                    "Théâtre"
                ],
                "jauge_maximale": 350.0
            }
        },
        {
            "type": "Feature",
            "geometry": {
                "type": "Point",
                "coordinates": [
                    4.0203485552047775,
                    50.49478824989658
                ]
            },
            "properties": {
                "salle": "Le Moulin de Saint-Denis",
                "province": "Hainaut",
                "bassin_de_vie": "Hainaut Centre",
                "adresse": "Rue de la Filature 37",
                "code_postal": 7034.0,
                "ville": "Mons",
                "telephone": "065 72 83 72",
                "e_mail": null,
                "site_web": "http://www.moulindesaintdenis.be/",
                "categorie": [
                    "Théâtre"
                ],
                "jauge_maximale": 100.0
            }
        },
        {
            "type": "Feature",
            "geometry": {
                "type": "Point",
                "coordinates": [
                    5.1704528973315975,
                    50.22028776600565
                ]
            },
            "properties": {
                "salle": "Le Petit Théâtre de la Grande Vie",
                "province": "Namur",
                "bassin_de_vie": "Namur",
                "adresse": "Rue du Bonnier 12",
                "code_postal": 5580.0,
                "ville": "Rochefort",
                "telephone": "083 61 32 60",
                "e_mail": "petittheatreforzee@gmail.com",
                "site_web": "https://www.lepetittheatredelagrandevie.com/",
                "categorie": [
                    "Théâtre"
                ],
                "jauge_maximale": 130.0
            }
        },
        {
            "type": "Feature",
            "geometry": {
                "type": "Point",
                "coordinates": [
                    4.332186597358987,
                    50.82489871836443
                ]
            },
            "properties": {
                "salle": "Théâtre l'Improviste",
                "province": "Bruxelles-Capitale",
                "bassin_de_vie": "Bruxelles",
                "adresse": "Rue de Fierlant 120",
                "code_postal": 1190.0,
                "ville": "Forest",
                "telephone": null,
                "e_mail": "info@improviste.be",
                "site_web": "https://www.improviste.be/",
                "categorie": [
                    "Théâtre"
                ],
                "jauge_maximale": 100.0
            }
        },
        {
            "type": "Feature",
            "geometry": {
                "type": "Point",
                "coordinates": [
                    5.596564053362468,
                    50.66077959197436
                ]
            },
            "properties": {
                "salle": "Jacques Pelzer Jazz Club",
                "province": "Liège",
                "bassin_de_vie": "Liège",
                "adresse": "Boulevard Ernest Solvay 493",
                "code_postal": 4000.0,
                "ville": "Liège",
                "telephone": null,
                "e_mail": "jacquespelzerjazzclub.asbl@gmail.com",
                "site_web": "http://www.jacquespelzerjazzclub.com",
                "categorie": [
                    "Musique"
                ],
                "jauge_maximale": 100.0
            }
        },
        {
            "type": "Feature",
            "geometry": {
                "type": "Point",
                "coordinates": [
                    5.584550455021185,
                    50.64483955421871
                ]
            },
            "properties": {
                "salle": "Théâtre de la Communauté - Liège",
                "province": "Liège",
                "bassin_de_vie": "Liège",
                "adresse": "Place Ste-Barbe 16",
                "code_postal": 4020.0,
                "ville": "Liège",
                "telephone": null,
                "e_mail": "info@theatredelacommunaute.be",
                "site_web": "https://theatredelacommunaute.be/",
                "categorie": [
                    "Théâtre"
                ],
                "jauge_maximale": 600.0
            }
        },
        {
            "type": "Feature",
            "geometry": {
                "type": "Point",
                "coordinates": [
                    4.857499510837356,
                    50.47118195688786
                ]
            },
            "properties": {
                "salle": "Théâtre Jardin Passion",
                "province": "Namur",
                "bassin_de_vie": "Namur",
                "adresse": "Rue Marie-Henriette 39",
                "code_postal": 5000.0,
                "ville": "Namur",
                "telephone": null,
                "e_mail": "info@theatrejardinpassion.be",
                "site_web": "https://theatrejardinpassion.be/",
                "categorie": [
                    "Théâtre"
                ],
                "jauge_maximale": 120.0
            }
        },
        {
            "type": "Feature",
            "geometry": {
                "type": "Point",
                "coordinates": [
                    4.871109754171473,
                    50.46361083482918
                ]
            },
            "properties": {
                "salle": "La Nef, Espace Culturel d'Harscamp",
                "province": "Namur",
                "bassin_de_vie": "Namur",
                "adresse": "Rue St Nicolas 2",
                "code_postal": 5000.0,
                "ville": "Namur",
                "telephone": "081 54 85 88",
                "e_mail": "info@lanef.be",
                "site_web": "https://www.lanef.be/",
                "categorie": [
                    "Musique",
                    "Théâtre"
                ],
                "jauge_maximale": 350.0
            }
        },
        {
            "type": "Feature",
            "geometry": {
                "type": "Point",
                "coordinates": [
                    3.9569034245179417,
                    50.45816161776384
                ]
            },
            "properties": {
                "salle": "Théâtre le Manège",
                "province": "Hainaut",
                "bassin_de_vie": "Hainaut Centre",
                "adresse": "Rue des Passages 1",
                "code_postal": 7000.0,
                "ville": "Mons",
                "telephone": "065 33 55 80",
                "e_mail": "public@surmars.be",
                "site_web": "https://surmars.be/",
                "categorie": [
                    "Musique",
                    "Théâtre"
                ],
                "jauge_maximale": 780.0
            }
        },
        {
            "type": "Feature",
            "geometry": {
                "type": "Point",
                "coordinates": [
                    4.354862922700763,
                    50.85497856885373
                ]
            },
            "properties": {
                "salle": "Théâtre National Wallonie-Bruxelles",
                "province": "Bruxelles-Capitale",
                "bassin_de_vie": "Bruxelles",
                "adresse": "Boulevard Emile Jacqmain 111-115",
                "code_postal": 1000.0,
                "ville": "Bruxelles",
                "telephone": "02 203 41 55",
                "e_mail": "info@theatrenational.be",
                "site_web": "https://www.theatrenational.be/",
                "categorie": [
                    "Théâtre"
                ],
                "jauge_maximale": 600.0
            }
        },
        {
            "type": "Feature",
            "geometry": {
                "type": "Point",
                "coordinates": [
                    4.396238683865787,
                    50.85191855892141
                ]
            },
            "properties": {
                "salle": "Théâtre 140",
                "province": "Bruxelles-Capitale",
                "bassin_de_vie": "Bruxelles",
                "adresse": "Avenue Eugène Plasky 140",
                "code_postal": 1030.0,
                "ville": "Schaerbeek",
                "telephone": "02 733 97 08",
                "e_mail": "info@theatre140.be",
                "site_web": "https://www.theatre140.be/",
                "categorie": [
                    "Théâtre"
                ],
                "jauge_maximale": 600.0
            }
        },
        {
            "type": "Feature",
            "geometry": {
                "type": "Point",
                "coordinates": [
                    4.37262483968869,
                    50.82693277477304
                ]
            },
            "properties": {
                "salle": "Flagey",
                "province": "Bruxelles-Capitale",
                "bassin_de_vie": "Bruxelles",
                "adresse": "Place Sainte-Croix",
                "code_postal": 1050.0,
                "ville": "Ixelles",
                "telephone": "02 641 10 20",
                "e_mail": "ticket@flagey.be",
                "site_web": "https://www.flagey.be/",
                "categorie": [
                    "Musique"
                ],
                "jauge_maximale": 800.0
            }
        },
        {
            "type": "Feature",
            "geometry": {
                "type": "Point",
                "coordinates": [
                    5.568341012691454,
                    50.64343214449035
                ]
            },
            "properties": {
                "salle": "La Cité Miroir",
                "province": "Liège",
                "bassin_de_vie": "Liège",
                "adresse": "Place Xavier Neujean 22",
                "code_postal": 4000.0,
                "ville": "Liège",
                "telephone": "04 230 70 50",
                "e_mail": "reservation@citemiroir.be",
                "site_web": "https://www.citemiroir.be/fr",
                "categorie": [
                    "Musique",
                    "Théâtre"
                ],
                "jauge_maximale": 260.0
            }
        },
        {
            "type": "Feature",
            "geometry": {
                "type": "Point",
                "coordinates": [
                    5.565961697350582,
                    50.63987225063026
                ]
            },
            "properties": {
                "salle": "Théâtre Arlequin",
                "province": "Liège",
                "bassin_de_vie": "Liège",
                "adresse": "Rue Rutxhiel 3",
                "code_postal": 4000.0,
                "ville": "Liège",
                "telephone": "04 222 15 43",
                "e_mail": "info@theatrearlequin.be",
                "site_web": "https://www.theatrearlequin.be/",
                "categorie": [
                    "Théâtre"
                ],
                "jauge_maximale": 150.0
            }
        },
        {
            "type": "Feature",
            "geometry": {
                "type": "Point",
                "coordinates": [
                    5.070411224489051,
                    49.791547548521756
                ]
            },
            "properties": {
                "salle": "Centre Culture et Loisirs de Bouillon",
                "province": "Luxembourg",
                "bassin_de_vie": "Luxembourg",
                "adresse": "Rue des Champs 6",
                "code_postal": 6830.0,
                "ville": "Bouillon",
                "telephone": "061 46 47 07",
                "e_mail": "bibliotheque.bouillon@skynet.be",
                "site_web": "https://www.facebook.com/p/Centre-Culture-Loisirs-Bouillon-100009340518084/?paipv=0&eav=AfZWMP12y2gJyJ01I3jwmV3jBnP6Sdqffe1irTekdlTro4P9vcSIkknO8-1gUrbNYUk&_rdr",
                "categorie": [
                    "Musique",
                    "Théâtre"
                ],
                "jauge_maximale": 65.0
            }
        },
        {
            "type": "Feature",
            "geometry": {
                "type": "Point",
                "coordinates": [
                    2.9990339581582752,
                    50.76701092620361
                ]
            },
            "properties": {
                "salle": "L'Arsenal",
                "province": "Hainaut",
                "bassin_de_vie": "Wallonie pîcarde",
                "adresse": "Rue de la Procession 47",
                "code_postal": 7780.0,
                "ville": "Comines-Warneton",
                "telephone": "056 56 15 15",
                "e_mail": "info@cccw.be",
                "site_web": "https://cccw.be/",
                "categorie": [
                    "Musique",
                    "Théâtre"
                ],
                "jauge_maximale": 100.0
            }
        },
        {
            "type": "Feature",
            "geometry": {
                "type": "Point",
                "coordinates": [
                    4.354608140568411,
                    50.84487069041273
                ]
            },
            "properties": {
                "salle": "La Madeleine",
                "province": "Bruxelles-Capitale",
                "bassin_de_vie": "Bruxelles",
                "adresse": "Rue Duquesnoy 14",
                "code_postal": 1000.0,
                "ville": "Bruxelles",
                "telephone": "02 658 48 61",
                "e_mail": "info@la-madeleine.be",
                "site_web": "https://www.la-madeleine.be/",
                "categorie": [
                    "Musique",
                    "Théâtre"
                ],
                "jauge_maximale": 1500.0
            }
        },
        {
            "type": "Feature",
            "geometry": {
                "type": "Point",
                "coordinates": [
                    4.362442392696432,
                    50.85391748037008
                ]
            },
            "properties": {
                "salle": "Auditorium du Passage 44",
                "province": "Bruxelles-Capitale",
                "bassin_de_vie": "Bruxelles",
                "adresse": "Boulevard du Jardin Botanique 44",
                "code_postal": 1000.0,
                "ville": "Bruxelles",
                "telephone": "02 222 84 98",
                "e_mail": "info@B44C.com",
                "site_web": "https://brussels44center.2.restofactory.com/",
                "categorie": [
                    "Théâtre"
                ],
                "jauge_maximale": 800.0
            }
        },
        {
            "type": "Feature",
            "geometry": {
                "type": "Point",
                "coordinates": [
                    4.3512066396899005,
                    50.85352571568176
                ]
            },
            "properties": {
                "salle": "Théâtre Le Fou Rire",
                "province": "Bruxelles-Capitale",
                "bassin_de_vie": "Bruxelles",
                "adresse": "Rue du Grand Hospice 3",
                "code_postal": 1000.0,
                "ville": "Bruxelles",
                "telephone": "02 512 13 93",
                "e_mail": "info@theatrelefourire.be",
                "site_web": "https://www.theatrelefourire.be/",
                "categorie": [
                    "Théâtre"
                ],
                "jauge_maximale": 200.0
            }
        },
        {
            "type": "Feature",
            "geometry": {
                "type": "Point",
                "coordinates": [
                    4.32605444338052,
                    50.810165175120055
                ]
            },
            "properties": {
                "salle": "Forest National",
                "province": "Bruxelles-Capitale",
                "bassin_de_vie": "Bruxelles",
                "adresse": "Avenue Victor Rousseau 208",
                "code_postal": 1190.0,
                "ville": "Forest",
                "telephone": "02 340 21 23",
                "e_mail": "info@forestnational.be",
                "site_web": "https://www.forest-national.be/",
                "categorie": [
                    "Musique"
                ],
                "jauge_maximale": 8000.0
            }
        },
        {
            "type": "Feature",
            "geometry": {
                "type": "Point",
                "coordinates": [
                    5.571987083856221,
                    50.64250566232831
                ]
            },
            "properties": {
                "salle": "Trocadéro de Liège",
                "province": "Liège",
                "bassin_de_vie": "Liège",
                "adresse": "Rue Lulay des Fèbvres 6A",
                "code_postal": 4000.0,
                "ville": "Liège",
                "telephone": "04 223 34 44",
                "e_mail": "billetterie@troca.be",
                "site_web": "https://www.troca.be/",
                "categorie": [
                    "Musique",
                    "Théâtre"
                ],
                "jauge_maximale": 650.0
            }
        },
        {
            "type": "Feature",
            "geometry": {
                "type": "Point",
                "coordinates": [
                    4.867880374779833,
                    50.464266475271806
                ]
            },
            "properties": {
                "salle": "Théâtre de Namur",
                "province": "Namur",
                "bassin_de_vie": "Namur",
                "adresse": "Place du Théâtre 2",
                "code_postal": 5000.0,
                "ville": "Namur",
                "telephone": "081 25 61 61",
                "e_mail": "info@theatredenamur.be",
                "site_web": "https://www.tccnamur.be/",
                "categorie": [
                    "Musique",
                    "Théâtre"
                ],
                "jauge_maximale": 800.0
            }
        },
        {
            "type": "Feature",
            "geometry": {
                "type": "Point",
                "coordinates": [
                    3.876976661295827,
                    50.41001109178194
                ]
            },
            "properties": {
                "salle": "La Fabrique de Théâtre",
                "province": "Hainaut",
                "bassin_de_vie": "Hainaut Centre",
                "adresse": "Rue de l'Industrie 128",
                "code_postal": 7080.0,
                "ville": "Frameries",
                "telephone": "065 61 34 60",
                "e_mail": "bonjour@fabrique-theatre.be",
                "site_web": "https://www.fabrique-theatre.be/",
                "categorie": [
                    "Théâtre"
                ],
                "jauge_maximale": 80.0
            }
        },
        {
            "type": "Feature",
            "geometry": {
                "type": "Point",
                "coordinates": [
                    3.9259335975402436,
                    50.65039952167155
                ]
            },
            "properties": {
                "salle": "Le Salon",
                "province": "Hainaut",
                "bassin_de_vie": "Wallonie pîcarde",
                "adresse": "Rue Ville Basse 19",
                "code_postal": 7830.0,
                "ville": "Silly",
                "telephone": null,
                "e_mail": "contact@lesalonsilly.com",
                "site_web": "https://www.facebook.com/lesalonsilly/",
                "categorie": [
                    "Musique"
                ],
                "jauge_maximale": 200.0
            }
        },
        {
            "type": "Feature",
            "geometry": {
                "type": "Point",
                "coordinates": [
                    4.341802726903461,
                    50.901328621023836
                ]
            },
            "properties": {
                "salle": "Brussels Expo - ING Arena",
                "province": "Bruxelles-Capitale",
                "bassin_de_vie": "Bruxelles",
                "adresse": "Avenue de Miramar",
                "code_postal": 1020.0,
                "ville": "Laeken",
                "telephone": "02 732 25 98",
                "e_mail": "info@brussels-expo.com",
                "site_web": "https://www.brussels-expo.com/",
                "categorie": [
                    "Musique"
                ],
                "jauge_maximale": 18000.0
            }
        },
        {
            "type": "Feature",
            "geometry": {
                "type": "Point",
                "coordinates": [
                    5.560655282009974,
                    50.64335433738967
                ]
            },
            "properties": {
                "salle": "Auditorium Saint-Laurent",
                "province": "Liège",
                "bassin_de_vie": "Liège",
                "adresse": "Rue Saint-Laurent 29",
                "code_postal": 4000.0,
                "ville": "Liège",
                "telephone": "04 223 78 80",
                "e_mail": "courriel@isllg.be",
                "site_web": "https://www.isllg.be/pageFull.php?id=300#:~:text=A%203%20minutes%20du%20centre,propre%20et%20sans%20r%C3%A9verb%C3%A9ration%20ind%C3%A9sirable.&text=Notre%20salle%20restaurant%20de%20430m%C3%82%C2%B2%20peut%20accueillir%20300%20personnes.",
                "categorie": [
                    "Musique",
                    "Théâtre"
                ],
                "jauge_maximale": 300.0
            }
        },
        {
            "type": "Feature",
            "geometry": {
                "type": "Point",
                "coordinates": [
                    5.551341478314357,
                    50.57774364114783
                ]
            },
            "properties": {
                "salle": "Country Hall - Liège",
                "province": "Liège",
                "bassin_de_vie": "Liège",
                "adresse": "Allée du Bol d’Air 19",
                "code_postal": 4031.0,
                "ville": "Angleur",
                "telephone": "04 338 97 50",
                "e_mail": "secretariat@countryhall.be",
                "site_web": "https://www.countryhall.be/fr/",
                "categorie": [
                    "Musique"
                ],
                "jauge_maximale": 7150.0
            }
        },
        {
            "type": "Feature",
            "geometry": {
                "type": "Point",
                "coordinates": [
                    3.9526930723952036,
                    50.45526107007714
                ]
            },
            "properties": {
                "salle": "Théâtre Royal de Mons",
                "province": "Hainaut",
                "bassin_de_vie": "Hainaut Centre",
                "adresse": "Grand Place",
                "code_postal": 7000.0,
                "ville": "Mons",
                "telephone": null,
                "e_mail": "direction@theatreroyalmons.be",
                "site_web": "https://theatreroyalmons.be/",
                "categorie": [
                    "Musique",
                    "Théâtre"
                ],
                "jauge_maximale": 1000.0
            }
        },
        {
            "type": "Feature",
            "geometry": {
                "type": "Point",
                "coordinates": [
                    3.8444022393132125,
                    50.42791709331343
                ]
            },
            "properties": {
                "salle": "Espace Magnum",
                "province": "Hainaut",
                "bassin_de_vie": "Hainaut Centre",
                "adresse": "Avenue Dr Schweitzer 100",
                "code_postal": 7340.0,
                "ville": "Colfontaine",
                "telephone": "065 88 74 74",
                "e_mail": "billetteriemagnum@gmail.com",
                "site_web": "https://espace-magnum.com/",
                "categorie": [
                    "Musique"
                ],
                "jauge_maximale": 1000.0
            }
        },
        {
            "type": "Feature",
            "geometry": {
                "type": "Point",
                "coordinates": [
                    4.3655849243488065,
                    50.845935828747564
                ]
            },
            "properties": {
                "salle": "Théâtre Royal du Parc",
                "province": "Bruxelles-Capitale",
                "bassin_de_vie": "Bruxelles",
                "adresse": "Rue de la Loi 3",
                "code_postal": 1000.0,
                "ville": "Bruxelles",
                "telephone": "02 505 30 30",
                "e_mail": "info@trp.be",
                "site_web": "https://www.trp.be/",
                "categorie": [
                    "Théâtre"
                ],
                "jauge_maximale": 750.0
            }
        },
        {
            "type": "Feature",
            "geometry": {
                "type": "Point",
                "coordinates": [
                    4.369634741727885,
                    50.86365231896776
                ]
            },
            "properties": {
                "salle": "Théâtre Océan Nord",
                "province": "Bruxelles-Capitale",
                "bassin_de_vie": "Bruxelles",
                "adresse": "Rue Vandeweyer 63",
                "code_postal": 1030.0,
                "ville": "Schaerbeek",
                "telephone": "02 242 96 89",
                "e_mail": "info@oceannord.org",
                "site_web": "https://www.oceannord.org/",
                "categorie": [
                    "Théâtre"
                ],
                "jauge_maximale": 230.0
            }
        },
        {
            "type": "Feature",
            "geometry": {
                "type": "Point",
                "coordinates": [
                    4.391534539689135,
                    50.83724380477321
                ]
            },
            "properties": {
                "salle": "Atelier 210",
                "province": "Bruxelles-Capitale",
                "bassin_de_vie": "Bruxelles",
                "adresse": "Chaussée Saint-Pierre 210",
                "code_postal": 1040.0,
                "ville": "Etterbeek",
                "telephone": "02 732 25 98",
                "e_mail": "info@atelier210.be",
                "site_web": "https://atelier210.be/",
                "categorie": [
                    "Musique",
                    "Théâtre"
                ],
                "jauge_maximale": 450.0
            }
        },
        {
            "type": "Feature",
            "geometry": {
                "type": "Point",
                "coordinates": [
                    4.366333217669845,
                    50.85474446610009
                ]
            },
            "properties": {
                "salle": "Le Botanique",
                "province": "Bruxelles-Capitale",
                "bassin_de_vie": "Bruxelles",
                "adresse": "Rue Royale 236",
                "code_postal": 1210.0,
                "ville": "Saint-Josse-ten-Noode",
                "telephone": "02 218 37 32",
                "e_mail": "info@botanique.be",
                "site_web": "https://botanique.be/fr",
                "categorie": [
                    "Musique"
                ],
                "jauge_maximale": 900.0
            }
        },
        {
            "type": "Feature",
            "geometry": {
                "type": "Point",
                "coordinates": [
                    4.34614819639198,
                    50.853244136061015
                ]
            },
            "properties": {
                "salle": "BRONKS théâtre jeune public",
                "province": "Bruxelles-Capitale",
                "bassin_de_vie": "Bruxelles",
                "adresse": "Rue du Marché aux Porcs 15",
                "code_postal": 1000.0,
                "ville": "Bruxelles",
                "telephone": "02 219 99 21",
                "e_mail": "NFO@BRONKS.BE",
                "site_web": "https://www.bronks.be/fr/",
                "categorie": [
                    "Théâtre"
                ],
                "jauge_maximale": 300.0
            }
        },
        {
            "type": "Feature",
            "geometry": {
                "type": "Point",
                "coordinates": [
                    4.346313795513841,
                    50.85151533500888
                ]
            },
            "properties": {
                "salle": "La Bellone",
                "province": "Bruxelles-Capitale",
                "bassin_de_vie": "Bruxelles",
                "adresse": "Rue de Flandre 46",
                "code_postal": 1000.0,
                "ville": "Bruxelles",
                "telephone": "02 513 33 33",
                "e_mail": "info@bellone.be",
                "site_web": "https://www.bellone.be/",
                "categorie": [
                    "Musique",
                    "Théâtre"
                ],
                "jauge_maximale": 120.0
            }
        },
        {
            "type": "Feature",
            "geometry": {
                "type": "Point",
                "coordinates": [
                    4.369507197360572,
                    50.860062682840955
                ]
            },
            "properties": {
                "salle": "Halles de Schaerbeek",
                "province": "Bruxelles-Capitale",
                "bassin_de_vie": "Bruxelles",
                "adresse": "Rue Royale Sainte-Marie 22A",
                "code_postal": 1030.0,
                "ville": "Schaerbeek",
                "telephone": "02 204 04 44",
                "e_mail": "info@halles.be",
                "site_web": "https://www.halles.be/",
                "categorie": [
                    "Musique",
                    "Théâtre"
                ],
                "jauge_maximale": 200.0
            }
        },
        {
            "type": "Feature",
            "geometry": {
                "type": "Point",
                "coordinates": [
                    4.380727633580574,
                    50.85086437704962
                ]
            },
            "properties": {
                "salle": "Jazz Station",
                "province": "Bruxelles-Capitale",
                "bassin_de_vie": "Bruxelles",
                "adresse": "Chaussée de Louvain 193A",
                "code_postal": 1210.0,
                "ville": "Saint-Josse-ten-Noode",
                "telephone": "02 733 13 78",
                "e_mail": "info@jazzstation.be",
                "site_web": "https://jazzstation.be/",
                "categorie": [
                    "Musique"
                ],
                "jauge_maximale": 120.0
            }
        },
        {
            "type": "Feature",
            "geometry": {
                "type": "Point",
                "coordinates": [
                    4.414389197354174,
                    50.71919443964555
                ]
            },
            "properties": {
                "salle": "Chapelle Musicale Reine-Elisabeth",
                "province": "Brabant wallon",
                "bassin_de_vie": "Brabant wallon",
                "adresse": "Chaussée de Tervuren 445",
                "code_postal": 1410.0,
                "ville": "Waterloo",
                "telephone": "02 352 01 17",
                "e_mail": "tickets@musicchapel.org",
                "site_web": "https://musicchapel.org/fr/",
                "categorie": [
                    "Musique"
                ],
                "jauge_maximale": 250.0
            }
        },
        {
            "type": "Feature",
            "geometry": {
                "type": "Point",
                "coordinates": [
                    5.570185682009856,
                    50.6409414156221
                ]
            },
            "properties": {
                "salle": "Le Forum",
                "province": "Liège",
                "bassin_de_vie": "Liège",
                "adresse": "Rue Pont d'Avroy 12-14",
                "code_postal": 4000.0,
                "ville": "Liège",
                "telephone": "04 223 18 18",
                "e_mail": "hm@leforum.be",
                "site_web": "https://www.leforum.be/",
                "categorie": [
                    "Musique",
                    "Théâtre"
                ],
                "jauge_maximale": 2000.0
            }
        },
        {
            "type": "Feature",
            "geometry": {
                "type": "Point",
                "coordinates": [
                    5.794175924525885,
                    50.63970905527035
                ]
            },
            "properties": {
                "salle": "Centre Hervien d'Animation Culturelle",
                "province": "Liège",
                "bassin_de_vie": "Liège",
                "adresse": "Place de l'Hotel de Ville 18",
                "code_postal": 4650.0,
                "ville": "Herve",
                "telephone": "087 66 09 07",
                "e_mail": "info@chac.be",
                "site_web": "https://www.chac.be/",
                "categorie": [
                    "Musique",
                    "Théâtre"
                ],
                "jauge_maximale": 200.0
            }
        },
        {
            "type": "Feature",
            "geometry": {
                "type": "Point",
                "coordinates": [
                    3.956639012874551,
                    50.45955114508337
                ]
            },
            "properties": {
                "salle": "Arsonic - La Chapelle du Silence",
                "province": "Hainaut",
                "bassin_de_vie": "Hainaut Centre",
                "adresse": "Rue de Nimy 138",
                "code_postal": 7000.0,
                "ville": "Mons",
                "telephone": "065 33 55 80",
                "e_mail": "public@surmars.be",
                "site_web": "https://surmars.be/",
                "categorie": [
                    "Musique"
                ],
                "jauge_maximale": 250.0
            }
        },
        {
            "type": "Feature",
            "geometry": {
                "type": "Point",
                "coordinates": [
                    3.949482155203057,
                    50.45549355711599
                ]
            },
            "properties": {
                "salle": "La Chapelle Club",
                "province": "Hainaut",
                "bassin_de_vie": "Hainaut Centre",
                "adresse": "Rue des Telliers 5",
                "code_postal": 7000.0,
                "ville": "Mons",
                "telephone": null,
                "e_mail": null,
                "site_web": "https://www.facebook.com/p/La-Chapelle-100054337908469/?locale=hi_IN",
                "categorie": [
                    "Musique"
                ],
                "jauge_maximale": 100.0
            }
        },
        {
            "type": "Feature",
            "geometry": {
                "type": "Point",
                "coordinates": [
                    3.916348617118832,
                    50.43925359889928
                ]
            },
            "properties": {
                "salle": "Théâtre des Rues",
                "province": "Hainaut",
                "bassin_de_vie": "Hainaut Centre",
                "adresse": "Rue du Cerisier 20",
                "code_postal": 7033.0,
                "ville": "Mons",
                "telephone": "065 31 34 44",
                "e_mail": "theatredesrues@skynet.be",
                "site_web": "https://theatredesrues.be/",
                "categorie": [
                    "Théâtre"
                ],
                "jauge_maximale": 90.0
            }
        },
        {
            "type": "Feature",
            "geometry": {
                "type": "Point",
                "coordinates": [
                    4.348396370686238,
                    50.84139994304876
                ]
            },
            "properties": {
                "salle": "Les Brigittines",
                "province": "Bruxelles-Capitale",
                "bassin_de_vie": "Bruxelles",
                "adresse": "Petite rue des Brigittines 1",
                "code_postal": 1000.0,
                "ville": "Bruxelles",
                "telephone": "02 213 86 10",
                "e_mail": "info@brigittines.be",
                "site_web": "https://www.brigittines.be/",
                "categorie": [
                    "Musique"
                ],
                "jauge_maximale": 100.0
            }
        },
        {
            "type": "Feature",
            "geometry": {
                "type": "Point",
                "coordinates": [
                    4.334057168527008,
                    50.895777209082524
                ]
            },
            "properties": {
                "salle": "Stade Roi Baudouin",
                "province": "Bruxelles-Capitale",
                "bassin_de_vie": "Bruxelles",
                "adresse": "Avenue de Marathon 135",
                "code_postal": 1020.0,
                "ville": "Laeken",
                "telephone": "02 474 39 40",
                "e_mail": "info@kingbaudouinstadium.be",
                "site_web": "https://kingbaudouinstadium.be/",
                "categorie": [
                    "Musique"
                ],
                "jauge_maximale": 60000.0
            }
        },
        {
            "type": "Feature",
            "geometry": {
                "type": "Point",
                "coordinates": [
                    4.610097768516664,
                    50.668716271321834
                ]
            },
            "properties": {
                "salle": "Aula Magna",
                "province": "Brabant wallon",
                "bassin_de_vie": "Brabant wallon",
                "adresse": "Place Raymond Lemaire 1",
                "code_postal": 1348.0,
                "ville": "Louvain-La-Neuve",
                "telephone": "010 49 78 00",
                "e_mail": "info@aulamagna.be",
                "site_web": "http://aulamagna.be/",
                "categorie": [
                    "Musique",
                    "Théâtre"
                ],
                "jauge_maximale": 1300.0
            }
        },
        {
            "type": "Feature",
            "geometry": {
                "type": "Point",
                "coordinates": [
                    4.219358572208841,
                    50.65725110612529
                ]
            },
            "properties": {
                "salle": "Zik-Zak",
                "province": "Brabant wallon",
                "bassin_de_vie": "Brabant wallon",
                "adresse": "Rue de Tubize 28",
                "code_postal": 1460.0,
                "ville": "Ittre",
                "telephone": null,
                "e_mail": "info@zik-zak.be",
                "site_web": "https://zik-zak.be/",
                "categorie": [
                    "Musique"
                ],
                "jauge_maximale": 300.0
            }
        },
        {
            "type": "Feature",
            "geometry": {
                "type": "Point",
                "coordinates": [
                    3.000318161370448,
                    50.76915069757413
                ]
            },
            "properties": {
                "salle": "Club Open Music",
                "province": "Hainaut",
                "bassin_de_vie": "Wallonie pîcarde",
                "adresse": "Place Saint-Anne 13",
                "code_postal": 7780.0,
                "ville": "Comines-Warneton",
                "telephone": null,
                "e_mail": "openmusic.comines@gmail.com",
                "site_web": "https://www.openmusicjazzclub.be/",
                "categorie": [
                    "Muisque"
                ],
                "jauge_maximale": 150.0
            }
        },
        {
            "type": "Feature",
            "geometry": {
                "type": "Point",
                "coordinates": [
                    4.357117097359522,
                    50.83632643931772
                ]
            },
            "properties": {
                "salle": "Théâtre de la Toison d'Or",
                "province": "Bruxelles-Capitale",
                "bassin_de_vie": "Bruxelles",
                "adresse": "Avenue de la Toison d'Or 40",
                "code_postal": 1050.0,
                "ville": "Ixelles",
                "telephone": "02 510 01 70",
                "e_mail": "info@toisondor.be",
                "site_web": "https://www.toisondor.be/",
                "categorie": [
                    "Théâtre"
                ],
                "jauge_maximale": 220.0
            }
        },
        {
            "type": "Feature",
            "geometry": {
                "type": "Point",
                "coordinates": [
                    4.321842724348162,
                    50.83173134582447
                ]
            },
            "properties": {
                "salle": "Volta",
                "province": "Bruxelles-Capitale",
                "bassin_de_vie": "Bruxelles",
                "adresse": "Rue de la Petite Île 1A",
                "code_postal": 1070.0,
                "ville": "Anderlecht",
                "telephone": "02 449 16 65",
                "e_mail": "info@volta.brussels",
                "site_web": "https://volta.brussels/",
                "categorie": [
                    "Musique"
                ],
                "jauge_maximale": 300.0
            }
        },
        {
            "type": "Feature",
            "geometry": {
                "type": "Point",
                "coordinates": [
                    4.41449141269975,
                    50.82549046213108
                ]
            },
            "properties": {
                "salle": "Comédie Royale Claude Volter",
                "province": "Bruxelles-Capitale",
                "bassin_de_vie": "Bruxelles",
                "adresse": "Avenue des Frères Legrain 98",
                "code_postal": 1150.0,
                "ville": "Woluwe-Saint-Pierre",
                "telephone": "02 762 09 63",
                "e_mail": "secretariat@comedievolter.be",
                "site_web": "http://www.comedievolter.be/",
                "categorie": [
                    "Théâtre"
                ],
                "jauge_maximale": 160.0
            }
        },
        {
            "type": "Feature",
            "geometry": {
                "type": "Point",
                "coordinates": [
                    5.586539764252768,
                    50.644507019582846
                ]
            },
            "properties": {
                "salle": "Manège de la Caserne Fonck",
                "province": "Liège",
                "bassin_de_vie": "Liège",
                "adresse": "Rue Ransonnet 2",
                "code_postal": 4020.0,
                "ville": "Liège",
                "telephone": "04 343 42 47",
                "e_mail": "info@festivaldeliege.be",
                "site_web": "https://www.facebook.com/manegefonck/?locale=fr_FR",
                "categorie": [
                    "Musique",
                    "Théâtre"
                ],
                "jauge_maximale": 1600.0
            }
        },
        {
            "type": "Feature",
            "geometry": {
                "type": "Point",
                "coordinates": [
                    4.870251447356419,
                    50.466923091943414
                ]
            },
            "properties": {
                "salle": "Grand Manège - Namur Concert Hall",
                "province": "Namur",
                "bassin_de_vie": "Namur",
                "adresse": "Rue Rogier 82",
                "code_postal": 5000.0,
                "ville": "Namur",
                "telephone": "081 71 15 00",
                "e_mail": "info@grandmanege.be",
                "site_web": "https://grandmanege.be/fr",
                "categorie": [
                    "Musique"
                ],
                "jauge_maximale": 5000.0
            }
        },
        {
            "type": "Feature",
            "geometry": {
                "type": "Point",
                "coordinates": [
                    4.626631226188204,
                    50.69400018333709
                ]
            },
            "properties": {
                "salle": "Espace Columban",
                "province": "Brabant wallon",
                "bassin_de_vie": "Brabant wallon",
                "adresse": "Chemin de Vieusart 162",
                "code_postal": 1300.0,
                "ville": "Wavre",
                "telephone": "010 22 48 58",
                "e_mail": "info@columban.be",
                "site_web": "https://www.columban.be/",
                "categorie": [
                    "Musique",
                    "Théâtre"
                ],
                "jauge_maximale": 150.0
            }
        },
        {
            "type": "Feature",
            "geometry": {
                "type": "Point",
                "coordinates": [
                    5.550275368513952,
                    50.60816915532783
                ]
            },
            "properties": {
                "salle": "Théâtre de l'Aléna",
                "province": "Liège",
                "bassin_de_vie": "Liège",
                "adresse": "Rue de Berloz 2",
                "code_postal": 4000.0,
                "ville": "Liège",
                "telephone": "04 254 21 11",
                "e_mail": "contact@theatredelalena.be",
                "site_web": "http://theatredelalena.be/",
                "categorie": [
                    "Théâtre"
                ],
                "jauge_maximale": 200.0
            }
        },
        {
            "type": "Feature",
            "geometry": {
                "type": "Point",
                "coordinates": [
                    5.581760711033047,
                    50.64427223852715
                ]
            },
            "properties": {
                "salle": "L'An Vert",
                "province": "Liège",
                "bassin_de_vie": "Liège",
                "adresse": "Rue Mathieu Polain 4",
                "code_postal": 4020.0,
                "ville": "Liège",
                "telephone": "04 342 12 00",
                "e_mail": "anvertinfo@gmail.com",
                "site_web": "https://lanvert.be",
                "categorie": [
                    "Musique"
                ],
                "jauge_maximale": 80.0
            }
        },
        {
            "type": "Feature",
            "geometry": {
                "type": "Point",
                "coordinates": [
                    4.8740709126834085,
                    50.4651133307239
                ]
            },
            "properties": {
                "salle": "Cinex - Salle Bosret",
                "province": "Namur",
                "bassin_de_vie": "Namur",
                "adresse": "Rue Saint-Nicolas 84",
                "code_postal": 5000.0,
                "ville": "Namur",
                "telephone": "081 22 40 92",
                "e_mail": "espace.cinex@gmail.com",
                "site_web": "https://www.facebook.com/asbl.cinex",
                "categorie": [
                    "Musique",
                    "Théâtre"
                ],
                "jauge_maximale": 250.0
            }
        },
        {
            "type": "Feature",
            "geometry": {
                "type": "Point",
                "coordinates": [
                    4.443571854440488,
                    50.41742976341354
                ]
            },
            "properties": {
                "salle": "Le Poche Théâtre",
                "province": "Hainaut",
                "bassin_de_vie": "Hainaut sud",
                "adresse": "Rue du Fort 70",
                "code_postal": 6000.0,
                "ville": "Charleroi",
                "telephone": null,
                "e_mail": "info@lepoche.be",
                "site_web": "https://lepoche.be/",
                "categorie": [
                    "Théâtre"
                ],
                "jauge_maximale": 230.0
            }
        },
        {
            "type": "Feature",
            "geometry": {
                "type": "Point",
                "coordinates": [
                    4.348918711733178,
                    50.84738447899861
                ]
            },
            "properties": {
                "salle": "Ancienne Belgique",
                "province": "Bruxelles-Capitale",
                "bassin_de_vie": "Bruxelles",
                "adresse": "Boulevard Anspach 110",
                "code_postal": 1000.0,
                "ville": "Bruxelles",
                "telephone": "02 548 24 84",
                "e_mail": "info@abconcerts.be",
                "site_web": "https://www.abconcerts.be/fr/",
                "categorie": [
                    "Musique"
                ],
                "jauge_maximale": 2000.0
            }
        },
        {
            "type": "Feature",
            "geometry": {
                "type": "Point",
                "coordinates": [
                    4.528794197348322,
                    50.590370888764014
                ]
            },
            "properties": {
                "salle": "Abbaye de Villers-la-Ville",
                "province": "Brabant wallon",
                "bassin_de_vie": "Brabant wallon",
                "adresse": "Rue de l'Abbaye 55",
                "code_postal": 1495.0,
                "ville": "Villers-la-Ville",
                "telephone": "071 88 09 80",
                "e_mail": "info@villers.be",
                "site_web": "https://villers.be/fr",
                "categorie": [
                    "Musique"
                ],
                "jauge_maximale": 5000.0
            }
        },
        {
            "type": "Feature",
            "geometry": {
                "type": "Point",
                "coordinates": [
                    4.443121243362586,
                    50.413833731945864
                ]
            },
            "properties": {
                "salle": "Palais des Beaux-Arts",
                "province": "Hainaut",
                "bassin_de_vie": "Hainaut sud",
                "adresse": "Place du Manège 1",
                "code_postal": 6000.0,
                "ville": "Charleroi",
                "telephone": "071 31 44 20",
                "e_mail": "info@pba.be",
                "site_web": "https://www.pba.be/",
                "categorie": [
                    "Musique",
                    "Théâtre"
                ],
                "jauge_maximale": 1800.0
            }
        },
        {
            "type": "Feature",
            "geometry": {
                "type": "Point",
                "coordinates": [
                    3.9375702552031933,
                    50.45830684515598
                ]
            },
            "properties": {
                "salle": "Lotto Mons Expo",
                "province": "Hainaut",
                "bassin_de_vie": "Hainaut Centre",
                "adresse": "Avenue Thomas Edison 2",
                "code_postal": 7000.0,
                "ville": "Mons",
                "telephone": "065 84 26 96",
                "e_mail": "info@lottomonsexpo.be",
                "site_web": "https://www.lottomonsexpo.be/",
                "categorie": [
                    "Musique"
                ],
                "jauge_maximale": 15000.0
            }
        },
        {
            "type": "Feature",
            "geometry": {
                "type": "Point",
                "coordinates": [
                    5.592396179023436,
                    50.648756195616635
                ]
            },
            "properties": {
                "salle": "Le Hangar asbl",
                "province": "Liège",
                "bassin_de_vie": "Liège",
                "adresse": "Quai St Léonard 43B",
                "code_postal": 4000.0,
                "ville": "Liège",
                "telephone": null,
                "e_mail": "info@lehangar.be",
                "site_web": "https://lehangar.be/",
                "categorie": [
                    "Musique"
                ],
                "jauge_maximale": 150.0
            }
        },
        {
            "type": "Feature",
            "geometry": {
                "type": "Point",
                "coordinates": [
                    5.569852045653764,
                    50.64334251823824
                ]
            },
            "properties": {
                "salle": "Opéra Royal de Wallonie-Liège",
                "province": "Liège",
                "bassin_de_vie": "Liège",
                "adresse": "Place de l’Opéra",
                "code_postal": 4000.0,
                "ville": "Liège",
                "telephone": "04 221 47 22",
                "e_mail": "info@operaliege.be",
                "site_web": "https://www.operaliege.be/",
                "categorie": [
                    "Musique"
                ],
                "jauge_maximale": 1050.0
            }
        },
        {
            "type": "Feature",
            "geometry": {
                "type": "Point",
                "coordinates": [
                    4.692479326177509,
                    50.45781307272574
                ]
            },
            "properties": {
                "salle": "Comité culturel Gabrielle Bernard",
                "province": "Namur",
                "bassin_de_vie": "Namur",
                "adresse": "Rue de la Fabrique 4C",
                "code_postal": 5190.0,
                "ville": "Jemeppe-sur-Sambre",
                "telephone": "071 72 63 39",
                "e_mail": "contact@centrecultureljemeppesursambre.be",
                "site_web": "https://www.ccgb.be/",
                "categorie": null,
                "jauge_maximale": 250.0
            }
        },
        {
            "type": "Feature",
            "geometry": {
                "type": "Point",
                "coordinates": [
                    4.353253739689662,
                    50.847916173545535
                ]
            },
            "properties": {
                "salle": "Théâtre Royal de Toone",
                "province": "Bruxelles-Capitale",
                "bassin_de_vie": "Bruxelles",
                "adresse": "Petite rue des Bouchers 16",
                "code_postal": 1000.0,
                "ville": "Bruxelles",
                "telephone": "02 511 71 37",
                "e_mail": "info@toone.be",
                "site_web": "https://toone.be/",
                "categorie": [
                    "Théâtre"
                ],
                "jauge_maximale": 100.0
            }
        },
        {
            "type": "Feature",
            "geometry": {
                "type": "Point",
                "coordinates": [
                    4.362046783865159,
                    50.83878120405084
                ]
            },
            "properties": {
                "salle": "Théâtre Molière",
                "province": "Bruxelles-Capitale",
                "bassin_de_vie": "Bruxelles",
                "adresse": "Galerie de la Porte de Namur 3",
                "code_postal": 1050.0,
                "ville": "Ixelles",
                "telephone": "02 217 26 00",
                "e_mail": "info@muziekpublique.be",
                "site_web": "https://www.muziekpublique.be/",
                "categorie": [
                    "Musique",
                    "Théâtre"
                ],
                "jauge_maximale": 380.0
            }
        },
        {
            "type": "Feature",
            "geometry": {
                "type": "Point",
                "coordinates": [
                    4.360205412899624,
                    50.85703890665256
                ]
            },
            "properties": {
                "salle": "mOtown concerts",
                "province": "Bruxelles-Capitale",
                "bassin_de_vie": "Bruxelles",
                "adresse": "Rue André Bertulot",
                "code_postal": 1210.0,
                "ville": "Saint-Josse-ten-Noode",
                "telephone": null,
                "e_mail": "motown@creative-district.be",
                "site_web": "https://www.instagram.com/motown.concerts/?fbclid=IwAR3eEDdjL071mvJthpZ4G7S6if6oJ_EiCy6L3Q8mBU6a93f1QADwQq3menE",
                "categorie": [
                    "Musique"
                ],
                "jauge_maximale": 100.0
            }
        },
        {
            "type": "Feature",
            "geometry": {
                "type": "Point",
                "coordinates": [
                    4.312638239653539,
                    50.04906933667321
                ]
            },
            "properties": {
                "salle": "Château de Chimay",
                "province": "Hainaut",
                "bassin_de_vie": "Hainaut sud",
                "adresse": "Rue du Château 14",
                "code_postal": 6464.0,
                "ville": "Chimay",
                "telephone": "060 21 45 31",
                "e_mail": "info@chateaudechimay.be",
                "site_web": "https://chateaudechimay.be/",
                "categorie": [
                    "Musique"
                ],
                "jauge_maximale": 250.0
            }
        },
        {
            "type": "Feature",
            "geometry": {
                "type": "Point",
                "coordinates": [
                    4.389533983865753,
                    50.85209003300603
                ]
            },
            "properties": {
                "salle": "La Balsamine",
                "province": "Bruxelles-Capitale",
                "bassin_de_vie": "Bruxelles",
                "adresse": "Avenue Félix Marchal 1",
                "code_postal": 1030.0,
                "ville": "Schaerbeek",
                "telephone": "02 735 64 68",
                "e_mail": "info@balsamine.be",
                "site_web": "https://www.balsamine.be/",
                "categorie": [
                    "Musique",
                    "Théâtre"
                ],
                "jauge_maximale": 200.0
            }
        },
        {
            "type": "Feature",
            "geometry": {
                "type": "Point",
                "coordinates": [
                    5.573092082197219,
                    50.640067445954955
                ]
            },
            "properties": {
                "salle": "Regina Club - Hôtel De Clercx",
                "province": "Liège",
                "bassin_de_vie": "Liège",
                "adresse": "Rue Saint-Paul 27-31",
                "code_postal": 4000.0,
                "ville": "Liège",
                "telephone": null,
                "e_mail": "hello@hoteldeclercx.be",
                "site_web": "http://www.hoteldeclercx.be/",
                "categorie": [
                    "Musique"
                ],
                "jauge_maximale": 400.0
            }
        },
        {
            "type": "Feature",
            "geometry": {
                "type": "Point",
                "coordinates": [
                    4.440376697340116,
                    50.409056929123764
                ]
            },
            "properties": {
                "salle": "Théâtre Marignan",
                "province": "Hainaut",
                "bassin_de_vie": "Hainaut sud",
                "adresse": "Boulevard Joseph Tirou 53",
                "code_postal": 6000.0,
                "ville": "Charleroi",
                "telephone": null,
                "e_mail": "info@theatremarignan.be",
                "site_web": "https://www.theatremarignan.be/",
                "categorie": [
                    "Théâtre"
                ],
                "jauge_maximale": 140.0
            }
        },
        {
            "type": "Feature",
            "geometry": {
                "type": "Point",
                "coordinates": [
                    4.165338612872405,
                    50.410573417618835
                ]
            },
            "properties": {
                "salle": "Théâtre communal de Binche",
                "province": "Hainaut",
                "bassin_de_vie": "Hainaut Centre",
                "adresse": "Grand Place",
                "code_postal": 7130.0,
                "ville": "Binche",
                "telephone": "064 23 06 31",
                "e_mail": "culture@binche.be",
                "site_web": "https://theatredebinche.be/",
                "categorie": [
                    "Théâtre"
                ],
                "jauge_maximale": 390.0
            }
        },
        {
            "type": "Feature",
            "geometry": {
                "type": "Point",
                "coordinates": [
                    4.354601925226979,
                    50.84732960506347
                ]
            },
            "properties": {
                "salle": "Théâtre du Vaudeville",
                "province": "Bruxelles-Capitale",
                "bassin_de_vie": "Bruxelles",
                "adresse": "Galerie de la Reine 13",
                "code_postal": 1000.0,
                "ville": "Bruxelles",
                "telephone": "02 512 21 83",
                "e_mail": "info@vaudeville.be",
                "site_web": "https://www.vaudeville.be/",
                "categorie": [
                    "Théâtre"
                ],
                "jauge_maximale": 300.0
            }
        },
        {
            "type": "Feature",
            "geometry": {
                "type": "Point",
                "coordinates": [
                    4.351076111041898,
                    50.84712322795365
                ]
            },
            "properties": {
                "salle": "The Music Village",
                "province": "Bruxelles-Capitale",
                "bassin_de_vie": "Bruxelles",
                "adresse": "Rue des Pierres 50",
                "code_postal": 1000.0,
                "ville": "Bruxelles",
                "telephone": null,
                "e_mail": "booking@themusicvillage.com",
                "site_web": "http://www.themusicvillage.com",
                "categorie": [
                    "Musique"
                ],
                "jauge_maximale": 100.0
            }
        },
        {
            "type": "Feature",
            "geometry": {
                "type": "Point",
                "coordinates": [
                    4.37867711085385,
                    50.83489456523783
                ]
            },
            "properties": {
                "salle": "Théâtre Varia",
                "province": "Bruxelles-Capitale",
                "bassin_de_vie": "Bruxelles",
                "adresse": "Rue du Sceptre 78",
                "code_postal": 1050.0,
                "ville": "Ixelles",
                "telephone": "02 640 82 58",
                "e_mail": "info@varia.be",
                "site_web": "https://www.varia.be/",
                "categorie": [
                    "Théâtre"
                ],
                "jauge_maximale": 300.0
            }
        },
        {
            "type": "Feature",
            "geometry": {
                "type": "Point",
                "coordinates": [
                    4.373237439877038,
                    50.83495383740398
                ]
            },
            "properties": {
                "salle": "La Maison qui Chante",
                "province": "Bruxelles-Capitale",
                "bassin_de_vie": "Bruxelles",
                "adresse": "Rue du Viaduc 122",
                "code_postal": 1050.0,
                "ville": "Ixelles",
                "telephone": null,
                "e_mail": "infos@lamaisonquichante.be",
                "site_web": "https://www.lamaisonquichante.be/",
                "categorie": [
                    "Musique"
                ],
                "jauge_maximale": 200.0
            }
        },
        {
            "type": "Feature",
            "geometry": {
                "type": "Point",
                "coordinates": [
                    4.617679242097939,
                    50.666089747732535
                ]
            },
            "properties": {
                "salle": "La Ferme du Biéreau",
                "province": "Brabant wallon",
                "bassin_de_vie": "Brabant wallon",
                "adresse": "Avenue du Jardin Botanique",
                "code_postal": 1348.0,
                "ville": "Louvain-La-Neuve",
                "telephone": "010 23 74 10",
                "e_mail": "info@laferme.be",
                "site_web": "https://www.laferme.be/",
                "categorie": [
                    "Musique"
                ],
                "jauge_maximale": 500.0
            }
        },
        {
            "type": "Feature",
            "geometry": {
                "type": "Point",
                "coordinates": [
                    4.443880681999271,
                    50.40717436735344
                ]
            },
            "properties": {
                "salle": "Le Vecteur",
                "province": "Hainaut",
                "bassin_de_vie": "Hainaut sud",
                "adresse": "Rue de Marcinelle 30",
                "code_postal": 6000.0,
                "ville": "Charleroi",
                "telephone": "071 27 86 78",
                "e_mail": "info@vecteur.be",
                "site_web": "https://www.vecteur.be/",
                "categorie": [
                    "Musique"
                ],
                "jauge_maximale": 120.0
            }
        },
        {
            "type": "Feature",
            "geometry": {
                "type": "Point",
                "coordinates": [
                    5.068264582160612,
                    49.79716212911658
                ]
            },
            "properties": {
                "salle": "Salle de l'Académie de Musique Bouillon",
                "province": "Luxembourg",
                "bassin_de_vie": "Luxembourg",
                "adresse": "Rue des Bastions 4",
                "code_postal": 6830.0,
                "ville": "Bouillon",
                "telephone": "061 46 75 22",
                "e_mail": "info@acabouillon.be",
                "site_web": "http://www.acabouillon.be/",
                "categorie": [
                    "Musique"
                ],
                "jauge_maximale": 200.0
            }
        },
        {
            "type": "Feature",
            "geometry": {
                "type": "Point",
                "coordinates": [
                    3.9570455398604647,
                    50.45587892548315
                ]
            },
            "properties": {
                "salle": "Auditorium Abel Dubois - RTBF",
                "province": "Hainaut",
                "bassin_de_vie": "Hainaut Centre",
                "adresse": "Esplanade Anne-Charlotte de Lorraine",
                "code_postal": 7000.0,
                "ville": "Mons",
                "telephone": "065 31 16 58",
                "e_mail": "public@surmars.be",
                "site_web": "https://surmars.be/",
                "categorie": [
                    "Musique",
                    "Théâtre"
                ],
                "jauge_maximale": 290.0
            }
        },
        {
            "type": "Feature",
            "geometry": {
                "type": "Point",
                "coordinates": [
                    5.591366210845372,
                    50.64853170062958
                ]
            },
            "properties": {
                "salle": "Le Garage Creative Music",
                "province": "Liège",
                "bassin_de_vie": "Liège",
                "adresse": "Rue Marengo 27",
                "code_postal": 4000.0,
                "ville": "Liège",
                "telephone": null,
                "e_mail": null,
                "site_web": "https://www.facebook.com/legaragecreativemusic/",
                "categorie": [
                    "Musique"
                ],
                "jauge_maximale": 110.0
            }
        },
        {
            "type": "Feature",
            "geometry": {
                "type": "Point",
                "coordinates": [
                    5.580393855020824,
                    50.63785204726962
                ]
            },
            "properties": {
                "salle": "La Zone",
                "province": "Liège",
                "bassin_de_vie": "Liège",
                "adresse": "Rue Méan 27",
                "code_postal": 4020.0,
                "ville": "Liège",
                "telephone": "04 341 07 27",
                "e_mail": "concerts@lazone.be",
                "site_web": "http://www.lazone.be/",
                "categorie": [
                    "Musique"
                ],
                "jauge_maximale": 200.0
            }
        },
        {
            "type": "Feature",
            "geometry": {
                "type": "Point",
                "coordinates": [
                    4.602240294937434,
                    50.714772973134515
                ]
            },
            "properties": {
                "salle": "La Sucrerie",
                "province": "Brabant wallon",
                "bassin_de_vie": "Brabant wallon",
                "adresse": "Chem. de la Sucrerie 2",
                "code_postal": 1301.0,
                "ville": "Wavre",
                "telephone": "010 39 53 50",
                "e_mail": "resa@lasucreriewavre.be",
                "site_web": "https://lasucreriewavre.be/",
                "categorie": [
                    "Musique",
                    "Théâtre"
                ],
                "jauge_maximale": 1300.0
            }
        },
        {
            "type": "Feature",
            "geometry": {
                "type": "Point",
                "coordinates": [
                    4.3912943703651965,
                    50.71663846987756
                ]
            },
            "properties": {
                "salle": "Salle Jules Bastin",
                "province": "Brabant wallon",
                "bassin_de_vie": "Brabant wallon",
                "adresse": "Rue François Libert 28",
                "code_postal": 1410.0,
                "ville": "Waterloo",
                "telephone": "02 352 98 85",
                "e_mail": "infos@centre-culturel-waterloo.be",
                "site_web": "https://www.facebook.com/profile.php?id=180210982908038&paipv=0&eav=AfZUDcbQz0z8fGijGJRMjt6SBseWRTqKLsxVikH2GR5sgOwdUQpuV63QXs57GlkAymM&_rdr",
                "categorie": [
                    "Musique",
                    "Théâtre"
                ],
                "jauge_maximale": 250.0
            }
        },
        {
            "type": "Feature",
            "geometry": {
                "type": "Point",
                "coordinates": [
                    4.4278084428115685,
                    50.83736326486346
                ]
            },
            "properties": {
                "salle": "W:Halll",
                "province": "Bruxelles-Capitale",
                "bassin_de_vie": "Bruxelles",
                "adresse": "Avenue Charles Thielemans 93",
                "code_postal": 1150.0,
                "ville": "Woluwe-Saint-Pierre",
                "telephone": "02 435 59 90",
                "e_mail": "info@whalll.be",
                "site_web": "https://www.locationwhalll.com/",
                "categorie": [
                    "Musique",
                    "Théâtre"
                ],
                "jauge_maximale": 670.0
            }
        },
        {
            "type": "Feature",
            "geometry": {
                "type": "Point",
                "coordinates": [
                    5.56796305502116,
                    50.64378366510118
                ]
            },
            "properties": {
                "salle": "Le Reflektor",
                "province": "Liège",
                "bassin_de_vie": "Liège",
                "adresse": "Place Xavier-Neujean 24",
                "code_postal": 4000.0,
                "ville": "Liège",
                "telephone": "04 340 30 80",
                "e_mail": "info@reflektor.be",
                "site_web": "https://reflektor.be/",
                "categorie": [
                    "Musique"
                ],
                "jauge_maximale": 600.0
            }
        },
        {
            "type": "Feature",
            "geometry": {
                "type": "Point",
                "coordinates": [
                    5.582920329715233,
                    50.640240263045776
                ]
            },
            "properties": {
                "salle": "KulturA",
                "province": "Liège",
                "bassin_de_vie": "Liège",
                "adresse": "Rue Roture 13",
                "code_postal": 4020.0,
                "ville": "Liège",
                "telephone": null,
                "e_mail": "contact@kulturaliege.be",
                "site_web": "https://kulturaliege.be/",
                "categorie": [
                    "Musique"
                ],
                "jauge_maximale": 200.0
            }
        },
        {
            "type": "Feature",
            "geometry": {
                "type": "Point",
                "coordinates": [
                    5.517617312689054,
                    50.58963574898757
                ]
            },
            "properties": {
                "salle": "Théâtre de la Communauté - Seraing",
                "province": "Liège",
                "bassin_de_vie": "Liège",
                "adresse": "Rue de la Vecquée 353",
                "code_postal": 4100.0,
                "ville": "Seraing",
                "telephone": null,
                "e_mail": "info@theatredelacommunaute.be",
                "site_web": "https://theatredelacommunaute.be/",
                "categorie": [
                    "Théâtre"
                ],
                "jauge_maximale": 200.0
            }
        },
        {
            "type": "Feature",
            "geometry": {
                "type": "Point",
                "coordinates": [
                    4.862875799189313,
                    50.47276405140403
                ]
            },
            "properties": {
                "salle": "Les Abattoirs de Bomel",
                "province": "Namur",
                "bassin_de_vie": "Namur",
                "adresse": "Traverse des Muses 18",
                "code_postal": 5000.0,
                "ville": "Namur",
                "telephone": "081 25 04 01",
                "e_mail": "info@theatredenamur.be",
                "site_web": "https://www.tccnamur.be/",
                "categorie": [
                    "Musique",
                    "Théâtre"
                ],
                "jauge_maximale": 150.0
            }
        },
        {
            "type": "Feature",
            "geometry": {
                "type": "Point",
                "coordinates": [
                    5.806097754977787,
                    49.680975234301975
                ]
            },
            "properties": {
                "salle": "L'Entrepôt",
                "province": "Luxembourg",
                "bassin_de_vie": "Luxembourg",
                "adresse": "Rue Zénobe Gramme 2",
                "code_postal": 6700.0,
                "ville": "Arlon",
                "telephone": "063 45 60 84",
                "e_mail": "info@losange.net",
                "site_web": "http://www.entrepotarlon.be/",
                "categorie": [
                    "Musique"
                ],
                "jauge_maximale": 250.0
            }
        },
        {
            "type": "Feature",
            "geometry": {
                "type": "Point",
                "coordinates": [
                    4.355311292696101,
                    50.848275649804336
                ]
            },
            "properties": {
                "salle": "Théâtre Royal des Galeries",
                "province": "Bruxelles-Capitale",
                "bassin_de_vie": "Bruxelles",
                "adresse": "Galerie du Roi 32",
                "code_postal": 1000.0,
                "ville": "Bruxelles",
                "telephone": "02 512 04 07",
                "e_mail": "info@trg.be",
                "site_web": "https://www.trg.be/",
                "categorie": [
                    "Théâtre"
                ],
                "jauge_maximale": 850.0
            }
        },
        {
            "type": "Feature",
            "geometry": {
                "type": "Point",
                "coordinates": [
                    4.369785212700219,
                    50.83547266672536
                ]
            },
            "properties": {
                "salle": "Le Rideau",
                "province": "Bruxelles-Capitale",
                "bassin_de_vie": "Bruxelles",
                "adresse": "Rue Goffart 7A",
                "code_postal": 1050.0,
                "ville": "Ixelles",
                "telephone": "02 737 16 00",
                "e_mail": "contact@lerideau.brussels",
                "site_web": "https://lerideau.brussels/",
                "categorie": [
                    "Théâtre"
                ],
                "jauge_maximale": 300.0
            }
        },
        {
            "type": "Feature",
            "geometry": {
                "type": "Point",
                "coordinates": [
                    4.376043083865397,
                    50.844107684506994
                ]
            },
            "properties": {
                "salle": "Le Rideau de Bruxelles",
                "province": "Bruxelles-Capitale",
                "bassin_de_vie": "Bruxelles",
                "adresse": "Rue de Trèves 111",
                "code_postal": 1050.0,
                "ville": "Ixelles",
                "telephone": "02 649 42 04",
                "e_mail": "info@rideaudbruxelles.be",
                "site_web": "https://www.rideaudbruxelles.be/",
                "categorie": [
                    "Théâtre"
                ],
                "jauge_maximale": 200.0
            }
        },
        {
            "type": "Feature",
            "geometry": {
                "type": "Point",
                "coordinates": [
                    4.366885797548339,
                    50.83461792103997
                ]
            },
            "properties": {
                "salle": "Sounds Live",
                "province": "Bruxelles-Capitale",
                "bassin_de_vie": "Bruxelles",
                "adresse": "Rue de la Tulipe 28",
                "code_postal": 1050.0,
                "ville": "Ixelles",
                "telephone": null,
                "e_mail": "hello@sounds.brussels",
                "site_web": "https://www.sounds.brussels/",
                "categorie": [
                    "Musique"
                ],
                "jauge_maximale": 200.0
            }
        },
        {
            "type": "Feature",
            "geometry": {
                "type": "Point",
                "coordinates": [
                    4.376829339689814,
                    50.851263294781056
                ]
            },
            "properties": {
                "salle": "Théâtre Le Public",
                "province": "Bruxelles-Capitale",
                "bassin_de_vie": "Bruxelles",
                "adresse": "Rue Braemt 64",
                "code_postal": 1210.0,
                "ville": "Saint-Josse-ten-Noode",
                "telephone": "02 762 70 76",
                "e_mail": "info@theatrelepublic.be",
                "site_web": "https://www.theatrelepublic.be/",
                "categorie": [
                    "Théâtre"
                ],
                "jauge_maximale": 220.0
            }
        },
        {
            "type": "Feature",
            "geometry": {
                "type": "Point",
                "coordinates": [
                    4.716435397356872,
                    50.778136812816456
                ]
            },
            "properties": {
                "salle": "Salle Spacium Hamme-Mille",
                "province": "Brabant wallon",
                "bassin_de_vie": "Brabant wallon",
                "adresse": "Avenue du Centenaire 5",
                "code_postal": 1320.0,
                "ville": "Beauvechain",
                "telephone": "0800 37 018",
                "e_mail": null,
                "site_web": "https://www.spacium-live.com/contact",
                "categorie": [
                    "Musique"
                ],
                "jauge_maximale": 200.0
            }
        },
        {
            "type": "Feature",
            "geometry": {
                "type": "Point",
                "coordinates": [
                    4.6312854261841965,
                    50.605851607849736
                ]
            },
            "properties": {
                "salle": "La Tchatche Chastre",
                "province": "Brabant wallon",
                "bassin_de_vie": "Brabant wallon",
                "adresse": "Rue de la Chapelle 1",
                "code_postal": 1450.0,
                "ville": "Chastre",
                "telephone": null,
                "e_mail": "info@latchatche.be",
                "site_web": "https://www.latchatche.be/",
                "categorie": [
                    "Musique",
                    "Théâtre"
                ],
                "jauge_maximale": 400.0
            }
        },
        {
            "type": "Feature",
            "geometry": {
                "type": "Point",
                "coordinates": [
                    4.8686170550129235,
                    50.4625719675011
                ]
            },
            "properties": {
                "salle": "Le Delta, Espace Culturel Provincial",
                "province": "Namur",
                "bassin_de_vie": "Namur",
                "adresse": "Avenue Fernand Golenvaux 18",
                "code_postal": 5000.0,
                "ville": "Namur",
                "telephone": "081 77 67 73",
                "e_mail": "info@ledelta.be",
                "site_web": "https://www.ledelta.be/",
                "categorie": [
                    "Musique",
                    "Théâtre"
                ],
                "jauge_maximale": 600.0
            }
        },
        {
            "type": "Feature",
            "geometry": {
                "type": "Point",
                "coordinates": [
                    4.348275141535763,
                    50.84375606519372
                ]
            },
            "properties": {
                "salle": "Espace Magh",
                "province": "Bruxelles-Capitale",
                "bassin_de_vie": "Bruxelles",
                "adresse": "Rue du Poinçon 17",
                "code_postal": 1000.0,
                "ville": "Bruxelles",
                "telephone": "02 274 05 10",
                "e_mail": "info@espacemagh.be",
                "site_web": "https://www.espacemagh.be/",
                "categorie": [
                    "Musique",
                    "Théâtre"
                ],
                "jauge_maximale": 150.0
            }
        },
        {
            "type": "Feature",
            "geometry": {
                "type": "Point",
                "coordinates": [
                    4.613960149184407,
                    50.668607471651036
                ]
            },
            "properties": {
                "salle": "Théâtre Jean Vilar",
                "province": "Brabant wallon",
                "bassin_de_vie": "Brabant wallon",
                "adresse": "Place de l’Hocaille 6",
                "code_postal": 1348.0,
                "ville": "Louvain-La-Neuve",
                "telephone": "010 47 07 00",
                "e_mail": "info@levilar.be",
                "site_web": "https://levilar.be/",
                "categorie": [
                    "Musique",
                    "Théâtre"
                ],
                "jauge_maximale": 650.0
            }
        },
        {
            "type": "Feature",
            "geometry": {
                "type": "Point",
                "coordinates": [
                    5.572990266669755,
                    50.65484350944572
                ]
            },
            "properties": {
                "salle": "Théâtre Le Moderne",
                "province": "Liège",
                "bassin_de_vie": "Liège",
                "adresse": "Rue Sainte-Walburge 1",
                "code_postal": 4000.0,
                "ville": "Liège",
                "telephone": "04 225 13 14",
                "e_mail": "info@lemoderne.be",
                "site_web": "https://lemoderne.be/",
                "categorie": [
                    "Théâtre"
                ],
                "jauge_maximale": 120.0
            }
        },
        {
            "type": "Feature",
            "geometry": {
                "type": "Point",
                "coordinates": [
                    5.640182110846793,
                    50.67981483265751
                ]
            },
            "properties": {
                "salle": "LaFabrik, Espace Event",
                "province": "Liège",
                "bassin_de_vie": "Liège",
                "adresse": "Rue Pierre-Joseph Antoine 79E",
                "code_postal": 4040.0,
                "ville": "Herstal",
                "telephone": "04 240 06 50",
                "e_mail": "info@lafabrik.be",
                "site_web": "http://lafabrik.be/",
                "categorie": [
                    "Musique",
                    "Théâtre"
                ],
                "jauge_maximale": 500.0
            }
        },
        {
            "type": "Feature",
            "geometry": {
                "type": "Point",
                "coordinates": [
                    5.694089724914024,
                    50.736949516259415
                ]
            },
            "properties": {
                "salle": "Les Tréteaux Visé",
                "province": "Liège",
                "bassin_de_vie": "Liège",
                "adresse": "Rue de la Chinstrée",
                "code_postal": 4600.0,
                "ville": "Visé",
                "telephone": "04 374 85 50",
                "e_mail": "lestreteaux@vise.be",
                "site_web": "https://www.facebook.com/salledestreteaux/?locale=fr_FR",
                "categorie": [
                    "Musique",
                    "Théâtre"
                ],
                "jauge_maximale": 320.0
            }
        },
        {
            "type": "Feature",
            "geometry": {
                "type": "Point",
                "coordinates": [
                    4.4489884126807695,
                    50.40686011508559
                ]
            },
            "properties": {
                "salle": "L'Ancre",
                "province": "Hainaut",
                "bassin_de_vie": "Hainaut sud",
                "adresse": "Rue de Montigny 122",
                "code_postal": 6000.0,
                "ville": "Charleroi",
                "telephone": "071 31 49 79",
                "e_mail": "info@ancre.be",
                "site_web": "https://www.ancre.be/",
                "categorie": [
                    "Théâtre"
                ],
                "jauge_maximale": 400.0
            }
        },
        {
            "type": "Feature",
            "geometry": {
                "type": "Point",
                "coordinates": [
                    5.336716509166142,
                    50.24663390501678
                ]
            },
            "properties": {
                "salle": "WEX",
                "province": "Luxembourg",
                "bassin_de_vie": "Luxembourg",
                "adresse": "Rue des Deux Provinces 1",
                "code_postal": 6900.0,
                "ville": "Marche-en-Famenne",
                "telephone": "084 34 08 00",
                "e_mail": "info@wex.be",
                "site_web": "https://www.wex.be/fr/",
                "categorie": [
                    "Musique",
                    "Théâtre"
                ],
                "jauge_maximale": 6000.0
            }
        },
        {
            "type": "Feature",
            "geometry": {
                "type": "Point",
                "coordinates": [
                    4.356164282019509,
                    50.852117611930474
                ]
            },
            "properties": {
                "salle": "Théâtre de la Place des Martyrs",
                "province": "Bruxelles-Capitale",
                "bassin_de_vie": "Bruxelles",
                "adresse": "Place des Martyrs 22",
                "code_postal": 1000.0,
                "ville": "Bruxelles",
                "telephone": "02 223 32 08",
                "e_mail": "info@theatredelaplace.be",
                "site_web": "https://theatredelaplace.be/",
                "categorie": [
                    "Théâtre"
                ],
                "jauge_maximale": 360.0
            }
        },
        {
            "type": "Feature",
            "geometry": {
                "type": "Point",
                "coordinates": [
                    4.365542009008042,
                    50.84536001218753
                ]
            },
            "properties": {
                "salle": "Vaux Hall",
                "province": "Bruxelles-Capitale",
                "bassin_de_vie": "Bruxelles",
                "adresse": "Rue de la Loi 5",
                "code_postal": 1000.0,
                "ville": "Bruxelles",
                "telephone": "02 279 64 20",
                "e_mail": "Vaux-Hall@brucity.be",
                "site_web": "https://vauxhallsummer.brussels/events/",
                "categorie": [
                    "Musique"
                ],
                "jauge_maximale": 1000.0
            }
        },
        {
            "type": "Feature",
            "geometry": {
                "type": "Point",
                "coordinates": [
                    4.364277097549577,
                    50.86315653298552
                ]
            },
            "properties": {
                "salle": "Magic Land Théâtre - Animar",
                "province": "Bruxelles-Capitale",
                "bassin_de_vie": "Bruxelles",
                "adresse": "Rue d’Hoogvorst 8-14",
                "code_postal": 1030.0,
                "ville": "Schaerbeek",
                "telephone": null,
                "e_mail": "info@magicland-theatre.com",
                "site_web": "https://www.magicland-theatre.com/",
                "categorie": [
                    "Théâtre"
                ],
                "jauge_maximale": 100.0
            }
        },
        {
            "type": "Feature",
            "geometry": {
                "type": "Point",
                "coordinates": [
                    4.7614674531765715,
                    50.68234063378053
                ]
            },
            "properties": {
                "salle": "Eglise de Sart-Risbart",
                "province": "Brabant wallon",
                "bassin_de_vie": "Brabant wallon",
                "adresse": "Rue de l'Etang 3",
                "code_postal": 1315.0,
                "ville": "Incourt",
                "telephone": "010 88 04 29",
                "e_mail": null,
                "site_web": "https://www.travers.be/",
                "categorie": [
                    "Musique"
                ],
                "jauge_maximale": 100.0
            }
        },
        {
            "type": "Feature",
            "geometry": {
                "type": "Point",
                "coordinates": [
                    4.535556470924072,
                    50.46632822849451
                ]
            },
            "properties": {
                "salle": "La Ferme de Martinrou",
                "province": "Hainaut",
                "bassin_de_vie": "Hainaut sud",
                "adresse": "Chaussée de Charleroi 615",
                "code_postal": 6220.0,
                "ville": "Fleurus",
                "telephone": "071 81 63 32",
                "e_mail": "info@martinrou.be",
                "site_web": "https://martinrou.be/",
                "categorie": [
                    "Musique",
                    "Théâtre"
                ],
                "jauge_maximale": 300.0
            }
        },
        {
            "type": "Feature",
            "geometry": {
                "type": "Point",
                "coordinates": [
                    5.723363997322011,
                    50.00610905898316
                ]
            },
            "properties": {
                "salle": "Espace 23",
                "province": "Luxembourg",
                "bassin_de_vie": "Luxembourg",
                "adresse": "Rue Gustave-Delperdange 6",
                "code_postal": 6600.0,
                "ville": "Bastogne",
                "telephone": "061 62 17 21",
                "e_mail": "info@espace23.be",
                "site_web": "https://www.facebook.com/espace.vingttrois/?locale=fr_FR",
                "categorie": [
                    "Musique"
                ],
                "jauge_maximale": 140.0
            }
        },
        {
            "type": "Feature",
            "geometry": {
                "type": "Point",
                "coordinates": [
                    4.537469268515814,
                    50.64962403207482
                ]
            },
            "properties": {
                "salle": "Le Triangle",
                "province": "Brabant wallon",
                "bassin_de_vie": "Brabant wallon",
                "adresse": "Rue de Limauges 5",
                "code_postal": 1490.0,
                "ville": "Court-St-Etienne",
                "telephone": null,
                "e_mail": "etriangleasbl@gmail.com",
                "site_web": "https://www.letriangle.be/",
                "categorie": [
                    "Musique"
                ],
                "jauge_maximale": 100.0
            }
        },
        {
            "type": "Feature",
            "geometry": {
                "type": "Point",
                "coordinates": [
                    5.586539764252768,
                    50.644507019582846
                ]
            },
            "properties": {
                "salle": "Ecuries de la Caserne Fonck",
                "province": "Liège",
                "bassin_de_vie": "Liège",
                "adresse": "Rue Ransonnet 2",
                "code_postal": 4020.0,
                "ville": "Liège",
                "telephone": "04 343 42 47",
                "e_mail": "info@festivaldeliege.be",
                "site_web": "https://www.facebook.com/manegefonck/?locale=fr_FR",
                "categorie": [
                    "Musique",
                    "Théâtre"
                ],
                "jauge_maximale": 200.0
            }
        },
        {
            "type": "Feature",
            "geometry": {
                "type": "Point",
                "coordinates": [
                    3.3994212398673502,
                    50.61396056384598
                ]
            },
            "properties": {
                "salle": "Le Water Moulin",
                "province": "Hainaut",
                "bassin_de_vie": "Wallonie pîcarde",
                "adresse": "Boulevard Eisenhower 207",
                "code_postal": 7500.0,
                "ville": "Tournai",
                "telephone": null,
                "e_mail": "watermoulin@gmail.com",
                "site_web": "https://www.facebook.com/watermoulin",
                "categorie": [
                    "Musique"
                ],
                "jauge_maximale": 250.0
            }
        },
        {
            "type": "Feature",
            "geometry": {
                "type": "Point",
                "coordinates": [
                    4.35376552282007,
                    50.84997072430815
                ]
            },
            "properties": {
                "salle": "La Monnaie",
                "province": "Bruxelles-Capitale",
                "bassin_de_vie": "Bruxelles",
                "adresse": "Place de la Monnaie",
                "code_postal": 1000.0,
                "ville": "Bruxelles",
                "telephone": "02 229 12 11",
                "e_mail": "info@lamonnaie.be",
                "site_web": "https://www.lamonnaie.be/",
                "categorie": [
                    "Musique"
                ],
                "jauge_maximale": 1150.0
            }
        },
        {
            "type": "Feature",
            "geometry": {
                "type": "Point",
                "coordinates": [
                    4.365677038720902,
                    50.84917750023399
                ]
            },
            "properties": {
                "salle": "Cirque royal",
                "province": "Bruxelles-Capitale",
                "bassin_de_vie": "Bruxelles",
                "adresse": "Rue de l'Enseignement 81",
                "code_postal": 1000.0,
                "ville": "Bruxelles",
                "telephone": null,
                "e_mail": "info@cirqueroyalbruxelles.be",
                "site_web": "https://www.cirqueroyalbruxelles.be/",
                "categorie": [
                    "Musique",
                    "Théâtre"
                ],
                "jauge_maximale": 2000.0
            }
        },
        {
            "type": "Feature",
            "geometry": {
                "type": "Point",
                "coordinates": [
                    4.38036175318357,
                    50.83675771080768
                ]
            },
            "properties": {
                "salle": "Le Senghor",
                "province": "Bruxelles-Capitale",
                "bassin_de_vie": "Bruxelles",
                "adresse": "Chaussée de Wavre 366",
                "code_postal": 1040.0,
                "ville": "Etterbeek",
                "telephone": "02 230 31 40",
                "e_mail": "info@senghor.be",
                "site_web": "https://www.senghor.be/",
                "categorie": [
                    "Musique",
                    "Théâtre"
                ],
                "jauge_maximale": 400.0
            }
        },
        {
            "type": "Feature",
            "geometry": {
                "type": "Point",
                "coordinates": [
                    4.352527399397787,
                    50.832668724460596
                ]
            },
            "properties": {
                "salle": "Maison poème",
                "province": "Bruxelles-Capitale",
                "bassin_de_vie": "Bruxelles",
                "adresse": "Rue d’Ecosse 30",
                "code_postal": 1060.0,
                "ville": "Saint-Gilles",
                "telephone": "02 503 02 18",
                "e_mail": "info@maisonpoeme.be",
                "site_web": "https://maisonpoeme.be/",
                "categorie": [
                    "Théâtre"
                ],
                "jauge_maximale": 75.0
            }
        },
        {
            "type": "Feature",
            "geometry": {
                "type": "Point",
                "coordinates": [
                    4.4026104531823265,
                    50.80917052327602
                ]
            },
            "properties": {
                "salle": "La Vénerie - Espace Delvaux",
                "province": "Bruxelles-Capitale",
                "bassin_de_vie": "Bruxelles",
                "adresse": "Rue Gratès 3",
                "code_postal": 1170.0,
                "ville": "Watermael-Boitsfort",
                "telephone": "02 663 85 50",
                "e_mail": "info@lavenerie.be",
                "site_web": "https://www.lavenerie.be/",
                "categorie": [
                    "Musique",
                    "Théâtre"
                ],
                "jauge_maximale": 300.0
            }
        },
        {
            "type": "Feature",
            "geometry": {
                "type": "Point",
                "coordinates": [
                    5.604605112691637,
                    50.646766850696004
                ]
            },
            "properties": {
                "salle": "Espace Georges Truffaut",
                "province": "Liège",
                "bassin_de_vie": "Liège",
                "adresse": "Avenue de Lille 5",
                "code_postal": 4020.0,
                "ville": "Liège",
                "telephone": "04 341 04 08",
                "e_mail": "secretariat.egt@skynet.be",
                "site_web": "https://espacegeorgestruffaut.be/",
                "categorie": [
                    "Musique",
                    "Théâtre"
                ],
                "jauge_maximale": 800.0
            }
        },
        {
            "type": "Feature",
            "geometry": {
                "type": "Point",
                "coordinates": [
                    5.58176161551491,
                    50.64038995290089
                ]
            },
            "properties": {
                "salle": "Théâtre du Trianon",
                "province": "Liège",
                "bassin_de_vie": "Liège",
                "adresse": "Rue Surlet 20",
                "code_postal": 4020.0,
                "ville": "Liège",
                "telephone": "04 342 40 00",
                "e_mail": "theatre.trianon@outlook.fr",
                "site_web": "https://www.theatretrianon.be/",
                "categorie": [
                    "Théâtre"
                ],
                "jauge_maximale": 450.0
            }
        },
        {
            "type": "Feature",
            "geometry": {
                "type": "Point",
                "coordinates": [
                    3.959137763147406,
                    50.45584768689659
                ]
            },
            "properties": {
                "salle": "Maison Folie",
                "province": "Hainaut",
                "bassin_de_vie": "Hainaut Centre",
                "adresse": "Rue des Arbalestriers 8",
                "code_postal": 7000.0,
                "ville": "Mons",
                "telephone": "065 39 59 12",
                "e_mail": "info@maisonfolie.be",
                "site_web": "https://maisonfolie.surmars.be/",
                "categorie": [
                    "Musique",
                    "Théâtre"
                ],
                "jauge_maximale": 350.0
            }
        },
        {
            "type": "Feature",
            "geometry": {
                "type": "Point",
                "coordinates": [
                    4.34591848289722,
                    50.839317126003344
                ]
            },
            "properties": {
                "salle": "Théâtre Les Tanneurs",
                "province": "Bruxelles-Capitale",
                "bassin_de_vie": "Bruxelles",
                "adresse": "Rue des Tanneurs 75-77",
                "code_postal": 1000.0,
                "ville": "Bruxelles",
                "telephone": "02 512 17 84",
                "e_mail": "info@lestanneurs.be",
                "site_web": "https://lestanneurs.be/",
                "categorie": [
                    "Théâtre"
                ],
                "jauge_maximale": 200.0
            }
        },
        {
            "type": "Feature",
            "geometry": {
                "type": "Point",
                "coordinates": [
                    4.349167739690435,
                    50.864972873520315
                ]
            },
            "properties": {
                "salle": "Théâtre Ephémère Magic Mirrors Bruxelles",
                "province": "Bruxelles-Capitale",
                "bassin_de_vie": "Bruxelles",
                "adresse": "Avenue du Port 86C",
                "code_postal": 1000.0,
                "ville": "Bruxelles",
                "telephone": null,
                "e_mail": "info@magicmirrors.be",
                "site_web": "http://magicmirrors.be/",
                "categorie": [
                    "Théâtre"
                ],
                "jauge_maximale": 100.0
            }
        },
        {
            "type": "Feature",
            "geometry": {
                "type": "Point",
                "coordinates": [
                    4.352762655030078,
                    50.840703522579226
                ]
            },
            "properties": {
                "salle": "Théâtre Marivaux",
                "province": "Bruxelles-Capitale",
                "bassin_de_vie": "Bruxelles",
                "adresse": "Rue de la Samaritaine 20",
                "code_postal": 1000.0,
                "ville": "Bruxelles",
                "telephone": "02 511 33 95",
                "e_mail": "info@theatremarivaux.be",
                "site_web": "https://www.theatremarivaux.be/",
                "categorie": [
                    "Théâtre"
                ],
                "jauge_maximale": 280.0
            }
        },
        {
            "type": "Feature",
            "geometry": {
                "type": "Point",
                "coordinates": [
                    4.38955544153613,
                    50.85204261934293
                ]
            },
            "properties": {
                "salle": "Théâtre de la Balsamine",
                "province": "Bruxelles-Capitale",
                "bassin_de_vie": "Bruxelles",
                "adresse": "Avenue Félix Marchal 1",
                "code_postal": 1030.0,
                "ville": "Schaerbeek",
                "telephone": "02 735 96 18",
                "e_mail": "info@balsamine.be",
                "site_web": "https://balsamine.be/",
                "categorie": [
                    "Musique",
                    "Théâtre"
                ],
                "jauge_maximale": 150.0
            }
        },
        {
            "type": "Feature",
            "geometry": {
                "type": "Point",
                "coordinates": [
                    4.3424418820183845,
                    50.829003383197346
                ]
            },
            "properties": {
                "salle": "Pianofabriek",
                "province": "Bruxelles-Capitale",
                "bassin_de_vie": "Bruxelles",
                "adresse": "Rue du Fort 35",
                "code_postal": 1060.0,
                "ville": "Saint-Gilles",
                "telephone": "02 541 01 70",
                "e_mail": "info@pianofabriek.be",
                "site_web": "https://www.pianofabriek.be/",
                "categorie": [
                    "Musique"
                ],
                "jauge_maximale": 100.0
            }
        },
        {
            "type": "Feature",
            "geometry": {
                "type": "Point",
                "coordinates": [
                    4.4018816820205995,
                    50.877021546103265
                ]
            },
            "properties": {
                "salle": "L'Entrela'",
                "province": "Bruxelles-Capitale",
                "bassin_de_vie": "Bruxelles",
                "adresse": "Rue de Paris 43",
                "code_postal": 1140.0,
                "ville": "Evere",
                "telephone": "02 241 15 83",
                "e_mail": "info@entrela.be",
                "site_web": "https://www.lentrela.be/",
                "categorie": [
                    "Musique",
                    "Théâtre"
                ],
                "jauge_maximale": 200.0
            }
        },
        {
            "type": "Feature",
            "geometry": {
                "type": "Point",
                "coordinates": [
                    4.398995625354981,
                    50.87666951747006
                ]
            },
            "properties": {
                "salle": "Espace toots",
                "province": "Bruxelles-Capitale",
                "bassin_de_vie": "Bruxelles",
                "adresse": "Rue Edouard Stuckens 125",
                "code_postal": 1140.0,
                "ville": "Evere",
                "telephone": "02 241 15 83",
                "e_mail": "espacetoots@evere.irisnet.be",
                "site_web": "https://www.facebook.com/ESpacetoots/",
                "categorie": [
                    "Musique",
                    "Théâtre"
                ],
                "jauge_maximale": 150.0
            }
        },
        {
            "type": "Feature",
            "geometry": {
                "type": "Point",
                "coordinates": [
                    4.565704755022045,
                    50.663455588767185
                ]
            },
            "properties": {
                "salle": "La Grange du Douaire",
                "province": "Brabant wallon",
                "bassin_de_vie": "Brabant wallon",
                "adresse": "Avenue des Combattants 2",
                "code_postal": 1340.0,
                "ville": "Ottignies",
                "telephone": "010 43 57 00",
                "e_mail": "info@spott.be",
                "site_web": "http://spott.be/",
                "categorie": [
                    "Musique"
                ],
                "jauge_maximale": 200.0
            }
        },
        {
            "type": "Feature",
            "geometry": {
                "type": "Point",
                "coordinates": [
                    5.57665468996534,
                    50.640076964478276
                ]
            },
            "properties": {
                "salle": "Théâtre Universitaire Royal de Liège",
                "province": "Liège",
                "bassin_de_vie": "Liège",
                "adresse": "Quai Roosevelt 1",
                "code_postal": 4000.0,
                "ville": "Liège",
                "telephone": "04 366 52 95",
                "e_mail": "turlg@uliege.be",
                "site_web": "https://turlg.be/",
                "categorie": [
                    "Théâtre"
                ],
                "jauge_maximale": 190.0
            }
        },
        {
            "type": "Feature",
            "geometry": {
                "type": "Point",
                "coordinates": [
                    5.596511399197856,
                    50.660651996943756
                ]
            },
            "properties": {
                "salle": "Le Rio",
                "province": "Liège",
                "bassin_de_vie": "Liège",
                "adresse": "Boulevard Ernest Solvay 487",
                "code_postal": 4000.0,
                "ville": "Liège",
                "telephone": null,
                "e_mail": "rioliege@gmail.com",
                "site_web": "https://www.facebook.com/rioliege/",
                "categorie": [
                    "Musique"
                ],
                "jauge_maximale": 200.0
            }
        },
        {
            "type": "Feature",
            "geometry": {
                "type": "Point",
                "coordinates": [
                    5.499206368515192,
                    50.63609538932023
                ]
            },
            "properties": {
                "salle": "La Bouch'rit'",
                "province": "Liège",
                "bassin_de_vie": "Liège",
                "adresse": "Rue Abraham Lincoln 12",
                "code_postal": 4460.0,
                "ville": "Grace-Hollogne",
                "telephone": "04 223 12 00",
                "e_mail": "info@bouchrit.be",
                "site_web": "http://www.bouchrit.be/",
                "categorie": [
                    "Musique",
                    "Théâtre"
                ],
                "jauge_maximale": 80.0
            }
        },
        {
            "type": "Feature",
            "geometry": {
                "type": "Point",
                "coordinates": [
                    5.860972982007724,
                    50.593795653203266
                ]
            },
            "properties": {
                "salle": "Spirit of 66",
                "province": "Liège",
                "bassin_de_vie": "Verviers",
                "adresse": "Place du Martyr 16",
                "code_postal": 4800.0,
                "ville": "Verviers",
                "telephone": "087 35 24 24",
                "e_mail": "spiritof66@portalinux.org.",
                "site_web": "https://www.spiritof66.be/",
                "categorie": [
                    "Musique"
                ],
                "jauge_maximale": 3500.0
            }
        },
        {
            "type": "Feature",
            "geometry": {
                "type": "Point",
                "coordinates": [
                    5.867519283854038,
                    50.593279235112576
                ]
            },
            "properties": {
                "salle": "Théâtre du Peigné",
                "province": "Liège",
                "bassin_de_vie": "Verviers",
                "adresse": "Place du Marché 14",
                "code_postal": 4800.0,
                "ville": "Verviers",
                "telephone": null,
                "e_mail": "contact@theatredupeigne.be",
                "site_web": "https://theatredupeigne.be/",
                "categorie": [
                    "Musique",
                    "Théâtre"
                ],
                "jauge_maximale": 350.0
            }
        },
        {
            "type": "Feature",
            "geometry": {
                "type": "Point",
                "coordinates": [
                    4.856559864244152,
                    50.45630629369887
                ]
            },
            "properties": {
                "salle": "Belvédère - Théâtre de Verdure de Namur",
                "province": "Namur",
                "bassin_de_vie": "Namur",
                "adresse": "Avenue Marie d'Artois 1",
                "code_postal": 5000.0,
                "ville": "Namur",
                "telephone": "081 81 39 00",
                "e_mail": "panama@belvedere-namur.be",
                "site_web": "https://www.belvedere-namur.be/",
                "categorie": [
                    "Musique"
                ],
                "jauge_maximale": 400.0
            }
        },
        {
            "type": "Feature",
            "geometry": {
                "type": "Point",
                "coordinates": [
                    4.34642962192099,
                    50.84696448536877
                ]
            },
            "properties": {
                "salle": "Les Riches-Claires",
                "province": "Bruxelles-Capitale",
                "bassin_de_vie": "Bruxelles",
                "adresse": "Rue des Riches Claires 24",
                "code_postal": 1000.0,
                "ville": "Bruxelles",
                "telephone": "02 548 25 80",
                "e_mail": "info@lesrichesclaires.be",
                "site_web": "http://www.lesrichesclaires.be/",
                "categorie": [
                    "Théâtre"
                ],
                "jauge_maximale": 200.0
            }
        },
        {
            "type": "Feature",
            "geometry": {
                "type": "Point",
                "coordinates": [
                    4.81974939735129,
                    50.65609690963486
                ]
            },
            "properties": {
                "salle": "Ferme de la petite Cense",
                "province": "Brabant wallon",
                "bassin_de_vie": "Brabant wallon",
                "adresse": "Rue de la Petite Cense 13",
                "code_postal": 1360.0,
                "ville": "Perwez",
                "telephone": null,
                "e_mail": "petitecense@gmail.com",
                "site_web": "https://www.petitecense.be/",
                "categorie": [
                    "Musique"
                ],
                "jauge_maximale": 100.0
            }
        },
        {
            "type": "Feature",
            "geometry": {
                "type": "Point",
                "coordinates": [
                    4.4371478749130775,
                    50.41015148051017
                ]
            },
            "properties": {
                "salle": "Comédie Centrale de Charleroi",
                "province": "Hainaut",
                "bassin_de_vie": "Hainaut sud",
                "adresse": "Rue du Grand Central 33",
                "code_postal": 6000.0,
                "ville": "Charleroi",
                "telephone": "071 30 50 30",
                "e_mail": "charleroi@comediecentrale.com",
                "site_web": "https://comediecentrale.com/",
                "categorie": [
                    "Théâtre"
                ],
                "jauge_maximale": 170.0
            }
        }
    ]
}